store_id,store_internal_id,store_name,ownership_type,address,city,state,zip,country,latitude,longitude,phone,is_open,is_open_24_hours,closing_soon,current_status,hours_status,slug,timezone,distance,is_nearby,has_drive_thru,has_mobile_order,has_oven_warmed_food,has_nitro_cold_brew,has_cafe_seating,has_redeem_rewards,has_outdoor_seating,has_in_store,has_wifi,thu_hours,thu_open,thu_close,fri_hours,fri_open,fri_close,sat_hours,sat_open,sat_close,sun_hours,sun_open,sun_close,mon_hours,mon_open,mon_close,tue_hours,tue_open,tue_close,wed_hours,wed_open,wed_close,mobile_ordering_availability,guest_ordering
87607-315849,8760700,EYW Conc A Gate 3,LS,3491 S Roosevelt Blvd,Key West,FL,33040,US,24.55369,-81.75561,,True,False,False,Open until 7:00 PM,Open today from 6:00 AM - 7:00 PM,eyw-conc-a-gate-3-3491-s-roosevelt-blvd-key-west-fl-33040-us,GMT-04:00 America/New_York,16.49,True,False,True,True,True,False,True,False,False,False,6:00 AM to 7:00 PM,6:00 AM,7:00 PM,6:00 AM to 7:00 PM,6:00 AM,7:00 PM,6:00 AM to 7:00 PM,6:00 AM,7:00 PM,6:00 AM to 7:00 PM,6:00 AM,7:00 PM,6:00 AM to 7:00 PM,6:00 AM,7:00 PM,6:00 AM to 7:00 PM,6:00 AM,7:00 PM,6:00 AM to 7:00 PM,6:00 AM,7:00 PM,READY,False
47488-234024,1015430,Blue Flamingo Resort Key West,LS,3820 N Roosevelt Blvd,Key West,FL,33040,US,24.57105,-81.75438,+1 305-928-1103,True,False,False,Open until 7:00 PM,Open today from 6:00 AM - 7:00 PM,blue-flamingo-resort-key-west-3820-n-roosevelt-blvd-key-west-fl-33040-us,GMT-04:00 America/New_York,16.7256,True,False,True,True,False,False,True,False,True,False,6:00 AM to 7:00 PM,6:00 AM,7:00 PM,5:30 AM to 7:00 PM,5:30 AM,7:00 PM,5:30 AM to 7:00 PM,5:30 AM,7:00 PM,5:30 AM to 7:00 PM,5:30 AM,7:00 PM,5:30 AM to 7:00 PM,5:30 AM,7:00 PM,5:30 AM to 7:00 PM,5:30 AM,7:00 PM,5:30 AM to 7:00 PM,5:30 AM,7:00 PM,READY,False
22270-217884,1008645,2500 N Roosevelt Blvd,CO,2500 N Roosevelt Blvd,Key West,FL,33040,US,24.56293,-81.77605,+1 305-900-8436,True,False,False,Open until 9:00 PM,Open today from 5:00 AM - 9:00 PM,2500-n-roosevelt-blvd-2500-n-roosevelt-blvd-key-west-fl-330403927-us,GMT-04:00 America/New_York,17.888,True,True,True,True,True,False,True,False,True,True,5:00 AM to 9:00 PM,5:00 AM,9:00 PM,5:00 AM to 9:00 PM,5:00 AM,9:00 PM,5:00 AM to 9:00 PM,5:00 AM,9:00 PM,5:00 AM to 9:00 PM,5:00 AM,9:00 PM,5:00 AM to 9:00 PM,5:00 AM,9:00 PM,5:00 AM to 9:00 PM,5:00 AM,9:00 PM,5:00 AM to 9:00 PM,5:00 AM,9:00 PM,READY,True
13939-108784,6434,US1 & SW 344 St,CO,76 E Palm Dr,Florida City,FL,33034,US,25.44821,-80.47574,+1 305-246-7443,True,False,False,Open until 10:00 PM,Open today from 4:30 AM - 10:00 PM,us-1-sw-344-st-76-e-palm-dr-florida-city-fl-330343507-us,GMT-04:00 America/New_York,21.9276,True,True,True,True,True,False,True,False,True,True,4:30 AM to 10:00 PM,4:30 AM,10:00 PM,4:30 AM to 10:00 PM,4:30 AM,10:00 PM,5:00 AM to 10:00 PM,5:00 AM,10:00 PM,5:00 AM to 10:00 PM,5:00 AM,10:00 PM,4:30 AM to 10:00 PM,4:30 AM,10:00 PM,4:30 AM to 10:00 PM,4:30 AM,10:00 PM,4:30 AM to 10:00 PM,4:30 AM,10:00 PM,READY,True
10442-100255,6841,Mile Marker 100,CO,99600 Overseas Highway,Key Largo,FL,33037,US,25.09484,-80.44081,+1 305-451-2957,True,False,False,Open until 9:00 PM,Open today from 5:00 AM - 9:00 PM,mile-marker-100-99600-overseas-highway-key-largo-fl-330372454-us,GMT-04:00 America/New_York,22.1074,True,True,True,True,True,False,True,False,True,True,5:00 AM to 9:00 PM,5:00 AM,9:00 PM,5:00 AM to 9:00 PM,5:00 AM,9:00 PM,5:00 AM to 9:00 PM,5:00 AM,9:00 PM,5:00 AM to 9:00 PM,5:00 AM,9:00 PM,5:00 AM to 9:00 PM,5:00 AM,9:00 PM,5:00 AM to 9:00 PM,5:00 AM,9:00 PM,5:00 AM to 9:00 PM,5:00 AM,9:00 PM,READY,True
29666-247325,1014619,Three Waters Resort & Marina,LS,84001 Overseas Hwy,Islamorada,FL,33036,US,24.94298,-80.60597,+1 305-433-9922,True,False,False,Open until 7:00 PM,Open today from 6:00 AM - 7:00 PM,three-waters-resort-marina-84001-overseas-hwy-islamorada-fl-33036-us,GMT-04:00 America/New_York,23.048,True,False,True,False,True,False,True,False,True,False,6:00 AM to 7:00 PM,6:00 AM,7:00 PM,6:00 AM to 7:00 PM,6:00 AM,7:00 PM,6:00 AM to 7:00 PM,6:00 AM,7:00 PM,6:00 AM to 7:00 PM,6:00 AM,7:00 PM,6:00 AM to 7:00 PM,6:00 AM,7:00 PM,6:00 AM to 7:00 PM,6:00 AM,7:00 PM,6:00 AM to 7:00 PM,6:00 AM,7:00 PM,READY,False
9702-95196,10804,US 1 & SW 312th St,CO,1029 N Homestead Blvd,Homestead,FL,33030,US,25.4802,-80.46344,+1 786-243-2417,True,False,False,Open until 10:00 PM,Open today from 5:00 AM - 10:00 PM,us-1-sw-312-th-st-1029-n-homestead-blvd-homestead-fl-330305028-us,GMT-04:00 America/New_York,23.9385,True,True,True,True,True,False,True,False,True,True,5:00 AM to 10:00 PM,5:00 AM,10:00 PM,5:00 AM to 10:00 PM,5:00 AM,10:00 PM,5:00 AM to 10:00 PM,5:00 AM,10:00 PM,5:00 AM to 10:00 PM,5:00 AM,10:00 PM,5:00 AM to 10:00 PM,5:00 AM,10:00 PM,5:00 AM to 10:00 PM,5:00 AM,10:00 PM,5:00 AM to 10:00 PM,5:00 AM,10:00 PM,READY,True
82732-310171,1054018,S Texas Blvd & 18th St,CO,1620 S Texas Blvd,Weslaco,TX,78596,US,26.14218,-97.99081,+1 956-255-9743,True,False,False,Open until 12:00 AM,Open today from 4:30 AM - 12:00 AM,s-texas-blvd-18th-st-1620-s-texas-blvd-weslaco-tx-78596-us,GMT-05:00 America/Chicago,9.8402,True,True,True,True,True,True,True,True,True,True,4:30 AM to 12:00 AM,4:30 AM,12:00 AM,4:30 AM to 12:00 AM,4:30 AM,12:00 AM,4:30 AM to 12:00 AM,4:30 AM,12:00 AM,4:30 AM to 12:00 AM,4:30 AM,12:00 AM,4:30 AM to 12:00 AM,4:30 AM,12:00 AM,4:30 AM to 12:00 AM,4:30 AM,12:00 AM,4:30 AM to 12:00 AM,4:30 AM,12:00 AM,READY,True
13420-105900,10437,Hwy 83 & Westgate,CO,1915 West Expressway 83,Weslaco,TX,78596,US,26.17199,-98.00841,+1 956-968-1786,True,False,False,Open until 12:00 AM,Open today from 4:30 AM - 12:00 AM,hwy-83-westgate-1915-west-expressway-83-weslaco-tx-785964331-us,GMT-05:00 America/Chicago,11.8948,True,True,True,True,True,False,True,False,True,True,4:30 AM to 12:00 AM,4:30 AM,12:00 AM,4:30 AM to 12:00 AM,4:30 AM,12:00 AM,4:30 AM to 12:00 AM,4:30 AM,12:00 AM,4:30 AM to 12:00 AM,4:30 AM,12:00 AM,4:30 AM to 12:00 AM,4:30 AM,12:00 AM,4:30 AM to 12:00 AM,4:30 AM,12:00 AM,4:30 AM to 12:00 AM,4:30 AM,12:00 AM,READY,True
66383-298996,1033160,Hwy 83 & N. Bridge Ave.,CO,1025 E IH 2,Weslaco,TX,78596,US,26.1734,-97.98204,+1 956-649-5010,True,False,False,Open until 12:00 AM,Open today from 4:30 AM - 12:00 AM,hwy-83-n-bridge-ave-1025-e-ih-2-weslaco-tx-785966315-us,GMT-05:00 America/Chicago,12.0325,True,True,True,True,True,False,True,False,True,True,4:30 AM to 12:00 AM,4:30 AM,12:00 AM,4:30 AM to 12:00 AM,4:30 AM,12:00 AM,4:30 AM to 12:00 AM,4:30 AM,12:00 AM,4:30 AM to 12:00 AM,4:30 AM,12:00 AM,4:30 AM to 12:00 AM,4:30 AM,12:00 AM,4:30 AM to 12:00 AM,4:30 AM,12:00 AM,4:30 AM to 12:00 AM,4:30 AM,12:00 AM,READY,True
73058-303751,1043116,US-83 & Mile 1 E N,CO,3839 E. Expressway 83,Mercedes,TX,78570,US,26.15987,-97.89527,+1 956-825-0668,True,False,False,Open until 12:00 AM,Open today from 4:30 AM - 12:00 AM,us-83-mile-1-e-n-3839-e-expressway-83-mercedes-tx-785705069-us,GMT-05:00 America/Chicago,12.8162,True,True,True,True,True,False,True,False,True,True,4:30 AM to 12:00 AM,4:30 AM,12:00 AM,4:30 AM to 12:00 AM,4:30 AM,12:00 AM,4:30 AM to 12:00 AM,4:30 AM,12:00 AM,5:00 AM to 12:00 AM,5:00 AM,12:00 AM,4:30 AM to 12:00 AM,4:30 AM,12:00 AM,4:30 AM to 12:00 AM,4:30 AM,12:00 AM,4:30 AM to 7:00 PM,4:30 AM,7:00 PM,READY,True
87588-317047,8758800,Rio Grande Premium Outlet,LS,5001 E US Expressway 83,Mercedes,TX,78570,US,26.16184,-97.88817,,False,False,False,Opens Thursday at 10:30 AM,Open today from 10:30 AM - 8:00 PM,rio-grande-premium-outlet-5001-e-us-expressway-83-mercedes-tx-78570-us,GMT-05:00 America/Chicago,13.1606,True,False,True,True,True,True,True,True,True,True,10:30 AM to 8:00 PM,10:30 AM,8:00 PM,9:30 AM to 9:00 PM,9:30 AM,9:00 PM,9:30 AM to 9:00 PM,9:30 AM,9:00 PM,10:30 AM to 7:00 PM,10:30 AM,7:00 PM,10:30 AM to 8:00 PM,10:30 AM,8:00 PM,10:30 AM to 8:00 PM,10:30 AM,8:00 PM,10:30 AM to 8:00 PM,10:30 AM,8:00 PM,NOT_READY,False
68299-301773,1040303,E Expressway 83 & Cesar Chavez,CO,1301 E. IH 2,San Juan,TX,78589,US,26.19254,-98.13707,+1 956-847-8238,True,False,False,Open until 12:00 AM,Open today from 4:30 AM - 12:00 AM,e-expressway-83-cesar-chavez-1301-e-ih-2-san-juan-tx-785894755-us,GMT-05:00 America/Chicago,15.7897,True,True,True,True,True,False,True,False,True,True,4:30 AM to 12:00 AM,4:30 AM,12:00 AM,4:30 AM to 12:00 AM,4:30 AM,12:00 AM,4:30 AM to 12:00 AM,4:30 AM,12:00 AM,4:30 AM to 12:00 AM,4:30 AM,12:00 AM,4:30 AM to 12:00 AM,4:30 AM,12:00 AM,4:30 AM to 12:00 AM,4:30 AM,12:00 AM,4:30 AM to 12:00 AM,4:30 AM,12:00 AM,READY,True
69997-305093,1040608,S Jackson Rd & E Dicker Rd,CO,2912 N. Jackson Rd.,Hidalgo,TX,78557,US,26.12356,-98.21743,+1 956-329-2911,True,False,False,Open until 11:00 PM,Open today from 5:00 AM - 11:00 PM,s-jackson-rd-e-dicker-rd-2912-n-jackson-rd-hidalgo-tx-78557-us,GMT-05:00 America/Chicago,15.969,True,True,True,True,True,True,True,True,True,True,5:00 AM to 11:00 PM,5:00 AM,11:00 PM,5:00 AM to 11:00 PM,5:00 AM,11:00 PM,5:00 AM to 11:00 PM,5:00 AM,11:00 PM,5:00 AM to 11:00 PM,5:00 AM,11:00 PM,5:00 AM to 11:00 PM,5:00 AM,11:00 PM,5:00 AM to 11:00 PM,5:00 AM,11:00 PM,5:00 AM to 11:00 PM,5:00 AM,11:00 PM,READY,True
29570-254297,1016067,E. Ridge Rd. & S. Cage Blvd,CO,1233 S CAGE BLVD.,Pharr,TX,78577,US,26.18115,-98.18548,+1 956-483-5105,True,False,False,Open until 12:00 AM,Open today from 4:30 AM - 12:00 AM,e-ridge-rd-s-cage-blvd-1233-s-cage-blvd-b-pharr-tx-785775965-us,GMT-05:00 America/Chicago,17.0037,True,True,True,True,True,False,True,False,True,True,4:30 AM to 12:00 AM,4:30 AM,12:00 AM,4:30 AM to 12:00 AM,4:30 AM,12:00 AM,4:30 AM to 12:00 AM,4:30 AM,12:00 AM,4:30 AM to 12:00 AM,4:30 AM,12:00 AM,4:30 AM to 12:00 AM,4:30 AM,12:00 AM,4:30 AM to 12:00 AM,4:30 AM,12:00 AM,4:30 AM to 12:00 AM,4:30 AM,12:00 AM,READY,True
17371-171064,89190,Jackson & Jackson,CO,1401 E Jackson Ave,McAllen,TX,78503,US,26.19117,-98.2066,+1 956-618-3140,True,False,False,Open until 12:00 AM,Open today from 5:00 AM - 12:00 AM,jackson-jackson-1401-e-jackson-ave-200-mc-allen-tx-785031602-us,GMT-05:00 America/Chicago,18.4067,True,True,True,True,True,False,True,False,True,True,5:00 AM to 12:00 AM,5:00 AM,12:00 AM,5:00 AM to 12:00 AM,5:00 AM,12:00 AM,5:00 AM to 12:00 AM,5:00 AM,12:00 AM,5:00 AM to 12:00 AM,5:00 AM,12:00 AM,5:00 AM to 12:00 AM,5:00 AM,12:00 AM,5:00 AM to 12:00 AM,5:00 AM,12:00 AM,5:00 AM to 12:00 AM,5:00 AM,12:00 AM,READY,True
28129-245585,1014372,Target McAllen 824,LS,708 E Expressway 83,McAllen,TX,78503,US,26.18793,-98.21449,+1 956-686-2611,False,False,False,Opens Thursday at 8:00 AM,Open today from 8:00 AM - 8:00 PM,target-mc-allen-824-708-e-expressway-83-mc-allen-tx-78503-us,GMT-05:00 America/Chicago,18.5941,True,False,False,True,False,False,True,False,True,False,8:00 AM to 8:00 PM,8:00 AM,8:00 PM,8:00 AM to 8:00 PM,8:00 AM,8:00 PM,8:00 AM to 8:00 PM,8:00 AM,8:00 PM,8:00 AM to 8:00 PM,8:00 AM,8:00 PM,8:00 AM to 8:00 PM,8:00 AM,8:00 PM,8:00 AM to 8:00 PM,8:00 AM,8:00 PM,8:00 AM to 8:00 PM,8:00 AM,8:00 PM,NOT_ELIGIBLE,False
9301-84084,13791,83 & 10th St.-Drive Thru,CO,1700 S 10th Street,McAllen,TX,78503,US,26.18889,-98.23292,+1 956-631-3293,True,False,False,Open until 12:00 AM,Open today from 4:30 AM - 12:00 AM,83-10th-st-drive-thru-1700-s-10th-street-105-mc-allen-tx-785035469-us,GMT-05:00 America/Chicago,19.4734,True,True,True,True,True,False,True,False,True,True,4:30 AM to 12:00 AM,4:30 AM,12:00 AM,4:30 AM to 12:00 AM,4:30 AM,12:00 AM,4:30 AM to 12:00 AM,4:30 AM,12:00 AM,4:30 AM to 12:00 AM,4:30 AM,12:00 AM,4:30 AM to 12:00 AM,4:30 AM,12:00 AM,4:30 AM to 12:00 AM,4:30 AM,12:00 AM,4:30 AM to 12:00 AM,4:30 AM,12:00 AM,READY,True
56519-290344,1023515,La Plaza,LS,2200 S. 10th Street,McAllen,TX,78503,US,26.18772,-98.23626,+1 956-331-4105,False,False,False,Opens Thursday at 9:00 AM,Open today from 9:00 AM - 9:00 PM,la-plaza-2200-s-10th-street-c-14-mc-allen-tx-78503-us,GMT-05:00 America/Chicago,19.5741,True,False,True,True,True,False,True,False,True,False,9:00 AM to 9:00 PM,9:00 AM,9:00 PM,8:45 AM to 9:15 PM,8:45 AM,9:15 PM,8:45 AM to 9:15 PM,8:45 AM,9:15 PM,9:45 AM to 7:15 PM,9:45 AM,7:15 PM,9:00 AM to 9:00 PM,9:00 AM,9:00 PM,9:00 AM to 9:00 PM,9:00 AM,9:00 PM,9:00 AM to 9:00 PM,9:00 AM,9:00 PM,NOT_READY,False
66470-301040,1037803,W Nolana Loop & N Cage Blvd.,CO,305 W Nolana Loop,Pharr,TX,78577,US,26.23327,-98.18111,+1 956-904-5404,True,False,False,Open until 12:00 AM,Open today from 4:30 AM - 12:00 AM,w-nolana-loop-n-cage-blvd-305-w-nolana-loop-pharr-tx-785770659-us,GMT-05:00 America/Chicago,19.6473,True,True,True,True,True,False,True,False,True,True,4:30 AM to 12:00 AM,4:30 AM,12:00 AM,4:30 AM to 12:00 AM,4:30 AM,12:00 AM,4:30 AM to 12:00 AM,4:30 AM,12:00 AM,4:30 AM to 12:00 AM,4:30 AM,12:00 AM,4:30 AM to 12:00 AM,4:30 AM,12:00 AM,4:30 AM to 12:00 AM,4:30 AM,12:00 AM,4:30 AM to 12:00 AM,4:30 AM,12:00 AM,READY,True
87229-316061,8722900,W Expy 83 & Dilworth,CO,6202 W Expwy 83,Harlingen,TX,78552,US,26.18766,-97.75153,+1 956-452-4327,True,False,False,Open until 12:00 AM,Open today from 4:30 AM - 12:00 AM,w-expy-83-dilworth-6202-w-expwy-83-harlingen-tx-78552-us,GMT-05:00 America/Chicago,20.1451,True,True,True,True,True,True,True,True,True,True,4:30 AM to 12:00 AM,4:30 AM,12:00 AM,4:30 AM to 12:00 AM,4:30 AM,12:00 AM,4:30 AM to 12:00 AM,4:30 AM,12:00 AM,4:30 AM to 12:00 AM,4:30 AM,12:00 AM,4:30 AM to 12:00 AM,4:30 AM,12:00 AM,4:30 AM to 12:00 AM,4:30 AM,12:00 AM,4:30 AM to 12:00 AM,4:30 AM,12:00 AM,READY,True
29766-248916,1015468,McColl & Nolana Loop,CO,3904 N McColl Rd,McAllen,TX,78501,US,26.23578,-98.20651,+1 956-638-2688,True,False,False,Open until 12:00 AM,Open today from 4:30 AM - 12:00 AM,mc-coll-nolana-loop-3904-n-mc-coll-rd-mc-allen-tx-785019160-us,GMT-05:00 America/Chicago,20.725,True,True,True,True,True,False,True,False,True,True,4:30 AM to 12:00 AM,4:30 AM,12:00 AM,4:30 AM to 12:00 AM,4:30 AM,12:00 AM,4:30 AM to 12:00 AM,4:30 AM,12:00 AM,4:30 AM to 12:00 AM,4:30 AM,12:00 AM,4:30 AM to 12:00 AM,4:30 AM,12:00 AM,4:30 AM to 12:00 AM,4:30 AM,12:00 AM,4:30 AM to 12:00 AM,4:30 AM,12:00 AM,READY,True
21543-164867,1006678,281 & Trenton,CO,525 E Trenton Rd,Edinburg,TX,78539,US,26.26131,-98.16482,+1 956-292-0611,True,False,False,Open until 12:00 AM,Open today from 4:30 AM - 12:00 AM,281-trenton-525-e-trenton-rd-edinburg-tx-785392931-us,GMT-05:00 America/Chicago,20.7486,True,True,True,True,True,False,True,False,True,True,4:30 AM to 12:00 AM,4:30 AM,12:00 AM,4:30 AM to 12:00 AM,4:30 AM,12:00 AM,4:30 AM to 12:00 AM,4:30 AM,12:00 AM,4:30 AM to 12:00 AM,4:30 AM,12:00 AM,4:30 AM to 12:00 AM,4:30 AM,12:00 AM,4:30 AM to 12:00 AM,4:30 AM,12:00 AM,4:30 AM to 12:00 AM,4:30 AM,12:00 AM,READY,True
76498-100227,7102,Target Harlingen 802,LS,1002 Dixieland Rd,Harlingen,TX,78552,US,26.18296,-97.72175,+1 856-421-4900,False,False,False,Opens Thursday at 8:00 AM,Open today from 8:00 AM - 8:00 PM,target-harlingen-802-1002-dixieland-rd-harlingen-tx-785525913-us,GMT-05:00 America/Chicago,21.399,True,False,False,True,False,False,True,False,True,False,8:00 AM to 8:00 PM,8:00 AM,8:00 PM,8:00 AM to 8:00 PM,8:00 AM,8:00 PM,8:00 AM to 8:00 PM,8:00 AM,8:00 PM,8:00 AM to 8:00 PM,8:00 AM,8:00 PM,8:00 AM to 8:00 PM,8:00 AM,8:00 PM,8:00 AM to 8:00 PM,8:00 AM,8:00 PM,8:00 AM to 8:00 PM,8:00 AM,8:00 PM,NOT_ELIGIBLE,False
8102-95794,8962,10th & Jonquil,CO,3509 N 10th St,McAllen,TX,78501,US,26.23532,-98.22511,+1 956-994-1643,True,False,False,Open until 11:30 PM,Open today from 5:00 AM - 11:30 PM,10th-jonquil-3509-n-10th-st-mc-allen-tx-785011931-us,GMT-05:00 America/Chicago,21.4334,True,True,True,True,True,False,True,False,True,True,5:00 AM to 11:30 PM,5:00 AM,11:30 PM,5:00 AM to 11:30 PM,5:00 AM,11:30 PM,5:00 AM to 11:30 PM,5:00 AM,11:30 PM,5:00 AM to 11:30 PM,5:00 AM,11:30 PM,5:00 AM to 11:30 PM,5:00 AM,11:30 PM,5:00 AM to 11:30 PM,5:00 AM,11:30 PM,5:00 AM to 11:30 PM,5:00 AM,11:30 PM,READY,True
23356-199904,1008664,83 & Bentsen Rd,CO,4317 Expressway 83,McAllen,TX,78503,US,26.1951,-98.27138,+1 956-618-3296,True,False,False,Open until 12:00 AM,Open today from 4:30 AM - 12:00 AM,83-bentsen-rd-4317-expressway-83-mc-allen-tx-785030201-us,GMT-05:00 America/Chicago,21.5699,True,True,True,True,True,False,True,False,True,True,4:30 AM to 12:00 AM,4:30 AM,12:00 AM,4:30 AM to 12:00 AM,4:30 AM,12:00 AM,4:30 AM to 12:00 AM,4:30 AM,12:00 AM,4:30 AM to 12:00 AM,4:30 AM,12:00 AM,4:30 AM to 12:00 AM,4:30 AM,12:00 AM,4:30 AM to 12:00 AM,4:30 AM,12:00 AM,4:30 AM to 12:00 AM,4:30 AM,12:00 AM,READY,True
14223-116007,10539,Hwy 83 & Tyler,CO,1816 W Tyler Ave,Harlingen,TX,78550,US,26.18986,-97.71533,+1 956-428-0402,True,False,False,Open until 12:00 AM,Open today from 4:30 AM - 12:00 AM,hwy-83-tyler-1816-w-tyler-ave-harlingen-tx-785505939-us,GMT-05:00 America/Chicago,22.0022,True,True,True,True,False,False,True,False,True,True,4:30 AM to 12:00 AM,4:30 AM,12:00 AM,4:30 AM to 12:00 AM,4:30 AM,12:00 AM,5:00 AM to 12:00 AM,5:00 AM,12:00 AM,5:00 AM to 12:00 AM,5:00 AM,12:00 AM,4:30 AM to 12:00 AM,4:30 AM,12:00 AM,4:30 AM to 12:00 AM,4:30 AM,12:00 AM,4:30 AM to 12:00 AM,4:30 AM,12:00 AM,READY,True
76697-102495,10104,Target Mission 2237,LS,2427 E US Expy 83,Mission,TX,78572,US,26.19752,-98.2862,+1 956-928-7280,False,False,False,Opens Thursday at 8:00 AM,Open today from 8:00 AM - 8:00 PM,target-mission-2237-2427-e-us-expy-83-mission-tx-78572-us,GMT-05:00 America/Chicago,22.3965,True,False,False,True,True,False,True,False,True,False,8:00 AM to 8:00 PM,8:00 AM,8:00 PM,8:00 AM to 8:00 PM,8:00 AM,8:00 PM,8:00 AM to 8:00 PM,8:00 AM,8:00 PM,8:00 AM to 8:00 PM,8:00 AM,8:00 PM,8:00 AM to 8:00 PM,8:00 AM,8:00 PM,8:00 AM to 8:00 PM,8:00 AM,8:00 PM,8:00 AM to 8:00 PM,8:00 AM,8:00 PM,NOT_ELIGIBLE,False
65158-298324,1033087,W Nolana Ave & 29th,CO,2908 Nolana Ave,McAllen,TX,78504,US,26.24191,-98.24851,+1 956-625-0007,True,False,False,Open until 12:00 AM,Open today from 4:30 AM - 12:00 AM,w-nolana-ave-29th-2908-nolana-ave-mc-allen-tx-785042508-us,GMT-05:00 America/Chicago,22.7386,True,True,True,True,True,False,True,False,True,True,4:30 AM to 12:00 AM,4:30 AM,12:00 AM,4:30 AM to 12:00 AM,4:30 AM,12:00 AM,4:30 AM to 12:00 AM,4:30 AM,12:00 AM,4:30 AM to 12:00 AM,4:30 AM,12:00 AM,4:30 AM to 12:00 AM,4:30 AM,12:00 AM,4:30 AM to 12:00 AM,4:30 AM,12:00 AM,4:30 AM to 12:00 AM,4:30 AM,12:00 AM,READY,True
2956-91440,13765,10th & Trenton,CO,7017 N 10th,McAllen,TX,78504,US,26.267,-98.21971,+1 956-994-9014,True,False,False,Open until 12:00 AM,Open today from 4:30 AM - 12:00 AM,10th-trenton-7017-n-10th-v-mc-allen-tx-785043288-us,GMT-05:00 America/Chicago,22.9361,True,True,True,True,True,False,True,False,True,True,4:30 AM to 12:00 AM,4:30 AM,12:00 AM,4:30 AM to 12:00 AM,4:30 AM,12:00 AM,4:30 AM to 12:00 AM,4:30 AM,12:00 AM,4:30 AM to 12:00 AM,4:30 AM,12:00 AM,4:30 AM to 12:00 AM,4:30 AM,12:00 AM,4:30 AM to 12:00 AM,4:30 AM,12:00 AM,4:30 AM to 12:00 AM,4:30 AM,12:00 AM,READY,True
81403-306941,1052523,W Nolana Ave & N Ware Rd,CO,3501 Nolana Ave,McAllen,TX,78504,US,26.24172,-98.25418,+1 956-452-9321,True,False,False,Open until 12:30 AM,Open today from 5:00 AM - 12:30 AM,w-nolana-ave-n-ware-rd-3501-nolana-ave-mc-allen-tx-785044594-us,GMT-05:00 America/Chicago,22.969,True,True,True,True,True,True,True,True,True,True,5:00 AM to 12:30 AM,5:00 AM,12:30 AM,5:00 AM to 12:30 AM,5:00 AM,12:30 AM,5:00 AM to 12:30 AM,5:00 AM,12:30 AM,5:00 AM to 12:30 AM,5:00 AM,12:30 AM,5:00 AM to 12:30 AM,5:00 AM,12:30 AM,5:00 AM to 12:30 AM,5:00 AM,12:30 AM,5:00 AM to 12:30 AM,5:00 AM,12:30 AM,READY,True
76671-104559,10111,Target McAllen 2224,LS,3600 Nolana Ave,McAllen,TX,78504,US,26.24445,-98.25408,+1 956-618-7700,False,False,False,Opens Thursday at 8:00 AM,Open today from 8:00 AM - 8:00 PM,target-mc-allen-2224-3600-nolana-ave-mc-allen-tx-785044594-us,GMT-05:00 America/Chicago,23.1022,True,False,False,True,False,False,True,False,True,False,8:00 AM to 8:00 PM,8:00 AM,8:00 PM,8:00 AM to 8:00 PM,8:00 AM,8:00 PM,8:00 AM to 8:00 PM,8:00 AM,8:00 PM,8:00 AM to 8:00 PM,8:00 AM,8:00 PM,8:00 AM to 8:00 PM,8:00 AM,8:00 PM,8:00 AM to 8:00 PM,8:00 AM,8:00 PM,8:00 AM to 8:00 PM,8:00 AM,8:00 PM,NOT_ELIGIBLE,False
9893-98527,9577,Ed Carey & Sunshine Strip,CO,1521 N Ed Carey Dr,Harlingen,TX,78550,US,26.17272,-97.67433,+1 956-423-4938,True,False,False,Open until 11:30 PM,Open today from 4:30 AM - 11:30 PM,ed-carey-sunshine-strip-1521-n-ed-carey-dr-harlingen-tx-785508209-us,GMT-05:00 America/Chicago,23.4699,True,True,True,True,True,True,True,True,True,True,4:30 AM to 11:30 PM,4:30 AM,11:30 PM,4:30 AM to 11:30 PM,4:30 AM,11:30 PM,5:00 AM to 11:30 PM,5:00 AM,11:30 PM,5:00 AM to 11:30 PM,5:00 AM,11:30 PM,4:30 AM to 11:30 PM,4:30 AM,11:30 PM,4:30 AM to 7:00 PM,4:30 AM,7:00 PM,4:30 AM to 11:30 PM,4:30 AM,11:30 PM,READY,True
69774-302096,1040275,US Hwy 83 @ S Sam Houston Blvd,CO,151 W Expy 83,San Benito,TX,78586,US,26.1265,-97.63773,+1 956-338-0108,True,False,False,Open until 11:30 PM,Open today from 4:30 AM - 11:30 PM,us-hwy-83-s-sam-houston-blvd-151-w-expy-83-san-benito-tx-785862901-us,GMT-05:00 America/Chicago,24.1241,True,True,True,True,True,True,True,True,True,True,4:30 AM to 11:30 PM,4:30 AM,11:30 PM,4:30 AM to 11:30 PM,4:30 AM,11:30 PM,5:00 AM to 11:30 PM,5:00 AM,11:30 PM,5:00 AM to 11:30 PM,5:00 AM,11:30 PM,4:30 AM to 7:00 PM,4:30 AM,7:00 PM,4:30 AM to 11:30 PM,4:30 AM,11:30 PM,4:30 AM to 11:30 PM,4:30 AM,11:30 PM,READY,True
19967-164927,1005625,University & McColl,CO,2720 West University,Edinburg,TX,78539,US,26.30513,-98.19181,+1 956-386-1719,True,False,False,Open until 12:00 AM,Open today from 4:30 AM - 12:00 AM,university-mc-coll-2720-west-university-suite-a-edinburg-tx-785392835,GMT-05:00 America/Chicago,24.2071,True,True,True,True,True,False,True,False,True,True,4:30 AM to 12:00 AM,4:30 AM,12:00 AM,4:30 AM to 12:00 AM,4:30 AM,12:00 AM,4:30 AM to 12:00 AM,4:30 AM,12:00 AM,4:30 AM to 12:00 AM,4:30 AM,12:00 AM,4:30 AM to 12:00 AM,4:30 AM,12:00 AM,4:30 AM to 12:00 AM,4:30 AM,12:00 AM,4:30 AM to 12:00 AM,4:30 AM,12:00 AM,READY,True
71573-306431,1042733,E I-2 & S Conway Ave,CO,307 E Expressway 83,Mission,TX,78572,US,26.20138,-98.32388,+1 956-232-8511,True,False,False,Open until 12:00 AM,Open today from 5:00 AM - 12:00 AM,e-i-2-s-conway-ave-307-e-expressway-83-mission-tx-785725560-us,GMT-05:00 America/Chicago,24.4427,True,True,True,True,True,True,True,False,True,True,5:00 AM to 12:00 AM,5:00 AM,12:00 AM,5:00 AM to 12:00 AM,5:00 AM,12:00 AM,5:00 AM to 12:00 AM,5:00 AM,12:00 AM,5:00 AM to 12:00 AM,5:00 AM,12:00 AM,5:00 AM to 12:00 AM,5:00 AM,12:00 AM,5:00 AM to 12:00 AM,5:00 AM,12:00 AM,5:00 AM to 12:00 AM,5:00 AM,12:00 AM,READY,True
29566-254291,1022180,SH 48 & SH 100,CO,1754 SH 100,Port Isabel,TX,78578,US,26.07416,-97.22732,+1 956-551-5431,True,False,False,Open until 8:00 PM,Open today from 5:00 AM - 8:00 PM,sh-48-sh-100-1754-sh-100-port-isabel-tx-78578-us,GMT-05:00 America/Chicago,5.3139,True,True,True,True,True,True,True,True,True,True,5:00 AM to 8:00 PM,5:00 AM,8:00 PM,5:00 AM to 9:00 PM,5:00 AM,9:00 PM,5:00 AM to 9:00 PM,5:00 AM,9:00 PM,5:00 AM to 7:00 PM,5:00 AM,7:00 PM,5:00 AM to 8:00 PM,5:00 AM,8:00 PM,5:00 AM to 8:00 PM,5:00 AM,8:00 PM,5:00 AM to 8:00 PM,5:00 AM,8:00 PM,READY,True
82549-307438,1053729,Ruben Torres & S Minnesota Ave,CO,5720 Ruben M Torres Blvd,Brownsville,TX,78526,US,25.94515,-97.43057,+1 956-233-7394,True,False,False,Open until 11:30 PM,Open today from 4:30 AM - 11:30 PM,ruben-torres-s-minnesota-ave-5720-ruben-m-torres-blvd-brownsville-tx-78526-us,GMT-05:00 America/Chicago,11.8391,True,True,True,True,True,False,True,False,True,True,4:30 AM to 11:30 PM,4:30 AM,11:30 PM,4:30 AM to 11:30 PM,4:30 AM,11:30 PM,5:00 AM to 11:30 PM,5:00 AM,11:30 PM,5:00 AM to 11:30 PM,5:00 AM,11:30 PM,4:30 AM to 11:30 PM,4:30 AM,11:30 PM,4:30 AM to 11:30 PM,4:30 AM,11:30 PM,4:30 AM to 11:30 PM,4:30 AM,11:30 PM,READY,True
81404-305688,1052524,Boca Chica Blvd & Los Ebnos Bl,CO,2491 Boca Chica Blvd,Brownsville,TX,78521,US,25.9222,-97.48334,+1 956-452-9317,True,False,False,Open until 11:30 PM,Open today from 4:30 AM - 11:30 PM,boca-chica-blvd-los-ebnos-bl-2491-boca-chica-blvd-brownsville-tx-785212307-us,GMT-05:00 America/Chicago,15.46,True,True,True,True,True,False,True,False,False,True,4:30 AM to 11:30 PM,4:30 AM,11:30 PM,4:30 AM to 11:30 PM,4:30 AM,11:30 PM,5:00 AM to 11:30 PM,5:00 AM,11:30 PM,5:00 AM to 11:30 PM,5:00 AM,11:30 PM,4:30 AM to 11:30 PM,4:30 AM,11:30 PM,4:30 AM to 11:30 PM,4:30 AM,11:30 PM,4:30 AM to 11:30 PM,4:30 AM,11:30 PM,READY,True
10410-99557,8116,FM 802 & San Marcelo,CO,1465 E Ruben M Torres Sr. Blvd.,Brownsville,TX,78521,US,25.9519,-97.49653,+1 956-541-2750,True,False,False,Open until 11:30 PM,Open today from 4:30 AM - 11:30 PM,fm-802-san-marcelo-1465-e-ruben-m-torres-sr-blvd-brownsville-tx-78521,GMT-05:00 America/Chicago,15.6693,True,True,True,True,True,True,True,True,True,True,4:30 AM to 11:30 PM,4:30 AM,11:30 PM,4:30 AM to 11:30 PM,4:30 AM,11:30 PM,5:00 AM to 11:30 PM,5:00 AM,11:30 PM,5:00 AM to 11:30 PM,5:00 AM,11:30 PM,4:30 AM to 11:30 PM,4:30 AM,11:30 PM,4:30 AM to 11:30 PM,4:30 AM,11:30 PM,4:30 AM to 11:30 PM,4:30 AM,11:30 PM,READY,True
76581-101598,8409,Target Brownsville 2152,LS,4200 N Expy,Brownsville,TX,78526,US,25.96883,-97.51003,+1 956-698-6120,False,False,False,Opens Thursday at 8:00 AM,Open today from 8:00 AM - 8:00 PM,target-brownsville-2152-4200-n-expy-brownsville-tx-785264000-us,GMT-05:00 America/Chicago,16.2931,True,False,False,True,True,False,True,False,True,False,8:00 AM to 8:00 PM,8:00 AM,8:00 PM,8:00 AM to 8:00 PM,8:00 AM,8:00 PM,8:00 AM to 8:00 PM,8:00 AM,8:00 PM,8:00 AM to 8:00 PM,8:00 AM,8:00 PM,8:00 AM to 8:00 PM,8:00 AM,8:00 PM,8:00 AM to 8:00 PM,8:00 AM,8:00 PM,8:00 AM to 8:00 PM,8:00 AM,8:00 PM,NOT_ELIGIBLE,False
19112-177185,116569,83 Expy & Morrison,CO,4247 N Expressway 77,Brownsville,TX,78520,US,25.96522,-97.51232,+1 956-350-8024,True,False,False,Open until 11:30 PM,Open today from 4:30 AM - 11:30 PM,83-expy-morrison-4247-n-expressway-77-brownsville-tx-785209303-us,GMT-05:00 America/Chicago,16.4689,True,True,True,True,True,True,True,True,True,True,4:30 AM to 11:30 PM,4:30 AM,11:30 PM,4:30 AM to 11:30 PM,4:30 AM,11:30 PM,5:00 AM to 11:30 PM,5:00 AM,11:30 PM,5:00 AM to 11:30 PM,5:00 AM,11:30 PM,4:30 AM to 11:30 PM,4:30 AM,11:30 PM,4:30 AM to 11:30 PM,4:30 AM,11:30 PM,4:30 AM to 11:30 PM,4:30 AM,11:30 PM,READY,True
26924-237046,1016048,Collier & Triangle,CO,6839 Collier Blvd,Naples,FL,34114,US,26.06655,-81.69768,+1 239-315-2368,True,False,False,Open until 7:00 PM,Open today from 5:00 AM - 7:00 PM,collier-triangle-6839-collier-blvd-ste-101-naples-fl-341143633-us,GMT-04:00 America/New_York,13.1057,True,True,True,True,True,True,True,True,True,True,5:00 AM to 7:00 PM,5:00 AM,7:00 PM,5:00 AM to 9:00 PM,5:00 AM,9:00 PM,5:00 AM to 9:00 PM,5:00 AM,9:00 PM,5:00 AM to 9:00 PM,5:00 AM,9:00 PM,5:00 AM to 9:00 PM,5:00 AM,9:00 PM,5:00 AM to 9:00 PM,5:00 AM,9:00 PM,5:00 AM to 9:00 PM,5:00 AM,9:00 PM,READY,True
8570-224168,1010108,1080 N. Collier Blvd,CO,1080 N Collier Blvd,Marco Island,FL,34145,US,25.95545,-81.72268,+1 239-389-5712,True,False,False,Open until 9:00 PM,Open today from 5:00 AM - 9:00 PM,1080-n-collier-blvd-1080-n-collier-blvd-marco-island-fl-341452538-us,GMT-04:00 America/New_York,14.1696,True,True,True,True,True,True,True,True,True,True,5:00 AM to 9:00 PM,5:00 AM,9:00 PM,5:00 AM to 9:00 PM,5:00 AM,9:00 PM,5:00 AM to 9:00 PM,5:00 AM,9:00 PM,5:00 AM to 9:00 PM,5:00 AM,9:00 PM,5:00 AM to 9:00 PM,5:00 AM,9:00 PM,5:00 AM to 9:00 PM,5:00 AM,9:00 PM,5:00 AM to 9:00 PM,5:00 AM,9:00 PM,READY,True
9694-233146,1013155,Radio & Santa Barbara,CO,7335 Radio Rd,Naples,FL,34104,US,26.15676,-81.72068,+1 239-353-2251,True,False,False,Open until 9:00 PM,Open today from 5:00 AM - 9:00 PM,radio-santa-barbara-7335-radio-rd-unit-1-naples-fl-341046727-us,GMT-04:00 America/New_York,17.4606,True,True,True,True,True,True,True,True,True,True,5:00 AM to 9:00 PM,5:00 AM,9:00 PM,5:00 AM to 9:00 PM,5:00 AM,9:00 PM,5:00 AM to 9:00 PM,5:00 AM,9:00 PM,5:00 AM to 9:00 PM,5:00 AM,9:00 PM,5:00 AM to 9:00 PM,5:00 AM,9:00 PM,5:00 AM to 9:00 PM,5:00 AM,9:00 PM,5:00 AM to 9:00 PM,5:00 AM,9:00 PM,READY,True
10726-102459,17190,4810 Davis Blvd,CO,4810 Davis Blvd,Naples,FL,34104,US,26.13818,-81.74933,+1 239-732-1968,True,False,False,Open until 8:00 PM,Open today from 5:00 AM - 8:00 PM,4810-davis-blvd-4810-davis-blvd-naples-fl-341045306-us,GMT-04:00 America/New_York,18.1827,True,True,True,True,True,True,True,True,True,True,5:00 AM to 8:00 PM,5:00 AM,8:00 PM,5:00 AM to 8:00 PM,5:00 AM,8:00 PM,5:00 AM to 8:00 PM,5:00 AM,8:00 PM,5:00 AM to 8:00 PM,5:00 AM,8:00 PM,5:00 AM to 8:00 PM,5:00 AM,8:00 PM,5:00 AM to 8:00 PM,5:00 AM,8:00 PM,5:00 AM to 8:00 PM,5:00 AM,8:00 PM,READY,True
52131-271726,1023293,US 41 & Airport,CO,3260 Tamiami Trl E,Naples,FL,34112,US,26.12655,-81.76646,+1 239-315-3814,True,False,False,Open until 9:00 PM,Open today from 5:00 AM - 9:00 PM,us-41-airport-3260-tamiami-trl-e-naples-fl-341125757-us,GMT-04:00 America/New_York,18.7076,True,True,True,True,True,True,True,True,True,True,5:00 AM to 9:00 PM,5:00 AM,9:00 PM,5:00 AM to 9:00 PM,5:00 AM,9:00 PM,5:00 AM to 9:00 PM,5:00 AM,9:00 PM,5:00 AM to 9:00 PM,5:00 AM,9:00 PM,5:00 AM to 9:00 PM,5:00 AM,9:00 PM,5:00 AM to 7:00 PM,5:00 AM,7:00 PM,5:00 AM to 9:00 PM,5:00 AM,9:00 PM,NOT_READY,True
8454-44639,15396,796 Fifth Ave,CO,796 5th Ave S,Naples,FL,34102,US,26.14156,-81.79655,+1 239-213-9900,True,False,False,Open until 9:00 PM,Open today from 5:00 AM - 9:00 PM,796-fifth-ave-796-5th-ave-s-101-naples-fl-341026647-us,GMT-04:00 America/New_York,20.8423,True,False,True,True,True,True,True,True,True,True,5:00 AM to 9:00 PM,5:00 AM,9:00 PM,5:00 AM to 9:00 PM,5:00 AM,9:00 PM,5:00 AM to 9:00 PM,5:00 AM,9:00 PM,5:00 AM to 9:00 PM,5:00 AM,9:00 PM,5:00 AM to 9:00 PM,5:00 AM,9:00 PM,5:00 AM to 9:00 PM,5:00 AM,9:00 PM,5:00 AM to 9:00 PM,5:00 AM,9:00 PM,READY,True
10360-100614,10622,Pineridge & Livingston,CO,3370 Pine Ridge Rd,Naples,FL,34109,US,26.21119,-81.74981,+1 239-213-4291,True,False,False,Open until 9:30 PM,Open today from 4:30 AM - 9:30 PM,pineridge-livingston-3370-pine-ridge-rd-naples-fl-341093858-us,GMT-04:00 America/New_York,21.2874,True,True,True,True,True,True,True,True,True,True,4:30 AM to 9:30 PM,4:30 AM,9:30 PM,4:30 AM to 9:30 PM,4:30 AM,9:30 PM,5:00 AM to 9:30 PM,5:00 AM,9:30 PM,5:00 AM to 9:30 PM,5:00 AM,9:30 PM,4:30 AM to 9:30 PM,4:30 AM,9:30 PM,4:30 AM to 9:30 PM,4:30 AM,9:30 PM,4:30 AM to 9:30 PM,4:30 AM,9:30 PM,READY,True
67776-302492,1031878,Coastland Mall,LS,2004 Tamiami Trail N.,Naples,FL,34102,US,26.16952,-81.79738,+1 917-603-2434,False,False,False,Opens Thursday at 10:00 AM,Open today from 10:00 AM - 7:00 PM,coastland-mall-2004-tamiami-trail-n-naples-fl-34102-us,GMT-04:00 America/New_York,21.8573,True,False,True,True,True,False,True,False,False,False,10:00 AM to 7:00 PM,10:00 AM,7:00 PM,10:00 AM to 8:00 PM,10:00 AM,8:00 PM,10:00 AM to 8:00 PM,10:00 AM,8:00 PM,12:00 PM to 6:00 PM,12:00 PM,6:00 PM,10:00 AM to 7:00 PM,10:00 AM,7:00 PM,10:00 AM to 7:00 PM,10:00 AM,7:00 PM,10:00 AM to 7:00 PM,10:00 AM,7:00 PM,NOT_READY,False
26974-239031,1014529,Collier Blvd & Immokalee Rd,CO,8867 Immokalee Rd,Naples,FL,34120,US,26.27384,-81.68625,+1 239-986-0065,True,False,False,Open until 9:00 PM,Open today from 4:30 AM - 9:00 PM,collier-blvd-immokalee-rd-8867-immokalee-rd-unit-101-naples-fl-341203991-us,GMT-04:00 America/New_York,22.1687,True,True,True,True,True,True,True,True,True,True,4:30 AM to 9:00 PM,4:30 AM,9:00 PM,4:30 AM to 9:00 PM,4:30 AM,9:00 PM,4:30 AM to 9:00 PM,4:30 AM,9:00 PM,4:30 AM to 9:00 PM,4:30 AM,9:00 PM,4:30 AM to 9:00 PM,4:30 AM,9:00 PM,4:30 AM to 9:00 PM,4:30 AM,9:00 PM,4:30 AM to 9:00 PM,4:30 AM,9:00 PM,READY,True
76216-90901,8276,Target Naples 899,LS,2324 Pine Ridge Rd,Naples,FL,34109,US,26.20939,-81.77094,+1 239-435-0051,False,False,False,Opens Thursday at 8:00 AM,Open today from 8:00 AM - 8:00 PM,target-naples-899-2324-pine-ridge-rd-naples-fl-341092003-us,GMT-04:00 America/New_York,22.1788,True,False,False,True,False,False,True,False,True,False,8:00 AM to 8:00 PM,8:00 AM,8:00 PM,8:00 AM to 8:00 PM,8:00 AM,8:00 PM,8:00 AM to 8:00 PM,8:00 AM,8:00 PM,8:00 AM to 8:00 PM,8:00 AM,8:00 PM,8:00 AM to 8:00 PM,8:00 AM,8:00 PM,8:00 AM to 8:00 PM,8:00 AM,8:00 PM,8:00 AM to 8:00 PM,8:00 AM,8:00 PM,NOT_ELIGIBLE,False
29622-253086,1021749,Old Trail Drive & US 41,CO,830 Old Trail Dr,Naples,FL,34103,US,26.19705,-81.80161,+1 239-571-3599,True,False,False,Open until 9:00 PM,Open today from 5:00 AM - 9:00 PM,old-trail-drive-us-41-830-old-trail-dr-naples-fl-341033547-us,GMT-04:00 America/New_York,23.1429,True,True,True,True,True,True,True,True,True,True,5:00 AM to 9:00 PM,5:00 AM,9:00 PM,5:00 AM to 9:00 PM,5:00 AM,9:00 PM,5:00 AM to 9:00 PM,5:00 AM,9:00 PM,5:00 AM to 9:00 PM,5:00 AM,9:00 PM,5:00 AM to 7:00 PM,5:00 AM,7:00 PM,5:00 AM to 9:00 PM,5:00 AM,9:00 PM,5:00 AM to 9:00 PM,5:00 AM,9:00 PM,READY,True
9700-94110,17303,Pine Ridge & Goodlette,CO,1427 Pine Ridge Rd,Naples,FL,34109,US,26.2119,-81.79085,+1 239-514-1388,True,False,False,Open until 8:00 PM,Open today from 5:00 AM - 8:00 PM,pine-ridge-goodlette-1427-pine-ridge-rd-101-naples-fl-341092115-us,GMT-04:00 America/New_York,23.2379,True,True,True,True,True,True,True,True,True,True,5:00 AM to 8:00 PM,5:00 AM,8:00 PM,5:00 AM to 8:00 PM,5:00 AM,8:00 PM,5:00 AM to 8:00 PM,5:00 AM,8:00 PM,5:00 AM to 8:00 PM,5:00 AM,8:00 PM,5:00 AM to 8:00 PM,5:00 AM,8:00 PM,5:00 AM to 8:00 PM,5:00 AM,8:00 PM,5:00 AM to 8:00 PM,5:00 AM,8:00 PM,READY,True
10359-97022,7564,Vanderbilt & Airport,CO,2315 Vanderbilt Beach Rd,Naples,FL,34109,US,26.24431,-81.77225,+1 239-591-0105,True,False,False,Open until 9:00 PM,Open today from 5:00 AM - 9:00 PM,vanderbilt-airport-2315-vanderbilt-beach-rd-308-naples-fl-341092772-u,GMT-04:00 America/New_York,23.8786,True,True,True,True,True,True,True,True,True,True,5:00 AM to 9:00 PM,5:00 AM,9:00 PM,5:00 AM to 9:00 PM,5:00 AM,9:00 PM,5:00 AM to 9:00 PM,5:00 AM,9:00 PM,5:00 AM to 9:00 PM,5:00 AM,9:00 PM,5:00 AM to 9:00 PM,5:00 AM,9:00 PM,5:00 AM to 9:00 PM,5:00 AM,9:00 PM,5:00 AM to 9:00 PM,5:00 AM,9:00 PM,READY,True
76768-101464,7647,Target Naples NORTH 2063,LS,2415 Tarpon Bay Blvd,Naples,FL,34119,US,26.27046,-81.73973,+1 239-552-1100,False,False,False,Opens Thursday at 7:00 AM,Open today from 7:00 AM - 8:00 PM,target-naples-north-2063-2415-tarpon-bay-blvd-naples-fl-341198764-us,GMT-04:00 America/New_York,23.8815,True,False,False,True,False,False,True,False,True,False,7:00 AM to 8:00 PM,7:00 AM,8:00 PM,7:00 AM to 8:00 PM,7:00 AM,8:00 PM,7:00 AM to 8:00 PM,7:00 AM,8:00 PM,7:00 AM to 8:00 PM,7:00 AM,8:00 PM,7:00 AM to 8:00 PM,7:00 AM,8:00 PM,7:00 AM to 8:00 PM,7:00 AM,8:00 PM,7:00 AM to 8:00 PM,7:00 AM,8:00 PM,NOT_ELIGIBLE,False
47044-253565,1018140,Pines Boulevard & SW 184th,CO,18310 Pines Blvd,Pembroke Pines,FL,33029,US,26.00695,-80.38921,+1 954-459-0626,True,False,False,Open until 9:00 PM,Open today from 5:00 AM - 9:00 PM,pines-boulevard-sw-184th-18310-pines-blvd-pembroke-pines-fl-330291412-us,GMT-04:00 America/New_York,22.4098,True,True,True,True,True,True,True,True,True,True,5:00 AM to 9:00 PM,5:00 AM,9:00 PM,5:00 AM to 9:00 PM,5:00 AM,9:00 PM,5:00 AM to 9:00 PM,5:00 AM,9:00 PM,5:00 AM to 9:00 PM,5:00 AM,9:00 PM,5:00 AM to 9:00 PM,5:00 AM,9:00 PM,5:00 AM to 9:00 PM,5:00 AM,9:00 PM,5:00 AM to 9:00 PM,5:00 AM,9:00 PM,READY,True
76114-79325,12809,Target Miramar 1512,LS,16901 Miramar Pkwy,Miramar,FL,33027,US,25.98021,-80.37186,+1 954-572-6724,False,False,False,Opens Thursday at 7:00 AM,Open today from 7:00 AM - 8:00 PM,target-miramar-1512-16901-miramar-pkwy-miramar-fl-330274528-us,GMT-04:00 America/New_York,23.5245,True,False,False,True,True,True,True,False,True,False,7:00 AM to 8:00 PM,7:00 AM,8:00 PM,7:00 AM to 8:00 PM,7:00 AM,8:00 PM,7:00 AM to 8:00 PM,7:00 AM,8:00 PM,7:00 AM to 8:00 PM,7:00 AM,8:00 PM,7:00 AM to 8:00 PM,7:00 AM,8:00 PM,7:00 AM to 8:00 PM,7:00 AM,8:00 PM,7:00 AM to 8:00 PM,7:00 AM,8:00 PM,NOT_ELIGIBLE,False
8236-995,16663,Lakes Plaza,CO,310 Indian Trce,Weston,FL,33326,US,26.11819,-80.39276,+1 954-385-0322,True,False,False,Open until 9:00 PM,Open today from 5:00 AM - 9:00 PM,lakes-plaza-310-indian-trce-weston-fl-333262996-us,GMT-04:00 America/New_York,23.6296,True,False,True,True,True,True,True,True,True,True,5:00 AM to 9:00 PM,5:00 AM,9:00 PM,5:00 AM to 9:00 PM,5:00 AM,9:00 PM,5:00 AM to 9:00 PM,5:00 AM,9:00 PM,5:00 AM to 9:00 PM,5:00 AM,9:00 PM,5:00 AM to 9:00 PM,5:00 AM,9:00 PM,5:00 AM to 9:00 PM,5:00 AM,9:00 PM,5:00 AM to 9:00 PM,5:00 AM,9:00 PM,READY,True
8380-12122,15373,Weston Town Center,CO,1739 Main St,Weston,FL,33326,US,26.09701,-80.38145,+1 954-659-2483,True,False,False,Open until 9:00 PM,Open today from 5:00 AM - 9:00 PM,weston-town-center-1739-main-st-weston-fl-333263668-us,GMT-04:00 America/New_York,23.8394,True,False,True,True,True,True,True,True,True,True,5:00 AM to 9:00 PM,5:00 AM,9:00 PM,5:00 AM to 9:00 PM,5:00 AM,9:00 PM,5:00 AM to 9:00 PM,5:00 AM,9:00 PM,5:00 AM to 9:00 PM,5:00 AM,9:00 PM,5:00 AM to 9:00 PM,5:00 AM,9:00 PM,5:00 AM to 9:00 PM,5:00 AM,9:00 PM,5:00 AM to 9:00 PM,5:00 AM,9:00 PM,READY,True
8648-203906,1011011,Miramar Pkwy & Dykes Rd,CO,3100 Dykes Rd,Miramar,FL,33027,US,25.97995,-80.36019,+1 954-392-5105,True,False,False,Open until 9:00 PM,Open today from 5:00 AM - 9:00 PM,miramar-pkwy-dykes-rd-3100-dykes-rd-miramar-fl-330271225-us,GMT-04:00 America/New_York,24.2491,True,True,True,True,True,True,True,True,True,True,5:00 AM to 9:00 PM,5:00 AM,9:00 PM,5:00 AM to 9:00 PM,5:00 AM,9:00 PM,5:00 AM to 9:00 PM,5:00 AM,9:00 PM,5:00 AM to 9:00 PM,5:00 AM,9:00 PM,5:00 AM to 9:00 PM,5:00 AM,9:00 PM,5:00 AM to 9:00 PM,5:00 AM,9:00 PM,5:00 AM to 9:00 PM,5:00 AM,9:00 PM,READY,True
2816-85943,9045,Sheridan St & Dykes Rd,CO,15951 Sheridan St,Southwest Ranches,FL,33331,US,26.02992,-80.36013,+1 954-434-3496,True,False,False,Open until 9:00 PM,Open today from 5:00 AM - 9:00 PM,sheridan-st-dykes-rd-15951-sheridan-st-southwest-ranches-fl-333313491-u,GMT-04:00 America/New_York,24.2962,True,True,True,True,True,True,True,True,True,True,5:00 AM to 9:00 PM,5:00 AM,9:00 PM,5:00 AM to 9:00 PM,5:00 AM,9:00 PM,5:00 AM to 9:00 PM,5:00 AM,9:00 PM,5:00 AM to 9:00 PM,5:00 AM,9:00 PM,5:00 AM to 9:00 PM,5:00 AM,9:00 PM,5:00 AM to 9:00 PM,5:00 AM,9:00 PM,5:00 AM to 9:00 PM,5:00 AM,9:00 PM,READY,True
8576-82240,17663,Griffin & Weston,CO,4503 Weston Rd,Weston,FL,33331,US,26.06538,-80.363,+1 954-385-0495,True,False,False,Open until 9:00 PM,Open today from 5:00 AM - 9:00 PM,griffin-weston-4503-weston-rd-weston-fl-333313139-us,GMT-04:00 America/New_York,24.4472,True,False,True,True,True,True,True,True,True,True,5:00 AM to 9:00 PM,5:00 AM,9:00 PM,5:00 AM to 9:00 PM,5:00 AM,9:00 PM,5:00 AM to 9:00 PM,5:00 AM,9:00 PM,5:00 AM to 9:00 PM,5:00 AM,9:00 PM,5:00 AM to 9:00 PM,5:00 AM,9:00 PM,5:00 AM to 9:00 PM,5:00 AM,9:00 PM,5:00 AM to 9:00 PM,5:00 AM,9:00 PM,READY,True
11344-104461,10892,15810 Pines Blvd,CO,15810 Pines Blvd,Pembroke Pines,FL,33027,US,26.00687,-80.35577,+1 954-436-6645,True,False,False,Open until 9:00 PM,Open today from 5:00 AM - 9:00 PM,15810-pines-blvd-15810-pines-blvd-pembroke-pines-fl-330271208-us,GMT-04:00 America/New_York,24.4858,True,True,True,True,True,True,True,True,True,True,5:00 AM to 9:00 PM,5:00 AM,9:00 PM,5:00 AM to 9:00 PM,5:00 AM,9:00 PM,5:00 AM to 9:00 PM,5:00 AM,9:00 PM,5:00 AM to 9:00 PM,5:00 AM,9:00 PM,5:00 AM to 9:00 PM,5:00 AM,9:00 PM,5:00 AM to 9:00 PM,5:00 AM,9:00 PM,5:00 AM to 9:00 PM,5:00 AM,9:00 PM,READY,True
8550-74720,11241,Hallandale Beach Blvd&Diplomat,CO,1805 E Hallandale Beach Blvd,Hallandale Beach,FL,33009,US,25.9867,-80.12911,+1 954-458-2655,True,False,False,Open until 9:00 PM,Open today from 5:00 AM - 9:00 PM,hallandale-beach-blvd-diplomat-1805-e-hallandale-beach-blvd-hallandale-beach-fl-3,GMT-04:00 America/New_York,8.0708,True,False,True,True,True,True,True,True,True,True,5:00 AM to 9:00 PM,5:00 AM,9:00 PM,5:00 AM to 9:00 PM,5:00 AM,9:00 PM,5:00 AM to 9:00 PM,5:00 AM,9:00 PM,5:00 AM to 9:00 PM,5:00 AM,9:00 PM,5:00 AM to 9:00 PM,5:00 AM,9:00 PM,5:00 AM to 9:00 PM,5:00 AM,9:00 PM,5:00 AM to 9:00 PM,5:00 AM,9:00 PM,READY,True
65913-299455,1039147,Publix Sunny Isles Beach 1536,LS,18320 Collins Ave,Sunny Isles Beach,FL,33160,US,25.94603,-80.12183,+1 305-935-1556,False,False,False,Opens Thursday at 7:00 AM,Open today from 7:00 AM - 7:00 PM,publix-sunny-isles-beach-1536-18320-collins-ave-sunny-isles-beach-fl-33160-us,GMT-04:00 America/New_York,8.4363,True,False,False,True,True,True,False,False,False,False,7:00 AM to 7:00 PM,7:00 AM,7:00 PM,7:00 AM to 7:00 PM,7:00 AM,7:00 PM,7:00 AM to 7:00 PM,7:00 AM,7:00 PM,7:00 AM to 7:00 PM,7:00 AM,7:00 PM,7:00 AM to 7:00 PM,7:00 AM,7:00 PM,7:00 AM to 7:00 PM,7:00 AM,7:00 PM,7:00 AM to 7:00 PM,7:00 AM,7:00 PM,NOT_ELIGIBLE,False
8290-2302,15351,Collins Ave & 171st St,CO,17100 Collins Ave,Sunny Isles Beach,FL,33160,US,25.93468,-80.12199,+1 305-940-8812,True,False,False,Open until 9:00 PM,Open today from 5:00 AM - 9:00 PM,collins-ave-171st-st-17100-collins-ave-ste-101-sunny-isles-beach-fl-331,GMT-04:00 America/New_York,8.8199,True,False,True,True,True,True,True,True,True,False,5:00 AM to 9:00 PM,5:00 AM,9:00 PM,5:00 AM to 9:00 PM,5:00 AM,9:00 PM,5:00 AM to 9:00 PM,5:00 AM,9:00 PM,5:00 AM to 9:00 PM,5:00 AM,9:00 PM,5:00 AM to 9:00 PM,5:00 AM,9:00 PM,5:00 AM to 9:00 PM,5:00 AM,9:00 PM,5:00 AM to 9:00 PM,5:00 AM,9:00 PM,READY,True
49266-238016,1016677,JW Marriott Miami Turnberry,LS,19999 West Country Club Dr,Aventura,FL,33180,US,25.9599,-80.13867,+1 786-279-6666,True,False,False,Open until 6:00 PM,Open today from 6:00 AM - 6:00 PM,jw-marriott-miami-turnberry-19999-west-country-club-dr-aventura-fl-33180-us,GMT-04:00 America/New_York,9.0476,True,False,False,True,False,False,True,False,True,False,6:00 AM to 6:00 PM,6:00 AM,6:00 PM,6:00 AM to 6:00 PM,6:00 AM,6:00 PM,6:00 AM to 6:00 PM,6:00 AM,6:00 PM,6:00 AM to 6:00 PM,6:00 AM,6:00 PM,6:00 AM to 6:00 PM,6:00 AM,6:00 PM,6:00 AM to 6:00 PM,6:00 AM,6:00 PM,6:00 AM to 6:00 PM,6:00 AM,6:00 PM,NOT_ELIGIBLE,False
50890-271257,1018630,Target Aventura 1074,LS,21265 BISCAYNE BLVD,Aventura,FL,33180,US,25.97265,-80.14274,+1 305-933-4616,False,False,False,Opens Thursday at 7:00 AM,Open today from 7:00 AM - 8:00 PM,target-aventura-1074-21265-biscayne-blvd-aventura-fl-33180-us,GMT-04:00 America/New_York,9.0644,True,False,False,True,True,False,True,False,True,False,7:00 AM to 8:00 PM,7:00 AM,8:00 PM,7:00 AM to 8:00 PM,7:00 AM,8:00 PM,7:00 AM to 8:00 PM,7:00 AM,8:00 PM,7:00 AM to 8:00 PM,7:00 AM,8:00 PM,7:00 AM to 8:00 PM,7:00 AM,8:00 PM,7:00 AM to 8:00 PM,7:00 AM,8:00 PM,7:00 AM to 8:00 PM,7:00 AM,8:00 PM,NOT_ELIGIBLE,False
20115-185804,1007229,Sheridan & US 1,CO,1750 Sheridan St,Hollywood,FL,33020,US,26.03306,-80.14177,+1 954-927-6403,True,False,False,Open until 7:00 PM,Open today from 5:00 AM - 7:00 PM,sheridan-us-1-1750-sheridan-st-hollywood-fl-330202275-us,GMT-04:00 America/New_York,9.0943,True,True,True,True,True,True,True,True,True,True,5:00 AM to 7:00 PM,5:00 AM,7:00 PM,5:00 AM to 9:00 PM,5:00 AM,9:00 PM,5:00 AM to 9:00 PM,5:00 AM,9:00 PM,5:00 AM to 9:00 PM,5:00 AM,9:00 PM,5:00 AM to 9:00 PM,5:00 AM,9:00 PM,5:00 AM to 9:00 PM,5:00 AM,9:00 PM,5:00 AM to 9:00 PM,5:00 AM,9:00 PM,READY,True
53616-267244,1024449,Aventura ParkSquare Offices,LS,2980 NE 207 ST.,Aventura,FL,33180,US,25.96732,-80.14263,+1 754-799-0150,False,False,False,Opens Thursday at 7:00 AM,Open today from 7:00 AM - 6:00 PM,aventura-park-square-offices-2980-ne-207-st-107-aventura-fl-33180-us,GMT-04:00 America/New_York,9.1419,True,False,True,True,True,False,True,False,True,False,7:00 AM to 6:00 PM,7:00 AM,6:00 PM,7:00 AM to 4:00 PM,7:00 AM,4:00 PM,7:00 AM to 4:00 PM,7:00 AM,4:00 PM,7:00 AM to 4:00 PM,7:00 AM,4:00 PM,7:00 AM to 6:00 PM,7:00 AM,6:00 PM,7:00 AM to 6:00 PM,7:00 AM,6:00 PM,7:00 AM to 6:00 PM,7:00 AM,6:00 PM,NOT_READY,False
56500-286012,1023167,Macy's Aventura Mall 1st Floor,LS,19535 Biscayne Blvd,Aventura,FL,33180,US,25.95724,-80.14189,+1 305-682-3371,False,False,False,Opens Thursday at 9:00 AM,Open today from 9:00 AM - 9:00 PM,macys-aventura-mall-1st-floor-19535-biscayne-blvd-aventura-fl-33180-us,GMT-04:00 America/New_York,9.2951,True,False,True,True,True,False,True,False,True,False,9:00 AM to 9:00 PM,9:00 AM,9:00 PM,9:00 AM to 9:00 PM,9:00 AM,9:00 PM,9:00 AM to 9:00 PM,9:00 AM,9:00 PM,10:00 AM to 7:00 PM,10:00 AM,7:00 PM,9:00 AM to 9:00 PM,9:00 AM,9:00 PM,9:00 AM to 9:00 PM,9:00 AM,9:00 PM,9:00 AM to 9:00 PM,9:00 AM,9:00 PM,NOT_READY,False
68199-301659,1040115,Biscayne Blvd & Ives Dairy,CO,20495 Biscayne Blvd,Aventura,FL,33180,US,25.96534,-80.14581,+1 305-851-8475,True,False,False,Open until 9:00 PM,Open today from 5:00 AM - 9:00 PM,biscayne-blvd-ives-dairy-20495-biscayne-blvd-aventura-fl-331801528-us,GMT-04:00 America/New_York,9.3675,True,True,True,True,False,True,True,True,False,True,5:00 AM to 9:00 PM,5:00 AM,9:00 PM,5:00 AM to 9:00 PM,5:00 AM,9:00 PM,5:00 AM to 9:00 PM,5:00 AM,9:00 PM,5:00 AM to 9:00 PM,5:00 AM,9:00 PM,5:00 AM to 9:00 PM,5:00 AM,9:00 PM,5:00 AM to 9:00 PM,5:00 AM,9:00 PM,5:00 AM to 9:00 PM,5:00 AM,9:00 PM,READY,True
81957-309852,1053147,The Abbey at Aventura,CO,19505 Biscayne Blvd,Aventura,FL,33180,US,25.95499,-80.14307,+1 305-705-0593,True,False,False,Open until 9:00 PM,Open today from 5:00 AM - 9:00 PM,the-abbey-at-aventura-19505-biscayne-blvd-ste-2195-aventura-fl-331803840,GMT-04:00 America/New_York,9.4149,True,False,True,True,True,True,True,True,False,True,5:00 AM to 9:00 PM,5:00 AM,9:00 PM,5:00 AM to 9:00 PM,5:00 AM,9:00 PM,5:00 AM to 9:00 PM,5:00 AM,9:00 PM,5:00 AM to 9:00 PM,5:00 AM,9:00 PM,5:00 AM to 9:00 PM,5:00 AM,9:00 PM,5:00 AM to 9:00 PM,5:00 AM,9:00 PM,5:00 AM to 9:00 PM,5:00 AM,9:00 PM,READY,True
8316-5449,15137,Biscayne Blvd & NE 191 St,CO,19127 Biscayne Blvd,Aventura,FL,33180,US,25.95257,-80.14618,+1 305-466-2899,True,False,False,Open until 9:00 PM,Open today from 5:00 AM - 9:00 PM,biscayne-blvd-ne-191-st-19127-biscayne-blvd-aventura-fl-331802310-us,GMT-04:00 America/New_York,9.653,True,False,True,True,True,True,True,True,True,True,5:00 AM to 9:00 PM,5:00 AM,9:00 PM,5:00 AM to 9:00 PM,5:00 AM,9:00 PM,5:00 AM to 9:00 PM,5:00 AM,9:00 PM,5:00 AM to 9:00 PM,5:00 AM,9:00 PM,5:00 AM to 9:00 PM,5:00 AM,9:00 PM,5:00 AM to 9:00 PM,5:00 AM,9:00 PM,5:00 AM to 9:00 PM,5:00 AM,9:00 PM,READY,True
51692-278771,1018659,FLL Terminal 1A Gate A4,LS,100 Terminal Dr,Fort Lauderdale,FL,33315,US,26.07337,-80.13602,+1 954-359-1200,True,False,False,Open until 8:30 PM,Open today from 4:00 AM - 8:30 PM,fll-terminal-1-a-gate-a-4-100-terminal-dr-fort-lauderdale-fl-33315-us,GMT-04:00 America/New_York,9.8491,True,False,True,True,True,False,True,False,False,False,4:00 AM to 8:30 PM,4:00 AM,8:30 PM,4:00 AM to 8:30 PM,4:00 AM,8:30 PM,4:00 AM to 8:30 PM,4:00 AM,8:30 PM,4:00 AM to 8:30 PM,4:00 AM,8:30 PM,4:00 AM to 8:30 PM,4:00 AM,8:30 PM,4:00 AM to 8:30 PM,4:00 AM,8:30 PM,4:00 AM to 8:30 PM,4:00 AM,8:30 PM,READY,False
24675-238015,1010302,FLL Rental Car,LS,50 Terminal Dr,Fort Lauderdale,FL,33315,US,26.0717,-80.13839,+1 954-359-1200,True,False,False,Open until 8:00 PM,Open today from 4:00 AM - 8:00 PM,fll-rental-car-50-terminal-dr-fort-lauderdale-fl-33315-us,GMT-04:00 America/New_York,9.9174,True,False,True,True,True,False,True,False,False,False,4:00 AM to 8:00 PM,4:00 AM,8:00 PM,4:00 AM to 8:00 PM,4:00 AM,8:00 PM,4:00 AM to 8:00 PM,4:00 AM,8:00 PM,4:00 AM to 8:00 PM,4:00 AM,8:00 PM,4:00 AM to 8:00 PM,4:00 AM,8:00 PM,4:00 AM to 8:00 PM,4:00 AM,8:00 PM,4:00 AM to 8:00 PM,4:00 AM,8:00 PM,READY,False
75594-10318,11470,Harbor Beach Resort & Spa Lobb,LS,3030 Holiday Dr,Fort Lauderdale,FL,33316,US,26.10763,-80.10604,+1 954-525-4000,True,False,False,Open until 4:00 PM,Open today from 6:00 AM - 4:00 PM,harbor-beach-resort-spa-lobb-3030-holiday-dr-fort-lauderdale-fl-333162498-us,GMT-04:00 America/New_York,9.9311,True,False,True,True,False,False,True,False,True,False,6:00 AM to 4:00 PM,6:00 AM,4:00 PM,6:00 AM to 4:00 PM,6:00 AM,4:00 PM,6:00 AM to 4:00 PM,6:00 AM,4:00 PM,6:00 AM to 4:00 PM,6:00 AM,4:00 PM,6:00 AM to 4:00 PM,6:00 AM,4:00 PM,6:00 AM to 4:00 PM,6:00 AM,4:00 PM,6:00 AM to 4:00 PM,6:00 AM,4:00 PM,READY,False
22708-222688,1007351,FLL Terminal 1 Concourse B Gat,LS,100 Terminal Dr,Fort Lauderdale,FL,33315,US,26.07304,-80.13841,+1 954-359-1200,True,False,False,Open until 7:00 PM,Open today from 4:00 AM - 7:00 PM,fll-terminal-1-concourse-b-gat-100-terminal-dr-fort-lauderdale-fl-33315-us,GMT-04:00 America/New_York,9.965,True,False,True,True,True,False,True,False,True,False,4:00 AM to 7:00 PM,4:00 AM,7:00 PM,4:00 AM to 7:30 PM,4:00 AM,7:30 PM,4:00 AM to 7:30 PM,4:00 AM,7:30 PM,4:00 AM to 7:30 PM,4:00 AM,7:30 PM,4:00 AM to 7:00 PM,4:00 AM,7:00 PM,4:00 AM to 7:00 PM,4:00 AM,7:00 PM,4:00 AM to 7:00 PM,4:00 AM,7:00 PM,READY,False
27563-247664,1013778,FLL PRE-SECURITY Term 1 Bag Cl,LS,100 Terminal Drive,Fort Lauderdale,FL,33315,US,26.07264,-80.1396,+1 954-359-8508,True,False,False,Open until 10:00 PM,Open today from 5:00 AM - 10:00 PM,fll-pre-security-term-1-bag-cl-100-terminal-drive-fort-lauderdale-fl-33315-us,GMT-04:00 America/New_York,10.0149,True,False,True,True,True,False,True,False,False,False,5:00 AM to 10:00 PM,5:00 AM,10:00 PM,5:00 AM to 10:00 PM,5:00 AM,10:00 PM,5:00 AM to 10:00 PM,5:00 AM,10:00 PM,5:00 AM to 10:00 PM,5:00 AM,10:00 PM,5:00 AM to 10:00 PM,5:00 AM,10:00 PM,5:00 AM to 10:00 PM,5:00 AM,10:00 PM,5:00 AM to 10:00 PM,5:00 AM,10:00 PM,READY,False
22709-222704,1007352,FLL Terminal 1 Concourse C Gat,LS,100 Terminal Dr,Fort Lauderdale,FL,33315,US,26.07351,-80.14062,+1 954-359-1200,True,False,False,Open until 7:00 PM,Open today from 4:00 AM - 7:00 PM,fll-terminal-1-concourse-c-gat-100-terminal-dr-fort-lauderdale-fl-33315-us,GMT-04:00 America/New_York,10.0999,True,False,True,True,True,False,True,False,False,False,4:00 AM to 7:00 PM,4:00 AM,7:00 PM,4:00 AM to 7:30 PM,4:00 AM,7:30 PM,4:00 AM to 7:30 PM,4:00 AM,7:30 PM,4:00 AM to 7:30 PM,4:00 AM,7:30 PM,4:00 AM to 7:00 PM,4:00 AM,7:00 PM,4:00 AM to 7:00 PM,4:00 AM,7:00 PM,4:00 AM to 7:00 PM,4:00 AM,7:00 PM,READY,False
22710-222689,1007353,FLL Terminal 2 Gate D2,LS,100 Terminal Dr,Fort Lauderdale,FL,33315,US,26.07323,-80.14356,+1 954-359-1200,True,False,False,Open until 9:30 PM,Open today from 4:00 AM - 9:30 PM,fll-terminal-2-gate-d-2-100-terminal-dr-fort-lauderdale-fl-33315-us,GMT-04:00 America/New_York,10.2485,True,False,True,True,True,False,True,False,True,False,4:00 AM to 9:30 PM,4:00 AM,9:30 PM,4:00 AM to 9:30 PM,4:00 AM,9:30 PM,4:00 AM to 9:30 PM,4:00 AM,9:30 PM,4:00 AM to 9:30 PM,4:00 AM,9:30 PM,4:00 AM to 9:30 PM,4:00 AM,9:30 PM,4:00 AM to 9:30 PM,4:00 AM,9:30 PM,4:00 AM to 9:30 PM,4:00 AM,9:30 PM,READY,False
50092-257404,1023206,Stirling & I-95,CO,1716 Stirling Rd,Dania,FL,33004,US,26.04867,-80.15647,+1 954-779-9668,True,False,False,Open until 9:00 PM,Open today from 5:00 AM - 9:00 PM,stirling-i-95-1716-stirling-rd-dania-fl-330043101-us,GMT-04:00 America/New_York,10.2804,True,True,True,True,True,True,True,True,True,True,5:00 AM to 9:00 PM,5:00 AM,9:00 PM,5:00 AM to 9:00 PM,5:00 AM,9:00 PM,5:00 AM to 9:00 PM,5:00 AM,9:00 PM,5:00 AM to 9:00 PM,5:00 AM,9:00 PM,5:00 AM to 9:00 PM,5:00 AM,9:00 PM,5:00 AM to 9:00 PM,5:00 AM,9:00 PM,5:00 AM to 9:00 PM,5:00 AM,9:00 PM,READY,True
65899-274905,1031391,Hotel Maren Ft. Lauderdale Bea,LS,525 S. Fort Lauderdale Beach Blvd,Fort Lauderdale,FL,33316,US,26.11598,-80.10507,+1 954-530-0381,False,False,False,Opens Thursday at 7:00 AM,Open today from 7:00 AM - 6:00 PM,hotel-maren-ft-lauderdale-bea-525-s-fort-lauderdale-beach-blvd-fort-lauderdale-f,GMT-04:00 America/New_York,10.3319,True,False,True,True,True,False,True,False,True,False,7:00 AM to 6:00 PM,7:00 AM,6:00 PM,7:00 AM to 6:00 PM,7:00 AM,6:00 PM,7:00 AM to 6:00 PM,7:00 AM,6:00 PM,7:00 AM to 6:00 PM,7:00 AM,6:00 PM,7:00 AM to 6:00 PM,7:00 AM,6:00 PM,7:00 AM to 6:00 PM,7:00 AM,6:00 PM,7:00 AM to 6:00 PM,7:00 AM,6:00 PM,NOT_READY,False
51879-279254,1021751,Publix Fort Lauderdale 1097,LS,1940 CORDOVA RD.,Fort Lauderdale,FL,33316,US,26.0971,-80.13014,+1 954-847-2844,False,False,False,Opens Thursday at 7:00 AM,Open today from 7:00 AM - 7:00 PM,publix-fort-lauderdale-1097-1940-cordova-rd-fort-lauderdale-fl-33316-us,GMT-04:00 America/New_York,10.501,True,False,False,True,False,False,False,False,True,False,7:00 AM to 7:00 PM,7:00 AM,7:00 PM,7:00 AM to 7:00 PM,7:00 AM,7:00 PM,7:00 AM to 7:00 PM,7:00 AM,7:00 PM,7:00 AM to 7:00 PM,7:00 AM,7:00 PM,7:00 AM to 7:00 PM,7:00 AM,7:00 PM,7:00 AM to 7:00 PM,7:00 AM,7:00 PM,7:00 AM to 7:00 PM,7:00 AM,7:00 PM,NOT_ELIGIBLE,False
23389-148984,1008689,FIU Biscayne Bay Campus Librar,LS,3000 NE 151st St,North Miami,FL,33181,US,25.91099,-80.14257,+1 305-919-5322,False,False,False,Opens Thursday at 8:00 AM,Open today from 8:00 AM - 6:00 PM,fiu-biscayne-bay-campus-librar-3000-ne-151st-st-north-miami-fl-331813605-us,GMT-04:00 America/New_York,10.7828,True,False,True,True,True,False,True,False,False,False,8:00 AM to 6:00 PM,8:00 AM,6:00 PM,8:00 AM to 4:00 PM,8:00 AM,4:00 PM,Closed,,,Closed,,,8:00 AM to 6:00 PM,8:00 AM,6:00 PM,8:00 AM to 6:00 PM,8:00 AM,6:00 PM,8:00 AM to 6:00 PM,8:00 AM,6:00 PM,NOT_READY,False
70323-114971,18610,Westin Ft. Lauderdale Beach Re,LS,321 N Route A1A,Fort Lauderdale,FL,33304,US,26.12612,-80.10394,+1 954-245-3020,True,False,False,Open until 7:00 PM,Open today from 6:00 AM - 7:00 PM,westin-ft-lauderdale-beach-re-321-n-route-a-1-a-fort-lauderdale-fl-33304-us,GMT-04:00 America/New_York,10.8422,True,False,True,True,True,False,True,False,True,False,6:00 AM to 7:00 PM,6:00 AM,7:00 PM,6:00 AM to 7:00 PM,6:00 AM,7:00 PM,6:00 AM to 7:00 PM,6:00 AM,7:00 PM,6:00 AM to 7:00 PM,6:00 AM,7:00 PM,6:00 AM to 7:00 PM,6:00 AM,7:00 PM,6:00 AM to 7:00 PM,6:00 AM,7:00 PM,6:00 AM to 7:00 PM,6:00 AM,7:00 PM,READY,False
8806-290302,10065,SE 17th St & Miami Rd,CO,921 SE 17th St,Fort Lauderdale,FL,33316,US,26.10101,-80.13369,+1 954-767-0137,True,False,False,Open until 9:00 PM,Open today from 5:00 AM - 9:00 PM,se-17th-st-miami-rd-921-se-17th-st-ste-a-fort-lauderdale-fl-333163000-,GMT-04:00 America/New_York,10.8432,True,True,True,True,True,True,True,True,True,True,5:00 AM to 9:00 PM,5:00 AM,9:00 PM,5:00 AM to 9:00 PM,5:00 AM,9:00 PM,5:00 AM to 9:00 PM,5:00 AM,9:00 PM,5:00 AM to 9:00 PM,5:00 AM,9:00 PM,5:00 AM to 9:00 PM,5:00 AM,9:00 PM,5:00 AM to 9:00 PM,5:00 AM,9:00 PM,5:00 AM to 9:00 PM,5:00 AM,9:00 PM,READY,True
8339-272135,1031798,Hollywood Blvd & Park Rd,CO,3255 Hollywood Blvd,Hollywood,FL,33021,US,26.01126,-80.17447,+1 954-965-9605,True,False,False,Open until 9:00 PM,Open today from 5:00 AM - 9:00 PM,hollywood-blvd-park-rd-3255-hollywood-blvd-2-hollywood-fl-330216906-us,GMT-04:00 America/New_York,10.8621,True,True,True,True,True,True,True,True,True,True,5:00 AM to 9:00 PM,5:00 AM,9:00 PM,5:00 AM to 9:00 PM,5:00 AM,9:00 PM,5:00 AM to 9:00 PM,5:00 AM,9:00 PM,5:00 AM to 9:00 PM,5:00 AM,9:00 PM,5:00 AM to 9:00 PM,5:00 AM,9:00 PM,5:00 AM to 9:00 PM,5:00 AM,9:00 PM,5:00 AM to 9:00 PM,5:00 AM,9:00 PM,READY,True
56259-288831,1022203,Target Hollywood 877,LS,3251 Hollywood Blvd,Hollywood,FL,33021,US,26.01299,-80.175,+1 954-963-1200,False,False,False,Opens Thursday at 7:00 AM,Open today from 7:00 AM - 8:00 PM,target-hollywood-877-3251-hollywood-blvd-hollywood-fl-330216904-us,GMT-04:00 America/New_York,10.904,True,False,False,True,False,True,True,False,True,False,7:00 AM to 8:00 PM,7:00 AM,8:00 PM,7:00 AM to 8:00 PM,7:00 AM,8:00 PM,7:00 AM to 8:00 PM,7:00 AM,8:00 PM,7:00 AM to 8:00 PM,7:00 AM,8:00 PM,7:00 AM to 8:00 PM,7:00 AM,8:00 PM,7:00 AM to 8:00 PM,7:00 AM,8:00 PM,7:00 AM to 8:00 PM,7:00 AM,8:00 PM,NOT_ELIGIBLE,False
19090-195125,1005504,9560 Harding Ave,CO,9560 Harding Ave,Surfside,FL,33154,US,25.88638,-80.12381,+1 305-867-8162,True,False,False,Open until 9:00 PM,Open today from 5:00 AM - 9:00 PM,9560-harding-ave-9560-harding-ave-surfside-fl-331542502-us,GMT-04:00 America/New_York,10.991,True,False,True,True,True,True,True,True,True,True,5:00 AM to 9:00 PM,5:00 AM,9:00 PM,5:00 AM to 9:00 PM,5:00 AM,9:00 PM,5:00 AM to 9:00 PM,5:00 AM,9:00 PM,5:00 AM to 9:00 PM,5:00 AM,9:00 PM,5:00 AM to 9:00 PM,5:00 AM,9:00 PM,5:00 AM to 9:00 PM,5:00 AM,9:00 PM,5:00 AM to 9:00 PM,5:00 AM,9:00 PM,READY,True
17086-169744,88905,1690 NE Miami Gardens Drive,CO,1690 NE Miami Gardens Dr,Miami,FL,33179,US,25.94558,-80.16742,+1 305-354-7414,True,False,False,Open until 9:00 PM,Open today from 5:00 AM - 9:00 PM,1690-ne-miami-gardens-drive-1690-ne-miami-gardens-dr-miami-fl-331794901-us,GMT-04:00 America/New_York,11.0582,True,True,True,True,True,True,True,True,True,True,5:00 AM to 9:00 PM,5:00 AM,9:00 PM,5:00 AM to 9:00 PM,5:00 AM,9:00 PM,5:00 AM to 9:00 PM,5:00 AM,9:00 PM,5:00 AM to 9:00 PM,5:00 AM,9:00 PM,5:00 AM to 9:00 PM,5:00 AM,9:00 PM,5:00 AM to 7:00 PM,5:00 AM,7:00 PM,5:00 AM to 9:00 PM,5:00 AM,9:00 PM,READY,True
11609-104748,17277,N Park Rd & Sheridan St,CO,3305 Sheridan St,Hollywood,FL,33021,US,26.03382,-80.17581,+1 954-989-1231,True,False,False,Open until 9:00 PM,Open today from 5:00 AM - 9:00 PM,n-park-rd-sheridan-st-3305-sheridan-st-hollywood-fl-330213606-us,GMT-04:00 America/New_York,11.1636,True,False,True,True,True,True,True,True,True,True,5:00 AM to 9:00 PM,5:00 AM,9:00 PM,5:00 AM to 9:00 PM,5:00 AM,9:00 PM,5:00 AM to 9:00 PM,5:00 AM,9:00 PM,5:00 AM to 9:00 PM,5:00 AM,9:00 PM,5:00 AM to 9:00 PM,5:00 AM,9:00 PM,5:00 AM to 9:00 PM,5:00 AM,9:00 PM,5:00 AM to 9:00 PM,5:00 AM,9:00 PM,READY,True
9642-95733,14480,Broward Health Medical Center,CO,1600 S Andrews Ave,Fort Lauderdale,FL,33316,US,26.10225,-80.14095,+1 954-764-2705,True,False,False,Open until 9:00 PM,Open today from 5:00 AM - 9:00 PM,broward-health-medical-center-1600-s-andrews-ave-fort-lauderdale-fl-333162510-us,GMT-04:00 America/New_York,11.2455,True,False,True,True,True,True,True,False,True,True,5:00 AM to 9:00 PM,5:00 AM,9:00 PM,5:00 AM to 9:00 PM,5:00 AM,9:00 PM,5:00 AM to 9:00 PM,5:00 AM,9:00 PM,5:00 AM to 9:00 PM,5:00 AM,9:00 PM,5:00 AM to 9:00 PM,5:00 AM,9:00 PM,5:00 AM to 9:00 PM,5:00 AM,9:00 PM,5:00 AM to 9:00 PM,5:00 AM,9:00 PM,READY,True
59502-292700,1027664,Memorial Regional Hospital Lob,LS,3501 Johnson St.,Hollywood,FL,33021,US,26.01968,-80.18032,+1 954-589-5571,True,False,False,Open until 8:30 PM,Open today from 6:00 AM - 8:30 PM,memorial-regional-hospital-lob-3501-johnson-st-hollywood-fl-33021-us,GMT-04:00 America/New_York,11.2793,True,False,True,True,True,False,True,False,False,False,6:00 AM to 8:30 PM,6:00 AM,8:30 PM,6:00 AM to 8:30 PM,6:00 AM,8:30 PM,7:00 AM to 7:00 PM,7:00 AM,7:00 PM,7:00 AM to 7:00 PM,7:00 AM,7:00 PM,6:00 AM to 8:30 PM,6:00 AM,8:30 PM,6:00 AM to 8:30 PM,6:00 AM,8:30 PM,6:00 AM to 8:30 PM,6:00 AM,8:30 PM,READY,False
10679-96815,17895,Davie Blvd & Federal Hwy,CO,1150 S Federal Hwy,Fort Lauderdale,FL,33316,US,26.1079,-80.13659,+1 954-522-2407,True,False,False,Open until 9:00 PM,Open today from 5:00 AM - 9:00 PM,davie-blvd-federal-hwy-1150-s-federal-hwy-fort-lauderdale-fl-333161216-us,GMT-04:00 America/New_York,11.29,True,True,True,True,True,False,True,False,True,True,5:00 AM to 9:00 PM,5:00 AM,9:00 PM,5:00 AM to 9:00 PM,5:00 AM,9:00 PM,5:00 AM to 9:00 PM,5:00 AM,9:00 PM,5:00 AM to 9:00 PM,5:00 AM,9:00 PM,5:00 AM to 9:00 PM,5:00 AM,9:00 PM,5:00 AM to 9:00 PM,5:00 AM,9:00 PM,5:00 AM to 9:00 PM,5:00 AM,9:00 PM,READY,True
76450-97602,7831,Target Miami Beach 1038,LS,14075 Biscayne Blvd,Miami Beach,FL,33181,US,25.90651,-80.15676,+1 305-944-5341,False,False,False,Opens Thursday at 7:00 AM,Open today from 7:00 AM - 8:00 PM,target-miami-beach-1038-14075-biscayne-blvd-miami-beach-fl-331811629-us,GMT-04:00 America/New_York,11.6863,True,False,False,True,False,True,True,False,True,False,7:00 AM to 8:00 PM,7:00 AM,8:00 PM,7:00 AM to 8:00 PM,7:00 AM,8:00 PM,7:00 AM to 8:00 PM,7:00 AM,8:00 PM,7:00 AM to 8:00 PM,7:00 AM,8:00 PM,7:00 AM to 8:00 PM,7:00 AM,8:00 PM,7:00 AM to 8:00 PM,7:00 AM,8:00 PM,7:00 AM to 8:00 PM,7:00 AM,8:00 PM,NOT_ELIGIBLE,False
8328-145164,19046,Sunrise & Bayview,CO,2519 E. Sunrise Blvd,Ft. Lauderdale,FL,33304,US,26.13824,-80.112,+1 954-564-8255,True,False,False,Open until 9:00 PM,Open today from 5:00 AM - 9:00 PM,sunrise-bayview-2519-e-sunrise-blvd-ft-lauderdale-fl-333043203-us,GMT-04:00 America/New_York,11.8131,True,False,True,True,True,True,True,True,True,True,5:00 AM to 9:00 PM,5:00 AM,9:00 PM,5:00 AM to 9:00 PM,5:00 AM,9:00 PM,5:00 AM to 9:00 PM,5:00 AM,9:00 PM,5:00 AM to 9:00 PM,5:00 AM,9:00 PM,5:00 AM to 9:00 PM,5:00 AM,9:00 PM,5:00 AM to 9:00 PM,5:00 AM,9:00 PM,5:00 AM to 9:00 PM,5:00 AM,9:00 PM,READY,True
24847-217504,1010586,Macy's Galleria 2nd Floor,LS,2414 E. Sunrise Blvd.,Fort Lauderdale,FL,33304,US,26.137,-80.1157,+1 954-537-2301,False,False,False,Opens Thursday at 10:00 AM,Open today from 10:00 AM - 8:00 PM,macys-galleria-2nd-floor-2414-e-sunrise-blvd-fort-lauderdale-fl-33304-us,GMT-04:00 America/New_York,11.8813,True,False,True,True,True,False,True,False,True,False,10:00 AM to 8:00 PM,10:00 AM,8:00 PM,10:00 AM to 8:00 PM,10:00 AM,8:00 PM,10:00 AM to 8:00 PM,10:00 AM,8:00 PM,11:00 AM to 6:00 PM,11:00 AM,6:00 PM,10:00 AM to 8:00 PM,10:00 AM,8:00 PM,10:00 AM to 8:00 PM,10:00 AM,8:00 PM,10:00 AM to 8:00 PM,10:00 AM,8:00 PM,NOT_READY,False
8302-11741,15356,350 Las Olas,CO,350 E Las Olas Blvd,Fort Lauderdale,FL,33301,US,26.11907,-80.13963,+1 954-523-7992,True,False,False,Open until 9:00 PM,Open today from 5:00 AM - 9:00 PM,350-las-olas-350-e-las-olas-blvd-fort-lauderdale-fl-333014211-u,GMT-04:00 America/New_York,11.9497,True,False,True,True,True,True,True,True,True,True,5:00 AM to 9:00 PM,5:00 AM,9:00 PM,5:00 AM to 9:00 PM,5:00 AM,9:00 PM,5:00 AM to 9:00 PM,5:00 AM,9:00 PM,5:00 AM to 9:00 PM,5:00 AM,9:00 PM,5:00 AM to 9:00 PM,5:00 AM,9:00 PM,5:00 AM to 9:00 PM,5:00 AM,9:00 PM,5:00 AM to 9:00 PM,5:00 AM,9:00 PM,READY,True
8430-27708,15388,Biscayne Blvd & NE 135 St,CO,13503 Biscayne Blvd,North Miami Beach,FL,33181,US,25.90028,-80.15997,+1 305-947-7445,True,False,False,Open until 9:00 PM,Open today from 5:00 AM - 9:00 PM,biscayne-blvd-ne-135-st-13503-biscayne-blvd-north-miami-beach-fl-331811615,GMT-04:00 America/New_York,12.0932,True,True,True,True,True,True,True,True,True,True,5:00 AM to 9:00 PM,5:00 AM,9:00 PM,5:00 AM to 9:00 PM,5:00 AM,9:00 PM,5:00 AM to 9:00 PM,5:00 AM,9:00 PM,5:00 AM to 9:00 PM,5:00 AM,9:00 PM,5:00 AM to 9:00 PM,5:00 AM,9:00 PM,5:00 AM to 9:00 PM,5:00 AM,9:00 PM,5:00 AM to 9:00 PM,5:00 AM,9:00 PM,NOT_READY,True
8278-136430,10570,Sheridan & N 56th Ave,CO,5355 Sheridan St,Hollywood,FL,33021,US,26.03301,-80.19773,+1 954-894-3863,True,False,False,Open until 9:00 PM,Open today from 5:00 AM - 9:00 PM,sheridan-n-56th-ave-5355-sheridan-st-ste-63-b-hollywood-fl-330213342-u,GMT-04:00 America/New_York,12.4875,True,True,True,True,True,True,True,True,True,True,5:00 AM to 9:00 PM,5:00 AM,9:00 PM,5:00 AM to 9:00 PM,5:00 AM,9:00 PM,5:00 AM to 9:00 PM,5:00 AM,9:00 PM,5:00 AM to 9:00 PM,5:00 AM,9:00 PM,5:00 AM to 9:00 PM,5:00 AM,9:00 PM,5:00 AM to 9:00 PM,5:00 AM,9:00 PM,5:00 AM to 9:00 PM,5:00 AM,9:00 PM,READY,True
49407-266014,1017657,Publix Miami Beach 1382,LS,6876 COLLINS AVE.,Miami Beach,FL,33141,US,25.85326,-80.12098,+1 305-864-7405,False,False,False,Opens Thursday at 7:00 AM,Open today from 7:00 AM - 7:00 PM,publix-miami-beach-1382-6876-collins-ave-miami-beach-fl-33141-us,GMT-04:00 America/New_York,12.6218,True,False,False,False,False,False,False,False,True,False,7:00 AM to 7:00 PM,7:00 AM,7:00 PM,7:00 AM to 7:00 PM,7:00 AM,7:00 PM,7:00 AM to 7:00 PM,7:00 AM,7:00 PM,7:00 AM to 7:00 PM,7:00 AM,7:00 PM,7:00 AM to 7:00 PM,7:00 AM,7:00 PM,7:00 AM to 7:00 PM,7:00 AM,7:00 PM,7:00 AM to 7:00 PM,7:00 AM,7:00 PM,NOT_ELIGIBLE,False
22268-166064,1008760,Biscayne Blvd & NE 121st St,CO,12000 Biscayne Blvd,Miami,FL,33181,US,25.8872,-80.16502,+1 305-893-7941,True,False,False,Open until 9:00 PM,Open today from 5:00 AM - 9:00 PM,biscayne-blvd-ne-121st-st-12000-biscayne-blvd-miami-fl-331812735-us,GMT-04:00 America/New_York,12.8787,True,True,True,True,True,True,True,True,True,True,5:00 AM to 9:00 PM,5:00 AM,9:00 PM,5:00 AM to 9:00 PM,5:00 AM,9:00 PM,5:00 AM to 9:00 PM,5:00 AM,9:00 PM,5:00 AM to 9:00 PM,5:00 AM,9:00 PM,5:00 AM to 9:00 PM,5:00 AM,9:00 PM,5:00 AM to 9:00 PM,5:00 AM,9:00 PM,5:00 AM to 9:00 PM,5:00 AM,9:00 PM,READY,True
8528-284189,1022555,2309 N Federal Hwy,CO,2309 N Federal Hwy,Fort Lauderdale,FL,33305,US,26.15621,-80.11816,+1 954-564-9775,True,False,False,Open until 9:00 PM,Open today from 5:00 AM - 9:00 PM,2309-n-federal-hwy-2309-n-federal-hwy-fort-lauderdale-fl-333052538-us,GMT-04:00 America/New_York,13.0485,True,True,True,True,True,True,True,True,True,True,5:00 AM to 9:00 PM,5:00 AM,9:00 PM,5:00 AM to 9:00 PM,5:00 AM,9:00 PM,5:00 AM to 9:00 PM,5:00 AM,9:00 PM,5:00 AM to 9:00 PM,5:00 AM,9:00 PM,5:00 AM to 9:00 PM,5:00 AM,9:00 PM,5:00 AM to 9:00 PM,5:00 AM,9:00 PM,5:00 AM to 9:00 PM,5:00 AM,9:00 PM,READY,True
52769-258704,1021736,Sixty80 Hotel Entrance,LS,6080 COLLINS AVE.,Miami Beach,FL,33140,US,25.84418,-80.12096,+1 786-598-8705,False,False,False,Opens Thursday at 7:00 AM,Open today from 7:00 AM - 7:00 PM,sixty-80-hotel-entrance-6080-collins-ave-miami-beach-fl-33140-us,GMT-04:00 America/New_York,13.1305,True,False,True,True,True,False,True,False,True,False,7:00 AM to 7:00 PM,7:00 AM,7:00 PM,7:00 AM to 7:00 PM,7:00 AM,7:00 PM,7:00 AM to 7:00 PM,7:00 AM,7:00 PM,7:00 AM to 7:00 PM,7:00 AM,7:00 PM,7:00 AM to 7:00 PM,7:00 AM,7:00 PM,7:00 AM to 7:00 PM,7:00 AM,7:00 PM,7:00 AM to 7:00 PM,7:00 AM,7:00 PM,NOT_READY,False
19899-197804,1006385,167th St & NE 2nd Ave,CO,199 NE 167th St,Miami,FL,33162,US,25.92855,-80.19656,+1 305-653-2071,True,False,False,Open until 8:00 PM,Open today from 5:30 AM - 8:00 PM,167th-st-ne-2nd-ave-199-ne-167th-st-miami-fl-331623404-us,GMT-04:00 America/New_York,13.1704,True,True,True,True,False,False,True,False,True,False,5:30 AM to 8:00 PM,5:30 AM,8:00 PM,5:30 AM to 8:00 PM,5:30 AM,8:00 PM,5:30 AM to 8:00 PM,5:30 AM,8:00 PM,5:30 AM to 8:00 PM,5:30 AM,8:00 PM,5:30 AM to 8:00 PM,5:30 AM,8:00 PM,5:30 AM to 8:00 PM,5:30 AM,8:00 PM,5:30 AM to 8:00 PM,5:30 AM,8:00 PM,READY,True
11908-290301,1029581,NE 26th St & NE 16th Ave,CO,1501 NE 26th St,Wilton Manors,FL,33305,US,26.15989,-80.12772,+1 954-566-1304,True,False,False,Open until 9:00 PM,Open today from 4:30 AM - 9:00 PM,ne-26th-st-ne-16th-ave-1501-ne-26th-st-wilton-manors-fl-333051358-us,GMT-04:00 America/New_York,13.5966,True,True,True,True,True,True,True,True,True,True,4:30 AM to 9:00 PM,4:30 AM,9:00 PM,4:30 AM to 9:00 PM,4:30 AM,9:00 PM,5:00 AM to 9:00 PM,5:00 AM,9:00 PM,5:00 AM to 9:00 PM,5:00 AM,9:00 PM,5:00 AM to 9:00 PM,5:00 AM,9:00 PM,5:00 AM to 9:00 PM,5:00 AM,9:00 PM,5:00 AM to 9:00 PM,5:00 AM,9:00 PM,READY,True
3895-108129,10923,Target Fort Lauderdale 1163,LS,3200 N Federal Hwy,Fort Lauderdale,FL,33306,US,26.16816,-80.11505,+1 954-390-7992,False,False,False,Opens Thursday at 7:00 AM,Open today from 7:00 AM - 8:00 PM,target-fort-lauderdale-1163-3200-n-federal-hwy-fort-lauderdale-fl-333061062-us,GMT-04:00 America/New_York,13.637,True,False,False,True,True,False,True,False,True,False,7:00 AM to 8:00 PM,7:00 AM,8:00 PM,7:00 AM to 8:00 PM,7:00 AM,8:00 PM,7:00 AM to 8:00 PM,7:00 AM,8:00 PM,7:00 AM to 8:00 PM,7:00 AM,8:00 PM,7:00 AM to 8:00 PM,7:00 AM,8:00 PM,7:00 AM to 8:00 PM,7:00 AM,8:00 PM,7:00 AM to 8:00 PM,7:00 AM,8:00 PM,NOT_ELIGIBLE,False
64968-294974,1032906,Broward & SW 29th Ave,CO,2890 W Broward Blvd,Fort Lauderdale,FL,33312,US,26.12116,-80.18275,+1 954-902-4171,True,False,False,Open until 8:00 PM,Open today from 5:30 AM - 8:00 PM,broward-sw-29th-ave-2890-w-broward-blvd-ste-a-fort-lauderdale-fl-33312,GMT-04:00 America/New_York,14.0977,True,True,True,True,True,True,True,True,True,True,5:30 AM to 8:00 PM,5:30 AM,8:00 PM,5:30 AM to 8:00 PM,5:30 AM,8:00 PM,5:30 AM to 8:00 PM,5:30 AM,8:00 PM,5:30 AM to 8:00 PM,5:30 AM,8:00 PM,5:30 AM to 8:00 PM,5:30 AM,8:00 PM,5:30 AM to 8:00 PM,5:30 AM,8:00 PM,5:30 AM to 8:00 PM,5:30 AM,8:00 PM,READY,True
16973-175144,90219,Commercial & Federal Hwy,CO,4854 N Federal Highway,Fort Lauderdale,FL,33308,US,26.18779,-80.11558,+1 954-689-6646,True,False,False,Open until 9:00 PM,Open today from 5:00 AM - 9:00 PM,commercial-federal-hwy-4854-n-federal-highway-fort-lauderdale-fl-33308460,GMT-04:00 America/New_York,14.8252,True,True,True,True,True,False,True,False,True,True,5:00 AM to 9:00 PM,5:00 AM,9:00 PM,5:00 AM to 9:00 PM,5:00 AM,9:00 PM,5:00 AM to 9:00 PM,5:00 AM,9:00 PM,5:00 AM to 9:00 PM,5:00 AM,9:00 PM,5:00 AM to 9:00 PM,5:00 AM,9:00 PM,5:00 AM to 9:00 PM,5:00 AM,9:00 PM,5:00 AM to 9:00 PM,5:00 AM,9:00 PM,NOT_READY,True
54255-285954,1022921,Holy Cross Hospital Lobby,LS,4725 N. FEDERAL HWY,Fort Lauderdale,FL,33308,US,26.18607,-80.12022,+1 954-908-5395,True,False,False,Open until 4:30 PM,Open today from 6:30 AM - 4:30 PM,holy-cross-hospital-lobby-4725-n-federal-hwy-fort-lauderdale-fl-33308-us,GMT-04:00 America/New_York,14.8637,True,False,True,True,False,False,True,False,True,False,6:30 AM to 4:30 PM,6:30 AM,4:30 PM,6:30 AM to 4:30 PM,6:30 AM,4:30 PM,8:00 AM to 12:00 PM,8:00 AM,12:00 PM,8:00 AM to 12:00 PM,8:00 AM,12:00 PM,6:30 AM to 4:30 PM,6:30 AM,4:30 PM,6:30 AM to 4:30 PM,6:30 AM,4:30 PM,6:30 AM to 4:30 PM,6:30 AM,4:30 PM,READY,False
51877-279252,1024615,Publix Miami Shores 794,LS,9050 BISCAYNE BLVD.,Miami Shores,FL,33138,US,25.85851,-80.18392,+1 305-751-4075,False,False,False,Opens Thursday at 7:00 AM,Open today from 7:00 AM - 7:00 PM,publix-miami-shores-794-9050-biscayne-blvd-miami-shores-fl-33138-us,GMT-04:00 America/New_York,15.0393,True,False,False,True,False,False,False,False,True,False,7:00 AM to 7:00 PM,7:00 AM,7:00 PM,7:00 AM to 7:00 PM,7:00 AM,7:00 PM,7:00 AM to 7:00 PM,7:00 AM,7:00 PM,7:00 AM to 7:00 PM,7:00 AM,7:00 PM,7:00 AM to 7:00 PM,7:00 AM,7:00 PM,7:00 AM to 7:00 PM,7:00 AM,7:00 PM,7:00 AM to 7:00 PM,7:00 AM,7:00 PM,NOT_ELIGIBLE,False
21216-183784,1008638,827 Arthur Godfrey Road,CO,827 W 41st St,Miami Beach,FL,33140,US,25.8139,-80.1341,+1 786-566-0341,True,False,False,Open until 9:00 PM,Open today from 5:00 AM - 9:00 PM,827-arthur-godfrey-road-827-w-41st-st-unit-2-miami-beach-fl-331403304-us,GMT-04:00 America/New_York,15.323,True,False,True,True,True,True,True,True,True,True,5:00 AM to 9:00 PM,5:00 AM,9:00 PM,5:00 AM to 9:00 PM,5:00 AM,9:00 PM,5:00 AM to 9:00 PM,5:00 AM,9:00 PM,5:00 AM to 9:00 PM,5:00 AM,9:00 PM,5:00 AM to 9:00 PM,5:00 AM,9:00 PM,5:00 AM to 9:00 PM,5:00 AM,9:00 PM,5:00 AM to 9:00 PM,5:00 AM,9:00 PM,READY,True
64987-296840,1029196,S. McCall Rd & Oriole Blvd,CO,2901 S McCall Rd,Englewood,FL,34224,US,26.93415,-82.31151,+1 941-770-3087,True,False,False,Open until 8:00 PM,Open today from 5:00 AM - 8:00 PM,s-mc-call-rd-oriole-blvd-2901-s-mc-call-rd-englewood-fl-342248607-us,GMT-04:00 America/New_York,13.2766,True,True,True,True,True,True,True,True,True,True,5:00 AM to 8:00 PM,5:00 AM,8:00 PM,5:00 AM to 8:00 PM,5:00 AM,8:00 PM,5:00 AM to 8:00 PM,5:00 AM,8:00 PM,5:00 AM to 8:00 PM,5:00 AM,8:00 PM,5:00 AM to 8:00 PM,5:00 AM,8:00 PM,5:00 AM to 8:00 PM,5:00 AM,8:00 PM,5:00 AM to 8:00 PM,5:00 AM,8:00 PM,READY,True
75824-102331,7155,South Seas Island Resort Entra,LS,14830 Captiva RD,Captiva,FL,33924,US,26.52509,-82.19171,+1 239-579-1382,True,False,False,Open until 6:00 PM,Open today from 6:30 AM - 6:00 PM,south-seas-island-resort-entra-14830-captiva-rd-captiva-fl-339246000-us,GMT-04:00 America/New_York,15.9513,True,False,True,True,False,False,True,False,True,False,6:30 AM to 6:00 PM,6:30 AM,6:00 PM,6:30 AM to 6:00 PM,6:30 AM,6:00 PM,6:30 AM to 6:00 PM,6:30 AM,6:00 PM,6:30 AM to 6:00 PM,6:30 AM,6:00 PM,6:30 AM to 6:00 PM,6:30 AM,6:00 PM,6:30 AM to 6:00 PM,6:30 AM,6:00 PM,6:30 AM to 6:00 PM,6:30 AM,6:00 PM,READY,False
11607-242367,1014985,Veterans Pkwy & Surfside Blvd,CO,2390 Surfside Blvd,Cape Coral,FL,33991,US,26.60765,-82.02455,+1 239-283-1357,True,False,False,Open until 9:00 PM,Open today from 5:00 AM - 9:00 PM,veterans-pkwy-surfside-blvd-2390-surfside-blvd-ste-101-cape-coral-fl-339913593,GMT-04:00 America/New_York,17.0431,True,True,True,True,True,True,True,True,True,True,5:00 AM to 9:00 PM,5:00 AM,9:00 PM,5:00 AM to 9:00 PM,5:00 AM,9:00 PM,5:00 AM to 9:00 PM,5:00 AM,9:00 PM,5:00 AM to 9:00 PM,5:00 AM,9:00 PM,5:00 AM to 9:00 PM,5:00 AM,9:00 PM,5:00 AM to 9:00 PM,5:00 AM,9:00 PM,5:00 AM to 9:00 PM,5:00 AM,9:00 PM,READY,True
50314-271728,1025485,US 41 & W Helen Ave,CO,1001 Tamiami Trl,Punta Gorda,FL,33950,US,26.92931,-82.04796,+1 239-470-6170,True,False,False,Open until 8:00 PM,Open today from 5:00 AM - 8:00 PM,us-41-w-helen-ave-1001-tamiami-trl-unit-111-punta-gorda-fl-339505521,GMT-04:00 America/New_York,17.5681,True,True,True,True,True,True,True,True,True,True,5:00 AM to 8:00 PM,5:00 AM,8:00 PM,5:00 AM to 8:00 PM,5:00 AM,8:00 PM,5:00 AM to 8:00 PM,5:00 AM,8:00 PM,5:00 AM to 8:00 PM,5:00 AM,8:00 PM,5:00 AM to 8:00 PM,5:00 AM,8:00 PM,5:00 AM to 8:00 PM,5:00 AM,8:00 PM,5:00 AM to 8:00 PM,5:00 AM,8:00 PM,READY,True
71794-303089,1042914,US 41 & Murdock,CO,18551 Murdock Cir,Port Charlotte,FL,33948,US,27.01036,-82.14176,+1 941-787-3527,True,False,False,Open until 9:00 PM,Open today from 4:30 AM - 9:00 PM,us-41-murdock-18551-murdock-cir-port-charlotte-fl-339481089-us,GMT-04:00 America/New_York,19.1861,True,True,True,True,True,True,True,True,True,True,4:30 AM to 9:00 PM,4:30 AM,9:00 PM,4:30 AM to 9:00 PM,4:30 AM,9:00 PM,5:00 AM to 9:00 PM,5:00 AM,9:00 PM,5:00 AM to 9:00 PM,5:00 AM,9:00 PM,4:30 AM to 9:00 PM,4:30 AM,9:00 PM,4:30 AM to 9:00 PM,4:30 AM,9:00 PM,4:30 AM to 9:00 PM,4:30 AM,9:00 PM,READY,True
76152-89122,16568,Target Port Charlotte 690,LS,1400A Tamiami Trail,Port Charlotte,FL,33948,US,27.01311,-82.14242,+1 941-255-1181,False,False,False,Opens Thursday at 8:00 AM,Open today from 8:00 AM - 8:00 PM,target-port-charlotte-690-1400-a-tamiami-trail-port-charlotte-fl-339481004-u,GMT-04:00 America/New_York,19.3504,True,False,False,True,True,False,True,False,True,False,8:00 AM to 8:00 PM,8:00 AM,8:00 PM,8:00 AM to 8:00 PM,8:00 AM,8:00 PM,8:00 AM to 8:00 PM,8:00 AM,8:00 PM,8:00 AM to 8:00 PM,8:00 AM,8:00 PM,8:00 AM to 8:00 PM,8:00 AM,8:00 PM,8:00 AM to 8:00 PM,8:00 AM,8:00 PM,8:00 AM to 8:00 PM,8:00 AM,8:00 PM,NOT_ELIGIBLE,False
16887-175725,86970,Target Cape Coral 1454,LS,2430 Santa Barbara Blvd,Cape Coral,FL,33914,US,26.60673,-81.97437,+1 239-458-5868,False,False,False,Opens Thursday at 8:00 AM,Open today from 8:00 AM - 8:00 PM,target-cape-coral-1454-2430-santa-barbara-blvd-cape-coral-fl-339144485-us,GMT-04:00 America/New_York,19.6865,True,False,False,True,True,False,True,False,False,False,8:00 AM to 8:00 PM,8:00 AM,8:00 PM,8:00 AM to 8:00 PM,8:00 AM,8:00 PM,8:00 AM to 8:00 PM,8:00 AM,8:00 PM,8:00 AM to 8:00 PM,8:00 AM,8:00 PM,8:00 AM to 8:00 PM,8:00 AM,8:00 PM,8:00 AM to 8:00 PM,8:00 AM,8:00 PM,8:00 AM to 8:00 PM,8:00 AM,8:00 PM,NOT_ELIGIBLE,False
22269-215485,1007303,Cocoplum Village,CO,17739 Tamiami Trl,North Port,FL,34287,US,27.03645,-82.21336,+1 941-876-1888,True,False,False,Open until 8:00 PM,Open today from 5:00 AM - 8:00 PM,cocoplum-village-17739-tamiami-trl-north-port-fl-342877296-us,GMT-04:00 America/New_York,19.9201,True,True,True,True,True,True,True,True,True,True,5:00 AM to 8:00 PM,5:00 AM,8:00 PM,5:00 AM to 8:00 PM,5:00 AM,8:00 PM,5:00 AM to 8:00 PM,5:00 AM,8:00 PM,5:00 AM to 8:00 PM,5:00 AM,8:00 PM,5:00 AM to 8:00 PM,5:00 AM,8:00 PM,5:00 AM to 8:00 PM,5:00 AM,8:00 PM,5:00 AM to 8:00 PM,5:00 AM,8:00 PM,READY,True
11783-251130,1017895,Pine Island & Pondella,CO,1731 NE Pine Island Rd,Cape Coral,FL,33909,US,26.66997,-81.93738,+1 239-458-2869,True,False,False,Open until 9:00 PM,Open today from 5:00 AM - 9:00 PM,pine-island-pondella-1731-ne-pine-island-rd-cape-coral-fl-339091731-us,GMT-04:00 America/New_York,20.0718,True,True,True,True,True,True,True,True,True,True,5:00 AM to 9:00 PM,5:00 AM,9:00 PM,5:00 AM to 9:00 PM,5:00 AM,9:00 PM,5:00 AM to 9:00 PM,5:00 AM,9:00 PM,5:00 AM to 9:00 PM,5:00 AM,9:00 PM,5:00 AM to 9:00 PM,5:00 AM,9:00 PM,5:00 AM to 9:00 PM,5:00 AM,9:00 PM,5:00 AM to 9:00 PM,5:00 AM,9:00 PM,READY,True
76810-111305,6497,Target Cape Coral North 23,LS,1890 NE Pine Island Rd,Cape Coral,FL,33909,US,26.66928,-81.93315,+1 239-829-6239,False,False,False,Open until 8:00 PM,Open today from 7:00 AM - 8:00 PM,target-cape-coral-north-23-1890-ne-pine-island-rd-cape-coral-fl-339091733-us,GMT-04:00 America/New_York,20.336,True,False,False,True,False,False,True,False,True,False,7:00 AM to 8:00 PM,7:00 AM,8:00 PM,7:00 AM to 8:00 PM,7:00 AM,8:00 PM,7:00 AM to 8:00 PM,7:00 AM,8:00 PM,7:00 AM to 8:00 PM,7:00 AM,8:00 PM,7:00 AM to 8:00 PM,7:00 AM,8:00 PM,7:00 AM to 8:00 PM,7:00 AM,8:00 PM,7:00 AM to 8:00 PM,7:00 AM,8:00 PM,NOT_ELIGIBLE,False
29496-248064,1015890,Del Prado Blvd,CO,2207 Del Prado Blvd S,Cape Coral,FL,33990,US,26.61104,-81.94039,+1 239-770-0184,True,False,False,Open until 8:00 PM,Open today from 5:00 AM - 8:00 PM,del-prado-blvd-2207-del-prado-blvd-s-unit-1-cape-coral-fl-3399046,GMT-04:00 America/New_York,21.3901,True,True,True,True,True,True,True,True,True,True,5:00 AM to 8:00 PM,5:00 AM,8:00 PM,5:00 AM to 8:00 PM,5:00 AM,8:00 PM,5:00 AM to 8:00 PM,5:00 AM,8:00 PM,5:00 AM to 8:00 PM,5:00 AM,8:00 PM,5:00 AM to 8:00 PM,5:00 AM,8:00 PM,5:00 AM to 8:00 PM,5:00 AM,8:00 PM,5:00 AM to 8:00 PM,5:00 AM,8:00 PM,READY,True
69074-302057,1039656,Pine Island & US 41,CO,3141 NE Pine Island Rd,Cape Coral,FL,33909,US,26.6827,-81.90296,+1 239-829-4390,True,False,False,Open until 8:00 PM,Open today from 5:00 AM - 8:00 PM,pine-island-us-41-3141-ne-pine-island-rd-cape-coral-fl-339096514-us,GMT-04:00 America/New_York,21.9173,True,True,True,True,True,True,True,True,True,True,5:00 AM to 8:00 PM,5:00 AM,8:00 PM,5:00 AM to 8:00 PM,5:00 AM,8:00 PM,5:00 AM to 8:00 PM,5:00 AM,8:00 PM,5:00 AM to 8:00 PM,5:00 AM,8:00 PM,5:00 AM to 8:00 PM,5:00 AM,8:00 PM,5:00 AM to 8:00 PM,5:00 AM,8:00 PM,5:00 AM to 8:00 PM,5:00 AM,8:00 PM,READY,True
14313-114584,18578,Kings Hwy & I-75,CO,925 Kings Hwy,Port Charlotte,FL,33980,US,27.01618,-82.05289,+1 941-743-3834,True,False,False,Open until 9:00 PM,Open today from 4:30 AM - 9:00 PM,kings-hwy-i-75-925-kings-hwy-port-charlotte-fl-339804300-us,GMT-04:00 America/New_York,22.0407,True,True,True,True,True,True,True,True,True,True,4:30 AM to 9:00 PM,4:30 AM,9:00 PM,4:30 AM to 9:00 PM,4:30 AM,9:00 PM,4:30 AM to 9:00 PM,4:30 AM,9:00 PM,4:30 AM to 9:00 PM,4:30 AM,9:00 PM,4:30 AM to 9:00 PM,4:30 AM,9:00 PM,4:30 AM to 9:00 PM,4:30 AM,9:00 PM,4:30 AM to 9:00 PM,4:30 AM,9:00 PM,READY,True
21921-207684,1006814,Cape Coral Pkwy,CO,4802 Chester St,Cape Coral,FL,33904,US,26.56242,-81.95618,+1 239-945-3893,True,False,False,Open until 8:00 PM,Open today from 5:00 AM - 8:00 PM,cape-coral-pkwy-4802-chester-st-cape-coral-fl-339049026-us,GMT-04:00 America/New_York,22.2969,True,True,True,True,True,True,True,True,True,True,5:00 AM to 8:00 PM,5:00 AM,8:00 PM,5:00 AM to 8:00 PM,5:00 AM,8:00 PM,5:00 AM to 8:00 PM,5:00 AM,8:00 PM,5:00 AM to 8:00 PM,5:00 AM,8:00 PM,5:00 AM to 8:00 PM,5:00 AM,8:00 PM,5:00 AM to 8:00 PM,5:00 AM,8:00 PM,5:00 AM to 8:00 PM,5:00 AM,8:00 PM,READY,True
67729-300621,1037969,Sumter & Price,CO,1595 Grand Venture Dr,North Port,FL,34286,US,27.07298,-82.20852,+1 941-876-6791,True,False,False,Open until 8:00 PM,Open today from 5:00 AM - 8:00 PM,sumter-price-1595-grand-venture-dr-north-port-fl-342862310-us,GMT-04:00 America/New_York,22.4616,True,True,True,True,True,True,True,True,True,True,5:00 AM to 8:00 PM,5:00 AM,8:00 PM,5:00 AM to 8:00 PM,5:00 AM,8:00 PM,5:00 AM to 8:00 PM,5:00 AM,8:00 PM,5:00 AM to 8:00 PM,5:00 AM,8:00 PM,5:00 AM to 8:00 PM,5:00 AM,8:00 PM,5:00 AM to 8:00 PM,5:00 AM,8:00 PM,5:00 AM to 8:00 PM,5:00 AM,8:00 PM,READY,True
76665-99836,9854,Target Venice 813,LS,4271 S Tamiami Trail,Venice,FL,34293,US,27.05027,-82.39099,+1 941-492-9127,False,False,False,Opens Thursday at 8:00 AM,Open today from 8:00 AM - 8:00 PM,target-venice-813-4271-s-tamiami-trail-venice-fl-342935131-us,GMT-04:00 America/New_York,22.4921,True,False,False,True,True,False,True,False,True,False,8:00 AM to 8:00 PM,8:00 AM,8:00 PM,8:00 AM to 8:00 PM,8:00 AM,8:00 PM,8:00 AM to 8:00 PM,8:00 AM,8:00 PM,8:00 AM to 8:00 PM,8:00 AM,8:00 PM,8:00 AM to 8:00 PM,8:00 AM,8:00 PM,8:00 AM to 8:00 PM,8:00 AM,8:00 PM,8:00 AM to 8:00 PM,8:00 AM,8:00 PM,NOT_ELIGIBLE,False
10440-97315,8134,First St & Broadway,CO,1514 Broadway,Fort Myers,FL,33901,US,26.6437,-81.87078,+1 239-334-1094,True,False,False,Open until 8:00 PM,Open today from 5:00 AM - 8:00 PM,first-st-broadway-1514-broadway-fort-myers-fl-339013007-us,GMT-04:00 America/New_York,24.5335,True,False,True,True,True,True,True,True,True,True,5:00 AM to 8:00 PM,5:00 AM,8:00 PM,5:00 AM to 8:00 PM,5:00 AM,8:00 PM,5:00 AM to 8:00 PM,5:00 AM,8:00 PM,5:00 AM to 8:00 PM,5:00 AM,8:00 PM,5:00 AM to 8:00 PM,5:00 AM,8:00 PM,5:00 AM to 8:00 PM,5:00 AM,8:00 PM,5:00 AM to 8:00 PM,5:00 AM,8:00 PM,READY,True
66454-293158,1037706,Lee Blvd & Hanna Ave,CO,350 Hanna Ave N,Lehigh Acres,FL,33971,US,26.61685,-81.67023,+1 239-674-3607,True,False,False,Open until 9:00 PM,Open today from 4:30 AM - 9:00 PM,lee-blvd-hanna-ave-350-hanna-ave-n-lehigh-acres-fl-339711595-us,GMT-04:00 America/New_York,13.967,True,True,True,True,True,True,True,True,True,True,4:30 AM to 9:00 PM,4:30 AM,9:00 PM,4:30 AM to 9:00 PM,4:30 AM,9:00 PM,5:00 AM to 9:00 PM,5:00 AM,9:00 PM,5:00 AM to 9:00 PM,5:00 AM,9:00 PM,4:30 AM to 9:00 PM,4:30 AM,9:00 PM,4:30 AM to 9:00 PM,4:30 AM,9:00 PM,4:30 AM to 9:00 PM,4:30 AM,9:00 PM,READY,True
69073-302876,1038329,SR 31 & Cypress Pkwy-Babcock R,CO,42071 Cypress Pkwy,Babcock Ranch,FL,33982,US,26.77488,-81.75773,+1 239-244-9553,True,False,False,Open until 8:00 PM,Open today from 5:00 AM - 8:00 PM,sr-31-cypress-pkwy-babcock-r-42071-cypress-pkwy-babcock-ranch-fl-339825136-us,GMT-04:00 America/New_York,15.9926,True,True,True,True,True,False,True,False,True,False,5:00 AM to 8:00 PM,5:00 AM,8:00 PM,5:00 AM to 8:00 PM,5:00 AM,8:00 PM,5:00 AM to 8:00 PM,5:00 AM,8:00 PM,5:00 AM to 8:00 PM,5:00 AM,8:00 PM,5:00 AM to 8:00 PM,5:00 AM,8:00 PM,5:00 AM to 8:00 PM,5:00 AM,8:00 PM,5:00 AM to 8:00 PM,5:00 AM,8:00 PM,READY,True
68267-302058,1040246,Palm Beach Blvd & I-75,CO,4030 Boatways Rd,Fort Myers,FL,33905,US,26.68515,-81.79589,+1 239-382-9636,True,False,False,Open until 9:00 PM,Open today from 5:00 AM - 9:00 PM,palm-beach-blvd-i-75-4030-boatways-rd-fort-myers-fl-339052754-us,GMT-04:00 America/New_York,18.803,True,True,True,True,True,True,True,True,True,True,5:00 AM to 9:00 PM,5:00 AM,9:00 PM,5:00 AM to 9:00 PM,5:00 AM,9:00 PM,5:00 AM to 9:00 PM,5:00 AM,9:00 PM,5:00 AM to 9:00 PM,5:00 AM,9:00 PM,5:00 AM to 9:00 PM,5:00 AM,9:00 PM,5:00 AM to 9:00 PM,5:00 AM,9:00 PM,5:00 AM to 9:00 PM,5:00 AM,9:00 PM,READY,True
11482-245645,1017758,Forum Blvd & Dynasty Dr,CO,3405 Forum Blvd,Fort Myers,FL,33905,US,26.61568,-81.79657,+1 239-936-0502,True,False,False,Open until 9:00 PM,Open today from 5:00 AM - 9:00 PM,forum-blvd-dynasty-dr-3405-forum-blvd-unit-110-fort-myers-fl-339055616-u,GMT-04:00 America/New_York,20.5266,True,True,True,True,True,True,True,True,True,True,5:00 AM to 9:00 PM,5:00 AM,9:00 PM,5:00 AM to 9:00 PM,5:00 AM,9:00 PM,5:00 AM to 9:00 PM,5:00 AM,9:00 PM,5:00 AM to 9:00 PM,5:00 AM,9:00 PM,5:00 AM to 9:00 PM,5:00 AM,9:00 PM,5:00 AM to 9:00 PM,5:00 AM,9:00 PM,5:00 AM to 9:00 PM,5:00 AM,9:00 PM,READY,True
76913-128675,7712,Target Fort Myers NORTH 2369,LS,3350 Forum Blvd,Fort Myers,FL,33905,US,26.6154,-81.8018,+1 239-265-9022,False,False,False,Opens Thursday at 8:00 AM,Open today from 8:00 AM - 8:00 PM,target-fort-myers-north-2369-3350-forum-blvd-fort-myers-fl-339055578-us,GMT-04:00 America/New_York,20.8238,True,False,False,False,False,False,True,False,True,False,8:00 AM to 8:00 PM,8:00 AM,8:00 PM,8:00 AM to 8:00 PM,8:00 AM,8:00 PM,8:00 AM to 8:00 PM,8:00 AM,8:00 PM,8:00 AM to 8:00 PM,8:00 AM,8:00 PM,8:00 AM to 8:00 PM,8:00 AM,8:00 PM,8:00 AM to 8:00 PM,8:00 AM,8:00 PM,8:00 AM to 8:00 PM,8:00 AM,8:00 PM,NOT_ELIGIBLE,False
78513-303861,1044295,Colonial Blvd & Six Mile,CO,4790 Colonial Blvd,Fort Myers,FL,33966,US,26.61188,-81.81207,,True,False,False,Open until 8:00 PM,Open today from 5:00 AM - 8:00 PM,colonial-blvd-six-mile-4790-colonial-blvd-fort-myers-fl-339661034-us,GMT-04:00 America/New_York,21.5001,True,True,True,True,True,False,True,False,False,False,5:00 AM to 8:00 PM,5:00 AM,8:00 PM,5:00 AM to 8:00 PM,5:00 AM,8:00 PM,5:00 AM to 8:00 PM,5:00 AM,8:00 PM,5:00 AM to 8:00 PM,5:00 AM,8:00 PM,5:00 AM to 8:00 PM,5:00 AM,8:00 PM,5:00 AM to 8:00 PM,5:00 AM,8:00 PM,5:00 AM to 8:00 PM,5:00 AM,8:00 PM,READY,True
73040-305605,1043214,Six Mile Cypress Pkwy & Dani D,CO,7935 Dani Dr,Fort Myers,FL,33966,US,26.60299,-81.81034,+1 239-291-9836,True,False,False,Open until 8:00 PM,Open today from 5:00 AM - 8:00 PM,six-mile-cypress-pkwy-dani-d-7935-dani-dr-ste-100-fort-myers-fl-339668095-us,GMT-04:00 America/New_York,21.6859,True,True,True,True,True,True,True,True,True,True,5:00 AM to 8:00 PM,5:00 AM,8:00 PM,5:00 AM to 8:00 PM,5:00 AM,8:00 PM,5:00 AM to 8:00 PM,5:00 AM,8:00 PM,5:00 AM to 8:00 PM,5:00 AM,8:00 PM,5:00 AM to 8:00 PM,5:00 AM,8:00 PM,5:00 AM to 8:00 PM,5:00 AM,8:00 PM,5:00 AM to 8:00 PM,5:00 AM,8:00 PM,READY,True
77855-306488,1043880,RSW Concourse B Gate B5,LS,11000 Terminal Access Rd.,Fort Myers,FL,33913,US,26.52861,-81.75197,+1 239-555-5555,True,False,False,Open until 8:00 PM,Open today from 4:00 AM - 8:00 PM,rsw-concourse-b-gate-b-5-11000-terminal-access-rd-fort-myers-fl-33913-us,GMT-04:00 America/New_York,21.8207,True,False,True,True,True,False,True,False,True,False,4:00 AM to 8:00 PM,4:00 AM,8:00 PM,4:00 AM to 8:00 PM,4:00 AM,8:00 PM,4:00 AM to 8:00 PM,4:00 AM,8:00 PM,4:00 AM to 8:00 PM,4:00 AM,8:00 PM,4:00 AM to 8:00 PM,4:00 AM,8:00 PM,4:00 AM to 8:00 PM,4:00 AM,8:00 PM,4:00 AM to 8:00 PM,4:00 AM,8:00 PM,READY,False
28717-250706,1020398,RSW Concourse C Gate C7,LS,11000 Terminal Access Rd,Fort Myers,FL,33913,US,26.5297,-81.75496,+1 239-482-3507,True,False,False,Open until 7:00 PM,Open today from 4:30 AM - 7:00 PM,rsw-concourse-c-gate-c-7-11000-terminal-access-rd-fort-myers-fl-33913-us,GMT-04:00 America/New_York,21.9003,True,False,True,True,True,False,True,False,False,False,4:30 AM to 7:00 PM,4:30 AM,7:00 PM,4:30 AM to 7:00 PM,4:30 AM,7:00 PM,4:30 AM to 7:00 PM,4:30 AM,7:00 PM,4:30 AM to 7:00 PM,4:30 AM,7:00 PM,4:30 AM to 7:00 PM,4:30 AM,7:00 PM,4:30 AM to 7:00 PM,4:30 AM,7:00 PM,4:30 AM to 7:00 PM,4:30 AM,7:00 PM,READY,False
75775-93136,8193,RSW Concourse D Gate D2,LS,1600 Chamberlain Pkwy.,Fort Myers,FL,33913,US,26.52863,-81.75719,+1 239-482-3507,True,False,False,Open until 7:00 PM,Open today from 4:30 AM - 7:00 PM,rsw-concourse-d-gate-d-2-1600-chamberlain-pkwy-fort-myers-fl-33913-us,GMT-04:00 America/New_York,22.0508,True,False,True,True,False,False,True,False,True,False,4:30 AM to 7:00 PM,4:30 AM,7:00 PM,4:30 AM to 7:00 PM,4:30 AM,7:00 PM,4:30 AM to 7:00 PM,4:30 AM,7:00 PM,4:30 AM to 7:00 PM,4:30 AM,7:00 PM,4:30 AM to 7:00 PM,4:30 AM,7:00 PM,4:30 AM to 7:00 PM,4:30 AM,7:00 PM,4:30 AM to 7:00 PM,4:30 AM,7:00 PM,READY,False
19296-185805,1006257,Palomino Dr & Daniels Pkwy,CO,9011 Daniels Pkwy,Fort Myers,FL,33912,US,26.54786,-81.8059,+1 239-225-6738,True,False,False,Open until 8:00 PM,Open today from 5:00 AM - 8:00 PM,palomino-dr-daniels-pkwy-9011-daniels-pkwy-suite-101-fort-myers-fl-33912208,GMT-04:00 America/New_York,23.4928,True,True,True,True,True,True,True,True,True,False,5:00 AM to 8:00 PM,5:00 AM,8:00 PM,5:00 AM to 8:00 PM,5:00 AM,8:00 PM,5:00 AM to 8:00 PM,5:00 AM,8:00 PM,5:00 AM to 8:00 PM,5:00 AM,8:00 PM,5:00 AM to 8:00 PM,5:00 AM,8:00 PM,5:00 AM to 8:00 PM,5:00 AM,8:00 PM,5:00 AM to 8:00 PM,5:00 AM,8:00 PM,READY,True
10233-99983,17931,Colonial Blvd & Fowler St,CO,4450 Fowler St,Fort Myers,FL,33901,US,26.5976,-81.86329,+1 239-275-0805,True,False,False,Open until 9:00 PM,Open today from 5:00 AM - 9:00 PM,colonial-blvd-fowler-st-4450-fowler-st-fort-myers-fl-339012617-us,GMT-04:00 America/New_York,24.7783,True,True,True,True,True,True,True,True,True,True,5:00 AM to 9:00 PM,5:00 AM,9:00 PM,5:00 AM to 9:00 PM,5:00 AM,9:00 PM,5:00 AM to 9:00 PM,5:00 AM,9:00 PM,5:00 AM to 9:00 PM,5:00 AM,9:00 PM,5:00 AM to 9:00 PM,5:00 AM,9:00 PM,5:00 AM to 9:00 PM,5:00 AM,9:00 PM,5:00 AM to 9:00 PM,5:00 AM,9:00 PM,READY,True
87803-316366,8780300,St. Mary's Medical Center,LS,901 45th St.,West Palm Beach,FL,33407,US,26.75607,-80.06265,,True,False,False,Open until 8:00 PM,Open today from 6:00 AM - 8:00 PM,st-marys-medical-center-901-45th-st-west-palm-beach-fl-33407-us,GMT-04:00 America/New_York,3.888,True,False,True,True,True,False,True,False,True,False,6:00 AM to 8:00 PM,6:00 AM,8:00 PM,6:00 AM to 8:00 PM,6:00 AM,8:00 PM,6:00 AM to 8:00 PM,6:00 AM,8:00 PM,6:00 AM to 8:00 PM,6:00 AM,8:00 PM,6:00 AM to 8:00 PM,6:00 AM,8:00 PM,6:00 AM to 8:00 PM,6:00 AM,8:00 PM,6:00 AM to 8:00 PM,6:00 AM,8:00 PM,READY,False
11613-104895,17301,Worth Ave & Ocean Blvd,CO,150 Worth Ave,Palm Beach,FL,33480,US,26.70059,-80.03534,+1 561-651-7740,False,False,False,Open until 8:00 PM,Open today from 7:00 AM - 8:00 PM,worth-ave-ocean-blvd-150-worth-ave-bay-110-palm-beach-fl-334804433-us,GMT-04:00 America/New_York,4.0511,True,False,True,True,True,True,True,True,True,True,7:00 AM to 8:00 PM,7:00 AM,8:00 PM,7:00 AM to 8:00 PM,7:00 AM,8:00 PM,7:00 AM to 8:00 PM,7:00 AM,8:00 PM,7:00 AM to 7:00 PM,7:00 AM,7:00 PM,7:00 AM to 8:00 PM,7:00 AM,8:00 PM,7:00 AM to 8:00 PM,7:00 AM,8:00 PM,7:00 AM to 8:00 PM,7:00 AM,8:00 PM,NOT_READY,True
8258-1536,17657,Clematis St.,CO,226 Clematis St,West Palm Beach,FL,33401,US,26.71317,-80.05173,+1 561-655-9933,True,False,False,Open until 9:00 PM,Open today from 5:00 AM - 9:00 PM,clematis-st-226-clematis-st-west-palm-beach-fl-334015513-us,GMT-04:00 America/New_York,4.0824,True,False,True,True,True,True,True,True,True,True,5:00 AM to 9:00 PM,5:00 AM,9:00 PM,5:00 AM to 9:00 PM,5:00 AM,9:00 PM,5:00 AM to 9:00 PM,5:00 AM,9:00 PM,5:00 AM to 9:00 PM,5:00 AM,9:00 PM,5:00 AM to 7:00 PM,5:00 AM,7:00 PM,5:00 AM to 9:00 PM,5:00 AM,9:00 PM,5:00 AM to 9:00 PM,5:00 AM,9:00 PM,READY,True
79126-307405,1044889,Palm Beach Atlantic University,LS,300 Pemproke Pl,West Palm Beach,FL,33401,US,26.70456,-80.05232,+1 561-803-2423,True,False,False,Open until 7:00 PM,Open today from 6:30 AM - 7:00 PM,palm-beach-atlantic-university-300-pemproke-pl-west-palm-beach-fl-33401-us,GMT-04:00 America/New_York,4.5035,True,False,True,True,True,False,True,False,False,False,6:30 AM to 7:00 PM,6:30 AM,7:00 PM,6:30 AM to 7:00 PM,6:30 AM,7:00 PM,8:00 AM to 5:00 PM,8:00 AM,5:00 PM,8:00 AM to 5:00 PM,8:00 AM,5:00 PM,6:30 AM to 7:00 PM,6:30 AM,7:00 PM,6:30 AM to 7:00 PM,6:30 AM,7:00 PM,6:30 AM to 7:00 PM,6:30 AM,7:00 PM,READY,False
8283-296413,1030803,S Rosemary Ave & Hibiscus St,CO,701 S Rosemary Ave,West Palm Beach,FL,33401,US,26.70823,-80.05739,+1 561-366-8353,True,False,False,Open until 10:00 PM,Open today from 5:00 AM - 10:00 PM,s-rosemary-ave-hibiscus-st-701-s-rosemary-ave-ste-159-west-palm-beach-fl-3340,GMT-04:00 America/New_York,4.5686,True,False,True,True,True,True,True,True,True,True,5:00 AM to 10:00 PM,5:00 AM,10:00 PM,5:00 AM to 10:00 PM,5:00 AM,10:00 PM,5:00 AM to 10:00 PM,5:00 AM,10:00 PM,5:00 AM to 10:00 PM,5:00 AM,10:00 PM,5:00 AM to 10:00 PM,5:00 AM,10:00 PM,5:00 AM to 10:00 PM,5:00 AM,10:00 PM,5:00 AM to 7:00 PM,5:00 AM,7:00 PM,READY,True
63556-294977,1030725,S Dixie Hwy & Belvedere,CO,2715 S Dixie Hwy,West Palm Beach,FL,33405,US,26.69007,-80.05473,+1 561-710-2254,True,False,False,Open until 9:00 PM,Open today from 5:00 AM - 9:00 PM,s-dixie-hwy-belvedere-2715-s-dixie-hwy-west-palm-beach-fl-334051233-us,GMT-04:00 America/New_York,5.3436,True,True,True,True,True,True,True,True,True,True,5:00 AM to 9:00 PM,5:00 AM,9:00 PM,5:00 AM to 9:00 PM,5:00 AM,9:00 PM,5:00 AM to 9:00 PM,5:00 AM,9:00 PM,5:00 AM to 9:00 PM,5:00 AM,9:00 PM,5:00 AM to 9:00 PM,5:00 AM,9:00 PM,5:00 AM to 9:00 PM,5:00 AM,9:00 PM,5:00 AM to 9:00 PM,5:00 AM,9:00 PM,READY,True
5092-145254,11007,Target West Palm Beach 2427,LS,1760 Palm Beach Lakes Blvd,West Palm Beach,FL,33401,US,26.72239,-80.08568,+1 561-847-7480,False,False,False,Opens Thursday at 8:00 AM,Open today from 8:00 AM - 8:00 PM,target-west-palm-beach-2427-1760-palm-beach-lakes-blvd-west-palm-beach-fl-3340,GMT-04:00 America/New_York,5.6206,True,False,False,True,False,False,True,False,True,False,8:00 AM to 8:00 PM,8:00 AM,8:00 PM,8:00 AM to 8:00 PM,8:00 AM,8:00 PM,8:00 AM to 8:00 PM,8:00 AM,8:00 PM,8:00 AM to 8:00 PM,8:00 AM,8:00 PM,8:00 AM to 8:00 PM,8:00 AM,8:00 PM,8:00 AM to 8:00 PM,8:00 AM,8:00 PM,8:00 AM to 8:00 PM,8:00 AM,8:00 PM,NOT_ELIGIBLE,False
22553-211424,1008864,1815 Palm Beach Lakes Blvd,CO,1815 Palm Beach Lakes Blvd,West Palm Beach,FL,33401,US,26.72185,-80.08759,+1 561-689-9852,True,False,False,Open until 9:00 PM,Open today from 5:00 AM - 9:00 PM,1815-palm-beach-lakes-blvd-1815-palm-beach-lakes-blvd-05-west-palm-beach-fl-3,GMT-04:00 America/New_York,5.7442,True,True,True,True,True,True,True,True,True,True,5:00 AM to 9:00 PM,5:00 AM,9:00 PM,5:00 AM to 9:00 PM,5:00 AM,9:00 PM,5:00 AM to 9:00 PM,5:00 AM,9:00 PM,5:00 AM to 9:00 PM,5:00 AM,9:00 PM,5:00 AM to 10:00 PM,5:00 AM,10:00 PM,5:00 AM to 10:00 PM,5:00 AM,10:00 PM,5:00 AM to 10:00 PM,5:00 AM,10:00 PM,READY,True
14230-108984,18641,Okeechobee Blvd & I-95,CO,1870 Okeechobee Blvd,West Palm Beach,FL,33409,US,26.7059,-80.07987,+1 561-683-0719,True,False,False,Open until 10:00 PM,Open today from 4:30 AM - 10:00 PM,okeechobee-blvd-i-95-1870-okeechobee-blvd-west-palm-beach-fl-334094123-,GMT-04:00 America/New_York,5.7946,True,True,True,True,True,True,True,True,True,True,4:30 AM to 10:00 PM,4:30 AM,10:00 PM,4:30 AM to 10:00 PM,4:30 AM,10:00 PM,5:00 AM to 10:00 PM,5:00 AM,10:00 PM,5:00 AM to 9:00 PM,5:00 AM,9:00 PM,4:30 AM to 10:00 PM,4:30 AM,10:00 PM,4:30 AM to 10:00 PM,4:30 AM,10:00 PM,4:30 AM to 10:00 PM,4:30 AM,10:00 PM,READY,True
76400-93189,8424,Target Lake Park 1941,LS,500 N Congress Ave,Lake Park,FL,33403,US,26.80484,-80.08527,+1 561-352-2098,False,False,False,Opens Thursday at 8:00 AM,Open today from 8:00 AM - 8:00 PM,target-lake-park-1941-500-n-congress-ave-lake-park-fl-334033802-us,GMT-04:00 America/New_York,6.4825,True,False,False,True,False,False,True,False,True,False,8:00 AM to 8:00 PM,8:00 AM,8:00 PM,8:00 AM to 8:00 PM,8:00 AM,8:00 PM,8:00 AM to 8:00 PM,8:00 AM,8:00 PM,8:00 AM to 8:00 PM,8:00 AM,8:00 PM,8:00 AM to 8:00 PM,8:00 AM,8:00 PM,8:00 AM to 8:00 PM,8:00 AM,8:00 PM,8:00 AM to 8:00 PM,8:00 AM,8:00 PM,NOT_ELIGIBLE,False
75706-94077,16336,PBI PRE-SECURITY Main Checkpoi,LS,Belvedere Rd.,West Palm Beach,FL,33406,US,26.688,-80.08989,+1 561-406-7173,True,False,False,Open until 6:00 PM,Open today from 4:30 AM - 6:00 PM,pbi-pre-security-main-checkpoi-belvedere-rd-bldg-1000-ste-124-west-palm-beach-fl-,GMT-04:00 America/New_York,7.0091,True,False,True,True,False,False,True,False,False,False,4:30 AM to 6:00 PM,4:30 AM,6:00 PM,4:30 AM to 6:00 PM,4:30 AM,6:00 PM,4:30 AM to 6:00 PM,4:30 AM,6:00 PM,4:30 AM to 6:00 PM,4:30 AM,6:00 PM,4:30 AM to 6:00 PM,4:30 AM,6:00 PM,4:30 AM to 6:00 PM,4:30 AM,6:00 PM,4:30 AM to 6:00 PM,4:30 AM,6:00 PM,READY,False
72434-4617,8699,PBI Concourse C Gate C3,LS,Palm Beach Int'l Airport,West Palm Beach,FL,33406,US,26.6869,-80.0894,+1 561-406-7171,True,False,False,Open until 7:00 PM,Open today from 4:30 AM - 7:00 PM,pbi-concourse-c-gate-c-3-palm-beach-intl-airport-bldg-1000-suite-124-west-p,GMT-04:00 America/New_York,7.032,True,False,True,True,False,False,True,False,False,False,4:30 AM to 7:00 PM,4:30 AM,7:00 PM,4:30 AM to 7:00 PM,4:30 AM,7:00 PM,4:30 AM to 7:00 PM,4:30 AM,7:00 PM,4:30 AM to 7:00 PM,4:30 AM,7:00 PM,4:30 AM to 7:00 PM,4:30 AM,7:00 PM,4:30 AM to 7:00 PM,4:30 AM,7:00 PM,4:30 AM to 7:00 PM,4:30 AM,7:00 PM,READY,False
2910-91463,14264,Northlake Blvd & I-95,CO,3866 Northlake Blvd,Palm Beach Gardens,FL,33403,US,26.80811,-80.0961,+1 561-355-8121,True,False,False,Open until 9:00 PM,Open today from 5:00 AM - 9:00 PM,northlake-blvd-i-95-3866-northlake-blvd-palm-beach-gardens-fl-33403153,GMT-04:00 America/New_York,7.1595,True,False,True,True,True,False,True,True,True,True,5:00 AM to 9:00 PM,5:00 AM,9:00 PM,5:00 AM to 10:00 PM,5:00 AM,10:00 PM,5:00 AM to 10:00 PM,5:00 AM,10:00 PM,5:00 AM to 9:00 PM,5:00 AM,9:00 PM,5:00 AM to 9:00 PM,5:00 AM,9:00 PM,5:00 AM to 9:00 PM,5:00 AM,9:00 PM,5:00 AM to 9:00 PM,5:00 AM,9:00 PM,READY,True
72433-5017,13179,PBI Concourse B Gate B5,LS,Palm Beach Int'l Airport,West Palm Beach,FL,33406,US,26.68734,-80.09258,+1 561-406-7170,True,False,False,Open until 7:00 PM,Open today from 4:30 AM - 7:00 PM,pbi-concourse-b-gate-b-5-palm-beach-intl-airport-bldg-1000-suite-124-west-p,GMT-04:00 America/New_York,7.1686,True,False,True,True,False,False,True,False,True,False,4:30 AM to 7:00 PM,4:30 AM,7:00 PM,4:30 AM to 7:00 PM,4:30 AM,7:00 PM,4:30 AM to 7:00 PM,4:30 AM,7:00 PM,4:30 AM to 7:00 PM,4:30 AM,7:00 PM,4:30 AM to 7:00 PM,4:30 AM,7:00 PM,4:30 AM to 7:00 PM,4:30 AM,7:00 PM,4:30 AM to 7:00 PM,4:30 AM,7:00 PM,READY,False
2894-87003,14381,PGA & US Hwy 1,CO,11600 US Hwy 1,Palm Beach Gardens,FL,33408,US,26.84622,-80.06009,+1 561-625-0664,True,False,False,Open until 9:00 PM,Open today from 5:00 AM - 9:00 PM,pga-us-hwy-1-11600-us-hwy-1-palm-beach-gardens-fl-334083021-us,GMT-04:00 America/New_York,7.6113,True,False,True,True,True,False,True,True,True,True,5:00 AM to 9:00 PM,5:00 AM,9:00 PM,5:00 AM to 9:00 PM,5:00 AM,9:00 PM,5:00 AM to 9:00 PM,5:00 AM,9:00 PM,5:00 AM to 9:00 PM,5:00 AM,9:00 PM,5:00 AM to 9:00 PM,5:00 AM,9:00 PM,5:00 AM to 9:00 PM,5:00 AM,9:00 PM,5:00 AM to 9:00 PM,5:00 AM,9:00 PM,READY,True
11253-297246,1031780,Gardens Mall Upper Level,CO,3101 PGA Boulevard,Palm Beach Gardens,FL,33410,US,26.84848,-80.08497,+1 561-363-4842,False,False,False,Opens Thursday at 8:30 AM,Open today from 8:30 AM - 8:00 PM,gardens-mall-upper-level-3101-pga-boulevard-p-229-palm-beach-gardens-fl-334,GMT-04:00 America/New_York,8.5883,True,False,True,True,True,True,True,False,True,True,8:30 AM to 8:00 PM,8:30 AM,8:00 PM,8:30 AM to 8:00 PM,8:30 AM,8:00 PM,8:30 AM to 8:00 PM,8:30 AM,8:00 PM,10:30 AM to 6:00 PM,10:30 AM,6:00 PM,8:30 AM to 8:00 PM,8:30 AM,8:00 PM,8:30 AM to 8:00 PM,8:30 AM,8:00 PM,8:30 AM to 8:00 PM,8:30 AM,8:00 PM,NOT_READY,True
8282-1898,17565,Garden Square Shops,CO,10925 N Military Trl,Palm Beach Gardens,FL,33410,US,26.8399,-80.10623,+1 561-625-3805,True,False,False,Open until 9:00 PM,Open today from 5:00 AM - 9:00 PM,garden-square-shops-10925-n-military-trl-palm-beach-gardens-fl-3341065,GMT-04:00 America/New_York,9.0281,True,False,True,True,True,True,True,True,True,True,5:00 AM to 9:00 PM,5:00 AM,9:00 PM,5:00 AM to 9:00 PM,5:00 AM,9:00 PM,5:00 AM to 9:00 PM,5:00 AM,9:00 PM,5:00 AM to 9:00 PM,5:00 AM,9:00 PM,5:00 AM to 9:00 PM,5:00 AM,9:00 PM,5:00 AM to 9:00 PM,5:00 AM,9:00 PM,5:00 AM to 7:00 PM,5:00 AM,7:00 PM,READY,True
66291-296845,1039516,Forest Hill Blvd & Military Tr,CO,4380 Forest Hill Blvd,West Palm Beach,FL,33406,US,26.65119,-80.11094,+1 561-802-0045,True,False,False,Open until 10:00 PM,Open today from 5:00 AM - 10:00 PM,forest-hill-blvd-military-tr-4380-forest-hill-blvd-west-palm-beach-fl-334065718,GMT-04:00 America/New_York,9.6697,True,True,True,True,True,True,True,True,True,True,5:00 AM to 10:00 PM,5:00 AM,10:00 PM,5:00 AM to 8:00 PM,5:00 AM,8:00 PM,5:00 AM to 8:00 PM,5:00 AM,8:00 PM,5:00 AM to 8:00 PM,5:00 AM,8:00 PM,5:00 AM to 8:00 PM,5:00 AM,8:00 PM,5:00 AM to 8:00 PM,5:00 AM,8:00 PM,5:00 AM to 8:00 PM,5:00 AM,8:00 PM,READY,True
10153-261764,1022078,Dixie Hwy & Lucerne Ave,CO,127 N Dixie Hwy,Lake Worth,FL,33460,US,26.61739,-80.05763,+1 561-588-4156,True,False,False,Open until 9:00 PM,Open today from 5:00 AM - 9:00 PM,dixie-hwy-lucerne-ave-127-n-dixie-hwy-lake-worth-fl-334603347-us,GMT-04:00 America/New_York,9.829,True,True,True,True,True,True,True,True,True,True,5:00 AM to 9:00 PM,5:00 AM,9:00 PM,5:00 AM to 9:00 PM,5:00 AM,9:00 PM,5:00 AM to 9:00 PM,5:00 AM,9:00 PM,5:00 AM to 9:00 PM,5:00 AM,9:00 PM,5:00 AM to 9:00 PM,5:00 AM,9:00 PM,5:00 AM to 9:00 PM,5:00 AM,9:00 PM,5:00 AM to 9:00 PM,5:00 AM,9:00 PM,READY,True
56874-289302,1029111,Okeechobee Blvd & Skees,CO,7030 Okeechobee Blvd,West Palm Beach,FL,33411,US,26.70779,-80.15875,+1 561-517-1959,True,False,False,Open until 9:00 PM,Open today from 5:00 AM - 9:00 PM,okeechobee-blvd-skees-7030-okeechobee-blvd-west-palm-beach-fl-334112409-,GMT-04:00 America/New_York,10.2214,True,True,True,True,True,True,True,True,True,True,5:00 AM to 9:00 PM,5:00 AM,9:00 PM,5:00 AM to 9:00 PM,5:00 AM,9:00 PM,5:00 AM to 9:00 PM,5:00 AM,9:00 PM,5:00 AM to 9:00 PM,5:00 AM,9:00 PM,5:00 AM to 9:00 PM,5:00 AM,9:00 PM,5:00 AM to 9:00 PM,5:00 AM,9:00 PM,5:00 AM to 7:00 PM,5:00 AM,7:00 PM,READY,True
9828-98276,9600,PGA & Turnpike,CO,6231 PGA Blvd,Palm Beach Gardens,FL,33418,US,26.84155,-80.13257,+1 561-625-9401,True,False,False,Open until 9:00 PM,Open today from 5:00 AM - 9:00 PM,pga-turnpike-6231-pga-blvd-suite-100-palm-beach-gardens-fl-3341,GMT-04:00 America/New_York,10.3374,True,False,True,True,True,True,True,True,True,True,5:00 AM to 9:00 PM,5:00 AM,9:00 PM,5:00 AM to 9:00 PM,5:00 AM,9:00 PM,5:00 AM to 9:00 PM,5:00 AM,9:00 PM,5:00 AM to 9:00 PM,5:00 AM,9:00 PM,5:00 AM to 9:00 PM,5:00 AM,9:00 PM,5:00 AM to 9:00 PM,5:00 AM,9:00 PM,5:00 AM to 9:00 PM,5:00 AM,9:00 PM,READY,True
8465-37799,8925,Abacoa Plaza,CO,5500 Military Trl,Jupiter,FL,33458,US,26.88406,-80.10719,+1 561-775-6034,True,False,False,Open until 9:00 PM,Open today from 5:00 AM - 9:00 PM,abacoa-plaza-5500-military-trl-jupiter-fl-334582869-us,GMT-04:00 America/New_York,11.3791,True,False,True,True,True,True,True,True,True,True,5:00 AM to 9:00 PM,5:00 AM,9:00 PM,5:00 AM to 9:00 PM,5:00 AM,9:00 PM,5:00 AM to 9:00 PM,5:00 AM,9:00 PM,5:00 AM to 9:00 PM,5:00 AM,9:00 PM,5:00 AM to 9:00 PM,5:00 AM,9:00 PM,5:00 AM to 9:00 PM,5:00 AM,9:00 PM,5:00 AM to 9:00 PM,5:00 AM,9:00 PM,READY,True
49081-256904,1025492,Alton Town Center,CO,5400 Donald Ross Rd,Palm Beach Gardens,FL,33418,US,26.8825,-80.11737,+1 561-622-5565,True,False,False,Open until 9:00 PM,Open today from 5:00 AM - 9:00 PM,alton-town-center-5400-donald-ross-rd-110-palm-beach-gardens-fl-3341,GMT-04:00 America/New_York,11.6701,True,True,True,True,True,True,True,True,True,True,5:00 AM to 9:00 PM,5:00 AM,9:00 PM,5:00 AM to 9:00 PM,5:00 AM,9:00 PM,5:00 AM to 9:00 PM,5:00 AM,9:00 PM,5:00 AM to 9:00 PM,5:00 AM,9:00 PM,5:00 AM to 9:00 PM,5:00 AM,9:00 PM,5:00 AM to 9:00 PM,5:00 AM,9:00 PM,5:00 AM to 9:00 PM,5:00 AM,9:00 PM,READY,True
20280-145255,1006057,Target Greenacres 1110,LS,5900 Lake Worth Rd,Greenacres,FL,33463,US,26.61804,-80.13715,+1 561-963-3382,False,False,False,Opens Thursday at 8:00 AM,Open today from 8:00 AM - 8:00 PM,target-greenacres-1110-5900-lake-worth-rd-greenacres-fl-334633212-us,GMT-04:00 America/New_York,12.4426,True,False,False,True,False,False,True,False,True,False,8:00 AM to 8:00 PM,8:00 AM,8:00 PM,8:00 AM to 8:00 PM,8:00 AM,8:00 PM,8:00 AM to 8:00 PM,8:00 AM,8:00 PM,8:00 AM to 8:00 PM,8:00 AM,8:00 PM,8:00 AM to 8:00 PM,8:00 AM,8:00 PM,8:00 AM to 8:00 PM,8:00 AM,8:00 PM,8:00 AM to 8:00 PM,8:00 AM,8:00 PM,NOT_ELIGIBLE,False
13565-104511,7454,Indian Creek Pkwy & Military T,CO,2525 Military Trail,Jupiter,FL,33458,US,26.91131,-80.10148,+1 561-746-4831,True,False,False,Open until 9:00 PM,Open today from 5:00 AM - 9:00 PM,indian-creek-pkwy-military-t-2525-military-trail-ste-101-jupiter-fl-334587883-u,GMT-04:00 America/New_York,12.7815,True,False,True,True,True,True,True,True,True,True,5:00 AM to 9:00 PM,5:00 AM,9:00 PM,5:00 AM to 9:00 PM,5:00 AM,9:00 PM,5:00 AM to 9:00 PM,5:00 AM,9:00 PM,5:00 AM to 9:00 PM,5:00 AM,9:00 PM,5:00 AM to 9:00 PM,5:00 AM,9:00 PM,5:00 AM to 9:00 PM,5:00 AM,9:00 PM,5:00 AM to 9:00 PM,5:00 AM,9:00 PM,READY,True
76248-95029,8987,Target West Palm Beach 19,LS,10155 Okeechobee Blvd,West Palm Beach,FL,33411,US,26.71093,-80.20277,+1 561-735-3751,False,False,False,Opens Thursday at 8:00 AM,Open today from 8:00 AM - 8:00 PM,target-west-palm-beach-19-10155-okeechobee-blvd-west-palm-beach-fl-334111404,GMT-04:00 America/New_York,12.8007,True,False,False,True,True,False,True,False,True,False,8:00 AM to 8:00 PM,8:00 AM,8:00 PM,8:00 AM to 8:00 PM,8:00 AM,8:00 PM,8:00 AM to 8:00 PM,8:00 AM,8:00 PM,8:00 AM to 8:00 PM,8:00 AM,8:00 PM,8:00 AM to 8:00 PM,8:00 AM,8:00 PM,8:00 AM to 8:00 PM,8:00 AM,8:00 PM,8:00 AM to 8:00 PM,8:00 AM,8:00 PM,NOT_ELIGIBLE,False
11611-104685,18576,Lake Worth Rd & Jog Rd,CO,3991 Jog Rd,Greenacres,FL,33467,US,26.61896,-80.14787,+1 561-439-5478,True,False,False,Open until 9:00 PM,Open today from 5:00 AM - 9:00 PM,lake-worth-rd-jog-rd-3991-jog-rd-greenacres-fl-334671514-us,GMT-04:00 America/New_York,12.8572,True,True,True,True,True,True,True,True,True,True,5:00 AM to 9:00 PM,5:00 AM,9:00 PM,5:00 AM to 10:00 PM,5:00 AM,10:00 PM,5:00 AM to 10:00 PM,5:00 AM,10:00 PM,5:00 AM to 9:00 PM,5:00 AM,9:00 PM,5:00 AM to 9:00 PM,5:00 AM,9:00 PM,5:00 AM to 9:00 PM,5:00 AM,9:00 PM,5:00 AM to 9:00 PM,5:00 AM,9:00 PM,READY,True
8431-37760,15389,Southern Blvd. & 441,CO,561 N State Road 7,Royal Palm Beach,FL,33411,US,26.68671,-80.20273,+1 561-514-1680,True,False,False,Open until 9:00 PM,Open today from 5:00 AM - 9:00 PM,southern-blvd-441-561-n-state-road-7-royal-palm-beach-fl-334113524-u,GMT-04:00 America/New_York,13.2539,True,True,True,True,True,True,True,True,True,True,5:00 AM to 9:00 PM,5:00 AM,9:00 PM,5:00 AM to 9:00 PM,5:00 AM,9:00 PM,5:00 AM to 9:00 PM,5:00 AM,9:00 PM,5:00 AM to 9:00 PM,5:00 AM,9:00 PM,5:00 AM to 9:00 PM,5:00 AM,9:00 PM,5:00 AM to 9:00 PM,5:00 AM,9:00 PM,5:00 AM to 9:00 PM,5:00 AM,9:00 PM,READY,True
17947-179784,91104,Hypoluxo Road & Congress Avenu,CO,4742 N Congress Ave,Boynton Beach,FL,33426,US,26.57061,-80.08921,+1 561-963-1298,True,False,False,Open until 9:00 PM,Open today from 4:30 AM - 9:00 PM,hypoluxo-road-congress-avenu-4742-n-congress-ave-boynton-beach-fl-334267951-us,GMT-04:00 America/New_York,13.5636,True,True,True,True,True,True,True,True,True,True,4:30 AM to 9:00 PM,4:30 AM,9:00 PM,4:30 AM to 9:00 PM,4:30 AM,9:00 PM,4:30 AM to 9:00 PM,4:30 AM,9:00 PM,5:00 AM to 9:00 PM,5:00 AM,9:00 PM,4:30 AM to 9:00 PM,4:30 AM,9:00 PM,4:30 AM to 7:00 PM,4:30 AM,7:00 PM,4:30 AM to 9:00 PM,4:30 AM,9:00 PM,READY,True
22266-215484,1008847,Fishermans Wharf,CO,287 E Indiantown Road,Jupiter,FL,33477,US,26.93467,-80.08825,+1 561-741-4225,True,False,False,Open until 9:00 PM,Open today from 5:00 AM - 9:00 PM,fishermans-wharf-287-e-indiantown-road-b-10-jupiter-fl-334775061-us,GMT-04:00 America/New_York,13.8709,True,False,True,True,True,True,True,True,True,True,5:00 AM to 9:00 PM,5:00 AM,9:00 PM,5:00 AM to 9:00 PM,5:00 AM,9:00 PM,5:00 AM to 9:00 PM,5:00 AM,9:00 PM,5:00 AM to 9:00 PM,5:00 AM,9:00 PM,5:00 AM to 9:00 PM,5:00 AM,9:00 PM,5:00 AM to 9:00 PM,5:00 AM,9:00 PM,5:00 AM to 9:00 PM,5:00 AM,9:00 PM,READY,True
11255-295591,17336,Southern Blvd & Lamstein,CO,11091 Southern Blvd,Royal Palm Beach,FL,33411,US,26.68156,-80.22078,+1 561-333-2161,True,False,False,Open until 9:00 PM,Open today from 5:00 AM - 9:00 PM,southern-blvd-lamstein-11091-southern-blvd-royal-palm-beach-fl-334114240-,GMT-04:00 America/New_York,14.4232,True,True,True,True,True,True,True,True,True,True,5:00 AM to 9:00 PM,5:00 AM,9:00 PM,5:00 AM to 9:00 PM,5:00 AM,9:00 PM,5:00 AM to 9:00 PM,5:00 AM,9:00 PM,5:00 AM to 9:00 PM,5:00 AM,9:00 PM,5:00 AM to 9:00 PM,5:00 AM,9:00 PM,5:00 AM to 9:00 PM,5:00 AM,9:00 PM,5:00 AM to 9:00 PM,5:00 AM,9:00 PM,READY,True
77969-307293,1044107,Okeechobee Blvd & Royal Palm B,CO,11710 Okeechobee Blvd,Royal Palm Beach,FL,33411,US,26.70574,-80.23053,+1 561-448-4871,True,False,False,Open until 9:00 PM,Open today from 5:00 AM - 9:00 PM,okeechobee-blvd-royal-palm-b-11710-okeechobee-blvd-royal-palm-beach-fl-33411872,GMT-04:00 America/New_York,14.5512,True,True,True,True,True,True,True,True,True,True,5:00 AM to 9:00 PM,5:00 AM,9:00 PM,5:00 AM to 9:00 PM,5:00 AM,9:00 PM,5:00 AM to 9:00 PM,5:00 AM,9:00 PM,5:00 AM to 9:00 PM,5:00 AM,9:00 PM,5:00 AM to 9:00 PM,5:00 AM,9:00 PM,5:00 AM to 9:00 PM,5:00 AM,9:00 PM,5:00 AM to 9:00 PM,5:00 AM,9:00 PM,READY,True
68494-302759,1032966,The Mall at Wellington Green,LS,10300 West Forrest Hill Blvd.,Wellington,FL,33414,US,26.64737,-80.20905,+1 561-249-0464,False,False,False,Opens Thursday at 9:00 AM,Open today from 9:00 AM - 8:00 PM,the-mall-at-wellington-green-10300-west-forrest-hill-blvd-wellington-fl-33414-u,GMT-04:00 America/New_York,14.724,True,False,True,True,True,False,True,False,False,False,9:00 AM to 8:00 PM,9:00 AM,8:00 PM,9:00 AM to 8:00 PM,9:00 AM,8:00 PM,9:00 AM to 8:00 PM,9:00 AM,8:00 PM,10:00 AM to 6:00 PM,10:00 AM,6:00 PM,9:00 AM to 8:00 PM,9:00 AM,8:00 PM,9:00 AM to 8:00 PM,9:00 AM,8:00 PM,9:00 AM to 8:00 PM,9:00 AM,8:00 PM,NOT_READY,False
8432-19319,15390,Wellington Green,CO,10580 Forest Hill Blvd,Wellington,FL,33414,US,26.65069,-80.21218,+1 561-753-0788,True,False,False,Open until 9:00 PM,Open today from 5:00 AM - 9:00 PM,wellington-green-10580-forest-hill-blvd-wellington-fl-334143135-us,GMT-04:00 America/New_York,14.7856,True,True,True,True,True,True,True,True,True,True,5:00 AM to 9:00 PM,5:00 AM,9:00 PM,5:00 AM to 9:00 PM,5:00 AM,9:00 PM,5:00 AM to 9:00 PM,5:00 AM,9:00 PM,5:00 AM to 9:00 PM,5:00 AM,9:00 PM,5:00 AM to 9:00 PM,5:00 AM,9:00 PM,5:00 AM to 9:00 PM,5:00 AM,9:00 PM,5:00 AM to 9:00 PM,5:00 AM,9:00 PM,READY,True
54440-272165,1024547,Stribling & 441,CO,2891 S State Road 7,Wellington,FL,33414,US,26.6364,-80.20465,+1 561-356-5281,True,False,False,Open until 9:00 PM,Open today from 5:00 AM - 9:00 PM,stribling-441-2891-s-state-road-7-ste-100-wellington-fl-33414944,GMT-04:00 America/New_York,14.8728,True,True,True,True,True,True,True,True,True,True,5:00 AM to 9:00 PM,5:00 AM,9:00 PM,5:00 AM to 9:00 PM,5:00 AM,9:00 PM,5:00 AM to 9:00 PM,5:00 AM,9:00 PM,5:00 AM to 9:00 PM,5:00 AM,9:00 PM,5:00 AM to 9:00 PM,5:00 AM,9:00 PM,5:00 AM to 9:00 PM,5:00 AM,9:00 PM,5:00 AM to 9:00 PM,5:00 AM,9:00 PM,READY,True
13563-107228,6884,Gateway Blvd & Congress,CO,1500 Gateway Blvd,Boynton Beach,FL,33426,US,26.5461,-80.08794,+1 561-369-8252,True,False,False,Open until 9:00 PM,Open today from 5:00 AM - 9:00 PM,gateway-blvd-congress-1500-gateway-blvd-130-boynton-beach-fl-334267232-u,GMT-04:00 America/New_York,15.0986,True,False,True,True,True,True,True,True,True,True,5:00 AM to 9:00 PM,5:00 AM,9:00 PM,5:00 AM to 9:00 PM,5:00 AM,9:00 PM,5:00 AM to 9:00 PM,5:00 AM,9:00 PM,5:00 AM to 9:00 PM,5:00 AM,9:00 PM,5:00 AM to 9:00 PM,5:00 AM,9:00 PM,5:00 AM to 9:00 PM,5:00 AM,9:00 PM,5:00 AM to 9:00 PM,5:00 AM,9:00 PM,READY,True
9876-97025,8608,Indiantown & 67th Rd,CO,2770 W Indiantown Rd,Jupiter,FL,33458,US,26.93408,-80.13799,+1 561-745-6295,True,False,False,Open until 9:00 PM,Open today from 5:00 AM - 9:00 PM,indiantown-67th-rd-2770-w-indiantown-rd-jupiter-fl-334584650-us,GMT-04:00 America/New_York,15.3014,True,True,True,True,True,True,True,True,True,True,5:00 AM to 9:00 PM,5:00 AM,9:00 PM,5:00 AM to 9:00 PM,5:00 AM,9:00 PM,5:00 AM to 9:00 PM,5:00 AM,9:00 PM,5:00 AM to 9:00 PM,5:00 AM,9:00 PM,5:00 AM to 9:00 PM,5:00 AM,9:00 PM,5:00 AM to 9:00 PM,5:00 AM,9:00 PM,5:00 AM to 9:00 PM,5:00 AM,9:00 PM,READY,True
68130-302102,1033254,US1 & Village Blvd-Tequesta,CO,710 N US Highway 1,Tequesta,FL,33469,US,26.96589,-80.08615,+1 561-244-8444,True,False,False,Open until 9:00 PM,Open today from 5:00 AM - 9:00 PM,us-1-village-blvd-tequesta-710-n-us-highway-1-tequesta-fl-334692339-us,GMT-04:00 America/New_York,15.8336,True,True,True,True,True,True,True,True,True,True,5:00 AM to 9:00 PM,5:00 AM,9:00 PM,5:00 AM to 9:00 PM,5:00 AM,9:00 PM,5:00 AM to 9:00 PM,5:00 AM,9:00 PM,5:00 AM to 9:00 PM,5:00 AM,9:00 PM,5:00 AM to 9:00 PM,5:00 AM,9:00 PM,5:00 AM to 9:00 PM,5:00 AM,9:00 PM,5:00 AM to 9:00 PM,5:00 AM,9:00 PM,READY,True
76749-106133,7646,Target Boynton Beach SE 2210,LS,650 N Congress Ave,Boynton Beach,FL,33426,US,26.53358,-80.08787,+1 561-396-2202,False,False,False,Opens Thursday at 8:00 AM,Open today from 8:00 AM - 8:00 PM,target-boynton-beach-se-2210-650-n-congress-ave-boynton-beach-fl-33426-us,GMT-04:00 America/New_York,15.9074,True,False,False,True,True,False,True,False,True,False,8:00 AM to 8:00 PM,8:00 AM,8:00 PM,8:00 AM to 8:00 PM,8:00 AM,8:00 PM,8:00 AM to 8:00 PM,8:00 AM,8:00 PM,8:00 AM to 8:00 PM,8:00 AM,8:00 PM,8:00 AM to 8:00 PM,8:00 AM,8:00 PM,8:00 AM to 8:00 PM,8:00 AM,8:00 PM,8:00 AM to 8:00 PM,8:00 AM,8:00 PM,NOT_ELIGIBLE,False
10591-101305,7432,Forest Hill Blvd & Wellington,CO,12840 W Forrest Hill Blvd,Wellington,FL,33414,US,26.6731,-80.24826,+1 561-333-2049,True,False,False,Open until 10:00 PM,Open today from 5:00 AM - 10:00 PM,forest-hill-blvd-wellington-12840-w-forrest-hill-blvd-wellington-fl-334144708-,GMT-04:00 America/New_York,16.2176,True,True,True,True,True,True,True,True,True,True,5:00 AM to 10:00 PM,5:00 AM,10:00 PM,5:00 AM to 10:00 PM,5:00 AM,10:00 PM,5:00 AM to 10:00 PM,5:00 AM,10:00 PM,5:00 AM to 10:00 PM,5:00 AM,10:00 PM,5:00 AM to 10:00 PM,5:00 AM,10:00 PM,5:00 AM to 10:00 PM,5:00 AM,10:00 PM,5:00 AM to 10:00 PM,5:00 AM,10:00 PM,READY,True
8805-94142,16064,Boynton Beach & Congress,CO,306 N Congress Ave,Boynton Beach,FL,33426,US,26.52816,-80.08986,+1 561-735-0298,True,False,False,Open until 9:00 PM,Open today from 5:00 AM - 9:00 PM,boynton-beach-congress-306-n-congress-ave-boynton-beach-fl-334263416-us,GMT-04:00 America/New_York,16.3014,True,False,True,True,True,True,True,False,True,True,5:00 AM to 9:00 PM,5:00 AM,9:00 PM,5:00 AM to 9:00 PM,5:00 AM,9:00 PM,5:00 AM to 9:00 PM,5:00 AM,9:00 PM,5:00 AM to 9:00 PM,5:00 AM,9:00 PM,5:00 AM to 9:00 PM,5:00 AM,9:00 PM,5:00 AM to 9:00 PM,5:00 AM,9:00 PM,5:00 AM to 9:00 PM,5:00 AM,9:00 PM,READY,True
76715-97107,10059,Target Wellington 2065,LS,5900 State Rd 7,Wellington,FL,33449,US,26.59266,-80.20238,+1 561-273-8259,False,False,False,Opens Thursday at 8:00 AM,Open today from 8:00 AM - 8:00 PM,target-wellington-2065-5900-state-rd-7-wellington-fl-334495404-us,GMT-04:00 America/New_York,16.5624,True,False,False,True,True,False,True,False,True,False,8:00 AM to 8:00 PM,8:00 AM,8:00 PM,8:00 AM to 8:00 PM,8:00 AM,8:00 PM,8:00 AM to 8:00 PM,8:00 AM,8:00 PM,8:00 AM to 8:00 PM,8:00 AM,8:00 PM,8:00 AM to 8:00 PM,8:00 AM,8:00 PM,8:00 AM to 8:00 PM,8:00 AM,8:00 PM,8:00 AM to 8:00 PM,8:00 AM,8:00 PM,NOT_ELIGIBLE,False
62219-294140,1029295,Woolbright Rd & US 1,CO,1620 South Federal Hwy,Boynton Beach,FL,33435,US,26.51365,-80.05862,+1 561-621-3559,True,False,False,Open until 9:00 PM,Open today from 5:00 AM - 9:00 PM,woolbright-rd-us-1-1620-south-federal-hwy-a-boynton-beach-fl-33435690,GMT-04:00 America/New_York,16.7267,True,False,True,True,True,True,True,True,True,True,5:00 AM to 9:00 PM,5:00 AM,9:00 PM,5:00 AM to 9:00 PM,5:00 AM,9:00 PM,5:00 AM to 9:00 PM,5:00 AM,9:00 PM,5:00 AM to 9:00 PM,5:00 AM,9:00 PM,5:00 AM to 9:00 PM,5:00 AM,9:00 PM,5:00 AM to 9:00 PM,5:00 AM,9:00 PM,5:00 AM to 9:00 PM,5:00 AM,9:00 PM,READY,True
66534-296846,1039482,Woolbright Rd & Military Trl,CO,11800 S Military Trl,Golf,FL,33436,US,26.5084,-80.12269,+1 561-320-0062,True,False,False,Open until 9:00 PM,Open today from 5:00 AM - 9:00 PM,woolbright-rd-military-trl-11800-s-military-trl-bay-101-golf-fl-334365500-us,GMT-04:00 America/New_York,18.3324,True,True,True,True,True,True,True,True,True,True,5:00 AM to 9:00 PM,5:00 AM,9:00 PM,5:00 AM to 9:00 PM,5:00 AM,9:00 PM,5:00 AM to 9:00 PM,5:00 AM,9:00 PM,5:00 AM to 9:00 PM,5:00 AM,9:00 PM,5:00 AM to 9:00 PM,5:00 AM,9:00 PM,5:00 AM to 9:00 PM,5:00 AM,9:00 PM,5:00 AM to 9:00 PM,5:00 AM,9:00 PM,READY,True
76473-97108,7052,Target Boynton Beach 2067,LS,10201 Hagen Beach Rd,Boynton Beach,FL,33437,US,26.52631,-80.16557,+1 561-536-0261,False,False,False,Opens Thursday at 8:00 AM,Open today from 8:00 AM - 8:00 PM,target-boynton-beach-2067-10201-hagen-beach-rd-boynton-beach-fl-334373758-us,GMT-04:00 America/New_York,18.5319,True,False,False,True,True,False,True,False,True,False,8:00 AM to 8:00 PM,8:00 AM,8:00 PM,8:00 AM to 8:00 PM,8:00 AM,8:00 PM,8:00 AM to 8:00 PM,8:00 AM,8:00 PM,8:00 AM to 8:00 PM,8:00 AM,8:00 PM,8:00 AM to 8:00 PM,8:00 AM,8:00 PM,8:00 AM to 8:00 PM,8:00 AM,8:00 PM,8:00 AM to 8:00 PM,8:00 AM,8:00 PM,NOT_ELIGIBLE,False
77067-305608,1043519,Seminole Pratt Whitney & Persi,CO,4801 Seminole Pratt Whitney Rd,Westlake,FL,33470,US,26.75034,-80.30835,+1 561-677-4768,True,False,False,Open until 9:00 PM,Open today from 5:00 AM - 9:00 PM,seminole-pratt-whitney-persi-4801-seminole-pratt-whitney-rd-westlake-fl-3347000,GMT-04:00 America/New_York,19.0248,True,True,True,True,True,True,True,True,True,True,5:00 AM to 9:00 PM,5:00 AM,9:00 PM,5:00 AM to 9:00 PM,5:00 AM,9:00 PM,5:00 AM to 9:00 PM,5:00 AM,9:00 PM,5:00 AM to 9:00 PM,5:00 AM,9:00 PM,5:00 AM to 9:00 PM,5:00 AM,9:00 PM,5:00 AM to 9:00 PM,5:00 AM,9:00 PM,5:00 AM to 9:00 PM,5:00 AM,9:00 PM,READY,True
48014-254407,1019334,Boynton Beach Blvd & Lyons Rd,CO,8790 Boynton Beach Blvd,Boynton Beach,FL,33472,US,26.52722,-80.18617,+1 561-430-0537,True,False,False,Open until 9:00 PM,Open today from 5:00 AM - 9:00 PM,boynton-beach-blvd-lyons-rd-8790-boynton-beach-blvd-bay-1-boynton-beach-fl-334,GMT-04:00 America/New_York,19.2127,True,True,True,True,True,True,True,True,True,True,5:00 AM to 9:00 PM,5:00 AM,9:00 PM,5:00 AM to 9:00 PM,5:00 AM,9:00 PM,5:00 AM to 9:00 PM,5:00 AM,9:00 PM,5:00 AM to 9:00 PM,5:00 AM,9:00 PM,5:00 AM to 9:00 PM,5:00 AM,9:00 PM,5:00 AM to 9:00 PM,5:00 AM,9:00 PM,5:00 AM to 9:00 PM,5:00 AM,9:00 PM,READY,True
8455-44904,12471,205 E. Atlantic Ave.,CO,205 E Atlantic Ave,Delray Beach,FL,33444,US,26.46178,-80.07084,+1 561-243-9332,True,False,False,Open until 9:00 PM,Open today from 5:00 AM - 9:00 PM,205-e-atlantic-ave-205-e-atlantic-ave-delray-beach-fl-334443726-us,GMT-04:00 America/New_York,20.3893,True,False,True,True,True,True,True,True,True,True,5:00 AM to 9:00 PM,5:00 AM,9:00 PM,5:00 AM to 10:30 PM,5:00 AM,10:30 PM,5:00 AM to 10:30 PM,5:00 AM,10:30 PM,5:00 AM to 9:00 PM,5:00 AM,9:00 PM,5:00 AM to 9:00 PM,5:00 AM,9:00 PM,5:00 AM to 9:00 PM,5:00 AM,9:00 PM,5:00 AM to 9:00 PM,5:00 AM,9:00 PM,READY,True
66115-296848,1039566,Atlantic Ave & Military Trail,CO,4920 W Atlantic Ave,Delray Beach,FL,33445,US,26.45749,-80.12129,+1 561-666-4490,True,False,False,Open until 8:00 PM,Open today from 5:00 AM - 8:00 PM,atlantic-ave-military-trail-4920-w-atlantic-ave-delray-beach-fl-334453843-us,GMT-04:00 America/New_York,21.5548,True,True,True,True,True,False,True,False,True,True,5:00 AM to 8:00 PM,5:00 AM,8:00 PM,5:00 AM to 8:00 PM,5:00 AM,8:00 PM,5:00 AM to 8:00 PM,5:00 AM,8:00 PM,5:00 AM to 8:00 PM,5:00 AM,8:00 PM,5:00 AM to 8:00 PM,5:00 AM,8:00 PM,5:00 AM to 8:00 PM,5:00 AM,8:00 PM,5:00 AM to 8:00 PM,5:00 AM,8:00 PM,READY,True
21822-191184,1008755,Linton & 4th,CO,551 Linton Blvd,Delray Beach,FL,33444,US,26.44019,-80.07844,+1 561-278-1425,True,False,False,Open until 8:00 PM,Open today from 5:00 AM - 8:00 PM,linton-4th-551-linton-blvd-ste-c-1-delray-beach-fl-334448141-,GMT-04:00 America/New_York,21.9475,True,True,True,True,True,False,True,False,True,False,5:00 AM to 8:00 PM,5:00 AM,8:00 PM,5:00 AM to 8:00 PM,5:00 AM,8:00 PM,5:00 AM to 8:00 PM,5:00 AM,8:00 PM,5:00 AM to 8:00 PM,5:00 AM,8:00 PM,5:00 AM to 8:00 PM,5:00 AM,8:00 PM,5:00 AM to 8:00 PM,5:00 AM,8:00 PM,5:00 AM to 8:00 PM,5:00 AM,8:00 PM,READY,True
66290-297981,1039743,E Saunders St & N Bartlett Ave,CO,2202 E Saunders St,Laredo,TX,78041,US,27.53092,-99.47395,+1 956-452-5799,True,False,False,Open until 12:30 AM,Open today from 4:30 AM - 12:30 AM,e-saunders-st-n-bartlett-ave-2202-e-saunders-st-laredo-tx-780415433-us,GMT-05:00 America/Chicago,2.6669,True,True,True,True,True,True,True,True,True,True,4:30 AM to 12:30 AM,4:30 AM,12:30 AM,4:30 AM to 1:00 AM,4:30 AM,1:00 AM,4:30 AM to 1:00 AM,4:30 AM,1:00 AM,4:30 AM to 12:30 AM,4:30 AM,12:30 AM,4:30 AM to 12:30 AM,4:30 AM,12:30 AM,4:30 AM to 12:30 AM,4:30 AM,12:30 AM,4:30 AM to 12:30 AM,4:30 AM,12:30 AM,READY,True
87965-315247,8796500,McPherson Rd & Calton Rd,CO,5106 McPherson Rd,Laredo,TX,78041,US,27.54189,-99.48389,+1 956-452-8682,True,False,False,Open until 11:30 PM,Open today from 5:00 AM - 11:30 PM,mc-pherson-rd-calton-rd-5106-mc-pherson-rd-laredo-tx-780417321-us,GMT-05:00 America/Chicago,3.058,True,True,True,True,True,True,True,True,True,True,5:00 AM to 11:30 PM,5:00 AM,11:30 PM,5:00 AM to 12:00 AM,5:00 AM,12:00 AM,5:00 AM to 12:00 AM,5:00 AM,12:00 AM,5:00 AM to 11:30 PM,5:00 AM,11:30 PM,5:00 AM to 11:30 PM,5:00 AM,11:30 PM,5:00 AM to 11:30 PM,5:00 AM,11:30 PM,5:00 AM to 11:30 PM,5:00 AM,11:30 PM,READY,True
76556-96769,7072,Target Laredo 2112,LS,1910 Bob Bullock Loop,Laredo,TX,78043,US,27.51607,-99.45188,+1 956-722-6800,False,False,False,Opens Thursday at 8:00 AM,Open today from 8:00 AM - 8:00 PM,target-laredo-2112-1910-bob-bullock-loop-laredo-tx-780439733-us,GMT-05:00 America/Chicago,3.151,True,False,False,True,True,False,True,False,True,False,8:00 AM to 8:00 PM,8:00 AM,8:00 PM,8:00 AM to 8:00 PM,8:00 AM,8:00 PM,8:00 AM to 8:00 PM,8:00 AM,8:00 PM,8:00 AM to 8:00 PM,8:00 AM,8:00 PM,8:00 AM to 8:00 PM,8:00 AM,8:00 PM,8:00 AM to 8:00 PM,8:00 AM,8:00 PM,8:00 AM to 8:00 PM,8:00 AM,8:00 PM,NOT_ELIGIBLE,False
6852-83520,16362,Mall del Norte,CO,"5300 San Dario, #174",Laredo,TX,78041,US,27.55184,-99.50068,+1 956-796-1800,False,False,False,Opens Thursday at 9:30 AM,Open today from 9:30 AM - 8:30 PM,mall-del-norte-5300-san-dario-174-laredo-tx-780413037-us,GMT-05:00 America/Chicago,3.582,True,False,True,True,True,True,True,False,True,True,9:30 AM to 8:30 PM,9:30 AM,8:30 PM,9:30 AM to 8:30 PM,9:30 AM,8:30 PM,9:30 AM to 8:30 PM,9:30 AM,8:30 PM,10:30 AM to 7:30 PM,10:30 AM,7:30 PM,10:00 AM to 8:30 PM,10:00 AM,8:30 PM,10:00 AM to 8:30 PM,10:00 AM,8:30 PM,10:00 AM to 8:30 PM,10:00 AM,8:30 PM,NOT_READY,True
68296-298605,1040302,I-35 & W Del Mar Blvd,CO,7037 San Dario Ave,Laredo,TX,78041,US,27.56615,-99.50222,+1 956-452-9620,True,False,False,Open until 11:00 PM,Open today from 5:00 AM - 11:00 PM,i-35-w-del-mar-blvd-7037-san-dario-ave-laredo-tx-78041-us,GMT-05:00 America/Chicago,4.5725,True,True,True,True,True,False,True,True,False,True,5:00 AM to 11:00 PM,5:00 AM,11:00 PM,5:00 AM to 12:00 AM,5:00 AM,12:00 AM,5:00 AM to 12:00 AM,5:00 AM,12:00 AM,5:00 AM to 11:00 PM,5:00 AM,11:00 PM,5:00 AM to 11:00 PM,5:00 AM,11:00 PM,5:00 AM to 11:00 PM,5:00 AM,11:00 PM,5:00 AM to 11:00 PM,5:00 AM,11:00 PM,READY,True
57565-289427,1023008,Target Laredo 801,LS,7501 San Dario Ave,Laredo,TX,78045,US,27.56961,-99.49978,+1 956-722-6800,False,False,False,Opens Thursday at 8:00 AM,Open today from 8:00 AM - 8:00 PM,target-laredo-801-7501-san-dario-ave-laredo-tx-78045-us,GMT-05:00 America/Chicago,4.8096,True,False,False,True,False,False,True,False,True,False,8:00 AM to 8:00 PM,8:00 AM,8:00 PM,8:00 AM to 8:00 PM,8:00 AM,8:00 PM,8:00 AM to 8:00 PM,8:00 AM,8:00 PM,8:00 AM to 8:00 PM,8:00 AM,8:00 PM,8:00 AM to 8:00 PM,8:00 AM,8:00 PM,8:00 AM to 8:00 PM,8:00 AM,8:00 PM,8:00 AM to 8:00 PM,8:00 AM,8:00 PM,NOT_ELIGIBLE,False
6781-80660,13974,Del Mar & McPhearson,CO,1310 A Del Mar Blvd,Laredo,TX,78041,US,27.5749,-99.4723,+1 956-722-5887,True,False,False,Open until 11:00 PM,Open today from 5:00 AM - 11:00 PM,del-mar-mc-phearson-1310-a-del-mar-blvd-laredo-tx-780416524-us,GMT-05:00 America/Chicago,5.4462,True,True,True,True,True,True,True,True,True,True,5:00 AM to 11:00 PM,5:00 AM,11:00 PM,5:00 AM to 11:00 PM,5:00 AM,11:00 PM,5:00 AM to 11:00 PM,5:00 AM,11:00 PM,5:00 AM to 10:30 PM,5:00 AM,10:30 PM,5:00 AM to 10:30 PM,5:00 AM,10:30 PM,5:00 AM to 10:30 PM,5:00 AM,10:30 PM,5:00 AM to 10:30 PM,5:00 AM,10:30 PM,READY,True
70054-106697,10652,Texas A&M Intl. Univ. Library,LS,5201 University Blvd.,Laredo,TX,78041,US,27.57354,-99.43518,+1 956-326-3056,False,False,False,Opens Thursday at 7:00 AM,Open today from 7:00 AM - 9:30 PM,texas-a-m-intl-univ-library-5201-university-blvd-laredo-tx-780411920-us,GMT-05:00 America/Chicago,6.4489,True,False,True,True,False,False,True,False,True,False,7:00 AM to 9:30 PM,7:00 AM,9:30 PM,7:00 AM to 5:00 PM,7:00 AM,5:00 PM,Closed,,,Closed,,,7:00 AM to 9:30 PM,7:00 AM,9:30 PM,7:00 AM to 9:30 PM,7:00 AM,9:30 PM,7:00 AM to 9:30 PM,7:00 AM,9:30 PM,NOT_READY,False
18297-164868,114016,Bob Bullock & McPherson,CO,10719 McPherson Rd,Laredo,TX,78045,US,27.60907,-99.47576,+1 956-729-7828,True,False,False,Open until 1:00 AM,Open today from 4:30 AM - 1:00 AM,bob-bullock-mc-pherson-10719-mc-pherson-rd-laredo-tx-780456801-us,GMT-05:00 America/Chicago,7.6809,True,True,True,True,True,True,True,True,True,True,4:30 AM to 1:00 AM,4:30 AM,1:00 AM,4:30 AM to 1:00 AM,4:30 AM,1:00 AM,5:00 AM to 1:00 AM,5:00 AM,1:00 AM,5:00 AM to 12:30 AM,5:00 AM,12:30 AM,4:30 AM to 12:30 AM,4:30 AM,12:30 AM,4:30 AM to 12:30 AM,4:30 AM,12:30 AM,4:30 AM to 12:30 AM,4:30 AM,12:30 AM,READY,True
7071-151265,19108,Texas A&M University Kingsvill,LS,1050 Santa Gertrudis Blvd,Kingsville,TX,78363,US,27.52354,-97.88178,+1 361-593-3096,False,False,False,Opens Thursday at 7:00 AM,Open today from 7:00 AM - 9:00 PM,texas-a-m-university-kingsvill-1050-santa-gertrudis-blvd-kingsville-tx-783634701-,GMT-05:00 America/Chicago,7.4249,True,False,False,True,False,False,False,False,True,False,7:00 AM to 9:00 PM,7:00 AM,9:00 PM,7:00 AM to 4:00 PM,7:00 AM,4:00 PM,9:00 AM to 2:00 PM,9:00 AM,2:00 PM,Closed,,,7:00 AM to 9:00 PM,7:00 AM,9:00 PM,7:00 AM to 9:00 PM,7:00 AM,9:00 PM,7:00 AM to 9:00 PM,7:00 AM,9:00 PM,NOT_ELIGIBLE,False
60637-293006,1027748,US-77 & E Gen. Cavazos,CO,2518 S US HWY 77,Kingsville,TX,78363,US,27.49286,-97.84497,+1 361-219-3649,True,False,False,Open until 10:00 PM,Open today from 4:30 AM - 10:00 PM,us-77-e-gen-cavazos-2518-s-us-hwy-77-kingsville-tx-783632837-us,GMT-05:00 America/Chicago,9.5144,True,True,True,True,True,False,True,False,True,True,4:30 AM to 10:00 PM,4:30 AM,10:00 PM,4:30 AM to 10:00 PM,4:30 AM,10:00 PM,4:30 AM to 10:00 PM,4:30 AM,10:00 PM,4:30 AM to 10:00 PM,4:30 AM,10:00 PM,4:30 AM to 10:00 PM,4:30 AM,10:00 PM,4:30 AM to 10:00 PM,4:30 AM,10:00 PM,4:30 AM to 10:00 PM,4:30 AM,10:00 PM,READY,True
65588-300030,1039258,E Main St. & Coyote Trail,CO,1728 E Main St,Alice,TX,78332,US,27.759,-98.05248,+1 361-415-8362,True,False,False,Open until 9:00 PM,Open today from 4:30 AM - 9:00 PM,e-main-st-coyote-trail-1728-e-main-st-alice-tx-783324048-us,GMT-05:00 America/Chicago,18.1812,True,True,True,True,True,False,True,False,True,True,4:30 AM to 9:00 PM,4:30 AM,9:00 PM,4:30 AM to 9:00 PM,4:30 AM,9:00 PM,4:30 AM to 9:00 PM,4:30 AM,9:00 PM,4:30 AM to 9:00 PM,4:30 AM,9:00 PM,4:30 AM to 9:00 PM,4:30 AM,9:00 PM,4:30 AM to 9:00 PM,4:30 AM,9:00 PM,4:30 AM to 9:00 PM,4:30 AM,9:00 PM,READY,True
50488-248915,1021727,SPID & Aquarius,CO,14002 S Padre Island Dr,Corpus Christi,TX,78418,US,27.6295,-97.22524,+1 361-443-2321,True,False,False,Open until 8:00 PM,Open today from 4:30 AM - 8:00 PM,spid-aquarius-14002-s-padre-island-dr-corpus-christi-tx-78418602,GMT-05:00 America/Chicago,9.0752,True,True,True,True,True,False,True,True,True,True,4:30 AM to 8:00 PM,4:30 AM,8:00 PM,4:30 AM to 8:00 PM,4:30 AM,8:00 PM,4:30 AM to 8:00 PM,4:30 AM,8:00 PM,4:30 AM to 8:00 PM,4:30 AM,8:00 PM,4:30 AM to 8:00 PM,4:30 AM,8:00 PM,4:30 AM to 8:00 PM,4:30 AM,8:00 PM,4:30 AM to 8:00 PM,4:30 AM,8:00 PM,READY,True
82059-308989,1053245,Waldron Rd & Knickerbocker St,CO,1337 Waldron Rd,Corpus Christi,TX,78418,US,27.66382,-97.28463,+1 361-226-7061,True,False,False,Open until 9:00 PM,Open today from 4:30 AM - 9:00 PM,waldron-rd-knickerbocker-st-1337-waldron-rd-corpus-christi-tx-784184430-us,GMT-05:00 America/Chicago,11.5158,True,True,True,True,True,True,True,True,True,True,4:30 AM to 9:00 PM,4:30 AM,9:00 PM,4:30 AM to 9:00 PM,4:30 AM,9:00 PM,4:30 AM to 9:00 PM,4:30 AM,9:00 PM,4:30 AM to 9:00 PM,4:30 AM,9:00 PM,4:30 AM to 9:00 PM,4:30 AM,9:00 PM,4:30 AM to 9:00 PM,4:30 AM,9:00 PM,4:30 AM to 9:00 PM,4:30 AM,9:00 PM,READY,True
13907-110297,10583,Saratoga & Staples,CO,5630 Saratoga Blvd,Corpus Christi,TX,78414,US,27.68505,-97.38192,+1 361-257-0821,True,False,False,Open until 10:00 PM,Open today from 4:00 AM - 10:00 PM,saratoga-staples-5630-saratoga-blvd-102-corpus-christi-tx-784144101,GMT-05:00 America/Chicago,15.1238,True,True,True,True,True,False,True,True,True,True,4:00 AM to 10:00 PM,4:00 AM,10:00 PM,4:00 AM to 10:00 PM,4:00 AM,10:00 PM,4:30 AM to 10:00 PM,4:30 AM,10:00 PM,5:00 AM to 10:00 PM,5:00 AM,10:00 PM,4:00 AM to 10:00 PM,4:00 AM,10:00 PM,4:00 AM to 10:00 PM,4:00 AM,10:00 PM,4:00 AM to 10:00 PM,4:00 AM,10:00 PM,READY,True
16661-110945,86965,Texas A&M University-Corpus Ch,LS,6300 Ocean Drive.,Corpus Christi,TX,78412,US,27.71314,-97.32436,+1 361-825-2760,False,False,False,Opens Thursday at 7:30 AM,Open today from 7:30 AM - 7:00 PM,texas-a-m-university-corpus-ch-6300-ocean-drive-corpus-christi-tx-78412-us,GMT-05:00 America/Chicago,15.4143,True,False,True,True,True,False,True,False,True,False,7:30 AM to 7:00 PM,7:30 AM,7:00 PM,7:30 AM to 4:00 PM,7:30 AM,4:00 PM,9:00 AM to 1:00 PM,9:00 AM,1:00 PM,Closed,,,7:30 AM to 7:00 PM,7:30 AM,7:00 PM,7:30 AM to 7:00 PM,7:30 AM,7:00 PM,7:30 AM to 7:00 PM,7:30 AM,7:00 PM,NOT_READY,False
6720-75542,14131,SPID & Staples,CO,5601 S Padre Island Dr,Corpus Christi,TX,78412,US,27.70689,-97.37001,+1 361-993-0349,True,False,False,Open until 10:00 PM,Open today from 4:00 AM - 10:00 PM,spid-staples-5601-s-padre-island-dr-corpus-christi-tx-784123930,GMT-05:00 America/Chicago,16.0727,True,True,True,True,True,False,True,False,True,True,4:00 AM to 10:00 PM,4:00 AM,10:00 PM,4:00 AM to 10:00 PM,4:00 AM,10:00 PM,4:30 AM to 10:00 PM,4:30 AM,10:00 PM,4:30 AM to 10:00 PM,4:30 AM,10:00 PM,4:00 AM to 10:00 PM,4:00 AM,10:00 PM,4:00 AM to 10:00 PM,4:00 AM,10:00 PM,4:00 AM to 10:00 PM,4:00 AM,10:00 PM,READY,True
24577-235306,1010120,Target Corpus Christi 335,LS,5425 S Padre Island Dr Ste 125,Corpus Christi,TX,78411,US,27.70621,-97.37397,+1 361-993-9342,False,False,False,Opens Thursday at 8:00 AM,Open today from 8:00 AM - 8:00 PM,target-corpus-christi-335-5425-s-padre-island-dr-ste-125-corpus-christi-tx-7,GMT-05:00 America/Chicago,16.1436,True,False,False,True,False,False,True,False,True,False,8:00 AM to 8:00 PM,8:00 AM,8:00 PM,8:00 AM to 8:00 PM,8:00 AM,8:00 PM,8:00 AM to 8:00 PM,8:00 AM,8:00 PM,8:00 AM to 8:00 PM,8:00 AM,8:00 PM,8:00 AM to 8:00 PM,8:00 AM,8:00 PM,8:00 AM to 8:00 PM,8:00 AM,8:00 PM,8:00 AM to 8:00 PM,8:00 AM,8:00 PM,NOT_ELIGIBLE,False
29565-254292,1017748,Saratoga Blvd. & Weber Rd.,CO,4022 Saratoga Blvd,Corpus Christi,TX,78413,US,27.69935,-97.41115,+1 361-445-8713,True,False,False,Open until 10:00 PM,Open today from 4:00 AM - 10:00 PM,saratoga-blvd-weber-rd-4022-saratoga-blvd-corpus-christi-tx-784132034-us,GMT-05:00 America/Chicago,16.9435,True,True,True,True,True,False,True,False,True,True,4:00 AM to 10:00 PM,4:00 AM,10:00 PM,4:00 AM to 10:00 PM,4:00 AM,10:00 PM,4:00 AM to 10:00 PM,4:00 AM,10:00 PM,4:00 AM to 10:00 PM,4:00 AM,10:00 PM,4:00 AM to 10:00 PM,4:00 AM,10:00 PM,4:00 AM to 10:00 PM,4:00 AM,10:00 PM,4:00 AM to 10:00 PM,4:00 AM,10:00 PM,READY,True
85586-312809,8558600,SPID @ Weber,CO,3900 S Padre Island Dr,Corpus Christi,TX,78415,US,27.72305,-97.40002,+1 361-255-4483,True,False,False,Open until 9:00 PM,Open today from 4:30 AM - 9:00 PM,spid-weber-3900-s-padre-island-dr-ste-101-corpus-christi-tx-7,GMT-05:00 America/Chicago,17.9407,True,True,True,True,True,True,True,True,True,True,4:30 AM to 9:00 PM,4:30 AM,9:00 PM,4:30 AM to 9:00 PM,4:30 AM,9:00 PM,4:30 AM to 9:00 PM,4:30 AM,9:00 PM,4:30 AM to 9:00 PM,4:30 AM,9:00 PM,4:30 AM to 9:00 PM,4:30 AM,9:00 PM,4:30 AM to 9:00 PM,4:30 AM,9:00 PM,4:30 AM to 9:00 PM,4:30 AM,9:00 PM,READY,True
11943-105899,6785,Staples & Doddridge,CO,3738 Staples,Corpus Christi,TX,78411,US,27.74058,-97.38805,+1 361-854-0841,True,False,False,Open until 10:00 PM,Open today from 4:00 AM - 10:00 PM,staples-doddridge-3738-staples-corpus-christi-tx-784112346-us,GMT-05:00 America/Chicago,18.6476,True,True,True,True,True,False,True,False,True,True,4:00 AM to 10:00 PM,4:00 AM,10:00 PM,4:00 AM to 10:00 PM,4:00 AM,10:00 PM,4:30 AM to 10:00 PM,4:30 AM,10:00 PM,4:30 AM to 10:00 PM,4:30 AM,10:00 PM,4:00 AM to 10:00 PM,4:00 AM,10:00 PM,4:00 AM to 10:00 PM,4:00 AM,10:00 PM,4:00 AM to 10:00 PM,4:00 AM,10:00 PM,READY,True
69998-305094,1040614,Leopard St & Nueces Bay Blvd,CO,3329 Leopard St.,Corpus Christi,TX,78408,US,27.79635,-97.4276,+1 361-257-0863,True,False,False,Open until 9:00 PM,Open today from 4:30 AM - 9:00 PM,leopard-st-nueces-bay-blvd-3329-leopard-st-corpus-christi-tx-78408-us,GMT-05:00 America/Chicago,23.1821,True,True,True,True,True,True,True,True,True,True,4:30 AM to 9:00 PM,4:30 AM,9:00 PM,4:30 AM to 9:00 PM,4:30 AM,9:00 PM,5:00 AM to 9:00 PM,5:00 AM,9:00 PM,5:30 AM to 9:00 PM,5:30 AM,9:00 PM,4:30 AM to 9:00 PM,4:30 AM,9:00 PM,4:30 AM to 9:00 PM,4:30 AM,9:00 PM,4:30 AM to 9:00 PM,4:30 AM,9:00 PM,READY,True
62532-293414,1033147,Gulf Blvd & Dolphin Village,CO,4811 Gulf Blvd,St Pete Beach,FL,33706,US,27.72309,-82.74031,+1 727-387-5264,True,False,False,Open until 8:00 PM,Open today from 5:00 AM - 8:00 PM,gulf-blvd-dolphin-village-4811-gulf-blvd-st-pete-beach-fl-337062409-us,GMT-04:00 America/New_York,22.1445,True,False,True,True,True,True,True,True,True,True,5:00 AM to 8:00 PM,5:00 AM,8:00 PM,5:00 AM to 8:00 PM,5:00 AM,8:00 PM,5:00 AM to 8:00 PM,5:00 AM,8:00 PM,5:00 AM to 8:00 PM,5:00 AM,8:00 PM,5:00 AM to 8:00 PM,5:00 AM,8:00 PM,5:00 AM to 8:00 PM,5:00 AM,8:00 PM,5:00 AM to 8:00 PM,5:00 AM,8:00 PM,READY,True
13236-309322,10637,Manatee Ave & 75th St W,CO,7493 Manatee Ave W,Bradenton,FL,34209,US,27.49561,-82.6361,+1 941-761-8314,True,False,False,Open until 8:00 PM,Open today from 5:00 AM - 8:00 PM,manatee-ave-75th-st-w-7493-manatee-ave-w-bradenton-fl-342093444-us,GMT-04:00 America/New_York,22.3047,True,True,True,True,True,True,True,True,True,True,5:00 AM to 8:00 PM,5:00 AM,8:00 PM,5:00 AM to 8:00 PM,5:00 AM,8:00 PM,5:00 AM to 8:00 PM,5:00 AM,8:00 PM,5:00 AM to 8:00 PM,5:00 AM,8:00 PM,5:00 AM to 8:00 PM,5:00 AM,8:00 PM,5:00 AM to 8:00 PM,5:00 AM,8:00 PM,5:00 AM to 8:00 PM,5:00 AM,8:00 PM,READY,True
71247-298118,1038442,Target Bradenton Northwest T-3,LS,7350 Manatee Ave W,Bradenton,FL,34209,US,27.498,-82.63499,,False,False,False,Opens Thursday at 8:00 AM,Open today from 8:00 AM - 8:00 PM,target-bradenton-northwest-t-3-7350-manatee-ave-w-bradenton-fl-34209-us,GMT-04:00 America/New_York,22.3708,True,False,False,True,True,False,True,False,False,False,8:00 AM to 8:00 PM,8:00 AM,8:00 PM,8:00 AM to 8:00 PM,8:00 AM,8:00 PM,8:00 AM to 8:00 PM,8:00 AM,8:00 PM,8:00 AM to 8:00 PM,8:00 AM,8:00 PM,8:00 AM to 8:00 PM,8:00 AM,8:00 PM,8:00 AM to 8:00 PM,8:00 AM,8:00 PM,8:00 AM to 8:00 PM,8:00 AM,8:00 PM,NOT_ELIGIBLE,False
3485-91461,9603,75th St & Cortez Rd,CO,7484 Cortez Rd W,Bradenton,FL,34210,US,27.46289,-82.63656,+1 941-794-8910,True,False,False,Open until 8:00 PM,Open today from 5:00 AM - 8:00 PM,75th-st-cortez-rd-7484-cortez-rd-w-bradenton-fl-342102444-us,GMT-04:00 America/New_York,22.4248,True,True,True,True,True,True,True,True,True,True,5:00 AM to 8:00 PM,5:00 AM,8:00 PM,5:00 AM to 8:00 PM,5:00 AM,8:00 PM,5:00 AM to 8:00 PM,5:00 AM,8:00 PM,5:00 AM to 8:00 PM,5:00 AM,8:00 PM,5:00 AM to 7:00 PM,5:00 AM,7:00 PM,5:00 AM to 8:00 PM,5:00 AM,8:00 PM,5:00 AM to 8:00 PM,5:00 AM,8:00 PM,READY,True
27688-247555,1014370,Eckerd College James Center,LS,4200 54th Ave S,St. Petersburg,FL,33711,US,27.71288,-82.6856,+1 727-864-7808,True,False,False,Open until 5:00 PM,Open today from 7:00 AM - 5:00 PM,eckerd-college-james-center-4200-54th-ave-s-st-petersburg-fl-33711-us,GMT-04:00 America/New_York,24.226,True,False,True,True,False,False,True,False,True,False,7:00 AM to 5:00 PM,7:00 AM,5:00 PM,7:00 AM to 5:00 PM,7:00 AM,5:00 PM,Closed,,,Closed,,,7:00 AM to 5:00 PM,7:00 AM,5:00 PM,7:00 AM to 5:00 PM,7:00 AM,5:00 PM,7:00 AM to 5:00 PM,7:00 AM,5:00 PM,READY,False
66203-298808,1033214,SR 64 & Upper Manatee River,CO,10715 State Road 64 E,Bradenton,FL,34212,US,27.48591,-82.43526,+1 941-946-0470,True,False,False,Open until 9:00 PM,Open today from 5:00 AM - 9:00 PM,sr-64-upper-manatee-river-10715-state-road-64-e-bradenton-fl-342127702-us,GMT-04:00 America/New_York,11.3963,True,True,True,True,True,True,True,True,True,True,5:00 AM to 9:00 PM,5:00 AM,9:00 PM,5:00 AM to 9:00 PM,5:00 AM,9:00 PM,5:00 AM to 9:00 PM,5:00 AM,9:00 PM,5:00 AM to 9:00 PM,5:00 AM,9:00 PM,5:00 AM to 9:00 PM,5:00 AM,9:00 PM,5:00 AM to 9:00 PM,5:00 AM,9:00 PM,5:00 AM to 9:00 PM,5:00 AM,9:00 PM,READY,True
55143-283764,1023412,SR 70 and Lakewood Ranch,CO,11707 State Road 70 E,Lakewood Rch,FL,34202,US,27.43282,-82.42533,+1 941-720-2550,True,False,False,Open until 9:00 PM,Open today from 5:00 AM - 9:00 PM,sr-70-and-lakewood-ranch-11707-state-road-70-e-lakewood-rch-fl-342029418-us,GMT-04:00 America/New_York,11.7081,True,True,True,True,True,True,True,True,True,True,5:00 AM to 9:00 PM,5:00 AM,9:00 PM,5:00 AM to 9:00 PM,5:00 AM,9:00 PM,5:00 AM to 9:00 PM,5:00 AM,9:00 PM,5:00 AM to 9:00 PM,5:00 AM,9:00 PM,5:00 AM to 9:00 PM,5:00 AM,9:00 PM,5:00 AM to 9:00 PM,5:00 AM,9:00 PM,5:00 AM to 9:00 PM,5:00 AM,9:00 PM,READY,True
63129-296572,1031567,University Pkwy & Lorraine,CO,7224 University Pkwy,Sarasota,FL,34240,US,27.38587,-82.39641,+1 941-770-3023,True,False,False,Open until 8:00 PM,Open today from 5:00 AM - 8:00 PM,university-pkwy-lorraine-7224-university-pkwy-sarasota-fl-342408327-us,GMT-04:00 America/New_York,11.9491,True,True,True,True,True,True,True,True,True,True,5:00 AM to 8:00 PM,5:00 AM,8:00 PM,5:00 AM to 8:00 PM,5:00 AM,8:00 PM,5:00 AM to 8:00 PM,5:00 AM,8:00 PM,5:00 AM to 8:00 PM,5:00 AM,8:00 PM,5:00 AM to 8:00 PM,5:00 AM,8:00 PM,5:00 AM to 8:00 PM,5:00 AM,8:00 PM,5:00 AM to 8:00 PM,5:00 AM,8:00 PM,READY,True
87634-315256,8763400,Target Bradenton East 2927,LS,805 Lighthouse Drive,Bradenton,FL,34212,US,27.49528,-82.47068,+1 941-555-5555,False,False,False,Opens Thursday at 8:00 AM,Open today from 8:00 AM - 8:00 PM,target-bradenton-east-2927-805-lighthouse-drive-bradenton-fl-34212-us,GMT-04:00 America/New_York,13.5289,True,False,False,True,True,True,True,False,False,False,8:00 AM to 8:00 PM,8:00 AM,8:00 PM,8:00 AM to 8:00 PM,8:00 AM,8:00 PM,8:00 AM to 8:00 PM,8:00 AM,8:00 PM,8:00 AM to 8:00 PM,8:00 AM,8:00 PM,8:00 AM to 8:00 PM,8:00 AM,8:00 PM,8:00 AM to 8:00 PM,8:00 AM,8:00 PM,8:00 AM to 8:00 PM,8:00 AM,8:00 PM,NOT_ELIGIBLE,False
13874-109745,7477,Lakewood Ranch Blvd & Main St,CO,8155 Lakewood Main St,Bradenton,FL,34202,US,27.39334,-82.43559,+1 941-373-1970,True,False,False,Open until 8:00 PM,Open today from 5:00 AM - 8:00 PM,lakewood-ranch-blvd-main-st-8155-lakewood-main-st-space-p-102-bradenton-fl-342,GMT-04:00 America/New_York,13.5575,True,False,True,True,True,True,True,True,True,True,5:00 AM to 8:00 PM,5:00 AM,8:00 PM,5:00 AM to 8:00 PM,5:00 AM,8:00 PM,5:00 AM to 8:00 PM,5:00 AM,8:00 PM,5:00 AM to 8:00 PM,5:00 AM,8:00 PM,5:00 AM to 8:00 PM,5:00 AM,8:00 PM,5:00 AM to 8:00 PM,5:00 AM,8:00 PM,5:00 AM to 8:00 PM,5:00 AM,8:00 PM,READY,True
11248-103874,9861,SR 70 & I-75,CO,7386 52nd Pl E,Bradenton,FL,34203,US,27.44352,-82.46407,+1 941-751-4728,True,False,False,Open until 8:00 PM,Open today from 5:00 AM - 8:00 PM,sr-70-i-75-7386-52nd-pl-e-bradenton-fl-342038914-us,GMT-04:00 America/New_York,13.6909,True,True,True,True,True,True,True,True,True,True,5:00 AM to 8:00 PM,5:00 AM,8:00 PM,5:00 AM to 8:00 PM,5:00 AM,8:00 PM,5:00 AM to 8:00 PM,5:00 AM,8:00 PM,5:00 AM to 8:00 PM,5:00 AM,8:00 PM,5:00 AM to 8:00 PM,5:00 AM,8:00 PM,5:00 AM to 7:00 PM,5:00 AM,7:00 PM,5:00 AM to 8:00 PM,5:00 AM,8:00 PM,READY,True
19070-191185,1005561,SR 64 & I-75,CO,6521 SR 64,Bradenton,FL,34208,US,27.49285,-82.47917,+1 941-747-6474,True,False,False,Open until 9:00 PM,Open today from 5:00 AM - 9:00 PM,sr-64-i-75-6521-sr-64-bradenton-fl-342086260-us,GMT-04:00 America/New_York,14.0542,True,True,True,True,True,True,True,True,True,True,5:00 AM to 9:00 PM,5:00 AM,9:00 PM,5:00 AM to 9:00 PM,5:00 AM,9:00 PM,5:00 AM to 9:00 PM,5:00 AM,9:00 PM,5:00 AM to 9:00 PM,5:00 AM,9:00 PM,5:00 AM to 7:00 PM,5:00 AM,7:00 PM,5:00 AM to 9:00 PM,5:00 AM,9:00 PM,5:00 AM to 9:00 PM,5:00 AM,9:00 PM,READY,True
23751-206987,1009389,Macy's Mall at Univ. Cntr. 1st,LS,110 University Town Center Dr,Sarasota,FL,34243,US,27.38628,-82.45302,+1 941-232-7350,False,False,False,Opens Thursday at 8:00 AM,Open today from 8:00 AM - 8:00 PM,macys-mall-at-univ-cntr-1st-110-university-town-center-dr-sarasota-fl-34243-us,GMT-04:00 America/New_York,14.7211,True,False,True,True,False,False,True,False,False,False,8:00 AM to 8:00 PM,8:00 AM,8:00 PM,8:00 AM to 8:00 PM,8:00 AM,8:00 PM,8:00 AM to 8:00 PM,8:00 AM,8:00 PM,10:00 AM to 6:00 PM,10:00 AM,6:00 PM,8:00 AM to 8:00 PM,8:00 AM,8:00 PM,8:00 AM to 8:00 PM,8:00 AM,8:00 PM,8:00 AM to 8:00 PM,8:00 AM,8:00 PM,NOT_READY,False
22554-210485,1008865,The Mall at University Town Ce,CO,140 University Town Center Dr,Sarasota,FL,34243,US,27.38439,-82.45284,+1 941-263-7990,False,False,False,Opens Thursday at 9:00 AM,Open today from 9:00 AM - 8:30 PM,the-mall-at-university-town-ce-140-university-town-center-dr-sarasota-fl-34243411,GMT-04:00 America/New_York,14.782,True,False,True,True,True,True,False,False,True,True,9:00 AM to 8:30 PM,9:00 AM,8:30 PM,9:00 AM to 9:30 PM,9:00 AM,9:30 PM,9:00 AM to 9:30 PM,9:00 AM,9:30 PM,10:00 AM to 6:30 PM,10:00 AM,6:30 PM,9:00 AM to 8:30 PM,9:00 AM,8:30 PM,9:00 AM to 8:30 PM,9:00 AM,8:30 PM,9:00 AM to 8:30 PM,9:00 AM,8:30 PM,NOT_READY,True
76720-97612,10125,Target Sarasota 2034,LS,101 N Cattleman Rd,Sarasota,FL,34243,US,27.3867,-82.4585,+1 941-360-7520,True,False,False,Open until 8:00 PM,Open today from 7:00 AM - 8:00 PM,target-sarasota-2034-101-n-cattleman-rd-sarasota-fl-342434700-us,GMT-04:00 America/New_York,14.9911,True,False,False,True,True,False,True,False,False,False,7:00 AM to 8:00 PM,7:00 AM,8:00 PM,7:00 AM to 8:00 PM,7:00 AM,8:00 PM,7:00 AM to 8:00 PM,7:00 AM,8:00 PM,7:00 AM to 8:00 PM,7:00 AM,8:00 PM,7:00 AM to 8:00 PM,7:00 AM,8:00 PM,7:00 AM to 8:00 PM,7:00 AM,8:00 PM,7:00 AM to 8:00 PM,7:00 AM,8:00 PM,NOT_ELIGIBLE,False
8562-73940,12160,5485 University Parkway,CO,5485 University Pkwy,Sarasota,FL,34201,US,27.38891,-82.4605,+1 941-351-1509,True,False,False,Open until 9:00 PM,Open today from 5:00 AM - 9:00 PM,5485-university-parkway-5485-university-pkwy-sarasota-fl-342012012-us,GMT-04:00 America/New_York,15.0171,True,True,True,True,True,True,True,True,True,True,5:00 AM to 9:00 PM,5:00 AM,9:00 PM,5:00 AM to 9:00 PM,5:00 AM,9:00 PM,5:00 AM to 9:00 PM,5:00 AM,9:00 PM,5:00 AM to 9:00 PM,5:00 AM,9:00 PM,5:00 AM to 9:00 PM,5:00 AM,9:00 PM,5:00 AM to 9:00 PM,5:00 AM,9:00 PM,5:00 AM to 9:00 PM,5:00 AM,9:00 PM,READY,True
56879-289675,1027649,US 301 & 60th Ave,CO,6285 US 301 N,Ellenton,FL,34222,US,27.53123,-82.50026,+1 941-713-3322,True,False,False,Open until 9:00 PM,Open today from 5:00 AM - 9:00 PM,us-301-60th-ave-6285-us-301-n-ellenton-fl-342223015-us,GMT-04:00 America/New_York,15.4864,True,True,True,True,True,True,True,True,True,True,5:00 AM to 9:00 PM,5:00 AM,9:00 PM,5:00 AM to 9:00 PM,5:00 AM,9:00 PM,5:00 AM to 9:00 PM,5:00 AM,9:00 PM,5:00 AM to 9:00 PM,5:00 AM,9:00 PM,5:00 AM to 9:00 PM,5:00 AM,9:00 PM,5:00 AM to 9:00 PM,5:00 AM,9:00 PM,5:00 AM to 9:00 PM,5:00 AM,9:00 PM,READY,True
86883-316047,8688300,Ellenton Premium Outlets (FL),LS,5509 Factory Shops Blvd,Ellenton,FL,34222,US,27.53451,-82.50716,+1 941-280-0068,False,False,False,Opens Thursday at 10:30 AM,Open today from 10:30 AM - 7:00 PM,ellenton-premium-outlets-fl-5509-factory-shops-blvd-210-ellenton-fl-34222-us,GMT-04:00 America/New_York,15.9373,True,False,True,True,True,True,True,True,False,True,10:30 AM to 7:00 PM,10:30 AM,7:00 PM,9:30 AM to 8:30 PM,9:30 AM,8:30 PM,9:30 AM to 8:30 PM,9:30 AM,8:30 PM,11:30 AM to 6:30 PM,11:30 AM,6:30 PM,10:30 AM to 7:00 PM,10:30 AM,7:00 PM,10:30 AM to 7:00 PM,10:30 AM,7:00 PM,10:30 AM to 7:00 PM,10:30 AM,7:00 PM,NOT_READY,False
26774-244572,1014433,SR 70 & Lockwood,CO,4220 53rd Ave E,Bradenton,FL,34203,US,27.44574,-82.50807,+1 941-779-3124,True,False,False,Open until 9:00 PM,Open today from 5:00 AM - 9:00 PM,sr-70-lockwood-4220-53rd-ave-e-unit-101-bradenton-fl-342038076-us,GMT-04:00 America/New_York,16.2583,True,True,True,True,True,True,True,True,True,True,5:00 AM to 9:00 PM,5:00 AM,9:00 PM,5:00 AM to 9:00 PM,5:00 AM,9:00 PM,5:00 AM to 9:00 PM,5:00 AM,9:00 PM,5:00 AM to 9:00 PM,5:00 AM,9:00 PM,5:00 AM to 9:00 PM,5:00 AM,9:00 PM,5:00 AM to 9:00 PM,5:00 AM,9:00 PM,5:00 AM to 9:00 PM,5:00 AM,9:00 PM,READY,True
69405-304234,1040451,Fruitville Rd & Cattlemen,CO,5901 Fruitville Rd,Sarasota,FL,34232,US,27.33909,-82.45133,+1 941-263-7876,True,False,False,Open until 8:00 PM,Open today from 5:00 AM - 8:00 PM,fruitville-rd-cattlemen-5901-fruitville-rd-sarasota-fl-342326436-us,GMT-04:00 America/New_York,16.6155,True,True,True,True,True,False,True,False,True,True,5:00 AM to 8:00 PM,5:00 AM,8:00 PM,5:00 AM to 8:00 PM,5:00 AM,8:00 PM,5:00 AM to 8:00 PM,5:00 AM,8:00 PM,5:00 AM to 8:00 PM,5:00 AM,8:00 PM,5:00 AM to 8:00 PM,5:00 AM,8:00 PM,5:00 AM to 8:00 PM,5:00 AM,8:00 PM,5:00 AM to 8:00 PM,5:00 AM,8:00 PM,READY,True
8687-94138,9282,Fruitville Rd & Honore Ave,CO,5329 Fruitville Rd,Sarasota,FL,34232,US,27.33932,-82.4632,+1 941-343-0463,True,False,False,Open until 8:00 PM,Open today from 5:00 AM - 8:00 PM,fruitville-rd-honore-ave-5329-fruitville-rd-sarasota-fl-342326402-us,GMT-04:00 America/New_York,17.1531,True,False,True,True,True,False,True,False,True,True,5:00 AM to 8:00 PM,5:00 AM,8:00 PM,5:00 AM to 8:00 PM,5:00 AM,8:00 PM,5:00 AM to 8:00 PM,5:00 AM,8:00 PM,5:00 AM to 8:00 PM,5:00 AM,8:00 PM,5:00 AM to 8:00 PM,5:00 AM,8:00 PM,5:00 AM to 8:00 PM,5:00 AM,8:00 PM,5:00 AM to 8:00 PM,5:00 AM,8:00 PM,READY,True
76755-108138,90249,Target Sarasota NORTH 799,LS,5350 Fruitville Rd,Sarasota,FL,34232,US,27.3364,-82.4629,+1 941-379-6660,False,False,False,Opens Thursday at 8:00 AM,Open today from 8:00 AM - 8:00 PM,target-sarasota-north-799-5350-fruitville-rd-sarasota-fl-342326401-us,GMT-04:00 America/New_York,17.2706,True,False,False,True,False,False,True,False,True,False,8:00 AM to 8:00 PM,8:00 AM,8:00 PM,8:00 AM to 8:00 PM,8:00 AM,8:00 PM,8:00 AM to 8:00 PM,8:00 AM,8:00 PM,8:00 AM to 8:00 PM,8:00 AM,8:00 PM,8:00 AM to 8:00 PM,8:00 AM,8:00 PM,8:00 AM to 8:00 PM,8:00 AM,8:00 PM,8:00 AM to 8:00 PM,8:00 AM,8:00 PM,NOT_ELIGIBLE,False
10444-209785,1010340,University Pkwy & Tuttle,CO,3604 84th Avenue Cir E,Sarasota,FL,34243,US,27.38952,-82.51684,+1 941-358-6486,True,False,False,Open until 8:00 PM,Open today from 5:00 AM - 8:00 PM,university-pkwy-tuttle-3604-84th-avenue-cir-e-sarasota-fl-342432895-us,GMT-04:00 America/New_York,18.0549,True,True,True,True,True,True,True,True,True,True,5:00 AM to 8:00 PM,5:00 AM,8:00 PM,5:00 AM to 8:00 PM,5:00 AM,8:00 PM,5:00 AM to 8:00 PM,5:00 AM,8:00 PM,5:00 AM to 8:00 PM,5:00 AM,8:00 PM,5:00 AM to 8:00 PM,5:00 AM,8:00 PM,5:00 AM to 8:00 PM,5:00 AM,8:00 PM,5:00 AM to 8:00 PM,5:00 AM,8:00 PM,READY,True
15716-160148,88729,Bee Ridge Rd & Cattlemen Rd,CO,3700 Cattlemen Rd,Sarasota,FL,34232,US,27.30026,-82.45193,+1 941-377-6282,True,False,False,Open until 9:00 PM,Open today from 5:00 AM - 9:00 PM,bee-ridge-rd-cattlemen-rd-3700-cattlemen-rd-sarasota-fl-342326038-us,GMT-04:00 America/New_York,18.5443,True,True,True,True,True,False,True,False,True,True,5:00 AM to 9:00 PM,5:00 AM,9:00 PM,5:00 AM to 9:00 PM,5:00 AM,9:00 PM,5:00 AM to 9:00 PM,5:00 AM,9:00 PM,5:00 AM to 9:00 PM,5:00 AM,9:00 PM,5:00 AM to 9:00 PM,5:00 AM,9:00 PM,5:00 AM to 9:00 PM,5:00 AM,9:00 PM,5:00 AM to 9:00 PM,5:00 AM,9:00 PM,READY,True
75081-300763,1043510,Fruitville Rd & N Beneva Rd,CO,501 N Beneva Rd,Sarasota,FL,34232,US,27.33865,-82.4978,+1 941-263-7992,True,False,False,Open until 9:00 PM,Open today from 5:00 AM - 9:00 PM,fruitville-rd-n-beneva-rd-501-n-beneva-rd-sarasota-fl-342321308-us,GMT-04:00 America/New_York,18.8483,True,True,True,True,True,False,True,False,True,True,5:00 AM to 9:00 PM,5:00 AM,9:00 PM,5:00 AM to 9:00 PM,5:00 AM,9:00 PM,5:00 AM to 9:00 PM,5:00 AM,9:00 PM,5:00 AM to 9:00 PM,5:00 AM,9:00 PM,5:00 AM to 9:00 PM,5:00 AM,9:00 PM,5:00 AM to 9:00 PM,5:00 AM,9:00 PM,5:00 AM to 9:00 PM,5:00 AM,9:00 PM,READY,True
11679-105826,11024,US 41 & Manatee Ave,CO,102 Manatee Ave E,Bradenton,FL,34208,US,27.49499,-82.56258,+1 941-746-0463,True,False,False,Open until 9:00 PM,Open today from 4:30 AM - 9:00 PM,us-41-manatee-ave-102-manatee-ave-e-bradenton-fl-342081930-us,GMT-04:00 America/New_York,19.1605,True,True,True,True,True,True,True,True,True,True,4:30 AM to 9:00 PM,4:30 AM,9:00 PM,4:30 AM to 9:00 PM,4:30 AM,9:00 PM,4:30 AM to 9:00 PM,4:30 AM,9:00 PM,4:30 AM to 9:00 PM,4:30 AM,9:00 PM,4:30 AM to 9:00 PM,4:30 AM,9:00 PM,4:30 AM to 9:00 PM,4:30 AM,9:00 PM,4:30 AM to 9:00 PM,4:30 AM,9:00 PM,READY,True
67423-301174,1040244,US 301 & Balm Rd,CO,14202 US Highway 301 S,Riverview,FL,33578,US,27.77059,-82.33459,+1 813-413-6317,True,False,False,Open until 9:00 PM,Open today from 5:00 AM - 9:00 PM,us-301-balm-rd-14202-us-highway-301-s-riverview-fl-335789349-us,GMT-04:00 America/New_York,19.3997,True,True,True,True,True,False,True,False,True,False,5:00 AM to 9:00 PM,5:00 AM,9:00 PM,5:00 AM to 9:00 PM,5:00 AM,9:00 PM,5:00 AM to 9:00 PM,5:00 AM,9:00 PM,5:00 AM to 9:00 PM,5:00 AM,9:00 PM,5:00 AM to 9:00 PM,5:00 AM,9:00 PM,5:00 AM to 9:00 PM,5:00 AM,9:00 PM,5:00 AM to 9:00 PM,5:00 AM,9:00 PM,READY,True
68190-299167,1039770,Cortez & 9th St West,CO,901 Cortez Rd W,Bradenton,FL,34207,US,27.462,-82.57156,+1 941-263-7517,True,False,False,Open until 9:00 PM,Open today from 5:00 AM - 9:00 PM,cortez-9th-st-west-901-cortez-rd-w-bradenton-fl-342071435-us,GMT-04:00 America/New_York,19.8848,True,True,True,True,True,True,True,True,True,True,5:00 AM to 9:00 PM,5:00 AM,9:00 PM,5:00 AM to 9:00 PM,5:00 AM,9:00 PM,5:00 AM to 9:00 PM,5:00 AM,9:00 PM,5:00 AM to 9:00 PM,5:00 AM,9:00 PM,5:00 AM to 9:00 PM,5:00 AM,9:00 PM,5:00 AM to 9:00 PM,5:00 AM,9:00 PM,5:00 AM to 9:00 PM,5:00 AM,9:00 PM,READY,True
86516-314468,8651600,SRQ Level 2 Gate B6,LS,Sarasota International Airport,sarasota,FL,34243,US,27.38927,-82.55382,+1 941-555-5555,True,False,False,Open until 6:45 PM,Open today from 4:30 AM - 6:45 PM,srq-level-2-gate-b-6-sarasota-international-airport-6000-airport-cir-sa,GMT-04:00 America/New_York,20.1392,True,False,True,True,True,False,True,False,True,True,4:30 AM to 6:45 PM,4:30 AM,6:45 PM,4:30 AM to 6:45 PM,4:30 AM,6:45 PM,4:30 AM to 6:45 PM,4:30 AM,6:45 PM,4:30 AM to 6:45 PM,4:30 AM,6:45 PM,4:30 AM to 6:45 PM,4:30 AM,6:45 PM,4:30 AM to 6:45 PM,4:30 AM,6:45 PM,4:30 AM to 6:45 PM,4:30 AM,6:45 PM,READY,False
8541-186204,1010059,US 41 & 53rd Ave,CO,5250 14th St W,Bradenton,FL,34207,US,27.44803,-82.57585,+1 941-753-2466,True,False,False,Open until 8:00 PM,Open today from 5:00 AM - 8:00 PM,us-41-53rd-ave-5250-14th-st-w-bradenton-fl-342072810-us,GMT-04:00 America/New_York,20.2951,True,True,True,True,True,True,True,False,True,True,5:00 AM to 8:00 PM,5:00 AM,8:00 PM,5:00 AM to 8:00 PM,5:00 AM,8:00 PM,5:00 AM to 8:00 PM,5:00 AM,8:00 PM,5:00 AM to 8:00 PM,5:00 AM,8:00 PM,5:00 AM to 8:00 PM,5:00 AM,8:00 PM,5:00 AM to 8:00 PM,5:00 AM,8:00 PM,5:00 AM to 8:00 PM,5:00 AM,8:00 PM,READY,True
62556-293411,1031292,US 41 & Apollo Beach Blvd,CO,6184 N US Hwy 41,Apollo Beach,FL,33572,US,27.76777,-82.39347,+1 813-796-5056,True,False,False,Open until 9:00 PM,Open today from 5:00 AM - 9:00 PM,us-41-apollo-beach-blvd-6184-n-us-hwy-41-apollo-beach-fl-335721806-us,GMT-04:00 America/New_York,20.4796,True,True,True,True,True,True,True,True,True,True,5:00 AM to 9:00 PM,5:00 AM,9:00 PM,5:00 AM to 9:00 PM,5:00 AM,9:00 PM,5:00 AM to 9:00 PM,5:00 AM,9:00 PM,5:00 AM to 9:00 PM,5:00 AM,9:00 PM,5:00 AM to 9:00 PM,5:00 AM,9:00 PM,5:00 AM to 9:00 PM,5:00 AM,9:00 PM,5:00 AM to 9:00 PM,5:00 AM,9:00 PM,READY,True
8435-21421,16636,Bee Ridge & Beneva,CO,3571 Bee Ridge Rd,Sarasota,FL,34239,US,27.29931,-82.498,+1 941-924-7200,True,False,False,Open until 8:00 PM,Open today from 5:00 AM - 8:00 PM,bee-ridge-beneva-3571-bee-ridge-rd-sarasota-fl-342397234-us,GMT-04:00 America/New_York,20.5841,True,True,True,True,True,False,True,False,True,True,5:00 AM to 8:00 PM,5:00 AM,8:00 PM,5:00 AM to 8:00 PM,5:00 AM,8:00 PM,5:00 AM to 8:00 PM,5:00 AM,8:00 PM,5:00 AM to 8:00 PM,5:00 AM,8:00 PM,5:00 AM to 8:00 PM,5:00 AM,8:00 PM,5:00 AM to 8:00 PM,5:00 AM,8:00 PM,5:00 AM to 8:00 PM,5:00 AM,8:00 PM,READY,True
52860-265666,1026664,Tamiami & N. 25th St.,CO,2455 N Tamiami Trl,Sarasota,FL,34234,US,27.35882,-82.54903,+1 941-343-7764,True,False,False,Open until 8:00 PM,Open today from 5:00 AM - 8:00 PM,tamiami-n-25th-st-2455-n-tamiami-trl-sarasota-fl-342345807-us,GMT-04:00 America/New_York,20.7712,True,True,True,True,True,False,True,False,True,True,5:00 AM to 8:00 PM,5:00 AM,8:00 PM,5:00 AM to 8:00 PM,5:00 AM,8:00 PM,5:00 AM to 8:00 PM,5:00 AM,8:00 PM,5:00 AM to 8:00 PM,5:00 AM,8:00 PM,5:00 AM to 8:00 PM,5:00 AM,8:00 PM,5:00 AM to 8:00 PM,5:00 AM,8:00 PM,5:00 AM to 8:00 PM,5:00 AM,8:00 PM,READY,True
69057-303794,1039813,Summerfield Crossing & Big Ben,CO,10754 Big Bend Rd,Riverview,FL,33579,US,27.79243,-82.329,+1 813-344-5771,True,False,False,Open until 9:00 PM,Open today from 5:00 AM - 9:00 PM,summerfield-crossing-big-ben-10754-big-bend-rd-riverview-fl-335797197-us,GMT-04:00 America/New_York,20.7755,True,True,True,True,False,True,True,True,True,True,5:00 AM to 9:00 PM,5:00 AM,9:00 PM,5:00 AM to 9:00 PM,5:00 AM,9:00 PM,5:00 AM to 9:00 PM,5:00 AM,9:00 PM,5:00 AM to 9:00 PM,5:00 AM,9:00 PM,5:00 AM to 9:00 PM,5:00 AM,9:00 PM,5:00 AM to 9:00 PM,5:00 AM,9:00 PM,5:00 AM to 9:00 PM,5:00 AM,9:00 PM,READY,True
13829-108665,18589,Ketchum Valley & Big Bend Rd,CO,10716 Big Bend Rd,Riverview,FL,33579,US,27.79276,-82.33099,+1 813-672-1757,True,False,False,Open until 8:00 PM,Open today from 5:00 AM - 8:00 PM,ketchum-valley-big-bend-rd-10716-big-bend-rd-riverview-fl-335797197-us,GMT-04:00 America/New_York,20.8263,True,True,True,True,True,True,True,True,True,True,5:00 AM to 8:00 PM,5:00 AM,8:00 PM,5:00 AM to 8:00 PM,5:00 AM,8:00 PM,5:00 AM to 8:00 PM,5:00 AM,8:00 PM,5:00 AM to 8:00 PM,5:00 AM,8:00 PM,5:00 AM to 8:00 PM,5:00 AM,8:00 PM,5:00 AM to 8:00 PM,5:00 AM,8:00 PM,5:00 AM to 8:00 PM,5:00 AM,8:00 PM,READY,True
8308-7907,15825,Midtown Plaza,CO,1375 S Tamiami Trl,Sarasota,FL,34239,US,27.32173,-82.52922,+1 941-952-9912,True,False,False,Open until 7:00 PM,Open today from 4:30 AM - 7:00 PM,midtown-plaza-1375-s-tamiami-trl-sarasota-fl-342392210-us,GMT-04:00 America/New_York,21.0956,True,True,True,True,True,False,True,False,True,True,4:30 AM to 7:00 PM,4:30 AM,7:00 PM,4:30 AM to 8:00 PM,4:30 AM,8:00 PM,4:30 AM to 8:00 PM,4:30 AM,8:00 PM,4:30 AM to 8:00 PM,4:30 AM,8:00 PM,4:30 AM to 8:00 PM,4:30 AM,8:00 PM,4:30 AM to 8:00 PM,4:30 AM,8:00 PM,4:30 AM to 8:00 PM,4:30 AM,8:00 PM,READY,True
8629-91462,9421,1st St & Central Ave,CO,1401 1st St,Sarasota,FL,34236,US,27.33738,-82.54259,+1 941-955-0273,True,False,False,Open until 7:00 PM,Open today from 5:00 AM - 7:00 PM,1st-st-central-ave-1401-1st-st-1020-sarasota-fl-342365709-us,GMT-04:00 America/New_York,21.1724,True,False,True,True,True,False,True,False,True,True,5:00 AM to 7:00 PM,5:00 AM,7:00 PM,5:00 AM to 7:00 PM,5:00 AM,7:00 PM,5:00 AM to 7:00 PM,5:00 AM,7:00 PM,5:00 AM to 7:00 PM,5:00 AM,7:00 PM,5:00 AM to 7:00 PM,5:00 AM,7:00 PM,5:00 AM to 7:00 PM,5:00 AM,7:00 PM,5:00 AM to 7:00 PM,5:00 AM,7:00 PM,READY,True
8596-204984,1010262,5825 Derek Avenue,CO,5825 Derek Ave,Sarasota,FL,34238,US,27.26889,-82.48291,+1 941-927-2917,True,False,False,Open until 8:00 PM,Open today from 5:00 AM - 8:00 PM,5825-derek-avenue-5825-derek-ave-sarasota-fl-342382776-us,GMT-04:00 America/New_York,21.4281,True,True,True,True,True,False,True,False,True,True,5:00 AM to 8:00 PM,5:00 AM,8:00 PM,5:00 AM to 8:00 PM,5:00 AM,8:00 PM,5:00 AM to 8:00 PM,5:00 AM,8:00 PM,5:00 AM to 8:00 PM,5:00 AM,8:00 PM,5:00 AM to 8:00 PM,5:00 AM,8:00 PM,5:00 AM to 8:00 PM,5:00 AM,8:00 PM,5:00 AM to 7:00 PM,5:00 AM,7:00 PM,READY,True
79869-302397,1044875,Big Bend Rd & Waterset Blvd,CO,7090 Waterset Blvd,Apollo Beach,FL,33572,US,27.79157,-82.37243,+1 813-576-1381,True,False,False,Open until 9:00 PM,Open today from 5:00 AM - 9:00 PM,big-bend-rd-waterset-blvd-7090-waterset-blvd-apollo-beach-fl-335721791-us,GMT-04:00 America/New_York,21.494,True,True,True,True,True,False,True,False,False,False,5:00 AM to 9:00 PM,5:00 AM,9:00 PM,5:00 AM to 9:00 PM,5:00 AM,9:00 PM,5:00 AM to 9:00 PM,5:00 AM,9:00 PM,5:00 AM to 9:00 PM,5:00 AM,9:00 PM,5:00 AM to 9:00 PM,5:00 AM,9:00 PM,5:00 AM to 9:00 PM,5:00 AM,9:00 PM,5:00 AM to 9:00 PM,5:00 AM,9:00 PM,READY,True
2966-272784,1025340,US 41 & Proctor,CO,4972 S Tamiami Trl,Sarasota,FL,34231,US,27.28194,-82.53126,+1 941-924-4027,True,False,False,Open until 8:00 PM,Open today from 5:00 AM - 8:00 PM,us-41-proctor-4972-s-tamiami-trl-sarasota-fl-342314354-us,GMT-04:00 America/New_York,22.9067,True,True,True,True,True,False,True,False,True,True,5:00 AM to 8:00 PM,5:00 AM,8:00 PM,5:00 AM to 8:00 PM,5:00 AM,8:00 PM,5:00 AM to 8:00 PM,5:00 AM,8:00 PM,5:00 AM to 8:00 PM,5:00 AM,8:00 PM,5:00 AM to 8:00 PM,5:00 AM,8:00 PM,5:00 AM to 8:00 PM,5:00 AM,8:00 PM,5:00 AM to 7:00 PM,5:00 AM,7:00 PM,READY,True
76215-90932,12239,Target Sarasota 665,LS,8401 S Tamiami Trail,Sarasota,FL,34238,US,27.22821,-82.49248,+1 941-925-3377,False,False,False,Opens Thursday at 8:00 AM,Open today from 8:00 AM - 8:00 PM,target-sarasota-665-8401-s-tamiami-trail-sarasota-fl-342382927-us,GMT-04:00 America/New_York,23.959,True,False,False,True,False,False,True,False,True,False,8:00 AM to 8:00 PM,8:00 AM,8:00 PM,8:00 AM to 8:00 PM,8:00 AM,8:00 PM,8:00 AM to 8:00 PM,8:00 AM,8:00 PM,8:00 AM to 8:00 PM,8:00 AM,8:00 PM,8:00 AM to 8:00 PM,8:00 AM,8:00 PM,8:00 AM to 8:00 PM,8:00 AM,8:00 PM,8:00 AM to 8:00 PM,8:00 AM,8:00 PM,NOT_ELIGIBLE,False
28863-251585,1015882,S. Tamiami Trail & Beneva,CO,8394 S Tamiami Trl,Sarasota,FL,34238,US,27.22978,-82.49523,+1 941-408-5427,True,False,False,Open until 8:00 PM,Open today from 5:00 AM - 8:00 PM,s-tamiami-trail-beneva-8394-s-tamiami-trl-sarasota-fl-342382934-us,GMT-04:00 America/New_York,23.9795,True,True,True,True,True,False,True,False,True,True,5:00 AM to 8:00 PM,5:00 AM,8:00 PM,5:00 AM to 8:00 PM,5:00 AM,8:00 PM,5:00 AM to 8:00 PM,5:00 AM,8:00 PM,5:00 AM to 8:00 PM,5:00 AM,8:00 PM,5:00 AM to 8:00 PM,5:00 AM,8:00 PM,5:00 AM to 8:00 PM,5:00 AM,8:00 PM,5:00 AM to 8:00 PM,5:00 AM,8:00 PM,READY,True
49083-261486,1020370,Fishhawk & Bayberry,CO,16222 Bayberry Glen Dr,Lithia,FL,33547,US,27.85362,-82.21121,+1 813-571-7853,True,False,False,Open until 8:00 PM,Open today from 5:00 AM - 8:00 PM,fishhawk-bayberry-16222-bayberry-glen-dr-lithia-fl-335474051-us,GMT-04:00 America/New_York,24.5478,True,True,True,True,True,True,True,True,True,True,5:00 AM to 8:00 PM,5:00 AM,8:00 PM,5:00 AM to 8:00 PM,5:00 AM,8:00 PM,5:00 AM to 8:00 PM,5:00 AM,8:00 PM,5:00 AM to 8:00 PM,5:00 AM,8:00 PM,5:00 AM to 8:00 PM,5:00 AM,8:00 PM,5:00 AM to 8:00 PM,5:00 AM,8:00 PM,5:00 AM to 8:00 PM,5:00 AM,8:00 PM,READY,True
13239-104281,6435,US 27 & Thunderbird,CO,1768 US Hwy 27 N,Sebring,FL,33870,US,27.49951,-81.48863,+1 863-382-3498,True,False,False,Open until 9:00 PM,Open today from 5:00 AM - 9:00 PM,us-27-thunderbird-1768-us-hwy-27-n-sebring-fl-338701921-us,GMT-04:00 America/New_York,0.6977,True,True,True,True,True,True,True,True,True,True,5:00 AM to 9:00 PM,5:00 AM,9:00 PM,5:00 AM to 9:00 PM,5:00 AM,9:00 PM,5:00 AM to 9:00 PM,5:00 AM,9:00 PM,5:00 AM to 9:00 PM,5:00 AM,9:00 PM,5:00 AM to 9:00 PM,5:00 AM,9:00 PM,5:00 AM to 9:00 PM,5:00 AM,9:00 PM,5:00 AM to 9:00 PM,5:00 AM,9:00 PM,READY,True
68198-301372,1038083,I-95 & SR60 - Vero Beach,CO,9110 20th St,Vero Beach,FL,32966,US,27.63992,-80.51479,+1 772-291-7849,True,False,False,Open until 9:00 PM,Open today from 4:30 AM - 9:00 PM,i-95-sr-60-vero-beach-9110-20th-st-vero-beach-fl-329666602-us,GMT-04:00 America/New_York,17.3492,True,True,True,True,True,True,True,True,False,True,4:30 AM to 9:00 PM,4:30 AM,9:00 PM,4:30 AM to 9:00 PM,4:30 AM,9:00 PM,4:30 AM to 9:00 PM,4:30 AM,9:00 PM,4:30 AM to 9:00 PM,4:30 AM,9:00 PM,4:30 AM to 9:00 PM,4:30 AM,9:00 PM,4:30 AM to 9:00 PM,4:30 AM,9:00 PM,4:30 AM to 9:00 PM,4:30 AM,9:00 PM,READY,True
82180-311562,1053399,US-441 & SW 28th,CO,2605 US Highway 441 S,Okeechobee,FL,34974,US,27.21943,-80.83022,,True,False,False,Open until 9:00 PM,Open today from 5:00 AM - 9:00 PM,us-441-sw-28th-2605-us-highway-441-s-okeechobee-fl-349745817-us,GMT-04:00 America/New_York,20.0008,True,True,True,True,True,True,True,True,True,True,5:00 AM to 9:00 PM,5:00 AM,9:00 PM,5:00 AM to 9:00 PM,5:00 AM,9:00 PM,5:00 AM to 9:00 PM,5:00 AM,9:00 PM,5:00 AM to 9:00 PM,5:00 AM,9:00 PM,5:00 AM to 9:00 PM,5:00 AM,9:00 PM,5:00 AM to 9:00 PM,5:00 AM,9:00 PM,5:00 AM to 9:00 PM,5:00 AM,9:00 PM,READY,True
11117-103541,18240,6280 20th Street (SR 60),CO,6280 20th St,Vero Beach,FL,32966,US,27.63961,-80.45687,+1 772-299-7407,True,False,False,Open until 9:00 PM,Open today from 4:30 AM - 9:00 PM,6280-20th-street-sr-60-6280-20th-st-ste-a-vero-beach-fl-329666484-us,GMT-04:00 America/New_York,20.3808,True,True,True,True,True,True,True,True,True,True,4:30 AM to 9:00 PM,4:30 AM,9:00 PM,4:30 AM to 9:00 PM,4:30 AM,9:00 PM,5:00 AM to 9:00 PM,5:00 AM,9:00 PM,5:00 AM to 9:00 PM,5:00 AM,9:00 PM,4:30 AM to 9:00 PM,4:30 AM,9:00 PM,4:30 AM to 9:00 PM,4:30 AM,9:00 PM,4:30 AM to 9:00 PM,4:30 AM,9:00 PM,READY,True
76566-101465,10356,Target Vero Beach 1050,LS,5800 20th St,Vero Beach,FL,32966,US,27.64049,-80.44776,+1 772-778-0376,False,False,False,Opens Thursday at 8:00 AM,Open today from 8:00 AM - 8:00 PM,target-vero-beach-1050-5800-20th-st-vero-beach-fl-329661017-us,GMT-04:00 America/New_York,20.9021,True,False,False,True,True,False,True,False,True,False,8:00 AM to 8:00 PM,8:00 AM,8:00 PM,8:00 AM to 8:00 PM,8:00 AM,8:00 PM,8:00 AM to 8:00 PM,8:00 AM,8:00 PM,8:00 AM to 8:00 PM,8:00 AM,8:00 PM,8:00 AM to 8:00 PM,8:00 AM,8:00 PM,8:00 AM to 8:00 PM,8:00 AM,8:00 PM,8:00 AM to 8:00 PM,8:00 AM,8:00 PM,NOT_ELIGIBLE,False
57877-289256,1027168,Okeechobee Road & Jenkins Rd,CO,5550 Okeechobee Rd,Fort Pierce,FL,34947,US,27.41874,-80.38045,+1 772-466-6066,True,False,False,Open until 10:00 PM,Open today from 4:30 AM - 10:00 PM,okeechobee-road-jenkins-rd-5550-okeechobee-rd-fort-pierce-fl-349475316-us,GMT-04:00 America/New_York,23.3421,True,True,True,True,True,True,True,True,True,True,4:30 AM to 10:00 PM,4:30 AM,10:00 PM,4:30 AM to 10:00 PM,4:30 AM,10:00 PM,5:00 AM to 10:00 PM,5:00 AM,10:00 PM,5:00 AM to 9:30 PM,5:00 AM,9:30 PM,4:30 AM to 10:00 PM,4:30 AM,10:00 PM,4:30 AM to 10:00 PM,4:30 AM,10:00 PM,4:30 AM to 10:00 PM,4:30 AM,10:00 PM,READY,True
10023-89562,10319,Federal Hwy & 12th St,CO,1235 US Hwy 1,Vero Beach,FL,32960,US,27.62399,-80.38972,+1 772-562-8335,True,False,False,Open until 9:00 PM,Open today from 4:30 AM - 9:00 PM,federal-hwy-12-th-st-1235-us-hwy-1-vero-beach-fl-329605729-us,GMT-04:00 America/New_York,23.6724,True,True,True,True,True,True,True,True,True,True,4:30 AM to 9:00 PM,4:30 AM,9:00 PM,4:30 AM to 9:00 PM,4:30 AM,9:00 PM,5:00 AM to 9:00 PM,5:00 AM,9:00 PM,5:00 AM to 9:00 PM,5:00 AM,9:00 PM,4:30 AM to 7:00 PM,4:30 AM,7:00 PM,5:00 AM to 9:00 PM,5:00 AM,9:00 PM,4:30 AM to 9:00 PM,4:30 AM,9:00 PM,READY,True
2912-91465,7611,St Lucie West & I-95,CO,1789 NW Saint Lucie West Blvd,Port St Lucie,FL,34986,US,27.3124,-80.40644,+1 772-807-8931,True,False,False,Open until 10:00 PM,Open today from 4:30 AM - 10:00 PM,st-lucie-west-i-95-1789-nw-saint-lucie-west-blvd-port-st-lucie-fl-349,GMT-04:00 America/New_York,24.7407,True,True,True,True,True,True,True,True,True,True,4:30 AM to 10:00 PM,4:30 AM,10:00 PM,4:30 AM to 10:00 PM,4:30 AM,10:00 PM,5:00 AM to 10:00 PM,5:00 AM,10:00 PM,5:00 AM to 10:00 PM,5:00 AM,10:00 PM,4:30 AM to 10:00 PM,4:30 AM,10:00 PM,4:30 AM to 10:00 PM,4:30 AM,10:00 PM,4:30 AM to 10:00 PM,4:30 AM,10:00 PM,READY,True
81962-310678,1053152,US-1 & Virginia,CO,2039 S US Highway 1,Fort Pierce,FL,34950,US,27.42751,-80.3264,+1 772-348-0887,True,False,False,Open until 9:00 PM,Open today from 5:00 AM - 9:00 PM,us-1-virginia-2039-s-us-highway-1-fort-pierce-fl-349505149-us,GMT-04:00 America/New_York,20.6278,True,True,True,True,True,True,True,True,True,True,5:00 AM to 9:00 PM,5:00 AM,9:00 PM,5:00 AM to 9:00 PM,5:00 AM,9:00 PM,5:00 AM to 9:00 PM,5:00 AM,9:00 PM,5:00 AM to 9:00 PM,5:00 AM,9:00 PM,5:00 AM to 9:00 PM,5:00 AM,9:00 PM,5:00 AM to 9:00 PM,5:00 AM,9:00 PM,5:00 AM to 9:00 PM,5:00 AM,9:00 PM,READY,True
8864-93473,9684,US 1 & Britt Rd,CO,2537 NW Federal Hwy,Stuart,FL,34994,US,27.2364,-80.26825,+1 772-692-3061,True,False,False,Open until 9:00 PM,Open today from 5:00 AM - 9:00 PM,us-1-britt-rd-2537-nw-federal-hwy-stuart-fl-349949315-us,GMT-04:00 America/New_York,24.5486,True,True,True,True,True,True,True,True,True,True,5:00 AM to 9:00 PM,5:00 AM,9:00 PM,5:00 AM to 9:00 PM,5:00 AM,9:00 PM,5:00 AM to 9:00 PM,5:00 AM,9:00 PM,5:00 AM to 9:00 PM,5:00 AM,9:00 PM,5:00 AM to 9:00 PM,5:00 AM,9:00 PM,5:00 AM to 9:00 PM,5:00 AM,9:00 PM,5:00 AM to 9:00 PM,5:00 AM,9:00 PM,READY,True
76770-108133,6461,Target Stuart 816,LS,2650 NW Federal Hwy,Stuart,FL,34994,US,27.23378,-80.26815,+1 772-692-3388,False,False,False,Opens Thursday at 8:00 AM,Open today from 8:00 AM - 8:00 PM,target-stuart-816-2650-nw-federal-hwy-stuart-fl-349949318-us,GMT-04:00 America/New_York,24.6793,True,False,False,True,False,False,True,False,True,False,8:00 AM to 8:00 PM,8:00 AM,8:00 PM,8:00 AM to 8:00 PM,8:00 AM,8:00 PM,8:00 AM to 8:00 PM,8:00 AM,8:00 PM,8:00 AM to 8:00 PM,8:00 AM,8:00 PM,8:00 AM to 8:00 PM,8:00 AM,8:00 PM,8:00 AM to 8:00 PM,8:00 AM,8:00 PM,8:00 AM to 8:00 PM,8:00 AM,8:00 PM,NOT_ELIGIBLE,False
