store_id,store_internal_id,store_name,ownership_type,address,city,state,zip,country,latitude,longitude,phone,is_open,is_open_24_hours,closing_soon,current_status,hours_status,slug,timezone,distance,is_nearby,has_drive_thru,has_mobile_order,has_oven_warmed_food,has_nitro_cold_brew,has_cafe_seating,has_redeem_rewards,has_outdoor_seating,has_in_store,has_wifi,thu_hours,thu_open,thu_close,fri_hours,fri_open,fri_close,sat_hours,sat_open,sat_close,sun_hours,sun_open,sun_close,mon_hours,mon_open,mon_close,tue_hours,tue_open,tue_close,wed_hours,wed_open,wed_close,mobile_ordering_availability,guest_ordering
87607-315849,8760700,EYW Conc A Gate 3,LS,3491 S Roosevelt Blvd,Key West,FL,33040,US,24.55369,-81.75561,,True,False,False,Open until 7:00 PM,Open today from 6:00 AM - 7:00 PM,eyw-conc-a-gate-3-3491-s-roosevelt-blvd-key-west-fl-33040-us,GMT-04:00 America/New_York,16.49,True,False,True,True,True,False,True,False,False,False,6:00 AM to 7:00 PM,6:00 AM,7:00 PM,6:00 AM to 7:00 PM,6:00 AM,7:00 PM,6:00 AM to 7:00 PM,6:00 AM,7:00 PM,6:00 AM to 7:00 PM,6:00 AM,7:00 PM,6:00 AM to 7:00 PM,6:00 AM,7:00 PM,6:00 AM to 7:00 PM,6:00 AM,7:00 PM,6:00 AM to 7:00 PM,6:00 AM,7:00 PM,READY,False
47488-234024,1015430,Blue Flamingo Resort Key West,LS,3820 N Roosevelt Blvd,Key West,FL,33040,US,24.57105,-81.75438,+1 305-928-1103,True,False,False,Open until 7:00 PM,Open today from 6:00 AM - 7:00 PM,blue-flamingo-resort-key-west-3820-n-roosevelt-blvd-key-west-fl-33040-us,GMT-04:00 America/New_York,16.7256,True,False,True,True,False,False,True,False,True,False,6:00 AM to 7:00 PM,6:00 AM,7:00 PM,5:30 AM to 7:00 PM,5:30 AM,7:00 PM,5:30 AM to 7:00 PM,5:30 AM,7:00 PM,5:30 AM to 7:00 PM,5:30 AM,7:00 PM,5:30 AM to 7:00 PM,5:30 AM,7:00 PM,5:30 AM to 7:00 PM,5:30 AM,7:00 PM,5:30 AM to 7:00 PM,5:30 AM,7:00 PM,READY,False
22270-217884,1008645,2500 N Roosevelt Blvd,CO,2500 N Roosevelt Blvd,Key West,FL,33040,US,24.56293,-81.77605,+1 305-900-8436,True,False,False,Open until 9:00 PM,Open today from 5:00 AM - 9:00 PM,2500-n-roosevelt-blvd-2500-n-roosevelt-blvd-key-west-fl-330403927-us,GMT-04:00 America/New_York,17.888,True,True,True,True,True,False,True,False,True,True,5:00 AM to 9:00 PM,5:00 AM,9:00 PM,5:00 AM to 9:00 PM,5:00 AM,9:00 PM,5:00 AM to 9:00 PM,5:00 AM,9:00 PM,5:00 AM to 9:00 PM,5:00 AM,9:00 PM,5:00 AM to 9:00 PM,5:00 AM,9:00 PM,5:00 AM to 9:00 PM,5:00 AM,9:00 PM,5:00 AM to 9:00 PM,5:00 AM,9:00 PM,READY,True
13939-108784,6434,US1 & SW 344 St,CO,76 E Palm Dr,Florida City,FL,33034,US,25.44821,-80.47574,+1 305-246-7443,True,False,False,Open until 10:00 PM,Open today from 4:30 AM - 10:00 PM,us-1-sw-344-st-76-e-palm-dr-florida-city-fl-330343507-us,GMT-04:00 America/New_York,21.9276,True,True,True,True,True,False,True,False,True,True,4:30 AM to 10:00 PM,4:30 AM,10:00 PM,4:30 AM to 10:00 PM,4:30 AM,10:00 PM,5:00 AM to 10:00 PM,5:00 AM,10:00 PM,5:00 AM to 10:00 PM,5:00 AM,10:00 PM,4:30 AM to 10:00 PM,4:30 AM,10:00 PM,4:30 AM to 10:00 PM,4:30 AM,10:00 PM,4:30 AM to 10:00 PM,4:30 AM,10:00 PM,READY,True
10442-100255,6841,Mile Marker 100,CO,99600 Overseas Highway,Key Largo,FL,33037,US,25.09484,-80.44081,+1 305-451-2957,True,False,False,Open until 9:00 PM,Open today from 5:00 AM - 9:00 PM,mile-marker-100-99600-overseas-highway-key-largo-fl-330372454-us,GMT-04:00 America/New_York,22.1074,True,True,True,True,True,False,True,False,True,True,5:00 AM to 9:00 PM,5:00 AM,9:00 PM,5:00 AM to 9:00 PM,5:00 AM,9:00 PM,5:00 AM to 9:00 PM,5:00 AM,9:00 PM,5:00 AM to 9:00 PM,5:00 AM,9:00 PM,5:00 AM to 9:00 PM,5:00 AM,9:00 PM,5:00 AM to 9:00 PM,5:00 AM,9:00 PM,5:00 AM to 9:00 PM,5:00 AM,9:00 PM,READY,True
29666-247325,1014619,Three Waters Resort & Marina,LS,84001 Overseas Hwy,Islamorada,FL,33036,US,24.94298,-80.60597,+1 305-433-9922,True,False,False,Open until 7:00 PM,Open today from 6:00 AM - 7:00 PM,three-waters-resort-marina-84001-overseas-hwy-islamorada-fl-33036-us,GMT-04:00 America/New_York,23.048,True,False,True,False,True,False,True,False,True,False,6:00 AM to 7:00 PM,6:00 AM,7:00 PM,6:00 AM to 7:00 PM,6:00 AM,7:00 PM,6:00 AM to 7:00 PM,6:00 AM,7:00 PM,6:00 AM to 7:00 PM,6:00 AM,7:00 PM,6:00 AM to 7:00 PM,6:00 AM,7:00 PM,6:00 AM to 7:00 PM,6:00 AM,7:00 PM,6:00 AM to 7:00 PM,6:00 AM,7:00 PM,READY,False
9702-95196,10804,US 1 & SW 312th St,CO,1029 N Homestead Blvd,Homestead,FL,33030,US,25.4802,-80.46344,+1 786-243-2417,True,False,False,Open until 10:00 PM,Open today from 5:00 AM - 10:00 PM,us-1-sw-312-th-st-1029-n-homestead-blvd-homestead-fl-330305028-us,GMT-04:00 America/New_York,23.9385,True,True,True,True,True,False,True,False,True,True,5:00 AM to 10:00 PM,5:00 AM,10:00 PM,5:00 AM to 10:00 PM,5:00 AM,10:00 PM,5:00 AM to 10:00 PM,5:00 AM,10:00 PM,5:00 AM to 10:00 PM,5:00 AM,10:00 PM,5:00 AM to 10:00 PM,5:00 AM,10:00 PM,5:00 AM to 10:00 PM,5:00 AM,10:00 PM,5:00 AM to 10:00 PM,5:00 AM,10:00 PM,READY,True
82732-310171,1054018,S Texas Blvd & 18th St,CO,1620 S Texas Blvd,Weslaco,TX,78596,US,26.14218,-97.99081,+1 956-255-9743,True,False,False,Open until 12:00 AM,Open today from 4:30 AM - 12:00 AM,s-texas-blvd-18th-st-1620-s-texas-blvd-weslaco-tx-78596-us,GMT-05:00 America/Chicago,9.8402,True,True,True,True,True,True,True,True,True,True,4:30 AM to 12:00 AM,4:30 AM,12:00 AM,4:30 AM to 12:00 AM,4:30 AM,12:00 AM,4:30 AM to 12:00 AM,4:30 AM,12:00 AM,4:30 AM to 12:00 AM,4:30 AM,12:00 AM,4:30 AM to 12:00 AM,4:30 AM,12:00 AM,4:30 AM to 12:00 AM,4:30 AM,12:00 AM,4:30 AM to 12:00 AM,4:30 AM,12:00 AM,READY,True
13420-105900,10437,Hwy 83 & Westgate,CO,1915 West Expressway 83,Weslaco,TX,78596,US,26.17199,-98.00841,+1 956-968-1786,True,False,False,Open until 12:00 AM,Open today from 4:30 AM - 12:00 AM,hwy-83-westgate-1915-west-expressway-83-weslaco-tx-785964331-us,GMT-05:00 America/Chicago,11.8948,True,True,True,True,True,False,True,False,True,True,4:30 AM to 12:00 AM,4:30 AM,12:00 AM,4:30 AM to 12:00 AM,4:30 AM,12:00 AM,4:30 AM to 12:00 AM,4:30 AM,12:00 AM,4:30 AM to 12:00 AM,4:30 AM,12:00 AM,4:30 AM to 12:00 AM,4:30 AM,12:00 AM,4:30 AM to 12:00 AM,4:30 AM,12:00 AM,4:30 AM to 12:00 AM,4:30 AM,12:00 AM,READY,True
66383-298996,1033160,Hwy 83 & N. Bridge Ave.,CO,1025 E IH 2,Weslaco,TX,78596,US,26.1734,-97.98204,+1 956-649-5010,True,False,False,Open until 12:00 AM,Open today from 4:30 AM - 12:00 AM,hwy-83-n-bridge-ave-1025-e-ih-2-weslaco-tx-785966315-us,GMT-05:00 America/Chicago,12.0325,True,True,True,True,True,False,True,False,True,True,4:30 AM to 12:00 AM,4:30 AM,12:00 AM,4:30 AM to 12:00 AM,4:30 AM,12:00 AM,4:30 AM to 12:00 AM,4:30 AM,12:00 AM,4:30 AM to 12:00 AM,4:30 AM,12:00 AM,4:30 AM to 12:00 AM,4:30 AM,12:00 AM,4:30 AM to 12:00 AM,4:30 AM,12:00 AM,4:30 AM to 12:00 AM,4:30 AM,12:00 AM,READY,True
73058-303751,1043116,US-83 & Mile 1 E N,CO,3839 E. Expressway 83,Mercedes,TX,78570,US,26.15987,-97.89527,+1 956-825-0668,True,False,False,Open until 12:00 AM,Open today from 4:30 AM - 12:00 AM,us-83-mile-1-e-n-3839-e-expressway-83-mercedes-tx-785705069-us,GMT-05:00 America/Chicago,12.8162,True,True,True,True,True,False,True,False,True,True,4:30 AM to 12:00 AM,4:30 AM,12:00 AM,4:30 AM to 12:00 AM,4:30 AM,12:00 AM,4:30 AM to 12:00 AM,4:30 AM,12:00 AM,5:00 AM to 12:00 AM,5:00 AM,12:00 AM,4:30 AM to 12:00 AM,4:30 AM,12:00 AM,4:30 AM to 12:00 AM,4:30 AM,12:00 AM,4:30 AM to 7:00 PM,4:30 AM,7:00 PM,READY,True
87588-317047,8758800,Rio Grande Premium Outlet,LS,5001 E US Expressway 83,Mercedes,TX,78570,US,26.16184,-97.88817,,False,False,False,Opens Thursday at 10:30 AM,Open today from 10:30 AM - 8:00 PM,rio-grande-premium-outlet-5001-e-us-expressway-83-mercedes-tx-78570-us,GMT-05:00 America/Chicago,13.1606,True,False,True,True,True,True,True,True,True,True,10:30 AM to 8:00 PM,10:30 AM,8:00 PM,9:30 AM to 9:00 PM,9:30 AM,9:00 PM,9:30 AM to 9:00 PM,9:30 AM,9:00 PM,10:30 AM to 7:00 PM,10:30 AM,7:00 PM,10:30 AM to 8:00 PM,10:30 AM,8:00 PM,10:30 AM to 8:00 PM,10:30 AM,8:00 PM,10:30 AM to 8:00 PM,10:30 AM,8:00 PM,NOT_READY,False
68299-301773,1040303,E Expressway 83 & Cesar Chavez,CO,1301 E. IH 2,San Juan,TX,78589,US,26.19254,-98.13707,+1 956-847-8238,True,False,False,Open until 12:00 AM,Open today from 4:30 AM - 12:00 AM,e-expressway-83-cesar-chavez-1301-e-ih-2-san-juan-tx-785894755-us,GMT-05:00 America/Chicago,15.7897,True,True,True,True,True,False,True,False,True,True,4:30 AM to 12:00 AM,4:30 AM,12:00 AM,4:30 AM to 12:00 AM,4:30 AM,12:00 AM,4:30 AM to 12:00 AM,4:30 AM,12:00 AM,4:30 AM to 12:00 AM,4:30 AM,12:00 AM,4:30 AM to 12:00 AM,4:30 AM,12:00 AM,4:30 AM to 12:00 AM,4:30 AM,12:00 AM,4:30 AM to 12:00 AM,4:30 AM,12:00 AM,READY,True
69997-305093,1040608,S Jackson Rd & E Dicker Rd,CO,2912 N. Jackson Rd.,Hidalgo,TX,78557,US,26.12356,-98.21743,+1 956-329-2911,True,False,False,Open until 11:00 PM,Open today from 5:00 AM - 11:00 PM,s-jackson-rd-e-dicker-rd-2912-n-jackson-rd-hidalgo-tx-78557-us,GMT-05:00 America/Chicago,15.969,True,True,True,True,True,True,True,True,True,True,5:00 AM to 11:00 PM,5:00 AM,11:00 PM,5:00 AM to 11:00 PM,5:00 AM,11:00 PM,5:00 AM to 11:00 PM,5:00 AM,11:00 PM,5:00 AM to 11:00 PM,5:00 AM,11:00 PM,5:00 AM to 11:00 PM,5:00 AM,11:00 PM,5:00 AM to 11:00 PM,5:00 AM,11:00 PM,5:00 AM to 11:00 PM,5:00 AM,11:00 PM,READY,True
29570-254297,1016067,E. Ridge Rd. & S. Cage Blvd,CO,1233 S CAGE BLVD.,Pharr,TX,78577,US,26.18115,-98.18548,+1 956-483-5105,True,False,False,Open until 12:00 AM,Open today from 4:30 AM - 12:00 AM,e-ridge-rd-s-cage-blvd-1233-s-cage-blvd-b-pharr-tx-785775965-us,GMT-05:00 America/Chicago,17.0037,True,True,True,True,True,False,True,False,True,True,4:30 AM to 12:00 AM,4:30 AM,12:00 AM,4:30 AM to 12:00 AM,4:30 AM,12:00 AM,4:30 AM to 12:00 AM,4:30 AM,12:00 AM,4:30 AM to 12:00 AM,4:30 AM,12:00 AM,4:30 AM to 12:00 AM,4:30 AM,12:00 AM,4:30 AM to 12:00 AM,4:30 AM,12:00 AM,4:30 AM to 12:00 AM,4:30 AM,12:00 AM,READY,True
17371-171064,89190,Jackson & Jackson,CO,1401 E Jackson Ave,McAllen,TX,78503,US,26.19117,-98.2066,+1 956-618-3140,True,False,False,Open until 12:00 AM,Open today from 5:00 AM - 12:00 AM,jackson-jackson-1401-e-jackson-ave-200-mc-allen-tx-785031602-us,GMT-05:00 America/Chicago,18.4067,True,True,True,True,True,False,True,False,True,True,5:00 AM to 12:00 AM,5:00 AM,12:00 AM,5:00 AM to 12:00 AM,5:00 AM,12:00 AM,5:00 AM to 12:00 AM,5:00 AM,12:00 AM,5:00 AM to 12:00 AM,5:00 AM,12:00 AM,5:00 AM to 12:00 AM,5:00 AM,12:00 AM,5:00 AM to 12:00 AM,5:00 AM,12:00 AM,5:00 AM to 12:00 AM,5:00 AM,12:00 AM,READY,True
28129-245585,1014372,Target McAllen 824,LS,708 E Expressway 83,McAllen,TX,78503,US,26.18793,-98.21449,+1 956-686-2611,False,False,False,Opens Thursday at 8:00 AM,Open today from 8:00 AM - 8:00 PM,target-mc-allen-824-708-e-expressway-83-mc-allen-tx-78503-us,GMT-05:00 America/Chicago,18.5941,True,False,False,True,False,False,True,False,True,False,8:00 AM to 8:00 PM,8:00 AM,8:00 PM,8:00 AM to 8:00 PM,8:00 AM,8:00 PM,8:00 AM to 8:00 PM,8:00 AM,8:00 PM,8:00 AM to 8:00 PM,8:00 AM,8:00 PM,8:00 AM to 8:00 PM,8:00 AM,8:00 PM,8:00 AM to 8:00 PM,8:00 AM,8:00 PM,8:00 AM to 8:00 PM,8:00 AM,8:00 PM,NOT_ELIGIBLE,False
9301-84084,13791,83 & 10th St.-Drive Thru,CO,1700 S 10th Street,McAllen,TX,78503,US,26.18889,-98.23292,+1 956-631-3293,True,False,False,Open until 12:00 AM,Open today from 4:30 AM - 12:00 AM,83-10th-st-drive-thru-1700-s-10th-street-105-mc-allen-tx-785035469-us,GMT-05:00 America/Chicago,19.4734,True,True,True,True,True,False,True,False,True,True,4:30 AM to 12:00 AM,4:30 AM,12:00 AM,4:30 AM to 12:00 AM,4:30 AM,12:00 AM,4:30 AM to 12:00 AM,4:30 AM,12:00 AM,4:30 AM to 12:00 AM,4:30 AM,12:00 AM,4:30 AM to 12:00 AM,4:30 AM,12:00 AM,4:30 AM to 12:00 AM,4:30 AM,12:00 AM,4:30 AM to 12:00 AM,4:30 AM,12:00 AM,READY,True
56519-290344,1023515,La Plaza,LS,2200 S. 10th Street,McAllen,TX,78503,US,26.18772,-98.23626,+1 956-331-4105,False,False,False,Opens Thursday at 9:00 AM,Open today from 9:00 AM - 9:00 PM,la-plaza-2200-s-10th-street-c-14-mc-allen-tx-78503-us,GMT-05:00 America/Chicago,19.5741,True,False,True,True,True,False,True,False,True,False,9:00 AM to 9:00 PM,9:00 AM,9:00 PM,8:45 AM to 9:15 PM,8:45 AM,9:15 PM,8:45 AM to 9:15 PM,8:45 AM,9:15 PM,9:45 AM to 7:15 PM,9:45 AM,7:15 PM,9:00 AM to 9:00 PM,9:00 AM,9:00 PM,9:00 AM to 9:00 PM,9:00 AM,9:00 PM,9:00 AM to 9:00 PM,9:00 AM,9:00 PM,NOT_READY,False
66470-301040,1037803,W Nolana Loop & N Cage Blvd.,CO,305 W Nolana Loop,Pharr,TX,78577,US,26.23327,-98.18111,+1 956-904-5404,True,False,False,Open until 12:00 AM,Open today from 4:30 AM - 12:00 AM,w-nolana-loop-n-cage-blvd-305-w-nolana-loop-pharr-tx-785770659-us,GMT-05:00 America/Chicago,19.6473,True,True,True,True,True,False,True,False,True,True,4:30 AM to 12:00 AM,4:30 AM,12:00 AM,4:30 AM to 12:00 AM,4:30 AM,12:00 AM,4:30 AM to 12:00 AM,4:30 AM,12:00 AM,4:30 AM to 12:00 AM,4:30 AM,12:00 AM,4:30 AM to 12:00 AM,4:30 AM,12:00 AM,4:30 AM to 12:00 AM,4:30 AM,12:00 AM,4:30 AM to 12:00 AM,4:30 AM,12:00 AM,READY,True
87229-316061,8722900,W Expy 83 & Dilworth,CO,6202 W Expwy 83,Harlingen,TX,78552,US,26.18766,-97.75153,+1 956-452-4327,True,False,False,Open until 12:00 AM,Open today from 4:30 AM - 12:00 AM,w-expy-83-dilworth-6202-w-expwy-83-harlingen-tx-78552-us,GMT-05:00 America/Chicago,20.1451,True,True,True,True,True,True,True,True,True,True,4:30 AM to 12:00 AM,4:30 AM,12:00 AM,4:30 AM to 12:00 AM,4:30 AM,12:00 AM,4:30 AM to 12:00 AM,4:30 AM,12:00 AM,4:30 AM to 12:00 AM,4:30 AM,12:00 AM,4:30 AM to 12:00 AM,4:30 AM,12:00 AM,4:30 AM to 12:00 AM,4:30 AM,12:00 AM,4:30 AM to 12:00 AM,4:30 AM,12:00 AM,READY,True
29766-248916,1015468,McColl & Nolana Loop,CO,3904 N McColl Rd,McAllen,TX,78501,US,26.23578,-98.20651,+1 956-638-2688,True,False,False,Open until 12:00 AM,Open today from 4:30 AM - 12:00 AM,mc-coll-nolana-loop-3904-n-mc-coll-rd-mc-allen-tx-785019160-us,GMT-05:00 America/Chicago,20.725,True,True,True,True,True,False,True,False,True,True,4:30 AM to 12:00 AM,4:30 AM,12:00 AM,4:30 AM to 12:00 AM,4:30 AM,12:00 AM,4:30 AM to 12:00 AM,4:30 AM,12:00 AM,4:30 AM to 12:00 AM,4:30 AM,12:00 AM,4:30 AM to 12:00 AM,4:30 AM,12:00 AM,4:30 AM to 12:00 AM,4:30 AM,12:00 AM,4:30 AM to 12:00 AM,4:30 AM,12:00 AM,READY,True
21543-164867,1006678,281 & Trenton,CO,525 E Trenton Rd,Edinburg,TX,78539,US,26.26131,-98.16482,+1 956-292-0611,True,False,False,Open until 12:00 AM,Open today from 4:30 AM - 12:00 AM,281-trenton-525-e-trenton-rd-edinburg-tx-785392931-us,GMT-05:00 America/Chicago,20.7486,True,True,True,True,True,False,True,False,True,True,4:30 AM to 12:00 AM,4:30 AM,12:00 AM,4:30 AM to 12:00 AM,4:30 AM,12:00 AM,4:30 AM to 12:00 AM,4:30 AM,12:00 AM,4:30 AM to 12:00 AM,4:30 AM,12:00 AM,4:30 AM to 12:00 AM,4:30 AM,12:00 AM,4:30 AM to 12:00 AM,4:30 AM,12:00 AM,4:30 AM to 12:00 AM,4:30 AM,12:00 AM,READY,True
76498-100227,7102,Target Harlingen 802,LS,1002 Dixieland Rd,Harlingen,TX,78552,US,26.18296,-97.72175,+1 856-421-4900,False,False,False,Opens Thursday at 8:00 AM,Open today from 8:00 AM - 8:00 PM,target-harlingen-802-1002-dixieland-rd-harlingen-tx-785525913-us,GMT-05:00 America/Chicago,21.399,True,False,False,True,False,False,True,False,True,False,8:00 AM to 8:00 PM,8:00 AM,8:00 PM,8:00 AM to 8:00 PM,8:00 AM,8:00 PM,8:00 AM to 8:00 PM,8:00 AM,8:00 PM,8:00 AM to 8:00 PM,8:00 AM,8:00 PM,8:00 AM to 8:00 PM,8:00 AM,8:00 PM,8:00 AM to 8:00 PM,8:00 AM,8:00 PM,8:00 AM to 8:00 PM,8:00 AM,8:00 PM,NOT_ELIGIBLE,False
8102-95794,8962,10th & Jonquil,CO,3509 N 10th St,McAllen,TX,78501,US,26.23532,-98.22511,+1 956-994-1643,True,False,False,Open until 11:30 PM,Open today from 5:00 AM - 11:30 PM,10th-jonquil-3509-n-10th-st-mc-allen-tx-785011931-us,GMT-05:00 America/Chicago,21.4334,True,True,True,True,True,False,True,False,True,True,5:00 AM to 11:30 PM,5:00 AM,11:30 PM,5:00 AM to 11:30 PM,5:00 AM,11:30 PM,5:00 AM to 11:30 PM,5:00 AM,11:30 PM,5:00 AM to 11:30 PM,5:00 AM,11:30 PM,5:00 AM to 11:30 PM,5:00 AM,11:30 PM,5:00 AM to 11:30 PM,5:00 AM,11:30 PM,5:00 AM to 11:30 PM,5:00 AM,11:30 PM,READY,True
23356-199904,1008664,83 & Bentsen Rd,CO,4317 Expressway 83,McAllen,TX,78503,US,26.1951,-98.27138,+1 956-618-3296,True,False,False,Open until 12:00 AM,Open today from 4:30 AM - 12:00 AM,83-bentsen-rd-4317-expressway-83-mc-allen-tx-785030201-us,GMT-05:00 America/Chicago,21.5699,True,True,True,True,True,False,True,False,True,True,4:30 AM to 12:00 AM,4:30 AM,12:00 AM,4:30 AM to 12:00 AM,4:30 AM,12:00 AM,4:30 AM to 12:00 AM,4:30 AM,12:00 AM,4:30 AM to 12:00 AM,4:30 AM,12:00 AM,4:30 AM to 12:00 AM,4:30 AM,12:00 AM,4:30 AM to 12:00 AM,4:30 AM,12:00 AM,4:30 AM to 12:00 AM,4:30 AM,12:00 AM,READY,True
14223-116007,10539,Hwy 83 & Tyler,CO,1816 W Tyler Ave,Harlingen,TX,78550,US,26.18986,-97.71533,+1 956-428-0402,True,False,False,Open until 12:00 AM,Open today from 4:30 AM - 12:00 AM,hwy-83-tyler-1816-w-tyler-ave-harlingen-tx-785505939-us,GMT-05:00 America/Chicago,22.0022,True,True,True,True,False,False,True,False,True,True,4:30 AM to 12:00 AM,4:30 AM,12:00 AM,4:30 AM to 12:00 AM,4:30 AM,12:00 AM,5:00 AM to 12:00 AM,5:00 AM,12:00 AM,5:00 AM to 12:00 AM,5:00 AM,12:00 AM,4:30 AM to 12:00 AM,4:30 AM,12:00 AM,4:30 AM to 12:00 AM,4:30 AM,12:00 AM,4:30 AM to 12:00 AM,4:30 AM,12:00 AM,READY,True
76697-102495,10104,Target Mission 2237,LS,2427 E US Expy 83,Mission,TX,78572,US,26.19752,-98.2862,+1 956-928-7280,False,False,False,Opens Thursday at 8:00 AM,Open today from 8:00 AM - 8:00 PM,target-mission-2237-2427-e-us-expy-83-mission-tx-78572-us,GMT-05:00 America/Chicago,22.3965,True,False,False,True,True,False,True,False,True,False,8:00 AM to 8:00 PM,8:00 AM,8:00 PM,8:00 AM to 8:00 PM,8:00 AM,8:00 PM,8:00 AM to 8:00 PM,8:00 AM,8:00 PM,8:00 AM to 8:00 PM,8:00 AM,8:00 PM,8:00 AM to 8:00 PM,8:00 AM,8:00 PM,8:00 AM to 8:00 PM,8:00 AM,8:00 PM,8:00 AM to 8:00 PM,8:00 AM,8:00 PM,NOT_ELIGIBLE,False
65158-298324,1033087,W Nolana Ave & 29th,CO,2908 Nolana Ave,McAllen,TX,78504,US,26.24191,-98.24851,+1 956-625-0007,True,False,False,Open until 12:00 AM,Open today from 4:30 AM - 12:00 AM,w-nolana-ave-29th-2908-nolana-ave-mc-allen-tx-785042508-us,GMT-05:00 America/Chicago,22.7386,True,True,True,True,True,False,True,False,True,True,4:30 AM to 12:00 AM,4:30 AM,12:00 AM,4:30 AM to 12:00 AM,4:30 AM,12:00 AM,4:30 AM to 12:00 AM,4:30 AM,12:00 AM,4:30 AM to 12:00 AM,4:30 AM,12:00 AM,4:30 AM to 12:00 AM,4:30 AM,12:00 AM,4:30 AM to 12:00 AM,4:30 AM,12:00 AM,4:30 AM to 12:00 AM,4:30 AM,12:00 AM,READY,True
2956-91440,13765,10th & Trenton,CO,7017 N 10th,McAllen,TX,78504,US,26.267,-98.21971,+1 956-994-9014,True,False,False,Open until 12:00 AM,Open today from 4:30 AM - 12:00 AM,10th-trenton-7017-n-10th-v-mc-allen-tx-785043288-us,GMT-05:00 America/Chicago,22.9361,True,True,True,True,True,False,True,False,True,True,4:30 AM to 12:00 AM,4:30 AM,12:00 AM,4:30 AM to 12:00 AM,4:30 AM,12:00 AM,4:30 AM to 12:00 AM,4:30 AM,12:00 AM,4:30 AM to 12:00 AM,4:30 AM,12:00 AM,4:30 AM to 12:00 AM,4:30 AM,12:00 AM,4:30 AM to 12:00 AM,4:30 AM,12:00 AM,4:30 AM to 12:00 AM,4:30 AM,12:00 AM,READY,True
81403-306941,1052523,W Nolana Ave & N Ware Rd,CO,3501 Nolana Ave,McAllen,TX,78504,US,26.24172,-98.25418,+1 956-452-9321,True,False,False,Open until 12:30 AM,Open today from 5:00 AM - 12:30 AM,w-nolana-ave-n-ware-rd-3501-nolana-ave-mc-allen-tx-785044594-us,GMT-05:00 America/Chicago,22.969,True,True,True,True,True,True,True,True,True,True,5:00 AM to 12:30 AM,5:00 AM,12:30 AM,5:00 AM to 12:30 AM,5:00 AM,12:30 AM,5:00 AM to 12:30 AM,5:00 AM,12:30 AM,5:00 AM to 12:30 AM,5:00 AM,12:30 AM,5:00 AM to 12:30 AM,5:00 AM,12:30 AM,5:00 AM to 12:30 AM,5:00 AM,12:30 AM,5:00 AM to 12:30 AM,5:00 AM,12:30 AM,READY,True
76671-104559,10111,Target McAllen 2224,LS,3600 Nolana Ave,McAllen,TX,78504,US,26.24445,-98.25408,+1 956-618-7700,False,False,False,Opens Thursday at 8:00 AM,Open today from 8:00 AM - 8:00 PM,target-mc-allen-2224-3600-nolana-ave-mc-allen-tx-785044594-us,GMT-05:00 America/Chicago,23.1022,True,False,False,True,False,False,True,False,True,False,8:00 AM to 8:00 PM,8:00 AM,8:00 PM,8:00 AM to 8:00 PM,8:00 AM,8:00 PM,8:00 AM to 8:00 PM,8:00 AM,8:00 PM,8:00 AM to 8:00 PM,8:00 AM,8:00 PM,8:00 AM to 8:00 PM,8:00 AM,8:00 PM,8:00 AM to 8:00 PM,8:00 AM,8:00 PM,8:00 AM to 8:00 PM,8:00 AM,8:00 PM,NOT_ELIGIBLE,False
9893-98527,9577,Ed Carey & Sunshine Strip,CO,1521 N Ed Carey Dr,Harlingen,TX,78550,US,26.17272,-97.67433,+1 956-423-4938,True,False,False,Open until 11:30 PM,Open today from 4:30 AM - 11:30 PM,ed-carey-sunshine-strip-1521-n-ed-carey-dr-harlingen-tx-785508209-us,GMT-05:00 America/Chicago,23.4699,True,True,True,True,True,True,True,True,True,True,4:30 AM to 11:30 PM,4:30 AM,11:30 PM,4:30 AM to 11:30 PM,4:30 AM,11:30 PM,5:00 AM to 11:30 PM,5:00 AM,11:30 PM,5:00 AM to 11:30 PM,5:00 AM,11:30 PM,4:30 AM to 11:30 PM,4:30 AM,11:30 PM,4:30 AM to 7:00 PM,4:30 AM,7:00 PM,4:30 AM to 11:30 PM,4:30 AM,11:30 PM,READY,True
69774-302096,1040275,US Hwy 83 @ S Sam Houston Blvd,CO,151 W Expy 83,San Benito,TX,78586,US,26.1265,-97.63773,+1 956-338-0108,True,False,False,Open until 11:30 PM,Open today from 4:30 AM - 11:30 PM,us-hwy-83-s-sam-houston-blvd-151-w-expy-83-san-benito-tx-785862901-us,GMT-05:00 America/Chicago,24.1241,True,True,True,True,True,True,True,True,True,True,4:30 AM to 11:30 PM,4:30 AM,11:30 PM,4:30 AM to 11:30 PM,4:30 AM,11:30 PM,5:00 AM to 11:30 PM,5:00 AM,11:30 PM,5:00 AM to 11:30 PM,5:00 AM,11:30 PM,4:30 AM to 7:00 PM,4:30 AM,7:00 PM,4:30 AM to 11:30 PM,4:30 AM,11:30 PM,4:30 AM to 11:30 PM,4:30 AM,11:30 PM,READY,True
19967-164927,1005625,University & McColl,CO,2720 West University,Edinburg,TX,78539,US,26.30513,-98.19181,+1 956-386-1719,True,False,False,Open until 12:00 AM,Open today from 4:30 AM - 12:00 AM,university-mc-coll-2720-west-university-suite-a-edinburg-tx-785392835,GMT-05:00 America/Chicago,24.2071,True,True,True,True,True,False,True,False,True,True,4:30 AM to 12:00 AM,4:30 AM,12:00 AM,4:30 AM to 12:00 AM,4:30 AM,12:00 AM,4:30 AM to 12:00 AM,4:30 AM,12:00 AM,4:30 AM to 12:00 AM,4:30 AM,12:00 AM,4:30 AM to 12:00 AM,4:30 AM,12:00 AM,4:30 AM to 12:00 AM,4:30 AM,12:00 AM,4:30 AM to 12:00 AM,4:30 AM,12:00 AM,READY,True
71573-306431,1042733,E I-2 & S Conway Ave,CO,307 E Expressway 83,Mission,TX,78572,US,26.20138,-98.32388,+1 956-232-8511,True,False,False,Open until 12:00 AM,Open today from 5:00 AM - 12:00 AM,e-i-2-s-conway-ave-307-e-expressway-83-mission-tx-785725560-us,GMT-05:00 America/Chicago,24.4427,True,True,True,True,True,True,True,False,True,True,5:00 AM to 12:00 AM,5:00 AM,12:00 AM,5:00 AM to 12:00 AM,5:00 AM,12:00 AM,5:00 AM to 12:00 AM,5:00 AM,12:00 AM,5:00 AM to 12:00 AM,5:00 AM,12:00 AM,5:00 AM to 12:00 AM,5:00 AM,12:00 AM,5:00 AM to 12:00 AM,5:00 AM,12:00 AM,5:00 AM to 12:00 AM,5:00 AM,12:00 AM,READY,True
29566-254291,1022180,SH 48 & SH 100,CO,1754 SH 100,Port Isabel,TX,78578,US,26.07416,-97.22732,+1 956-551-5431,True,False,False,Open until 8:00 PM,Open today from 5:00 AM - 8:00 PM,sh-48-sh-100-1754-sh-100-port-isabel-tx-78578-us,GMT-05:00 America/Chicago,5.3139,True,True,True,True,True,True,True,True,True,True,5:00 AM to 8:00 PM,5:00 AM,8:00 PM,5:00 AM to 9:00 PM,5:00 AM,9:00 PM,5:00 AM to 9:00 PM,5:00 AM,9:00 PM,5:00 AM to 7:00 PM,5:00 AM,7:00 PM,5:00 AM to 8:00 PM,5:00 AM,8:00 PM,5:00 AM to 8:00 PM,5:00 AM,8:00 PM,5:00 AM to 8:00 PM,5:00 AM,8:00 PM,READY,True
82549-307438,1053729,Ruben Torres & S Minnesota Ave,CO,5720 Ruben M Torres Blvd,Brownsville,TX,78526,US,25.94515,-97.43057,+1 956-233-7394,True,False,False,Open until 11:30 PM,Open today from 4:30 AM - 11:30 PM,ruben-torres-s-minnesota-ave-5720-ruben-m-torres-blvd-brownsville-tx-78526-us,GMT-05:00 America/Chicago,11.8391,True,True,True,True,True,False,True,False,True,True,4:30 AM to 11:30 PM,4:30 AM,11:30 PM,4:30 AM to 11:30 PM,4:30 AM,11:30 PM,5:00 AM to 11:30 PM,5:00 AM,11:30 PM,5:00 AM to 11:30 PM,5:00 AM,11:30 PM,4:30 AM to 11:30 PM,4:30 AM,11:30 PM,4:30 AM to 11:30 PM,4:30 AM,11:30 PM,4:30 AM to 11:30 PM,4:30 AM,11:30 PM,READY,True
81404-305688,1052524,Boca Chica Blvd & Los Ebnos Bl,CO,2491 Boca Chica Blvd,Brownsville,TX,78521,US,25.9222,-97.48334,+1 956-452-9317,True,False,False,Open until 11:30 PM,Open today from 4:30 AM - 11:30 PM,boca-chica-blvd-los-ebnos-bl-2491-boca-chica-blvd-brownsville-tx-785212307-us,GMT-05:00 America/Chicago,15.46,True,True,True,True,True,False,True,False,False,True,4:30 AM to 11:30 PM,4:30 AM,11:30 PM,4:30 AM to 11:30 PM,4:30 AM,11:30 PM,5:00 AM to 11:30 PM,5:00 AM,11:30 PM,5:00 AM to 11:30 PM,5:00 AM,11:30 PM,4:30 AM to 11:30 PM,4:30 AM,11:30 PM,4:30 AM to 11:30 PM,4:30 AM,11:30 PM,4:30 AM to 11:30 PM,4:30 AM,11:30 PM,READY,True
10410-99557,8116,FM 802 & San Marcelo,CO,1465 E Ruben M Torres Sr. Blvd.,Brownsville,TX,78521,US,25.9519,-97.49653,+1 956-541-2750,True,False,False,Open until 11:30 PM,Open today from 4:30 AM - 11:30 PM,fm-802-san-marcelo-1465-e-ruben-m-torres-sr-blvd-brownsville-tx-78521,GMT-05:00 America/Chicago,15.6693,True,True,True,True,True,True,True,True,True,True,4:30 AM to 11:30 PM,4:30 AM,11:30 PM,4:30 AM to 11:30 PM,4:30 AM,11:30 PM,5:00 AM to 11:30 PM,5:00 AM,11:30 PM,5:00 AM to 11:30 PM,5:00 AM,11:30 PM,4:30 AM to 11:30 PM,4:30 AM,11:30 PM,4:30 AM to 11:30 PM,4:30 AM,11:30 PM,4:30 AM to 11:30 PM,4:30 AM,11:30 PM,READY,True
76581-101598,8409,Target Brownsville 2152,LS,4200 N Expy,Brownsville,TX,78526,US,25.96883,-97.51003,+1 956-698-6120,False,False,False,Opens Thursday at 8:00 AM,Open today from 8:00 AM - 8:00 PM,target-brownsville-2152-4200-n-expy-brownsville-tx-785264000-us,GMT-05:00 America/Chicago,16.2931,True,False,False,True,True,False,True,False,True,False,8:00 AM to 8:00 PM,8:00 AM,8:00 PM,8:00 AM to 8:00 PM,8:00 AM,8:00 PM,8:00 AM to 8:00 PM,8:00 AM,8:00 PM,8:00 AM to 8:00 PM,8:00 AM,8:00 PM,8:00 AM to 8:00 PM,8:00 AM,8:00 PM,8:00 AM to 8:00 PM,8:00 AM,8:00 PM,8:00 AM to 8:00 PM,8:00 AM,8:00 PM,NOT_ELIGIBLE,False
19112-177185,116569,83 Expy & Morrison,CO,4247 N Expressway 77,Brownsville,TX,78520,US,25.96522,-97.51232,+1 956-350-8024,True,False,False,Open until 11:30 PM,Open today from 4:30 AM - 11:30 PM,83-expy-morrison-4247-n-expressway-77-brownsville-tx-785209303-us,GMT-05:00 America/Chicago,16.4689,True,True,True,True,True,True,True,True,True,True,4:30 AM to 11:30 PM,4:30 AM,11:30 PM,4:30 AM to 11:30 PM,4:30 AM,11:30 PM,5:00 AM to 11:30 PM,5:00 AM,11:30 PM,5:00 AM to 11:30 PM,5:00 AM,11:30 PM,4:30 AM to 11:30 PM,4:30 AM,11:30 PM,4:30 AM to 11:30 PM,4:30 AM,11:30 PM,4:30 AM to 11:30 PM,4:30 AM,11:30 PM,READY,True
26924-237046,1016048,Collier & Triangle,CO,6839 Collier Blvd,Naples,FL,34114,US,26.06655,-81.69768,+1 239-315-2368,True,False,False,Open until 7:00 PM,Open today from 5:00 AM - 7:00 PM,collier-triangle-6839-collier-blvd-ste-101-naples-fl-341143633-us,GMT-04:00 America/New_York,13.1057,True,True,True,True,True,True,True,True,True,True,5:00 AM to 7:00 PM,5:00 AM,7:00 PM,5:00 AM to 9:00 PM,5:00 AM,9:00 PM,5:00 AM to 9:00 PM,5:00 AM,9:00 PM,5:00 AM to 9:00 PM,5:00 AM,9:00 PM,5:00 AM to 9:00 PM,5:00 AM,9:00 PM,5:00 AM to 9:00 PM,5:00 AM,9:00 PM,5:00 AM to 9:00 PM,5:00 AM,9:00 PM,READY,True
8570-224168,1010108,1080 N. Collier Blvd,CO,1080 N Collier Blvd,Marco Island,FL,34145,US,25.95545,-81.72268,+1 239-389-5712,True,False,False,Open until 9:00 PM,Open today from 5:00 AM - 9:00 PM,1080-n-collier-blvd-1080-n-collier-blvd-marco-island-fl-341452538-us,GMT-04:00 America/New_York,14.1696,True,True,True,True,True,True,True,True,True,True,5:00 AM to 9:00 PM,5:00 AM,9:00 PM,5:00 AM to 9:00 PM,5:00 AM,9:00 PM,5:00 AM to 9:00 PM,5:00 AM,9:00 PM,5:00 AM to 9:00 PM,5:00 AM,9:00 PM,5:00 AM to 9:00 PM,5:00 AM,9:00 PM,5:00 AM to 9:00 PM,5:00 AM,9:00 PM,5:00 AM to 9:00 PM,5:00 AM,9:00 PM,READY,True
9694-233146,1013155,Radio & Santa Barbara,CO,7335 Radio Rd,Naples,FL,34104,US,26.15676,-81.72068,+1 239-353-2251,True,False,False,Open until 9:00 PM,Open today from 5:00 AM - 9:00 PM,radio-santa-barbara-7335-radio-rd-unit-1-naples-fl-341046727-us,GMT-04:00 America/New_York,17.4606,True,True,True,True,True,True,True,True,True,True,5:00 AM to 9:00 PM,5:00 AM,9:00 PM,5:00 AM to 9:00 PM,5:00 AM,9:00 PM,5:00 AM to 9:00 PM,5:00 AM,9:00 PM,5:00 AM to 9:00 PM,5:00 AM,9:00 PM,5:00 AM to 9:00 PM,5:00 AM,9:00 PM,5:00 AM to 9:00 PM,5:00 AM,9:00 PM,5:00 AM to 9:00 PM,5:00 AM,9:00 PM,READY,True
10726-102459,17190,4810 Davis Blvd,CO,4810 Davis Blvd,Naples,FL,34104,US,26.13818,-81.74933,+1 239-732-1968,True,False,False,Open until 8:00 PM,Open today from 5:00 AM - 8:00 PM,4810-davis-blvd-4810-davis-blvd-naples-fl-341045306-us,GMT-04:00 America/New_York,18.1827,True,True,True,True,True,True,True,True,True,True,5:00 AM to 8:00 PM,5:00 AM,8:00 PM,5:00 AM to 8:00 PM,5:00 AM,8:00 PM,5:00 AM to 8:00 PM,5:00 AM,8:00 PM,5:00 AM to 8:00 PM,5:00 AM,8:00 PM,5:00 AM to 8:00 PM,5:00 AM,8:00 PM,5:00 AM to 8:00 PM,5:00 AM,8:00 PM,5:00 AM to 8:00 PM,5:00 AM,8:00 PM,READY,True
52131-271726,1023293,US 41 & Airport,CO,3260 Tamiami Trl E,Naples,FL,34112,US,26.12655,-81.76646,+1 239-315-3814,True,False,False,Open until 9:00 PM,Open today from 5:00 AM - 9:00 PM,us-41-airport-3260-tamiami-trl-e-naples-fl-341125757-us,GMT-04:00 America/New_York,18.7076,True,True,True,True,True,True,True,True,True,True,5:00 AM to 9:00 PM,5:00 AM,9:00 PM,5:00 AM to 9:00 PM,5:00 AM,9:00 PM,5:00 AM to 9:00 PM,5:00 AM,9:00 PM,5:00 AM to 9:00 PM,5:00 AM,9:00 PM,5:00 AM to 9:00 PM,5:00 AM,9:00 PM,5:00 AM to 7:00 PM,5:00 AM,7:00 PM,5:00 AM to 9:00 PM,5:00 AM,9:00 PM,NOT_READY,True
8454-44639,15396,796 Fifth Ave,CO,796 5th Ave S,Naples,FL,34102,US,26.14156,-81.79655,+1 239-213-9900,True,False,False,Open until 9:00 PM,Open today from 5:00 AM - 9:00 PM,796-fifth-ave-796-5th-ave-s-101-naples-fl-341026647-us,GMT-04:00 America/New_York,20.8423,True,False,True,True,True,True,True,True,True,True,5:00 AM to 9:00 PM,5:00 AM,9:00 PM,5:00 AM to 9:00 PM,5:00 AM,9:00 PM,5:00 AM to 9:00 PM,5:00 AM,9:00 PM,5:00 AM to 9:00 PM,5:00 AM,9:00 PM,5:00 AM to 9:00 PM,5:00 AM,9:00 PM,5:00 AM to 9:00 PM,5:00 AM,9:00 PM,5:00 AM to 9:00 PM,5:00 AM,9:00 PM,READY,True
10360-100614,10622,Pineridge & Livingston,CO,3370 Pine Ridge Rd,Naples,FL,34109,US,26.21119,-81.74981,+1 239-213-4291,True,False,False,Open until 9:30 PM,Open today from 4:30 AM - 9:30 PM,pineridge-livingston-3370-pine-ridge-rd-naples-fl-341093858-us,GMT-04:00 America/New_York,21.2874,True,True,True,True,True,True,True,True,True,True,4:30 AM to 9:30 PM,4:30 AM,9:30 PM,4:30 AM to 9:30 PM,4:30 AM,9:30 PM,5:00 AM to 9:30 PM,5:00 AM,9:30 PM,5:00 AM to 9:30 PM,5:00 AM,9:30 PM,4:30 AM to 9:30 PM,4:30 AM,9:30 PM,4:30 AM to 9:30 PM,4:30 AM,9:30 PM,4:30 AM to 9:30 PM,4:30 AM,9:30 PM,READY,True
67776-302492,1031878,Coastland Mall,LS,2004 Tamiami Trail N.,Naples,FL,34102,US,26.16952,-81.79738,+1 917-603-2434,False,False,False,Opens Thursday at 10:00 AM,Open today from 10:00 AM - 7:00 PM,coastland-mall-2004-tamiami-trail-n-naples-fl-34102-us,GMT-04:00 America/New_York,21.8573,True,False,True,True,True,False,True,False,False,False,10:00 AM to 7:00 PM,10:00 AM,7:00 PM,10:00 AM to 8:00 PM,10:00 AM,8:00 PM,10:00 AM to 8:00 PM,10:00 AM,8:00 PM,12:00 PM to 6:00 PM,12:00 PM,6:00 PM,10:00 AM to 7:00 PM,10:00 AM,7:00 PM,10:00 AM to 7:00 PM,10:00 AM,7:00 PM,10:00 AM to 7:00 PM,10:00 AM,7:00 PM,NOT_READY,False
26974-239031,1014529,Collier Blvd & Immokalee Rd,CO,8867 Immokalee Rd,Naples,FL,34120,US,26.27384,-81.68625,+1 239-986-0065,True,False,False,Open until 9:00 PM,Open today from 4:30 AM - 9:00 PM,collier-blvd-immokalee-rd-8867-immokalee-rd-unit-101-naples-fl-341203991-us,GMT-04:00 America/New_York,22.1687,True,True,True,True,True,True,True,True,True,True,4:30 AM to 9:00 PM,4:30 AM,9:00 PM,4:30 AM to 9:00 PM,4:30 AM,9:00 PM,4:30 AM to 9:00 PM,4:30 AM,9:00 PM,4:30 AM to 9:00 PM,4:30 AM,9:00 PM,4:30 AM to 9:00 PM,4:30 AM,9:00 PM,4:30 AM to 9:00 PM,4:30 AM,9:00 PM,4:30 AM to 9:00 PM,4:30 AM,9:00 PM,READY,True
76216-90901,8276,Target Naples 899,LS,2324 Pine Ridge Rd,Naples,FL,34109,US,26.20939,-81.77094,+1 239-435-0051,False,False,False,Opens Thursday at 8:00 AM,Open today from 8:00 AM - 8:00 PM,target-naples-899-2324-pine-ridge-rd-naples-fl-341092003-us,GMT-04:00 America/New_York,22.1788,True,False,False,True,False,False,True,False,True,False,8:00 AM to 8:00 PM,8:00 AM,8:00 PM,8:00 AM to 8:00 PM,8:00 AM,8:00 PM,8:00 AM to 8:00 PM,8:00 AM,8:00 PM,8:00 AM to 8:00 PM,8:00 AM,8:00 PM,8:00 AM to 8:00 PM,8:00 AM,8:00 PM,8:00 AM to 8:00 PM,8:00 AM,8:00 PM,8:00 AM to 8:00 PM,8:00 AM,8:00 PM,NOT_ELIGIBLE,False
29622-253086,1021749,Old Trail Drive & US 41,CO,830 Old Trail Dr,Naples,FL,34103,US,26.19705,-81.80161,+1 239-571-3599,True,False,False,Open until 9:00 PM,Open today from 5:00 AM - 9:00 PM,old-trail-drive-us-41-830-old-trail-dr-naples-fl-341033547-us,GMT-04:00 America/New_York,23.1429,True,True,True,True,True,True,True,True,True,True,5:00 AM to 9:00 PM,5:00 AM,9:00 PM,5:00 AM to 9:00 PM,5:00 AM,9:00 PM,5:00 AM to 9:00 PM,5:00 AM,9:00 PM,5:00 AM to 9:00 PM,5:00 AM,9:00 PM,5:00 AM to 7:00 PM,5:00 AM,7:00 PM,5:00 AM to 9:00 PM,5:00 AM,9:00 PM,5:00 AM to 9:00 PM,5:00 AM,9:00 PM,READY,True
9700-94110,17303,Pine Ridge & Goodlette,CO,1427 Pine Ridge Rd,Naples,FL,34109,US,26.2119,-81.79085,+1 239-514-1388,True,False,False,Open until 8:00 PM,Open today from 5:00 AM - 8:00 PM,pine-ridge-goodlette-1427-pine-ridge-rd-101-naples-fl-341092115-us,GMT-04:00 America/New_York,23.2379,True,True,True,True,True,True,True,True,True,True,5:00 AM to 8:00 PM,5:00 AM,8:00 PM,5:00 AM to 8:00 PM,5:00 AM,8:00 PM,5:00 AM to 8:00 PM,5:00 AM,8:00 PM,5:00 AM to 8:00 PM,5:00 AM,8:00 PM,5:00 AM to 8:00 PM,5:00 AM,8:00 PM,5:00 AM to 8:00 PM,5:00 AM,8:00 PM,5:00 AM to 8:00 PM,5:00 AM,8:00 PM,READY,True
10359-97022,7564,Vanderbilt & Airport,CO,2315 Vanderbilt Beach Rd,Naples,FL,34109,US,26.24431,-81.77225,+1 239-591-0105,True,False,False,Open until 9:00 PM,Open today from 5:00 AM - 9:00 PM,vanderbilt-airport-2315-vanderbilt-beach-rd-308-naples-fl-341092772-u,GMT-04:00 America/New_York,23.8786,True,True,True,True,True,True,True,True,True,True,5:00 AM to 9:00 PM,5:00 AM,9:00 PM,5:00 AM to 9:00 PM,5:00 AM,9:00 PM,5:00 AM to 9:00 PM,5:00 AM,9:00 PM,5:00 AM to 9:00 PM,5:00 AM,9:00 PM,5:00 AM to 9:00 PM,5:00 AM,9:00 PM,5:00 AM to 9:00 PM,5:00 AM,9:00 PM,5:00 AM to 9:00 PM,5:00 AM,9:00 PM,READY,True
76768-101464,7647,Target Naples NORTH 2063,LS,2415 Tarpon Bay Blvd,Naples,FL,34119,US,26.27046,-81.73973,+1 239-552-1100,False,False,False,Opens Thursday at 7:00 AM,Open today from 7:00 AM - 8:00 PM,target-naples-north-2063-2415-tarpon-bay-blvd-naples-fl-341198764-us,GMT-04:00 America/New_York,23.8815,True,False,False,True,False,False,True,False,True,False,7:00 AM to 8:00 PM,7:00 AM,8:00 PM,7:00 AM to 8:00 PM,7:00 AM,8:00 PM,7:00 AM to 8:00 PM,7:00 AM,8:00 PM,7:00 AM to 8:00 PM,7:00 AM,8:00 PM,7:00 AM to 8:00 PM,7:00 AM,8:00 PM,7:00 AM to 8:00 PM,7:00 AM,8:00 PM,7:00 AM to 8:00 PM,7:00 AM,8:00 PM,NOT_ELIGIBLE,False
47044-253565,1018140,Pines Boulevard & SW 184th,CO,18310 Pines Blvd,Pembroke Pines,FL,33029,US,26.00695,-80.38921,+1 954-459-0626,True,False,False,Open until 9:00 PM,Open today from 5:00 AM - 9:00 PM,pines-boulevard-sw-184th-18310-pines-blvd-pembroke-pines-fl-330291412-us,GMT-04:00 America/New_York,22.4098,True,True,True,True,True,True,True,True,True,True,5:00 AM to 9:00 PM,5:00 AM,9:00 PM,5:00 AM to 9:00 PM,5:00 AM,9:00 PM,5:00 AM to 9:00 PM,5:00 AM,9:00 PM,5:00 AM to 9:00 PM,5:00 AM,9:00 PM,5:00 AM to 9:00 PM,5:00 AM,9:00 PM,5:00 AM to 9:00 PM,5:00 AM,9:00 PM,5:00 AM to 9:00 PM,5:00 AM,9:00 PM,READY,True
76114-79325,12809,Target Miramar 1512,LS,16901 Miramar Pkwy,Miramar,FL,33027,US,25.98021,-80.37186,+1 954-572-6724,False,False,False,Opens Thursday at 7:00 AM,Open today from 7:00 AM - 8:00 PM,target-miramar-1512-16901-miramar-pkwy-miramar-fl-330274528-us,GMT-04:00 America/New_York,23.5245,True,False,False,True,True,True,True,False,True,False,7:00 AM to 8:00 PM,7:00 AM,8:00 PM,7:00 AM to 8:00 PM,7:00 AM,8:00 PM,7:00 AM to 8:00 PM,7:00 AM,8:00 PM,7:00 AM to 8:00 PM,7:00 AM,8:00 PM,7:00 AM to 8:00 PM,7:00 AM,8:00 PM,7:00 AM to 8:00 PM,7:00 AM,8:00 PM,7:00 AM to 8:00 PM,7:00 AM,8:00 PM,NOT_ELIGIBLE,False
8236-995,16663,Lakes Plaza,CO,310 Indian Trce,Weston,FL,33326,US,26.11819,-80.39276,+1 954-385-0322,True,False,False,Open until 9:00 PM,Open today from 5:00 AM - 9:00 PM,lakes-plaza-310-indian-trce-weston-fl-333262996-us,GMT-04:00 America/New_York,23.6296,True,False,True,True,True,True,True,True,True,True,5:00 AM to 9:00 PM,5:00 AM,9:00 PM,5:00 AM to 9:00 PM,5:00 AM,9:00 PM,5:00 AM to 9:00 PM,5:00 AM,9:00 PM,5:00 AM to 9:00 PM,5:00 AM,9:00 PM,5:00 AM to 9:00 PM,5:00 AM,9:00 PM,5:00 AM to 9:00 PM,5:00 AM,9:00 PM,5:00 AM to 9:00 PM,5:00 AM,9:00 PM,READY,True
8380-12122,15373,Weston Town Center,CO,1739 Main St,Weston,FL,33326,US,26.09701,-80.38145,+1 954-659-2483,True,False,False,Open until 9:00 PM,Open today from 5:00 AM - 9:00 PM,weston-town-center-1739-main-st-weston-fl-333263668-us,GMT-04:00 America/New_York,23.8394,True,False,True,True,True,True,True,True,True,True,5:00 AM to 9:00 PM,5:00 AM,9:00 PM,5:00 AM to 9:00 PM,5:00 AM,9:00 PM,5:00 AM to 9:00 PM,5:00 AM,9:00 PM,5:00 AM to 9:00 PM,5:00 AM,9:00 PM,5:00 AM to 9:00 PM,5:00 AM,9:00 PM,5:00 AM to 9:00 PM,5:00 AM,9:00 PM,5:00 AM to 9:00 PM,5:00 AM,9:00 PM,READY,True
8648-203906,1011011,Miramar Pkwy & Dykes Rd,CO,3100 Dykes Rd,Miramar,FL,33027,US,25.97995,-80.36019,+1 954-392-5105,True,False,False,Open until 9:00 PM,Open today from 5:00 AM - 9:00 PM,miramar-pkwy-dykes-rd-3100-dykes-rd-miramar-fl-330271225-us,GMT-04:00 America/New_York,24.2491,True,True,True,True,True,True,True,True,True,True,5:00 AM to 9:00 PM,5:00 AM,9:00 PM,5:00 AM to 9:00 PM,5:00 AM,9:00 PM,5:00 AM to 9:00 PM,5:00 AM,9:00 PM,5:00 AM to 9:00 PM,5:00 AM,9:00 PM,5:00 AM to 9:00 PM,5:00 AM,9:00 PM,5:00 AM to 9:00 PM,5:00 AM,9:00 PM,5:00 AM to 9:00 PM,5:00 AM,9:00 PM,READY,True
2816-85943,9045,Sheridan St & Dykes Rd,CO,15951 Sheridan St,Southwest Ranches,FL,33331,US,26.02992,-80.36013,+1 954-434-3496,True,False,False,Open until 9:00 PM,Open today from 5:00 AM - 9:00 PM,sheridan-st-dykes-rd-15951-sheridan-st-southwest-ranches-fl-333313491-u,GMT-04:00 America/New_York,24.2962,True,True,True,True,True,True,True,True,True,True,5:00 AM to 9:00 PM,5:00 AM,9:00 PM,5:00 AM to 9:00 PM,5:00 AM,9:00 PM,5:00 AM to 9:00 PM,5:00 AM,9:00 PM,5:00 AM to 9:00 PM,5:00 AM,9:00 PM,5:00 AM to 9:00 PM,5:00 AM,9:00 PM,5:00 AM to 9:00 PM,5:00 AM,9:00 PM,5:00 AM to 9:00 PM,5:00 AM,9:00 PM,READY,True
8576-82240,17663,Griffin & Weston,CO,4503 Weston Rd,Weston,FL,33331,US,26.06538,-80.363,+1 954-385-0495,True,False,False,Open until 9:00 PM,Open today from 5:00 AM - 9:00 PM,griffin-weston-4503-weston-rd-weston-fl-333313139-us,GMT-04:00 America/New_York,24.4472,True,False,True,True,True,True,True,True,True,True,5:00 AM to 9:00 PM,5:00 AM,9:00 PM,5:00 AM to 9:00 PM,5:00 AM,9:00 PM,5:00 AM to 9:00 PM,5:00 AM,9:00 PM,5:00 AM to 9:00 PM,5:00 AM,9:00 PM,5:00 AM to 9:00 PM,5:00 AM,9:00 PM,5:00 AM to 9:00 PM,5:00 AM,9:00 PM,5:00 AM to 9:00 PM,5:00 AM,9:00 PM,READY,True
11344-104461,10892,15810 Pines Blvd,CO,15810 Pines Blvd,Pembroke Pines,FL,33027,US,26.00687,-80.35577,+1 954-436-6645,True,False,False,Open until 9:00 PM,Open today from 5:00 AM - 9:00 PM,15810-pines-blvd-15810-pines-blvd-pembroke-pines-fl-330271208-us,GMT-04:00 America/New_York,24.4858,True,True,True,True,True,True,True,True,True,True,5:00 AM to 9:00 PM,5:00 AM,9:00 PM,5:00 AM to 9:00 PM,5:00 AM,9:00 PM,5:00 AM to 9:00 PM,5:00 AM,9:00 PM,5:00 AM to 9:00 PM,5:00 AM,9:00 PM,5:00 AM to 9:00 PM,5:00 AM,9:00 PM,5:00 AM to 9:00 PM,5:00 AM,9:00 PM,5:00 AM to 9:00 PM,5:00 AM,9:00 PM,READY,True
8550-74720,11241,Hallandale Beach Blvd&Diplomat,CO,1805 E Hallandale Beach Blvd,Hallandale Beach,FL,33009,US,25.9867,-80.12911,+1 954-458-2655,True,False,False,Open until 9:00 PM,Open today from 5:00 AM - 9:00 PM,hallandale-beach-blvd-diplomat-1805-e-hallandale-beach-blvd-hallandale-beach-fl-3,GMT-04:00 America/New_York,8.0708,True,False,True,True,True,True,True,True,True,True,5:00 AM to 9:00 PM,5:00 AM,9:00 PM,5:00 AM to 9:00 PM,5:00 AM,9:00 PM,5:00 AM to 9:00 PM,5:00 AM,9:00 PM,5:00 AM to 9:00 PM,5:00 AM,9:00 PM,5:00 AM to 9:00 PM,5:00 AM,9:00 PM,5:00 AM to 9:00 PM,5:00 AM,9:00 PM,5:00 AM to 9:00 PM,5:00 AM,9:00 PM,READY,True
65913-299455,1039147,Publix Sunny Isles Beach 1536,LS,18320 Collins Ave,Sunny Isles Beach,FL,33160,US,25.94603,-80.12183,+1 305-935-1556,False,False,False,Opens Thursday at 7:00 AM,Open today from 7:00 AM - 7:00 PM,publix-sunny-isles-beach-1536-18320-collins-ave-sunny-isles-beach-fl-33160-us,GMT-04:00 America/New_York,8.4363,True,False,False,True,True,True,False,False,False,False,7:00 AM to 7:00 PM,7:00 AM,7:00 PM,7:00 AM to 7:00 PM,7:00 AM,7:00 PM,7:00 AM to 7:00 PM,7:00 AM,7:00 PM,7:00 AM to 7:00 PM,7:00 AM,7:00 PM,7:00 AM to 7:00 PM,7:00 AM,7:00 PM,7:00 AM to 7:00 PM,7:00 AM,7:00 PM,7:00 AM to 7:00 PM,7:00 AM,7:00 PM,NOT_ELIGIBLE,False
8290-2302,15351,Collins Ave & 171st St,CO,17100 Collins Ave,Sunny Isles Beach,FL,33160,US,25.93468,-80.12199,+1 305-940-8812,True,False,False,Open until 9:00 PM,Open today from 5:00 AM - 9:00 PM,collins-ave-171st-st-17100-collins-ave-ste-101-sunny-isles-beach-fl-331,GMT-04:00 America/New_York,8.8199,True,False,True,True,True,True,True,True,True,False,5:00 AM to 9:00 PM,5:00 AM,9:00 PM,5:00 AM to 9:00 PM,5:00 AM,9:00 PM,5:00 AM to 9:00 PM,5:00 AM,9:00 PM,5:00 AM to 9:00 PM,5:00 AM,9:00 PM,5:00 AM to 9:00 PM,5:00 AM,9:00 PM,5:00 AM to 9:00 PM,5:00 AM,9:00 PM,5:00 AM to 9:00 PM,5:00 AM,9:00 PM,READY,True
49266-238016,1016677,JW Marriott Miami Turnberry,LS,19999 West Country Club Dr,Aventura,FL,33180,US,25.9599,-80.13867,+1 786-279-6666,True,False,False,Open until 6:00 PM,Open today from 6:00 AM - 6:00 PM,jw-marriott-miami-turnberry-19999-west-country-club-dr-aventura-fl-33180-us,GMT-04:00 America/New_York,9.0476,True,False,False,True,False,False,True,False,True,False,6:00 AM to 6:00 PM,6:00 AM,6:00 PM,6:00 AM to 6:00 PM,6:00 AM,6:00 PM,6:00 AM to 6:00 PM,6:00 AM,6:00 PM,6:00 AM to 6:00 PM,6:00 AM,6:00 PM,6:00 AM to 6:00 PM,6:00 AM,6:00 PM,6:00 AM to 6:00 PM,6:00 AM,6:00 PM,6:00 AM to 6:00 PM,6:00 AM,6:00 PM,NOT_ELIGIBLE,False
50890-271257,1018630,Target Aventura 1074,LS,21265 BISCAYNE BLVD,Aventura,FL,33180,US,25.97265,-80.14274,+1 305-933-4616,False,False,False,Opens Thursday at 7:00 AM,Open today from 7:00 AM - 8:00 PM,target-aventura-1074-21265-biscayne-blvd-aventura-fl-33180-us,GMT-04:00 America/New_York,9.0644,True,False,False,True,True,False,True,False,True,False,7:00 AM to 8:00 PM,7:00 AM,8:00 PM,7:00 AM to 8:00 PM,7:00 AM,8:00 PM,7:00 AM to 8:00 PM,7:00 AM,8:00 PM,7:00 AM to 8:00 PM,7:00 AM,8:00 PM,7:00 AM to 8:00 PM,7:00 AM,8:00 PM,7:00 AM to 8:00 PM,7:00 AM,8:00 PM,7:00 AM to 8:00 PM,7:00 AM,8:00 PM,NOT_ELIGIBLE,False
20115-185804,1007229,Sheridan & US 1,CO,1750 Sheridan St,Hollywood,FL,33020,US,26.03306,-80.14177,+1 954-927-6403,True,False,False,Open until 7:00 PM,Open today from 5:00 AM - 7:00 PM,sheridan-us-1-1750-sheridan-st-hollywood-fl-330202275-us,GMT-04:00 America/New_York,9.0943,True,True,True,True,True,True,True,True,True,True,5:00 AM to 7:00 PM,5:00 AM,7:00 PM,5:00 AM to 9:00 PM,5:00 AM,9:00 PM,5:00 AM to 9:00 PM,5:00 AM,9:00 PM,5:00 AM to 9:00 PM,5:00 AM,9:00 PM,5:00 AM to 9:00 PM,5:00 AM,9:00 PM,5:00 AM to 9:00 PM,5:00 AM,9:00 PM,5:00 AM to 9:00 PM,5:00 AM,9:00 PM,READY,True
53616-267244,1024449,Aventura ParkSquare Offices,LS,2980 NE 207 ST.,Aventura,FL,33180,US,25.96732,-80.14263,+1 754-799-0150,False,False,False,Opens Thursday at 7:00 AM,Open today from 7:00 AM - 6:00 PM,aventura-park-square-offices-2980-ne-207-st-107-aventura-fl-33180-us,GMT-04:00 America/New_York,9.1419,True,False,True,True,True,False,True,False,True,False,7:00 AM to 6:00 PM,7:00 AM,6:00 PM,7:00 AM to 4:00 PM,7:00 AM,4:00 PM,7:00 AM to 4:00 PM,7:00 AM,4:00 PM,7:00 AM to 4:00 PM,7:00 AM,4:00 PM,7:00 AM to 6:00 PM,7:00 AM,6:00 PM,7:00 AM to 6:00 PM,7:00 AM,6:00 PM,7:00 AM to 6:00 PM,7:00 AM,6:00 PM,NOT_READY,False
56500-286012,1023167,Macy's Aventura Mall 1st Floor,LS,19535 Biscayne Blvd,Aventura,FL,33180,US,25.95724,-80.14189,+1 305-682-3371,False,False,False,Opens Thursday at 9:00 AM,Open today from 9:00 AM - 9:00 PM,macys-aventura-mall-1st-floor-19535-biscayne-blvd-aventura-fl-33180-us,GMT-04:00 America/New_York,9.2951,True,False,True,True,True,False,True,False,True,False,9:00 AM to 9:00 PM,9:00 AM,9:00 PM,9:00 AM to 9:00 PM,9:00 AM,9:00 PM,9:00 AM to 9:00 PM,9:00 AM,9:00 PM,10:00 AM to 7:00 PM,10:00 AM,7:00 PM,9:00 AM to 9:00 PM,9:00 AM,9:00 PM,9:00 AM to 9:00 PM,9:00 AM,9:00 PM,9:00 AM to 9:00 PM,9:00 AM,9:00 PM,NOT_READY,False
68199-301659,1040115,Biscayne Blvd & Ives Dairy,CO,20495 Biscayne Blvd,Aventura,FL,33180,US,25.96534,-80.14581,+1 305-851-8475,True,False,False,Open until 9:00 PM,Open today from 5:00 AM - 9:00 PM,biscayne-blvd-ives-dairy-20495-biscayne-blvd-aventura-fl-331801528-us,GMT-04:00 America/New_York,9.3675,True,True,True,True,False,True,True,True,False,True,5:00 AM to 9:00 PM,5:00 AM,9:00 PM,5:00 AM to 9:00 PM,5:00 AM,9:00 PM,5:00 AM to 9:00 PM,5:00 AM,9:00 PM,5:00 AM to 9:00 PM,5:00 AM,9:00 PM,5:00 AM to 9:00 PM,5:00 AM,9:00 PM,5:00 AM to 9:00 PM,5:00 AM,9:00 PM,5:00 AM to 9:00 PM,5:00 AM,9:00 PM,READY,True
81957-309852,1053147,The Abbey at Aventura,CO,19505 Biscayne Blvd,Aventura,FL,33180,US,25.95499,-80.14307,+1 305-705-0593,True,False,False,Open until 9:00 PM,Open today from 5:00 AM - 9:00 PM,the-abbey-at-aventura-19505-biscayne-blvd-ste-2195-aventura-fl-331803840,GMT-04:00 America/New_York,9.4149,True,False,True,True,True,True,True,True,False,True,5:00 AM to 9:00 PM,5:00 AM,9:00 PM,5:00 AM to 9:00 PM,5:00 AM,9:00 PM,5:00 AM to 9:00 PM,5:00 AM,9:00 PM,5:00 AM to 9:00 PM,5:00 AM,9:00 PM,5:00 AM to 9:00 PM,5:00 AM,9:00 PM,5:00 AM to 9:00 PM,5:00 AM,9:00 PM,5:00 AM to 9:00 PM,5:00 AM,9:00 PM,READY,True
8316-5449,15137,Biscayne Blvd & NE 191 St,CO,19127 Biscayne Blvd,Aventura,FL,33180,US,25.95257,-80.14618,+1 305-466-2899,True,False,False,Open until 9:00 PM,Open today from 5:00 AM - 9:00 PM,biscayne-blvd-ne-191-st-19127-biscayne-blvd-aventura-fl-331802310-us,GMT-04:00 America/New_York,9.653,True,False,True,True,True,True,True,True,True,True,5:00 AM to 9:00 PM,5:00 AM,9:00 PM,5:00 AM to 9:00 PM,5:00 AM,9:00 PM,5:00 AM to 9:00 PM,5:00 AM,9:00 PM,5:00 AM to 9:00 PM,5:00 AM,9:00 PM,5:00 AM to 9:00 PM,5:00 AM,9:00 PM,5:00 AM to 9:00 PM,5:00 AM,9:00 PM,5:00 AM to 9:00 PM,5:00 AM,9:00 PM,READY,True
51692-278771,1018659,FLL Terminal 1A Gate A4,LS,100 Terminal Dr,Fort Lauderdale,FL,33315,US,26.07337,-80.13602,+1 954-359-1200,True,False,False,Open until 8:30 PM,Open today from 4:00 AM - 8:30 PM,fll-terminal-1-a-gate-a-4-100-terminal-dr-fort-lauderdale-fl-33315-us,GMT-04:00 America/New_York,9.8491,True,False,True,True,True,False,True,False,False,False,4:00 AM to 8:30 PM,4:00 AM,8:30 PM,4:00 AM to 8:30 PM,4:00 AM,8:30 PM,4:00 AM to 8:30 PM,4:00 AM,8:30 PM,4:00 AM to 8:30 PM,4:00 AM,8:30 PM,4:00 AM to 8:30 PM,4:00 AM,8:30 PM,4:00 AM to 8:30 PM,4:00 AM,8:30 PM,4:00 AM to 8:30 PM,4:00 AM,8:30 PM,READY,False
24675-238015,1010302,FLL Rental Car,LS,50 Terminal Dr,Fort Lauderdale,FL,33315,US,26.0717,-80.13839,+1 954-359-1200,True,False,False,Open until 8:00 PM,Open today from 4:00 AM - 8:00 PM,fll-rental-car-50-terminal-dr-fort-lauderdale-fl-33315-us,GMT-04:00 America/New_York,9.9174,True,False,True,True,True,False,True,False,False,False,4:00 AM to 8:00 PM,4:00 AM,8:00 PM,4:00 AM to 8:00 PM,4:00 AM,8:00 PM,4:00 AM to 8:00 PM,4:00 AM,8:00 PM,4:00 AM to 8:00 PM,4:00 AM,8:00 PM,4:00 AM to 8:00 PM,4:00 AM,8:00 PM,4:00 AM to 8:00 PM,4:00 AM,8:00 PM,4:00 AM to 8:00 PM,4:00 AM,8:00 PM,READY,False
75594-10318,11470,Harbor Beach Resort & Spa Lobb,LS,3030 Holiday Dr,Fort Lauderdale,FL,33316,US,26.10763,-80.10604,+1 954-525-4000,True,False,False,Open until 4:00 PM,Open today from 6:00 AM - 4:00 PM,harbor-beach-resort-spa-lobb-3030-holiday-dr-fort-lauderdale-fl-333162498-us,GMT-04:00 America/New_York,9.9311,True,False,True,True,False,False,True,False,True,False,6:00 AM to 4:00 PM,6:00 AM,4:00 PM,6:00 AM to 4:00 PM,6:00 AM,4:00 PM,6:00 AM to 4:00 PM,6:00 AM,4:00 PM,6:00 AM to 4:00 PM,6:00 AM,4:00 PM,6:00 AM to 4:00 PM,6:00 AM,4:00 PM,6:00 AM to 4:00 PM,6:00 AM,4:00 PM,6:00 AM to 4:00 PM,6:00 AM,4:00 PM,READY,False
22708-222688,1007351,FLL Terminal 1 Concourse B Gat,LS,100 Terminal Dr,Fort Lauderdale,FL,33315,US,26.07304,-80.13841,+1 954-359-1200,True,False,False,Open until 7:00 PM,Open today from 4:00 AM - 7:00 PM,fll-terminal-1-concourse-b-gat-100-terminal-dr-fort-lauderdale-fl-33315-us,GMT-04:00 America/New_York,9.965,True,False,True,True,True,False,True,False,True,False,4:00 AM to 7:00 PM,4:00 AM,7:00 PM,4:00 AM to 7:30 PM,4:00 AM,7:30 PM,4:00 AM to 7:30 PM,4:00 AM,7:30 PM,4:00 AM to 7:30 PM,4:00 AM,7:30 PM,4:00 AM to 7:00 PM,4:00 AM,7:00 PM,4:00 AM to 7:00 PM,4:00 AM,7:00 PM,4:00 AM to 7:00 PM,4:00 AM,7:00 PM,READY,False
27563-247664,1013778,FLL PRE-SECURITY Term 1 Bag Cl,LS,100 Terminal Drive,Fort Lauderdale,FL,33315,US,26.07264,-80.1396,+1 954-359-8508,True,False,False,Open until 10:00 PM,Open today from 5:00 AM - 10:00 PM,fll-pre-security-term-1-bag-cl-100-terminal-drive-fort-lauderdale-fl-33315-us,GMT-04:00 America/New_York,10.0149,True,False,True,True,True,False,True,False,False,False,5:00 AM to 10:00 PM,5:00 AM,10:00 PM,5:00 AM to 10:00 PM,5:00 AM,10:00 PM,5:00 AM to 10:00 PM,5:00 AM,10:00 PM,5:00 AM to 10:00 PM,5:00 AM,10:00 PM,5:00 AM to 10:00 PM,5:00 AM,10:00 PM,5:00 AM to 10:00 PM,5:00 AM,10:00 PM,5:00 AM to 10:00 PM,5:00 AM,10:00 PM,READY,False
22709-222704,1007352,FLL Terminal 1 Concourse C Gat,LS,100 Terminal Dr,Fort Lauderdale,FL,33315,US,26.07351,-80.14062,+1 954-359-1200,True,False,False,Open until 7:00 PM,Open today from 4:00 AM - 7:00 PM,fll-terminal-1-concourse-c-gat-100-terminal-dr-fort-lauderdale-fl-33315-us,GMT-04:00 America/New_York,10.0999,True,False,True,True,True,False,True,False,False,False,4:00 AM to 7:00 PM,4:00 AM,7:00 PM,4:00 AM to 7:30 PM,4:00 AM,7:30 PM,4:00 AM to 7:30 PM,4:00 AM,7:30 PM,4:00 AM to 7:30 PM,4:00 AM,7:30 PM,4:00 AM to 7:00 PM,4:00 AM,7:00 PM,4:00 AM to 7:00 PM,4:00 AM,7:00 PM,4:00 AM to 7:00 PM,4:00 AM,7:00 PM,READY,False
22710-222689,1007353,FLL Terminal 2 Gate D2,LS,100 Terminal Dr,Fort Lauderdale,FL,33315,US,26.07323,-80.14356,+1 954-359-1200,True,False,False,Open until 9:30 PM,Open today from 4:00 AM - 9:30 PM,fll-terminal-2-gate-d-2-100-terminal-dr-fort-lauderdale-fl-33315-us,GMT-04:00 America/New_York,10.2485,True,False,True,True,True,False,True,False,True,False,4:00 AM to 9:30 PM,4:00 AM,9:30 PM,4:00 AM to 9:30 PM,4:00 AM,9:30 PM,4:00 AM to 9:30 PM,4:00 AM,9:30 PM,4:00 AM to 9:30 PM,4:00 AM,9:30 PM,4:00 AM to 9:30 PM,4:00 AM,9:30 PM,4:00 AM to 9:30 PM,4:00 AM,9:30 PM,4:00 AM to 9:30 PM,4:00 AM,9:30 PM,READY,False
50092-257404,1023206,Stirling & I-95,CO,1716 Stirling Rd,Dania,FL,33004,US,26.04867,-80.15647,+1 954-779-9668,True,False,False,Open until 9:00 PM,Open today from 5:00 AM - 9:00 PM,stirling-i-95-1716-stirling-rd-dania-fl-330043101-us,GMT-04:00 America/New_York,10.2804,True,True,True,True,True,True,True,True,True,True,5:00 AM to 9:00 PM,5:00 AM,9:00 PM,5:00 AM to 9:00 PM,5:00 AM,9:00 PM,5:00 AM to 9:00 PM,5:00 AM,9:00 PM,5:00 AM to 9:00 PM,5:00 AM,9:00 PM,5:00 AM to 9:00 PM,5:00 AM,9:00 PM,5:00 AM to 9:00 PM,5:00 AM,9:00 PM,5:00 AM to 9:00 PM,5:00 AM,9:00 PM,READY,True
65899-274905,1031391,Hotel Maren Ft. Lauderdale Bea,LS,525 S. Fort Lauderdale Beach Blvd,Fort Lauderdale,FL,33316,US,26.11598,-80.10507,+1 954-530-0381,False,False,False,Opens Thursday at 7:00 AM,Open today from 7:00 AM - 6:00 PM,hotel-maren-ft-lauderdale-bea-525-s-fort-lauderdale-beach-blvd-fort-lauderdale-f,GMT-04:00 America/New_York,10.3319,True,False,True,True,True,False,True,False,True,False,7:00 AM to 6:00 PM,7:00 AM,6:00 PM,7:00 AM to 6:00 PM,7:00 AM,6:00 PM,7:00 AM to 6:00 PM,7:00 AM,6:00 PM,7:00 AM to 6:00 PM,7:00 AM,6:00 PM,7:00 AM to 6:00 PM,7:00 AM,6:00 PM,7:00 AM to 6:00 PM,7:00 AM,6:00 PM,7:00 AM to 6:00 PM,7:00 AM,6:00 PM,NOT_READY,False
51879-279254,1021751,Publix Fort Lauderdale 1097,LS,1940 CORDOVA RD.,Fort Lauderdale,FL,33316,US,26.0971,-80.13014,+1 954-847-2844,False,False,False,Opens Thursday at 7:00 AM,Open today from 7:00 AM - 7:00 PM,publix-fort-lauderdale-1097-1940-cordova-rd-fort-lauderdale-fl-33316-us,GMT-04:00 America/New_York,10.501,True,False,False,True,False,False,False,False,True,False,7:00 AM to 7:00 PM,7:00 AM,7:00 PM,7:00 AM to 7:00 PM,7:00 AM,7:00 PM,7:00 AM to 7:00 PM,7:00 AM,7:00 PM,7:00 AM to 7:00 PM,7:00 AM,7:00 PM,7:00 AM to 7:00 PM,7:00 AM,7:00 PM,7:00 AM to 7:00 PM,7:00 AM,7:00 PM,7:00 AM to 7:00 PM,7:00 AM,7:00 PM,NOT_ELIGIBLE,False
23389-148984,1008689,FIU Biscayne Bay Campus Librar,LS,3000 NE 151st St,North Miami,FL,33181,US,25.91099,-80.14257,+1 305-919-5322,False,False,False,Opens Thursday at 8:00 AM,Open today from 8:00 AM - 6:00 PM,fiu-biscayne-bay-campus-librar-3000-ne-151st-st-north-miami-fl-331813605-us,GMT-04:00 America/New_York,10.7828,True,False,True,True,True,False,True,False,False,False,8:00 AM to 6:00 PM,8:00 AM,6:00 PM,8:00 AM to 4:00 PM,8:00 AM,4:00 PM,Closed,,,Closed,,,8:00 AM to 6:00 PM,8:00 AM,6:00 PM,8:00 AM to 6:00 PM,8:00 AM,6:00 PM,8:00 AM to 6:00 PM,8:00 AM,6:00 PM,NOT_READY,False
70323-114971,18610,Westin Ft. Lauderdale Beach Re,LS,321 N Route A1A,Fort Lauderdale,FL,33304,US,26.12612,-80.10394,+1 954-245-3020,True,False,False,Open until 7:00 PM,Open today from 6:00 AM - 7:00 PM,westin-ft-lauderdale-beach-re-321-n-route-a-1-a-fort-lauderdale-fl-33304-us,GMT-04:00 America/New_York,10.8422,True,False,True,True,True,False,True,False,True,False,6:00 AM to 7:00 PM,6:00 AM,7:00 PM,6:00 AM to 7:00 PM,6:00 AM,7:00 PM,6:00 AM to 7:00 PM,6:00 AM,7:00 PM,6:00 AM to 7:00 PM,6:00 AM,7:00 PM,6:00 AM to 7:00 PM,6:00 AM,7:00 PM,6:00 AM to 7:00 PM,6:00 AM,7:00 PM,6:00 AM to 7:00 PM,6:00 AM,7:00 PM,READY,False
8806-290302,10065,SE 17th St & Miami Rd,CO,921 SE 17th St,Fort Lauderdale,FL,33316,US,26.10101,-80.13369,+1 954-767-0137,True,False,False,Open until 9:00 PM,Open today from 5:00 AM - 9:00 PM,se-17th-st-miami-rd-921-se-17th-st-ste-a-fort-lauderdale-fl-333163000-,GMT-04:00 America/New_York,10.8432,True,True,True,True,True,True,True,True,True,True,5:00 AM to 9:00 PM,5:00 AM,9:00 PM,5:00 AM to 9:00 PM,5:00 AM,9:00 PM,5:00 AM to 9:00 PM,5:00 AM,9:00 PM,5:00 AM to 9:00 PM,5:00 AM,9:00 PM,5:00 AM to 9:00 PM,5:00 AM,9:00 PM,5:00 AM to 9:00 PM,5:00 AM,9:00 PM,5:00 AM to 9:00 PM,5:00 AM,9:00 PM,READY,True
8339-272135,1031798,Hollywood Blvd & Park Rd,CO,3255 Hollywood Blvd,Hollywood,FL,33021,US,26.01126,-80.17447,+1 954-965-9605,True,False,False,Open until 9:00 PM,Open today from 5:00 AM - 9:00 PM,hollywood-blvd-park-rd-3255-hollywood-blvd-2-hollywood-fl-330216906-us,GMT-04:00 America/New_York,10.8621,True,True,True,True,True,True,True,True,True,True,5:00 AM to 9:00 PM,5:00 AM,9:00 PM,5:00 AM to 9:00 PM,5:00 AM,9:00 PM,5:00 AM to 9:00 PM,5:00 AM,9:00 PM,5:00 AM to 9:00 PM,5:00 AM,9:00 PM,5:00 AM to 9:00 PM,5:00 AM,9:00 PM,5:00 AM to 9:00 PM,5:00 AM,9:00 PM,5:00 AM to 9:00 PM,5:00 AM,9:00 PM,READY,True
56259-288831,1022203,Target Hollywood 877,LS,3251 Hollywood Blvd,Hollywood,FL,33021,US,26.01299,-80.175,+1 954-963-1200,False,False,False,Opens Thursday at 7:00 AM,Open today from 7:00 AM - 8:00 PM,target-hollywood-877-3251-hollywood-blvd-hollywood-fl-330216904-us,GMT-04:00 America/New_York,10.904,True,False,False,True,False,True,True,False,True,False,7:00 AM to 8:00 PM,7:00 AM,8:00 PM,7:00 AM to 8:00 PM,7:00 AM,8:00 PM,7:00 AM to 8:00 PM,7:00 AM,8:00 PM,7:00 AM to 8:00 PM,7:00 AM,8:00 PM,7:00 AM to 8:00 PM,7:00 AM,8:00 PM,7:00 AM to 8:00 PM,7:00 AM,8:00 PM,7:00 AM to 8:00 PM,7:00 AM,8:00 PM,NOT_ELIGIBLE,False
19090-195125,1005504,9560 Harding Ave,CO,9560 Harding Ave,Surfside,FL,33154,US,25.88638,-80.12381,+1 305-867-8162,True,False,False,Open until 9:00 PM,Open today from 5:00 AM - 9:00 PM,9560-harding-ave-9560-harding-ave-surfside-fl-331542502-us,GMT-04:00 America/New_York,10.991,True,False,True,True,True,True,True,True,True,True,5:00 AM to 9:00 PM,5:00 AM,9:00 PM,5:00 AM to 9:00 PM,5:00 AM,9:00 PM,5:00 AM to 9:00 PM,5:00 AM,9:00 PM,5:00 AM to 9:00 PM,5:00 AM,9:00 PM,5:00 AM to 9:00 PM,5:00 AM,9:00 PM,5:00 AM to 9:00 PM,5:00 AM,9:00 PM,5:00 AM to 9:00 PM,5:00 AM,9:00 PM,READY,True
17086-169744,88905,1690 NE Miami Gardens Drive,CO,1690 NE Miami Gardens Dr,Miami,FL,33179,US,25.94558,-80.16742,+1 305-354-7414,True,False,False,Open until 9:00 PM,Open today from 5:00 AM - 9:00 PM,1690-ne-miami-gardens-drive-1690-ne-miami-gardens-dr-miami-fl-331794901-us,GMT-04:00 America/New_York,11.0582,True,True,True,True,True,True,True,True,True,True,5:00 AM to 9:00 PM,5:00 AM,9:00 PM,5:00 AM to 9:00 PM,5:00 AM,9:00 PM,5:00 AM to 9:00 PM,5:00 AM,9:00 PM,5:00 AM to 9:00 PM,5:00 AM,9:00 PM,5:00 AM to 9:00 PM,5:00 AM,9:00 PM,5:00 AM to 7:00 PM,5:00 AM,7:00 PM,5:00 AM to 9:00 PM,5:00 AM,9:00 PM,READY,True
11609-104748,17277,N Park Rd & Sheridan St,CO,3305 Sheridan St,Hollywood,FL,33021,US,26.03382,-80.17581,+1 954-989-1231,True,False,False,Open until 9:00 PM,Open today from 5:00 AM - 9:00 PM,n-park-rd-sheridan-st-3305-sheridan-st-hollywood-fl-330213606-us,GMT-04:00 America/New_York,11.1636,True,False,True,True,True,True,True,True,True,True,5:00 AM to 9:00 PM,5:00 AM,9:00 PM,5:00 AM to 9:00 PM,5:00 AM,9:00 PM,5:00 AM to 9:00 PM,5:00 AM,9:00 PM,5:00 AM to 9:00 PM,5:00 AM,9:00 PM,5:00 AM to 9:00 PM,5:00 AM,9:00 PM,5:00 AM to 9:00 PM,5:00 AM,9:00 PM,5:00 AM to 9:00 PM,5:00 AM,9:00 PM,READY,True
9642-95733,14480,Broward Health Medical Center,CO,1600 S Andrews Ave,Fort Lauderdale,FL,33316,US,26.10225,-80.14095,+1 954-764-2705,True,False,False,Open until 9:00 PM,Open today from 5:00 AM - 9:00 PM,broward-health-medical-center-1600-s-andrews-ave-fort-lauderdale-fl-333162510-us,GMT-04:00 America/New_York,11.2455,True,False,True,True,True,True,True,False,True,True,5:00 AM to 9:00 PM,5:00 AM,9:00 PM,5:00 AM to 9:00 PM,5:00 AM,9:00 PM,5:00 AM to 9:00 PM,5:00 AM,9:00 PM,5:00 AM to 9:00 PM,5:00 AM,9:00 PM,5:00 AM to 9:00 PM,5:00 AM,9:00 PM,5:00 AM to 9:00 PM,5:00 AM,9:00 PM,5:00 AM to 9:00 PM,5:00 AM,9:00 PM,READY,True
59502-292700,1027664,Memorial Regional Hospital Lob,LS,3501 Johnson St.,Hollywood,FL,33021,US,26.01968,-80.18032,+1 954-589-5571,True,False,False,Open until 8:30 PM,Open today from 6:00 AM - 8:30 PM,memorial-regional-hospital-lob-3501-johnson-st-hollywood-fl-33021-us,GMT-04:00 America/New_York,11.2793,True,False,True,True,True,False,True,False,False,False,6:00 AM to 8:30 PM,6:00 AM,8:30 PM,6:00 AM to 8:30 PM,6:00 AM,8:30 PM,7:00 AM to 7:00 PM,7:00 AM,7:00 PM,7:00 AM to 7:00 PM,7:00 AM,7:00 PM,6:00 AM to 8:30 PM,6:00 AM,8:30 PM,6:00 AM to 8:30 PM,6:00 AM,8:30 PM,6:00 AM to 8:30 PM,6:00 AM,8:30 PM,READY,False
10679-96815,17895,Davie Blvd & Federal Hwy,CO,1150 S Federal Hwy,Fort Lauderdale,FL,33316,US,26.1079,-80.13659,+1 954-522-2407,True,False,False,Open until 9:00 PM,Open today from 5:00 AM - 9:00 PM,davie-blvd-federal-hwy-1150-s-federal-hwy-fort-lauderdale-fl-333161216-us,GMT-04:00 America/New_York,11.29,True,True,True,True,True,False,True,False,True,True,5:00 AM to 9:00 PM,5:00 AM,9:00 PM,5:00 AM to 9:00 PM,5:00 AM,9:00 PM,5:00 AM to 9:00 PM,5:00 AM,9:00 PM,5:00 AM to 9:00 PM,5:00 AM,9:00 PM,5:00 AM to 9:00 PM,5:00 AM,9:00 PM,5:00 AM to 9:00 PM,5:00 AM,9:00 PM,5:00 AM to 9:00 PM,5:00 AM,9:00 PM,READY,True
76450-97602,7831,Target Miami Beach 1038,LS,14075 Biscayne Blvd,Miami Beach,FL,33181,US,25.90651,-80.15676,+1 305-944-5341,False,False,False,Opens Thursday at 7:00 AM,Open today from 7:00 AM - 8:00 PM,target-miami-beach-1038-14075-biscayne-blvd-miami-beach-fl-331811629-us,GMT-04:00 America/New_York,11.6863,True,False,False,True,False,True,True,False,True,False,7:00 AM to 8:00 PM,7:00 AM,8:00 PM,7:00 AM to 8:00 PM,7:00 AM,8:00 PM,7:00 AM to 8:00 PM,7:00 AM,8:00 PM,7:00 AM to 8:00 PM,7:00 AM,8:00 PM,7:00 AM to 8:00 PM,7:00 AM,8:00 PM,7:00 AM to 8:00 PM,7:00 AM,8:00 PM,7:00 AM to 8:00 PM,7:00 AM,8:00 PM,NOT_ELIGIBLE,False
8328-145164,19046,Sunrise & Bayview,CO,2519 E. Sunrise Blvd,Ft. Lauderdale,FL,33304,US,26.13824,-80.112,+1 954-564-8255,True,False,False,Open until 9:00 PM,Open today from 5:00 AM - 9:00 PM,sunrise-bayview-2519-e-sunrise-blvd-ft-lauderdale-fl-333043203-us,GMT-04:00 America/New_York,11.8131,True,False,True,True,True,True,True,True,True,True,5:00 AM to 9:00 PM,5:00 AM,9:00 PM,5:00 AM to 9:00 PM,5:00 AM,9:00 PM,5:00 AM to 9:00 PM,5:00 AM,9:00 PM,5:00 AM to 9:00 PM,5:00 AM,9:00 PM,5:00 AM to 9:00 PM,5:00 AM,9:00 PM,5:00 AM to 9:00 PM,5:00 AM,9:00 PM,5:00 AM to 9:00 PM,5:00 AM,9:00 PM,READY,True
24847-217504,1010586,Macy's Galleria 2nd Floor,LS,2414 E. Sunrise Blvd.,Fort Lauderdale,FL,33304,US,26.137,-80.1157,+1 954-537-2301,False,False,False,Opens Thursday at 10:00 AM,Open today from 10:00 AM - 8:00 PM,macys-galleria-2nd-floor-2414-e-sunrise-blvd-fort-lauderdale-fl-33304-us,GMT-04:00 America/New_York,11.8813,True,False,True,True,True,False,True,False,True,False,10:00 AM to 8:00 PM,10:00 AM,8:00 PM,10:00 AM to 8:00 PM,10:00 AM,8:00 PM,10:00 AM to 8:00 PM,10:00 AM,8:00 PM,11:00 AM to 6:00 PM,11:00 AM,6:00 PM,10:00 AM to 8:00 PM,10:00 AM,8:00 PM,10:00 AM to 8:00 PM,10:00 AM,8:00 PM,10:00 AM to 8:00 PM,10:00 AM,8:00 PM,NOT_READY,False
8302-11741,15356,350 Las Olas,CO,350 E Las Olas Blvd,Fort Lauderdale,FL,33301,US,26.11907,-80.13963,+1 954-523-7992,True,False,False,Open until 9:00 PM,Open today from 5:00 AM - 9:00 PM,350-las-olas-350-e-las-olas-blvd-fort-lauderdale-fl-333014211-u,GMT-04:00 America/New_York,11.9497,True,False,True,True,True,True,True,True,True,True,5:00 AM to 9:00 PM,5:00 AM,9:00 PM,5:00 AM to 9:00 PM,5:00 AM,9:00 PM,5:00 AM to 9:00 PM,5:00 AM,9:00 PM,5:00 AM to 9:00 PM,5:00 AM,9:00 PM,5:00 AM to 9:00 PM,5:00 AM,9:00 PM,5:00 AM to 9:00 PM,5:00 AM,9:00 PM,5:00 AM to 9:00 PM,5:00 AM,9:00 PM,READY,True
8430-27708,15388,Biscayne Blvd & NE 135 St,CO,13503 Biscayne Blvd,North Miami Beach,FL,33181,US,25.90028,-80.15997,+1 305-947-7445,True,False,False,Open until 9:00 PM,Open today from 5:00 AM - 9:00 PM,biscayne-blvd-ne-135-st-13503-biscayne-blvd-north-miami-beach-fl-331811615,GMT-04:00 America/New_York,12.0932,True,True,True,True,True,True,True,True,True,True,5:00 AM to 9:00 PM,5:00 AM,9:00 PM,5:00 AM to 9:00 PM,5:00 AM,9:00 PM,5:00 AM to 9:00 PM,5:00 AM,9:00 PM,5:00 AM to 9:00 PM,5:00 AM,9:00 PM,5:00 AM to 9:00 PM,5:00 AM,9:00 PM,5:00 AM to 9:00 PM,5:00 AM,9:00 PM,5:00 AM to 9:00 PM,5:00 AM,9:00 PM,NOT_READY,True
8278-136430,10570,Sheridan & N 56th Ave,CO,5355 Sheridan St,Hollywood,FL,33021,US,26.03301,-80.19773,+1 954-894-3863,True,False,False,Open until 9:00 PM,Open today from 5:00 AM - 9:00 PM,sheridan-n-56th-ave-5355-sheridan-st-ste-63-b-hollywood-fl-330213342-u,GMT-04:00 America/New_York,12.4875,True,True,True,True,True,True,True,True,True,True,5:00 AM to 9:00 PM,5:00 AM,9:00 PM,5:00 AM to 9:00 PM,5:00 AM,9:00 PM,5:00 AM to 9:00 PM,5:00 AM,9:00 PM,5:00 AM to 9:00 PM,5:00 AM,9:00 PM,5:00 AM to 9:00 PM,5:00 AM,9:00 PM,5:00 AM to 9:00 PM,5:00 AM,9:00 PM,5:00 AM to 9:00 PM,5:00 AM,9:00 PM,READY,True
49407-266014,1017657,Publix Miami Beach 1382,LS,6876 COLLINS AVE.,Miami Beach,FL,33141,US,25.85326,-80.12098,+1 305-864-7405,False,False,False,Opens Thursday at 7:00 AM,Open today from 7:00 AM - 7:00 PM,publix-miami-beach-1382-6876-collins-ave-miami-beach-fl-33141-us,GMT-04:00 America/New_York,12.6218,True,False,False,False,False,False,False,False,True,False,7:00 AM to 7:00 PM,7:00 AM,7:00 PM,7:00 AM to 7:00 PM,7:00 AM,7:00 PM,7:00 AM to 7:00 PM,7:00 AM,7:00 PM,7:00 AM to 7:00 PM,7:00 AM,7:00 PM,7:00 AM to 7:00 PM,7:00 AM,7:00 PM,7:00 AM to 7:00 PM,7:00 AM,7:00 PM,7:00 AM to 7:00 PM,7:00 AM,7:00 PM,NOT_ELIGIBLE,False
22268-166064,1008760,Biscayne Blvd & NE 121st St,CO,12000 Biscayne Blvd,Miami,FL,33181,US,25.8872,-80.16502,+1 305-893-7941,True,False,False,Open until 9:00 PM,Open today from 5:00 AM - 9:00 PM,biscayne-blvd-ne-121st-st-12000-biscayne-blvd-miami-fl-331812735-us,GMT-04:00 America/New_York,12.8787,True,True,True,True,True,True,True,True,True,True,5:00 AM to 9:00 PM,5:00 AM,9:00 PM,5:00 AM to 9:00 PM,5:00 AM,9:00 PM,5:00 AM to 9:00 PM,5:00 AM,9:00 PM,5:00 AM to 9:00 PM,5:00 AM,9:00 PM,5:00 AM to 9:00 PM,5:00 AM,9:00 PM,5:00 AM to 9:00 PM,5:00 AM,9:00 PM,5:00 AM to 9:00 PM,5:00 AM,9:00 PM,READY,True
8528-284189,1022555,2309 N Federal Hwy,CO,2309 N Federal Hwy,Fort Lauderdale,FL,33305,US,26.15621,-80.11816,+1 954-564-9775,True,False,False,Open until 9:00 PM,Open today from 5:00 AM - 9:00 PM,2309-n-federal-hwy-2309-n-federal-hwy-fort-lauderdale-fl-333052538-us,GMT-04:00 America/New_York,13.0485,True,True,True,True,True,True,True,True,True,True,5:00 AM to 9:00 PM,5:00 AM,9:00 PM,5:00 AM to 9:00 PM,5:00 AM,9:00 PM,5:00 AM to 9:00 PM,5:00 AM,9:00 PM,5:00 AM to 9:00 PM,5:00 AM,9:00 PM,5:00 AM to 9:00 PM,5:00 AM,9:00 PM,5:00 AM to 9:00 PM,5:00 AM,9:00 PM,5:00 AM to 9:00 PM,5:00 AM,9:00 PM,READY,True
52769-258704,1021736,Sixty80 Hotel Entrance,LS,6080 COLLINS AVE.,Miami Beach,FL,33140,US,25.84418,-80.12096,+1 786-598-8705,False,False,False,Opens Thursday at 7:00 AM,Open today from 7:00 AM - 7:00 PM,sixty-80-hotel-entrance-6080-collins-ave-miami-beach-fl-33140-us,GMT-04:00 America/New_York,13.1305,True,False,True,True,True,False,True,False,True,False,7:00 AM to 7:00 PM,7:00 AM,7:00 PM,7:00 AM to 7:00 PM,7:00 AM,7:00 PM,7:00 AM to 7:00 PM,7:00 AM,7:00 PM,7:00 AM to 7:00 PM,7:00 AM,7:00 PM,7:00 AM to 7:00 PM,7:00 AM,7:00 PM,7:00 AM to 7:00 PM,7:00 AM,7:00 PM,7:00 AM to 7:00 PM,7:00 AM,7:00 PM,NOT_READY,False
19899-197804,1006385,167th St & NE 2nd Ave,CO,199 NE 167th St,Miami,FL,33162,US,25.92855,-80.19656,+1 305-653-2071,True,False,False,Open until 8:00 PM,Open today from 5:30 AM - 8:00 PM,167th-st-ne-2nd-ave-199-ne-167th-st-miami-fl-331623404-us,GMT-04:00 America/New_York,13.1704,True,True,True,True,False,False,True,False,True,False,5:30 AM to 8:00 PM,5:30 AM,8:00 PM,5:30 AM to 8:00 PM,5:30 AM,8:00 PM,5:30 AM to 8:00 PM,5:30 AM,8:00 PM,5:30 AM to 8:00 PM,5:30 AM,8:00 PM,5:30 AM to 8:00 PM,5:30 AM,8:00 PM,5:30 AM to 8:00 PM,5:30 AM,8:00 PM,5:30 AM to 8:00 PM,5:30 AM,8:00 PM,READY,True
11908-290301,1029581,NE 26th St & NE 16th Ave,CO,1501 NE 26th St,Wilton Manors,FL,33305,US,26.15989,-80.12772,+1 954-566-1304,True,False,False,Open until 9:00 PM,Open today from 4:30 AM - 9:00 PM,ne-26th-st-ne-16th-ave-1501-ne-26th-st-wilton-manors-fl-333051358-us,GMT-04:00 America/New_York,13.5966,True,True,True,True,True,True,True,True,True,True,4:30 AM to 9:00 PM,4:30 AM,9:00 PM,4:30 AM to 9:00 PM,4:30 AM,9:00 PM,5:00 AM to 9:00 PM,5:00 AM,9:00 PM,5:00 AM to 9:00 PM,5:00 AM,9:00 PM,5:00 AM to 9:00 PM,5:00 AM,9:00 PM,5:00 AM to 9:00 PM,5:00 AM,9:00 PM,5:00 AM to 9:00 PM,5:00 AM,9:00 PM,READY,True
3895-108129,10923,Target Fort Lauderdale 1163,LS,3200 N Federal Hwy,Fort Lauderdale,FL,33306,US,26.16816,-80.11505,+1 954-390-7992,False,False,False,Opens Thursday at 7:00 AM,Open today from 7:00 AM - 8:00 PM,target-fort-lauderdale-1163-3200-n-federal-hwy-fort-lauderdale-fl-333061062-us,GMT-04:00 America/New_York,13.637,True,False,False,True,True,False,True,False,True,False,7:00 AM to 8:00 PM,7:00 AM,8:00 PM,7:00 AM to 8:00 PM,7:00 AM,8:00 PM,7:00 AM to 8:00 PM,7:00 AM,8:00 PM,7:00 AM to 8:00 PM,7:00 AM,8:00 PM,7:00 AM to 8:00 PM,7:00 AM,8:00 PM,7:00 AM to 8:00 PM,7:00 AM,8:00 PM,7:00 AM to 8:00 PM,7:00 AM,8:00 PM,NOT_ELIGIBLE,False
64968-294974,1032906,Broward & SW 29th Ave,CO,2890 W Broward Blvd,Fort Lauderdale,FL,33312,US,26.12116,-80.18275,+1 954-902-4171,True,False,False,Open until 8:00 PM,Open today from 5:30 AM - 8:00 PM,broward-sw-29th-ave-2890-w-broward-blvd-ste-a-fort-lauderdale-fl-33312,GMT-04:00 America/New_York,14.0977,True,True,True,True,True,True,True,True,True,True,5:30 AM to 8:00 PM,5:30 AM,8:00 PM,5:30 AM to 8:00 PM,5:30 AM,8:00 PM,5:30 AM to 8:00 PM,5:30 AM,8:00 PM,5:30 AM to 8:00 PM,5:30 AM,8:00 PM,5:30 AM to 8:00 PM,5:30 AM,8:00 PM,5:30 AM to 8:00 PM,5:30 AM,8:00 PM,5:30 AM to 8:00 PM,5:30 AM,8:00 PM,READY,True
16973-175144,90219,Commercial & Federal Hwy,CO,4854 N Federal Highway,Fort Lauderdale,FL,33308,US,26.18779,-80.11558,+1 954-689-6646,True,False,False,Open until 9:00 PM,Open today from 5:00 AM - 9:00 PM,commercial-federal-hwy-4854-n-federal-highway-fort-lauderdale-fl-33308460,GMT-04:00 America/New_York,14.8252,True,True,True,True,True,False,True,False,True,True,5:00 AM to 9:00 PM,5:00 AM,9:00 PM,5:00 AM to 9:00 PM,5:00 AM,9:00 PM,5:00 AM to 9:00 PM,5:00 AM,9:00 PM,5:00 AM to 9:00 PM,5:00 AM,9:00 PM,5:00 AM to 9:00 PM,5:00 AM,9:00 PM,5:00 AM to 9:00 PM,5:00 AM,9:00 PM,5:00 AM to 9:00 PM,5:00 AM,9:00 PM,NOT_READY,True
54255-285954,1022921,Holy Cross Hospital Lobby,LS,4725 N. FEDERAL HWY,Fort Lauderdale,FL,33308,US,26.18607,-80.12022,+1 954-908-5395,True,False,False,Open until 4:30 PM,Open today from 6:30 AM - 4:30 PM,holy-cross-hospital-lobby-4725-n-federal-hwy-fort-lauderdale-fl-33308-us,GMT-04:00 America/New_York,14.8637,True,False,True,True,False,False,True,False,True,False,6:30 AM to 4:30 PM,6:30 AM,4:30 PM,6:30 AM to 4:30 PM,6:30 AM,4:30 PM,8:00 AM to 12:00 PM,8:00 AM,12:00 PM,8:00 AM to 12:00 PM,8:00 AM,12:00 PM,6:30 AM to 4:30 PM,6:30 AM,4:30 PM,6:30 AM to 4:30 PM,6:30 AM,4:30 PM,6:30 AM to 4:30 PM,6:30 AM,4:30 PM,READY,False
51877-279252,1024615,Publix Miami Shores 794,LS,9050 BISCAYNE BLVD.,Miami Shores,FL,33138,US,25.85851,-80.18392,+1 305-751-4075,False,False,False,Opens Thursday at 7:00 AM,Open today from 7:00 AM - 7:00 PM,publix-miami-shores-794-9050-biscayne-blvd-miami-shores-fl-33138-us,GMT-04:00 America/New_York,15.0393,True,False,False,True,False,False,False,False,True,False,7:00 AM to 7:00 PM,7:00 AM,7:00 PM,7:00 AM to 7:00 PM,7:00 AM,7:00 PM,7:00 AM to 7:00 PM,7:00 AM,7:00 PM,7:00 AM to 7:00 PM,7:00 AM,7:00 PM,7:00 AM to 7:00 PM,7:00 AM,7:00 PM,7:00 AM to 7:00 PM,7:00 AM,7:00 PM,7:00 AM to 7:00 PM,7:00 AM,7:00 PM,NOT_ELIGIBLE,False
21216-183784,1008638,827 Arthur Godfrey Road,CO,827 W 41st St,Miami Beach,FL,33140,US,25.8139,-80.1341,+1 786-566-0341,True,False,False,Open until 9:00 PM,Open today from 5:00 AM - 9:00 PM,827-arthur-godfrey-road-827-w-41st-st-unit-2-miami-beach-fl-331403304-us,GMT-04:00 America/New_York,15.323,True,False,True,True,True,True,True,True,True,True,5:00 AM to 9:00 PM,5:00 AM,9:00 PM,5:00 AM to 9:00 PM,5:00 AM,9:00 PM,5:00 AM to 9:00 PM,5:00 AM,9:00 PM,5:00 AM to 9:00 PM,5:00 AM,9:00 PM,5:00 AM to 9:00 PM,5:00 AM,9:00 PM,5:00 AM to 9:00 PM,5:00 AM,9:00 PM,5:00 AM to 9:00 PM,5:00 AM,9:00 PM,READY,True
64987-296840,1029196,S. McCall Rd & Oriole Blvd,CO,2901 S McCall Rd,Englewood,FL,34224,US,26.93415,-82.31151,+1 941-770-3087,True,False,False,Open until 8:00 PM,Open today from 5:00 AM - 8:00 PM,s-mc-call-rd-oriole-blvd-2901-s-mc-call-rd-englewood-fl-342248607-us,GMT-04:00 America/New_York,13.2766,True,True,True,True,True,True,True,True,True,True,5:00 AM to 8:00 PM,5:00 AM,8:00 PM,5:00 AM to 8:00 PM,5:00 AM,8:00 PM,5:00 AM to 8:00 PM,5:00 AM,8:00 PM,5:00 AM to 8:00 PM,5:00 AM,8:00 PM,5:00 AM to 8:00 PM,5:00 AM,8:00 PM,5:00 AM to 8:00 PM,5:00 AM,8:00 PM,5:00 AM to 8:00 PM,5:00 AM,8:00 PM,READY,True
75824-102331,7155,South Seas Island Resort Entra,LS,14830 Captiva RD,Captiva,FL,33924,US,26.52509,-82.19171,+1 239-579-1382,True,False,False,Open until 6:00 PM,Open today from 6:30 AM - 6:00 PM,south-seas-island-resort-entra-14830-captiva-rd-captiva-fl-339246000-us,GMT-04:00 America/New_York,15.9513,True,False,True,True,False,False,True,False,True,False,6:30 AM to 6:00 PM,6:30 AM,6:00 PM,6:30 AM to 6:00 PM,6:30 AM,6:00 PM,6:30 AM to 6:00 PM,6:30 AM,6:00 PM,6:30 AM to 6:00 PM,6:30 AM,6:00 PM,6:30 AM to 6:00 PM,6:30 AM,6:00 PM,6:30 AM to 6:00 PM,6:30 AM,6:00 PM,6:30 AM to 6:00 PM,6:30 AM,6:00 PM,READY,False
11607-242367,1014985,Veterans Pkwy & Surfside Blvd,CO,2390 Surfside Blvd,Cape Coral,FL,33991,US,26.60765,-82.02455,+1 239-283-1357,True,False,False,Open until 9:00 PM,Open today from 5:00 AM - 9:00 PM,veterans-pkwy-surfside-blvd-2390-surfside-blvd-ste-101-cape-coral-fl-339913593,GMT-04:00 America/New_York,17.0431,True,True,True,True,True,True,True,True,True,True,5:00 AM to 9:00 PM,5:00 AM,9:00 PM,5:00 AM to 9:00 PM,5:00 AM,9:00 PM,5:00 AM to 9:00 PM,5:00 AM,9:00 PM,5:00 AM to 9:00 PM,5:00 AM,9:00 PM,5:00 AM to 9:00 PM,5:00 AM,9:00 PM,5:00 AM to 9:00 PM,5:00 AM,9:00 PM,5:00 AM to 9:00 PM,5:00 AM,9:00 PM,READY,True
50314-271728,1025485,US 41 & W Helen Ave,CO,1001 Tamiami Trl,Punta Gorda,FL,33950,US,26.92931,-82.04796,+1 239-470-6170,True,False,False,Open until 8:00 PM,Open today from 5:00 AM - 8:00 PM,us-41-w-helen-ave-1001-tamiami-trl-unit-111-punta-gorda-fl-339505521,GMT-04:00 America/New_York,17.5681,True,True,True,True,True,True,True,True,True,True,5:00 AM to 8:00 PM,5:00 AM,8:00 PM,5:00 AM to 8:00 PM,5:00 AM,8:00 PM,5:00 AM to 8:00 PM,5:00 AM,8:00 PM,5:00 AM to 8:00 PM,5:00 AM,8:00 PM,5:00 AM to 8:00 PM,5:00 AM,8:00 PM,5:00 AM to 8:00 PM,5:00 AM,8:00 PM,5:00 AM to 8:00 PM,5:00 AM,8:00 PM,READY,True
71794-303089,1042914,US 41 & Murdock,CO,18551 Murdock Cir,Port Charlotte,FL,33948,US,27.01036,-82.14176,+1 941-787-3527,True,False,False,Open until 9:00 PM,Open today from 4:30 AM - 9:00 PM,us-41-murdock-18551-murdock-cir-port-charlotte-fl-339481089-us,GMT-04:00 America/New_York,19.1861,True,True,True,True,True,True,True,True,True,True,4:30 AM to 9:00 PM,4:30 AM,9:00 PM,4:30 AM to 9:00 PM,4:30 AM,9:00 PM,5:00 AM to 9:00 PM,5:00 AM,9:00 PM,5:00 AM to 9:00 PM,5:00 AM,9:00 PM,4:30 AM to 9:00 PM,4:30 AM,9:00 PM,4:30 AM to 9:00 PM,4:30 AM,9:00 PM,4:30 AM to 9:00 PM,4:30 AM,9:00 PM,READY,True
76152-89122,16568,Target Port Charlotte 690,LS,1400A Tamiami Trail,Port Charlotte,FL,33948,US,27.01311,-82.14242,+1 941-255-1181,False,False,False,Opens Thursday at 8:00 AM,Open today from 8:00 AM - 8:00 PM,target-port-charlotte-690-1400-a-tamiami-trail-port-charlotte-fl-339481004-u,GMT-04:00 America/New_York,19.3504,True,False,False,True,True,False,True,False,True,False,8:00 AM to 8:00 PM,8:00 AM,8:00 PM,8:00 AM to 8:00 PM,8:00 AM,8:00 PM,8:00 AM to 8:00 PM,8:00 AM,8:00 PM,8:00 AM to 8:00 PM,8:00 AM,8:00 PM,8:00 AM to 8:00 PM,8:00 AM,8:00 PM,8:00 AM to 8:00 PM,8:00 AM,8:00 PM,8:00 AM to 8:00 PM,8:00 AM,8:00 PM,NOT_ELIGIBLE,False
16887-175725,86970,Target Cape Coral 1454,LS,2430 Santa Barbara Blvd,Cape Coral,FL,33914,US,26.60673,-81.97437,+1 239-458-5868,False,False,False,Opens Thursday at 8:00 AM,Open today from 8:00 AM - 8:00 PM,target-cape-coral-1454-2430-santa-barbara-blvd-cape-coral-fl-339144485-us,GMT-04:00 America/New_York,19.6865,True,False,False,True,True,False,True,False,False,False,8:00 AM to 8:00 PM,8:00 AM,8:00 PM,8:00 AM to 8:00 PM,8:00 AM,8:00 PM,8:00 AM to 8:00 PM,8:00 AM,8:00 PM,8:00 AM to 8:00 PM,8:00 AM,8:00 PM,8:00 AM to 8:00 PM,8:00 AM,8:00 PM,8:00 AM to 8:00 PM,8:00 AM,8:00 PM,8:00 AM to 8:00 PM,8:00 AM,8:00 PM,NOT_ELIGIBLE,False
22269-215485,1007303,Cocoplum Village,CO,17739 Tamiami Trl,North Port,FL,34287,US,27.03645,-82.21336,+1 941-876-1888,True,False,False,Open until 8:00 PM,Open today from 5:00 AM - 8:00 PM,cocoplum-village-17739-tamiami-trl-north-port-fl-342877296-us,GMT-04:00 America/New_York,19.9201,True,True,True,True,True,True,True,True,True,True,5:00 AM to 8:00 PM,5:00 AM,8:00 PM,5:00 AM to 8:00 PM,5:00 AM,8:00 PM,5:00 AM to 8:00 PM,5:00 AM,8:00 PM,5:00 AM to 8:00 PM,5:00 AM,8:00 PM,5:00 AM to 8:00 PM,5:00 AM,8:00 PM,5:00 AM to 8:00 PM,5:00 AM,8:00 PM,5:00 AM to 8:00 PM,5:00 AM,8:00 PM,READY,True
11783-251130,1017895,Pine Island & Pondella,CO,1731 NE Pine Island Rd,Cape Coral,FL,33909,US,26.66997,-81.93738,+1 239-458-2869,True,False,False,Open until 9:00 PM,Open today from 5:00 AM - 9:00 PM,pine-island-pondella-1731-ne-pine-island-rd-cape-coral-fl-339091731-us,GMT-04:00 America/New_York,20.0718,True,True,True,True,True,True,True,True,True,True,5:00 AM to 9:00 PM,5:00 AM,9:00 PM,5:00 AM to 9:00 PM,5:00 AM,9:00 PM,5:00 AM to 9:00 PM,5:00 AM,9:00 PM,5:00 AM to 9:00 PM,5:00 AM,9:00 PM,5:00 AM to 9:00 PM,5:00 AM,9:00 PM,5:00 AM to 9:00 PM,5:00 AM,9:00 PM,5:00 AM to 9:00 PM,5:00 AM,9:00 PM,READY,True
76810-111305,6497,Target Cape Coral North 23,LS,1890 NE Pine Island Rd,Cape Coral,FL,33909,US,26.66928,-81.93315,+1 239-829-6239,False,False,False,Open until 8:00 PM,Open today from 7:00 AM - 8:00 PM,target-cape-coral-north-23-1890-ne-pine-island-rd-cape-coral-fl-339091733-us,GMT-04:00 America/New_York,20.336,True,False,False,True,False,False,True,False,True,False,7:00 AM to 8:00 PM,7:00 AM,8:00 PM,7:00 AM to 8:00 PM,7:00 AM,8:00 PM,7:00 AM to 8:00 PM,7:00 AM,8:00 PM,7:00 AM to 8:00 PM,7:00 AM,8:00 PM,7:00 AM to 8:00 PM,7:00 AM,8:00 PM,7:00 AM to 8:00 PM,7:00 AM,8:00 PM,7:00 AM to 8:00 PM,7:00 AM,8:00 PM,NOT_ELIGIBLE,False
29496-248064,1015890,Del Prado Blvd,CO,2207 Del Prado Blvd S,Cape Coral,FL,33990,US,26.61104,-81.94039,+1 239-770-0184,True,False,False,Open until 8:00 PM,Open today from 5:00 AM - 8:00 PM,del-prado-blvd-2207-del-prado-blvd-s-unit-1-cape-coral-fl-3399046,GMT-04:00 America/New_York,21.3901,True,True,True,True,True,True,True,True,True,True,5:00 AM to 8:00 PM,5:00 AM,8:00 PM,5:00 AM to 8:00 PM,5:00 AM,8:00 PM,5:00 AM to 8:00 PM,5:00 AM,8:00 PM,5:00 AM to 8:00 PM,5:00 AM,8:00 PM,5:00 AM to 8:00 PM,5:00 AM,8:00 PM,5:00 AM to 8:00 PM,5:00 AM,8:00 PM,5:00 AM to 8:00 PM,5:00 AM,8:00 PM,READY,True
69074-302057,1039656,Pine Island & US 41,CO,3141 NE Pine Island Rd,Cape Coral,FL,33909,US,26.6827,-81.90296,+1 239-829-4390,True,False,False,Open until 8:00 PM,Open today from 5:00 AM - 8:00 PM,pine-island-us-41-3141-ne-pine-island-rd-cape-coral-fl-339096514-us,GMT-04:00 America/New_York,21.9173,True,True,True,True,True,True,True,True,True,True,5:00 AM to 8:00 PM,5:00 AM,8:00 PM,5:00 AM to 8:00 PM,5:00 AM,8:00 PM,5:00 AM to 8:00 PM,5:00 AM,8:00 PM,5:00 AM to 8:00 PM,5:00 AM,8:00 PM,5:00 AM to 8:00 PM,5:00 AM,8:00 PM,5:00 AM to 8:00 PM,5:00 AM,8:00 PM,5:00 AM to 8:00 PM,5:00 AM,8:00 PM,READY,True
14313-114584,18578,Kings Hwy & I-75,CO,925 Kings Hwy,Port Charlotte,FL,33980,US,27.01618,-82.05289,+1 941-743-3834,True,False,False,Open until 9:00 PM,Open today from 4:30 AM - 9:00 PM,kings-hwy-i-75-925-kings-hwy-port-charlotte-fl-339804300-us,GMT-04:00 America/New_York,22.0407,True,True,True,True,True,True,True,True,True,True,4:30 AM to 9:00 PM,4:30 AM,9:00 PM,4:30 AM to 9:00 PM,4:30 AM,9:00 PM,4:30 AM to 9:00 PM,4:30 AM,9:00 PM,4:30 AM to 9:00 PM,4:30 AM,9:00 PM,4:30 AM to 9:00 PM,4:30 AM,9:00 PM,4:30 AM to 9:00 PM,4:30 AM,9:00 PM,4:30 AM to 9:00 PM,4:30 AM,9:00 PM,READY,True
21921-207684,1006814,Cape Coral Pkwy,CO,4802 Chester St,Cape Coral,FL,33904,US,26.56242,-81.95618,+1 239-945-3893,True,False,False,Open until 8:00 PM,Open today from 5:00 AM - 8:00 PM,cape-coral-pkwy-4802-chester-st-cape-coral-fl-339049026-us,GMT-04:00 America/New_York,22.2969,True,True,True,True,True,True,True,True,True,True,5:00 AM to 8:00 PM,5:00 AM,8:00 PM,5:00 AM to 8:00 PM,5:00 AM,8:00 PM,5:00 AM to 8:00 PM,5:00 AM,8:00 PM,5:00 AM to 8:00 PM,5:00 AM,8:00 PM,5:00 AM to 8:00 PM,5:00 AM,8:00 PM,5:00 AM to 8:00 PM,5:00 AM,8:00 PM,5:00 AM to 8:00 PM,5:00 AM,8:00 PM,READY,True
67729-300621,1037969,Sumter & Price,CO,1595 Grand Venture Dr,North Port,FL,34286,US,27.07298,-82.20852,+1 941-876-6791,True,False,False,Open until 8:00 PM,Open today from 5:00 AM - 8:00 PM,sumter-price-1595-grand-venture-dr-north-port-fl-342862310-us,GMT-04:00 America/New_York,22.4616,True,True,True,True,True,True,True,True,True,True,5:00 AM to 8:00 PM,5:00 AM,8:00 PM,5:00 AM to 8:00 PM,5:00 AM,8:00 PM,5:00 AM to 8:00 PM,5:00 AM,8:00 PM,5:00 AM to 8:00 PM,5:00 AM,8:00 PM,5:00 AM to 8:00 PM,5:00 AM,8:00 PM,5:00 AM to 8:00 PM,5:00 AM,8:00 PM,5:00 AM to 8:00 PM,5:00 AM,8:00 PM,READY,True
76665-99836,9854,Target Venice 813,LS,4271 S Tamiami Trail,Venice,FL,34293,US,27.05027,-82.39099,+1 941-492-9127,False,False,False,Opens Thursday at 8:00 AM,Open today from 8:00 AM - 8:00 PM,target-venice-813-4271-s-tamiami-trail-venice-fl-342935131-us,GMT-04:00 America/New_York,22.4921,True,False,False,True,True,False,True,False,True,False,8:00 AM to 8:00 PM,8:00 AM,8:00 PM,8:00 AM to 8:00 PM,8:00 AM,8:00 PM,8:00 AM to 8:00 PM,8:00 AM,8:00 PM,8:00 AM to 8:00 PM,8:00 AM,8:00 PM,8:00 AM to 8:00 PM,8:00 AM,8:00 PM,8:00 AM to 8:00 PM,8:00 AM,8:00 PM,8:00 AM to 8:00 PM,8:00 AM,8:00 PM,NOT_ELIGIBLE,False
10440-97315,8134,First St & Broadway,CO,1514 Broadway,Fort Myers,FL,33901,US,26.6437,-81.87078,+1 239-334-1094,True,False,False,Open until 8:00 PM,Open today from 5:00 AM - 8:00 PM,first-st-broadway-1514-broadway-fort-myers-fl-339013007-us,GMT-04:00 America/New_York,24.5335,True,False,True,True,True,True,True,True,True,True,5:00 AM to 8:00 PM,5:00 AM,8:00 PM,5:00 AM to 8:00 PM,5:00 AM,8:00 PM,5:00 AM to 8:00 PM,5:00 AM,8:00 PM,5:00 AM to 8:00 PM,5:00 AM,8:00 PM,5:00 AM to 8:00 PM,5:00 AM,8:00 PM,5:00 AM to 8:00 PM,5:00 AM,8:00 PM,5:00 AM to 8:00 PM,5:00 AM,8:00 PM,READY,True
66454-293158,1037706,Lee Blvd & Hanna Ave,CO,350 Hanna Ave N,Lehigh Acres,FL,33971,US,26.61685,-81.67023,+1 239-674-3607,True,False,False,Open until 9:00 PM,Open today from 4:30 AM - 9:00 PM,lee-blvd-hanna-ave-350-hanna-ave-n-lehigh-acres-fl-339711595-us,GMT-04:00 America/New_York,13.967,True,True,True,True,True,True,True,True,True,True,4:30 AM to 9:00 PM,4:30 AM,9:00 PM,4:30 AM to 9:00 PM,4:30 AM,9:00 PM,5:00 AM to 9:00 PM,5:00 AM,9:00 PM,5:00 AM to 9:00 PM,5:00 AM,9:00 PM,4:30 AM to 9:00 PM,4:30 AM,9:00 PM,4:30 AM to 9:00 PM,4:30 AM,9:00 PM,4:30 AM to 9:00 PM,4:30 AM,9:00 PM,READY,True
69073-302876,1038329,SR 31 & Cypress Pkwy-Babcock R,CO,42071 Cypress Pkwy,Babcock Ranch,FL,33982,US,26.77488,-81.75773,+1 239-244-9553,True,False,False,Open until 8:00 PM,Open today from 5:00 AM - 8:00 PM,sr-31-cypress-pkwy-babcock-r-42071-cypress-pkwy-babcock-ranch-fl-339825136-us,GMT-04:00 America/New_York,15.9926,True,True,True,True,True,False,True,False,True,False,5:00 AM to 8:00 PM,5:00 AM,8:00 PM,5:00 AM to 8:00 PM,5:00 AM,8:00 PM,5:00 AM to 8:00 PM,5:00 AM,8:00 PM,5:00 AM to 8:00 PM,5:00 AM,8:00 PM,5:00 AM to 8:00 PM,5:00 AM,8:00 PM,5:00 AM to 8:00 PM,5:00 AM,8:00 PM,5:00 AM to 8:00 PM,5:00 AM,8:00 PM,READY,True
68267-302058,1040246,Palm Beach Blvd & I-75,CO,4030 Boatways Rd,Fort Myers,FL,33905,US,26.68515,-81.79589,+1 239-382-9636,True,False,False,Open until 9:00 PM,Open today from 5:00 AM - 9:00 PM,palm-beach-blvd-i-75-4030-boatways-rd-fort-myers-fl-339052754-us,GMT-04:00 America/New_York,18.803,True,True,True,True,True,True,True,True,True,True,5:00 AM to 9:00 PM,5:00 AM,9:00 PM,5:00 AM to 9:00 PM,5:00 AM,9:00 PM,5:00 AM to 9:00 PM,5:00 AM,9:00 PM,5:00 AM to 9:00 PM,5:00 AM,9:00 PM,5:00 AM to 9:00 PM,5:00 AM,9:00 PM,5:00 AM to 9:00 PM,5:00 AM,9:00 PM,5:00 AM to 9:00 PM,5:00 AM,9:00 PM,READY,True
11482-245645,1017758,Forum Blvd & Dynasty Dr,CO,3405 Forum Blvd,Fort Myers,FL,33905,US,26.61568,-81.79657,+1 239-936-0502,True,False,False,Open until 9:00 PM,Open today from 5:00 AM - 9:00 PM,forum-blvd-dynasty-dr-3405-forum-blvd-unit-110-fort-myers-fl-339055616-u,GMT-04:00 America/New_York,20.5266,True,True,True,True,True,True,True,True,True,True,5:00 AM to 9:00 PM,5:00 AM,9:00 PM,5:00 AM to 9:00 PM,5:00 AM,9:00 PM,5:00 AM to 9:00 PM,5:00 AM,9:00 PM,5:00 AM to 9:00 PM,5:00 AM,9:00 PM,5:00 AM to 9:00 PM,5:00 AM,9:00 PM,5:00 AM to 9:00 PM,5:00 AM,9:00 PM,5:00 AM to 9:00 PM,5:00 AM,9:00 PM,READY,True
76913-128675,7712,Target Fort Myers NORTH 2369,LS,3350 Forum Blvd,Fort Myers,FL,33905,US,26.6154,-81.8018,+1 239-265-9022,False,False,False,Opens Thursday at 8:00 AM,Open today from 8:00 AM - 8:00 PM,target-fort-myers-north-2369-3350-forum-blvd-fort-myers-fl-339055578-us,GMT-04:00 America/New_York,20.8238,True,False,False,False,False,False,True,False,True,False,8:00 AM to 8:00 PM,8:00 AM,8:00 PM,8:00 AM to 8:00 PM,8:00 AM,8:00 PM,8:00 AM to 8:00 PM,8:00 AM,8:00 PM,8:00 AM to 8:00 PM,8:00 AM,8:00 PM,8:00 AM to 8:00 PM,8:00 AM,8:00 PM,8:00 AM to 8:00 PM,8:00 AM,8:00 PM,8:00 AM to 8:00 PM,8:00 AM,8:00 PM,NOT_ELIGIBLE,False
78513-303861,1044295,Colonial Blvd & Six Mile,CO,4790 Colonial Blvd,Fort Myers,FL,33966,US,26.61188,-81.81207,,True,False,False,Open until 8:00 PM,Open today from 5:00 AM - 8:00 PM,colonial-blvd-six-mile-4790-colonial-blvd-fort-myers-fl-339661034-us,GMT-04:00 America/New_York,21.5001,True,True,True,True,True,False,True,False,False,False,5:00 AM to 8:00 PM,5:00 AM,8:00 PM,5:00 AM to 8:00 PM,5:00 AM,8:00 PM,5:00 AM to 8:00 PM,5:00 AM,8:00 PM,5:00 AM to 8:00 PM,5:00 AM,8:00 PM,5:00 AM to 8:00 PM,5:00 AM,8:00 PM,5:00 AM to 8:00 PM,5:00 AM,8:00 PM,5:00 AM to 8:00 PM,5:00 AM,8:00 PM,READY,True
73040-305605,1043214,Six Mile Cypress Pkwy & Dani D,CO,7935 Dani Dr,Fort Myers,FL,33966,US,26.60299,-81.81034,+1 239-291-9836,True,False,False,Open until 8:00 PM,Open today from 5:00 AM - 8:00 PM,six-mile-cypress-pkwy-dani-d-7935-dani-dr-ste-100-fort-myers-fl-339668095-us,GMT-04:00 America/New_York,21.6859,True,True,True,True,True,True,True,True,True,True,5:00 AM to 8:00 PM,5:00 AM,8:00 PM,5:00 AM to 8:00 PM,5:00 AM,8:00 PM,5:00 AM to 8:00 PM,5:00 AM,8:00 PM,5:00 AM to 8:00 PM,5:00 AM,8:00 PM,5:00 AM to 8:00 PM,5:00 AM,8:00 PM,5:00 AM to 8:00 PM,5:00 AM,8:00 PM,5:00 AM to 8:00 PM,5:00 AM,8:00 PM,READY,True
77855-306488,1043880,RSW Concourse B Gate B5,LS,11000 Terminal Access Rd.,Fort Myers,FL,33913,US,26.52861,-81.75197,+1 239-555-5555,True,False,False,Open until 8:00 PM,Open today from 4:00 AM - 8:00 PM,rsw-concourse-b-gate-b-5-11000-terminal-access-rd-fort-myers-fl-33913-us,GMT-04:00 America/New_York,21.8207,True,False,True,True,True,False,True,False,True,False,4:00 AM to 8:00 PM,4:00 AM,8:00 PM,4:00 AM to 8:00 PM,4:00 AM,8:00 PM,4:00 AM to 8:00 PM,4:00 AM,8:00 PM,4:00 AM to 8:00 PM,4:00 AM,8:00 PM,4:00 AM to 8:00 PM,4:00 AM,8:00 PM,4:00 AM to 8:00 PM,4:00 AM,8:00 PM,4:00 AM to 8:00 PM,4:00 AM,8:00 PM,READY,False
28717-250706,1020398,RSW Concourse C Gate C7,LS,11000 Terminal Access Rd,Fort Myers,FL,33913,US,26.5297,-81.75496,+1 239-482-3507,True,False,False,Open until 7:00 PM,Open today from 4:30 AM - 7:00 PM,rsw-concourse-c-gate-c-7-11000-terminal-access-rd-fort-myers-fl-33913-us,GMT-04:00 America/New_York,21.9003,True,False,True,True,True,False,True,False,False,False,4:30 AM to 7:00 PM,4:30 AM,7:00 PM,4:30 AM to 7:00 PM,4:30 AM,7:00 PM,4:30 AM to 7:00 PM,4:30 AM,7:00 PM,4:30 AM to 7:00 PM,4:30 AM,7:00 PM,4:30 AM to 7:00 PM,4:30 AM,7:00 PM,4:30 AM to 7:00 PM,4:30 AM,7:00 PM,4:30 AM to 7:00 PM,4:30 AM,7:00 PM,READY,False
75775-93136,8193,RSW Concourse D Gate D2,LS,1600 Chamberlain Pkwy.,Fort Myers,FL,33913,US,26.52863,-81.75719,+1 239-482-3507,True,False,False,Open until 7:00 PM,Open today from 4:30 AM - 7:00 PM,rsw-concourse-d-gate-d-2-1600-chamberlain-pkwy-fort-myers-fl-33913-us,GMT-04:00 America/New_York,22.0508,True,False,True,True,False,False,True,False,True,False,4:30 AM to 7:00 PM,4:30 AM,7:00 PM,4:30 AM to 7:00 PM,4:30 AM,7:00 PM,4:30 AM to 7:00 PM,4:30 AM,7:00 PM,4:30 AM to 7:00 PM,4:30 AM,7:00 PM,4:30 AM to 7:00 PM,4:30 AM,7:00 PM,4:30 AM to 7:00 PM,4:30 AM,7:00 PM,4:30 AM to 7:00 PM,4:30 AM,7:00 PM,READY,False
19296-185805,1006257,Palomino Dr & Daniels Pkwy,CO,9011 Daniels Pkwy,Fort Myers,FL,33912,US,26.54786,-81.8059,+1 239-225-6738,True,False,False,Open until 8:00 PM,Open today from 5:00 AM - 8:00 PM,palomino-dr-daniels-pkwy-9011-daniels-pkwy-suite-101-fort-myers-fl-33912208,GMT-04:00 America/New_York,23.4928,True,True,True,True,True,True,True,True,True,False,5:00 AM to 8:00 PM,5:00 AM,8:00 PM,5:00 AM to 8:00 PM,5:00 AM,8:00 PM,5:00 AM to 8:00 PM,5:00 AM,8:00 PM,5:00 AM to 8:00 PM,5:00 AM,8:00 PM,5:00 AM to 8:00 PM,5:00 AM,8:00 PM,5:00 AM to 8:00 PM,5:00 AM,8:00 PM,5:00 AM to 8:00 PM,5:00 AM,8:00 PM,READY,True
10233-99983,17931,Colonial Blvd & Fowler St,CO,4450 Fowler St,Fort Myers,FL,33901,US,26.5976,-81.86329,+1 239-275-0805,True,False,False,Open until 9:00 PM,Open today from 5:00 AM - 9:00 PM,colonial-blvd-fowler-st-4450-fowler-st-fort-myers-fl-339012617-us,GMT-04:00 America/New_York,24.7783,True,True,True,True,True,True,True,True,True,True,5:00 AM to 9:00 PM,5:00 AM,9:00 PM,5:00 AM to 9:00 PM,5:00 AM,9:00 PM,5:00 AM to 9:00 PM,5:00 AM,9:00 PM,5:00 AM to 9:00 PM,5:00 AM,9:00 PM,5:00 AM to 9:00 PM,5:00 AM,9:00 PM,5:00 AM to 9:00 PM,5:00 AM,9:00 PM,5:00 AM to 9:00 PM,5:00 AM,9:00 PM,READY,True
87803-316366,8780300,St. Mary's Medical Center,LS,901 45th St.,West Palm Beach,FL,33407,US,26.75607,-80.06265,,True,False,False,Open until 8:00 PM,Open today from 6:00 AM - 8:00 PM,st-marys-medical-center-901-45th-st-west-palm-beach-fl-33407-us,GMT-04:00 America/New_York,3.888,True,False,True,True,True,False,True,False,True,False,6:00 AM to 8:00 PM,6:00 AM,8:00 PM,6:00 AM to 8:00 PM,6:00 AM,8:00 PM,6:00 AM to 8:00 PM,6:00 AM,8:00 PM,6:00 AM to 8:00 PM,6:00 AM,8:00 PM,6:00 AM to 8:00 PM,6:00 AM,8:00 PM,6:00 AM to 8:00 PM,6:00 AM,8:00 PM,6:00 AM to 8:00 PM,6:00 AM,8:00 PM,READY,False
11613-104895,17301,Worth Ave & Ocean Blvd,CO,150 Worth Ave,Palm Beach,FL,33480,US,26.70059,-80.03534,+1 561-651-7740,False,False,False,Open until 8:00 PM,Open today from 7:00 AM - 8:00 PM,worth-ave-ocean-blvd-150-worth-ave-bay-110-palm-beach-fl-334804433-us,GMT-04:00 America/New_York,4.0511,True,False,True,True,True,True,True,True,True,True,7:00 AM to 8:00 PM,7:00 AM,8:00 PM,7:00 AM to 8:00 PM,7:00 AM,8:00 PM,7:00 AM to 8:00 PM,7:00 AM,8:00 PM,7:00 AM to 7:00 PM,7:00 AM,7:00 PM,7:00 AM to 8:00 PM,7:00 AM,8:00 PM,7:00 AM to 8:00 PM,7:00 AM,8:00 PM,7:00 AM to 8:00 PM,7:00 AM,8:00 PM,NOT_READY,True
8258-1536,17657,Clematis St.,CO,226 Clematis St,West Palm Beach,FL,33401,US,26.71317,-80.05173,+1 561-655-9933,True,False,False,Open until 9:00 PM,Open today from 5:00 AM - 9:00 PM,clematis-st-226-clematis-st-west-palm-beach-fl-334015513-us,GMT-04:00 America/New_York,4.0824,True,False,True,True,True,True,True,True,True,True,5:00 AM to 9:00 PM,5:00 AM,9:00 PM,5:00 AM to 9:00 PM,5:00 AM,9:00 PM,5:00 AM to 9:00 PM,5:00 AM,9:00 PM,5:00 AM to 9:00 PM,5:00 AM,9:00 PM,5:00 AM to 7:00 PM,5:00 AM,7:00 PM,5:00 AM to 9:00 PM,5:00 AM,9:00 PM,5:00 AM to 9:00 PM,5:00 AM,9:00 PM,READY,True
79126-307405,1044889,Palm Beach Atlantic University,LS,300 Pemproke Pl,West Palm Beach,FL,33401,US,26.70456,-80.05232,+1 561-803-2423,True,False,False,Open until 7:00 PM,Open today from 6:30 AM - 7:00 PM,palm-beach-atlantic-university-300-pemproke-pl-west-palm-beach-fl-33401-us,GMT-04:00 America/New_York,4.5035,True,False,True,True,True,False,True,False,False,False,6:30 AM to 7:00 PM,6:30 AM,7:00 PM,6:30 AM to 7:00 PM,6:30 AM,7:00 PM,8:00 AM to 5:00 PM,8:00 AM,5:00 PM,8:00 AM to 5:00 PM,8:00 AM,5:00 PM,6:30 AM to 7:00 PM,6:30 AM,7:00 PM,6:30 AM to 7:00 PM,6:30 AM,7:00 PM,6:30 AM to 7:00 PM,6:30 AM,7:00 PM,READY,False
8283-296413,1030803,S Rosemary Ave & Hibiscus St,CO,701 S Rosemary Ave,West Palm Beach,FL,33401,US,26.70823,-80.05739,+1 561-366-8353,True,False,False,Open until 10:00 PM,Open today from 5:00 AM - 10:00 PM,s-rosemary-ave-hibiscus-st-701-s-rosemary-ave-ste-159-west-palm-beach-fl-3340,GMT-04:00 America/New_York,4.5686,True,False,True,True,True,True,True,True,True,True,5:00 AM to 10:00 PM,5:00 AM,10:00 PM,5:00 AM to 10:00 PM,5:00 AM,10:00 PM,5:00 AM to 10:00 PM,5:00 AM,10:00 PM,5:00 AM to 10:00 PM,5:00 AM,10:00 PM,5:00 AM to 10:00 PM,5:00 AM,10:00 PM,5:00 AM to 10:00 PM,5:00 AM,10:00 PM,5:00 AM to 7:00 PM,5:00 AM,7:00 PM,READY,True
63556-294977,1030725,S Dixie Hwy & Belvedere,CO,2715 S Dixie Hwy,West Palm Beach,FL,33405,US,26.69007,-80.05473,+1 561-710-2254,True,False,False,Open until 9:00 PM,Open today from 5:00 AM - 9:00 PM,s-dixie-hwy-belvedere-2715-s-dixie-hwy-west-palm-beach-fl-334051233-us,GMT-04:00 America/New_York,5.3436,True,True,True,True,True,True,True,True,True,True,5:00 AM to 9:00 PM,5:00 AM,9:00 PM,5:00 AM to 9:00 PM,5:00 AM,9:00 PM,5:00 AM to 9:00 PM,5:00 AM,9:00 PM,5:00 AM to 9:00 PM,5:00 AM,9:00 PM,5:00 AM to 9:00 PM,5:00 AM,9:00 PM,5:00 AM to 9:00 PM,5:00 AM,9:00 PM,5:00 AM to 9:00 PM,5:00 AM,9:00 PM,READY,True
5092-145254,11007,Target West Palm Beach 2427,LS,1760 Palm Beach Lakes Blvd,West Palm Beach,FL,33401,US,26.72239,-80.08568,+1 561-847-7480,False,False,False,Opens Thursday at 8:00 AM,Open today from 8:00 AM - 8:00 PM,target-west-palm-beach-2427-1760-palm-beach-lakes-blvd-west-palm-beach-fl-3340,GMT-04:00 America/New_York,5.6206,True,False,False,True,False,False,True,False,True,False,8:00 AM to 8:00 PM,8:00 AM,8:00 PM,8:00 AM to 8:00 PM,8:00 AM,8:00 PM,8:00 AM to 8:00 PM,8:00 AM,8:00 PM,8:00 AM to 8:00 PM,8:00 AM,8:00 PM,8:00 AM to 8:00 PM,8:00 AM,8:00 PM,8:00 AM to 8:00 PM,8:00 AM,8:00 PM,8:00 AM to 8:00 PM,8:00 AM,8:00 PM,NOT_ELIGIBLE,False
22553-211424,1008864,1815 Palm Beach Lakes Blvd,CO,1815 Palm Beach Lakes Blvd,West Palm Beach,FL,33401,US,26.72185,-80.08759,+1 561-689-9852,True,False,False,Open until 9:00 PM,Open today from 5:00 AM - 9:00 PM,1815-palm-beach-lakes-blvd-1815-palm-beach-lakes-blvd-05-west-palm-beach-fl-3,GMT-04:00 America/New_York,5.7442,True,True,True,True,True,True,True,True,True,True,5:00 AM to 9:00 PM,5:00 AM,9:00 PM,5:00 AM to 9:00 PM,5:00 AM,9:00 PM,5:00 AM to 9:00 PM,5:00 AM,9:00 PM,5:00 AM to 9:00 PM,5:00 AM,9:00 PM,5:00 AM to 10:00 PM,5:00 AM,10:00 PM,5:00 AM to 10:00 PM,5:00 AM,10:00 PM,5:00 AM to 10:00 PM,5:00 AM,10:00 PM,READY,True
14230-108984,18641,Okeechobee Blvd & I-95,CO,1870 Okeechobee Blvd,West Palm Beach,FL,33409,US,26.7059,-80.07987,+1 561-683-0719,True,False,False,Open until 10:00 PM,Open today from 4:30 AM - 10:00 PM,okeechobee-blvd-i-95-1870-okeechobee-blvd-west-palm-beach-fl-334094123-,GMT-04:00 America/New_York,5.7946,True,True,True,True,True,True,True,True,True,True,4:30 AM to 10:00 PM,4:30 AM,10:00 PM,4:30 AM to 10:00 PM,4:30 AM,10:00 PM,5:00 AM to 10:00 PM,5:00 AM,10:00 PM,5:00 AM to 9:00 PM,5:00 AM,9:00 PM,4:30 AM to 10:00 PM,4:30 AM,10:00 PM,4:30 AM to 10:00 PM,4:30 AM,10:00 PM,4:30 AM to 10:00 PM,4:30 AM,10:00 PM,READY,True
76400-93189,8424,Target Lake Park 1941,LS,500 N Congress Ave,Lake Park,FL,33403,US,26.80484,-80.08527,+1 561-352-2098,False,False,False,Opens Thursday at 8:00 AM,Open today from 8:00 AM - 8:00 PM,target-lake-park-1941-500-n-congress-ave-lake-park-fl-334033802-us,GMT-04:00 America/New_York,6.4825,True,False,False,True,False,False,True,False,True,False,8:00 AM to 8:00 PM,8:00 AM,8:00 PM,8:00 AM to 8:00 PM,8:00 AM,8:00 PM,8:00 AM to 8:00 PM,8:00 AM,8:00 PM,8:00 AM to 8:00 PM,8:00 AM,8:00 PM,8:00 AM to 8:00 PM,8:00 AM,8:00 PM,8:00 AM to 8:00 PM,8:00 AM,8:00 PM,8:00 AM to 8:00 PM,8:00 AM,8:00 PM,NOT_ELIGIBLE,False
75706-94077,16336,PBI PRE-SECURITY Main Checkpoi,LS,Belvedere Rd.,West Palm Beach,FL,33406,US,26.688,-80.08989,+1 561-406-7173,True,False,False,Open until 6:00 PM,Open today from 4:30 AM - 6:00 PM,pbi-pre-security-main-checkpoi-belvedere-rd-bldg-1000-ste-124-west-palm-beach-fl-,GMT-04:00 America/New_York,7.0091,True,False,True,True,False,False,True,False,False,False,4:30 AM to 6:00 PM,4:30 AM,6:00 PM,4:30 AM to 6:00 PM,4:30 AM,6:00 PM,4:30 AM to 6:00 PM,4:30 AM,6:00 PM,4:30 AM to 6:00 PM,4:30 AM,6:00 PM,4:30 AM to 6:00 PM,4:30 AM,6:00 PM,4:30 AM to 6:00 PM,4:30 AM,6:00 PM,4:30 AM to 6:00 PM,4:30 AM,6:00 PM,READY,False
72434-4617,8699,PBI Concourse C Gate C3,LS,Palm Beach Int'l Airport,West Palm Beach,FL,33406,US,26.6869,-80.0894,+1 561-406-7171,True,False,False,Open until 7:00 PM,Open today from 4:30 AM - 7:00 PM,pbi-concourse-c-gate-c-3-palm-beach-intl-airport-bldg-1000-suite-124-west-p,GMT-04:00 America/New_York,7.032,True,False,True,True,False,False,True,False,False,False,4:30 AM to 7:00 PM,4:30 AM,7:00 PM,4:30 AM to 7:00 PM,4:30 AM,7:00 PM,4:30 AM to 7:00 PM,4:30 AM,7:00 PM,4:30 AM to 7:00 PM,4:30 AM,7:00 PM,4:30 AM to 7:00 PM,4:30 AM,7:00 PM,4:30 AM to 7:00 PM,4:30 AM,7:00 PM,4:30 AM to 7:00 PM,4:30 AM,7:00 PM,READY,False
2910-91463,14264,Northlake Blvd & I-95,CO,3866 Northlake Blvd,Palm Beach Gardens,FL,33403,US,26.80811,-80.0961,+1 561-355-8121,True,False,False,Open until 9:00 PM,Open today from 5:00 AM - 9:00 PM,northlake-blvd-i-95-3866-northlake-blvd-palm-beach-gardens-fl-33403153,GMT-04:00 America/New_York,7.1595,True,False,True,True,True,False,True,True,True,True,5:00 AM to 9:00 PM,5:00 AM,9:00 PM,5:00 AM to 10:00 PM,5:00 AM,10:00 PM,5:00 AM to 10:00 PM,5:00 AM,10:00 PM,5:00 AM to 9:00 PM,5:00 AM,9:00 PM,5:00 AM to 9:00 PM,5:00 AM,9:00 PM,5:00 AM to 9:00 PM,5:00 AM,9:00 PM,5:00 AM to 9:00 PM,5:00 AM,9:00 PM,READY,True
72433-5017,13179,PBI Concourse B Gate B5,LS,Palm Beach Int'l Airport,West Palm Beach,FL,33406,US,26.68734,-80.09258,+1 561-406-7170,True,False,False,Open until 7:00 PM,Open today from 4:30 AM - 7:00 PM,pbi-concourse-b-gate-b-5-palm-beach-intl-airport-bldg-1000-suite-124-west-p,GMT-04:00 America/New_York,7.1686,True,False,True,True,False,False,True,False,True,False,4:30 AM to 7:00 PM,4:30 AM,7:00 PM,4:30 AM to 7:00 PM,4:30 AM,7:00 PM,4:30 AM to 7:00 PM,4:30 AM,7:00 PM,4:30 AM to 7:00 PM,4:30 AM,7:00 PM,4:30 AM to 7:00 PM,4:30 AM,7:00 PM,4:30 AM to 7:00 PM,4:30 AM,7:00 PM,4:30 AM to 7:00 PM,4:30 AM,7:00 PM,READY,False
2894-87003,14381,PGA & US Hwy 1,CO,11600 US Hwy 1,Palm Beach Gardens,FL,33408,US,26.84622,-80.06009,+1 561-625-0664,True,False,False,Open until 9:00 PM,Open today from 5:00 AM - 9:00 PM,pga-us-hwy-1-11600-us-hwy-1-palm-beach-gardens-fl-334083021-us,GMT-04:00 America/New_York,7.6113,True,False,True,True,True,False,True,True,True,True,5:00 AM to 9:00 PM,5:00 AM,9:00 PM,5:00 AM to 9:00 PM,5:00 AM,9:00 PM,5:00 AM to 9:00 PM,5:00 AM,9:00 PM,5:00 AM to 9:00 PM,5:00 AM,9:00 PM,5:00 AM to 9:00 PM,5:00 AM,9:00 PM,5:00 AM to 9:00 PM,5:00 AM,9:00 PM,5:00 AM to 9:00 PM,5:00 AM,9:00 PM,READY,True
11253-297246,1031780,Gardens Mall Upper Level,CO,3101 PGA Boulevard,Palm Beach Gardens,FL,33410,US,26.84848,-80.08497,+1 561-363-4842,False,False,False,Opens Thursday at 8:30 AM,Open today from 8:30 AM - 8:00 PM,gardens-mall-upper-level-3101-pga-boulevard-p-229-palm-beach-gardens-fl-334,GMT-04:00 America/New_York,8.5883,True,False,True,True,True,True,True,False,True,True,8:30 AM to 8:00 PM,8:30 AM,8:00 PM,8:30 AM to 8:00 PM,8:30 AM,8:00 PM,8:30 AM to 8:00 PM,8:30 AM,8:00 PM,10:30 AM to 6:00 PM,10:30 AM,6:00 PM,8:30 AM to 8:00 PM,8:30 AM,8:00 PM,8:30 AM to 8:00 PM,8:30 AM,8:00 PM,8:30 AM to 8:00 PM,8:30 AM,8:00 PM,NOT_READY,True
8282-1898,17565,Garden Square Shops,CO,10925 N Military Trl,Palm Beach Gardens,FL,33410,US,26.8399,-80.10623,+1 561-625-3805,True,False,False,Open until 9:00 PM,Open today from 5:00 AM - 9:00 PM,garden-square-shops-10925-n-military-trl-palm-beach-gardens-fl-3341065,GMT-04:00 America/New_York,9.0281,True,False,True,True,True,True,True,True,True,True,5:00 AM to 9:00 PM,5:00 AM,9:00 PM,5:00 AM to 9:00 PM,5:00 AM,9:00 PM,5:00 AM to 9:00 PM,5:00 AM,9:00 PM,5:00 AM to 9:00 PM,5:00 AM,9:00 PM,5:00 AM to 9:00 PM,5:00 AM,9:00 PM,5:00 AM to 9:00 PM,5:00 AM,9:00 PM,5:00 AM to 7:00 PM,5:00 AM,7:00 PM,READY,True
66291-296845,1039516,Forest Hill Blvd & Military Tr,CO,4380 Forest Hill Blvd,West Palm Beach,FL,33406,US,26.65119,-80.11094,+1 561-802-0045,True,False,False,Open until 10:00 PM,Open today from 5:00 AM - 10:00 PM,forest-hill-blvd-military-tr-4380-forest-hill-blvd-west-palm-beach-fl-334065718,GMT-04:00 America/New_York,9.6697,True,True,True,True,True,True,True,True,True,True,5:00 AM to 10:00 PM,5:00 AM,10:00 PM,5:00 AM to 8:00 PM,5:00 AM,8:00 PM,5:00 AM to 8:00 PM,5:00 AM,8:00 PM,5:00 AM to 8:00 PM,5:00 AM,8:00 PM,5:00 AM to 8:00 PM,5:00 AM,8:00 PM,5:00 AM to 8:00 PM,5:00 AM,8:00 PM,5:00 AM to 8:00 PM,5:00 AM,8:00 PM,READY,True
10153-261764,1022078,Dixie Hwy & Lucerne Ave,CO,127 N Dixie Hwy,Lake Worth,FL,33460,US,26.61739,-80.05763,+1 561-588-4156,True,False,False,Open until 9:00 PM,Open today from 5:00 AM - 9:00 PM,dixie-hwy-lucerne-ave-127-n-dixie-hwy-lake-worth-fl-334603347-us,GMT-04:00 America/New_York,9.829,True,True,True,True,True,True,True,True,True,True,5:00 AM to 9:00 PM,5:00 AM,9:00 PM,5:00 AM to 9:00 PM,5:00 AM,9:00 PM,5:00 AM to 9:00 PM,5:00 AM,9:00 PM,5:00 AM to 9:00 PM,5:00 AM,9:00 PM,5:00 AM to 9:00 PM,5:00 AM,9:00 PM,5:00 AM to 9:00 PM,5:00 AM,9:00 PM,5:00 AM to 9:00 PM,5:00 AM,9:00 PM,READY,True
56874-289302,1029111,Okeechobee Blvd & Skees,CO,7030 Okeechobee Blvd,West Palm Beach,FL,33411,US,26.70779,-80.15875,+1 561-517-1959,True,False,False,Open until 9:00 PM,Open today from 5:00 AM - 9:00 PM,okeechobee-blvd-skees-7030-okeechobee-blvd-west-palm-beach-fl-334112409-,GMT-04:00 America/New_York,10.2214,True,True,True,True,True,True,True,True,True,True,5:00 AM to 9:00 PM,5:00 AM,9:00 PM,5:00 AM to 9:00 PM,5:00 AM,9:00 PM,5:00 AM to 9:00 PM,5:00 AM,9:00 PM,5:00 AM to 9:00 PM,5:00 AM,9:00 PM,5:00 AM to 9:00 PM,5:00 AM,9:00 PM,5:00 AM to 9:00 PM,5:00 AM,9:00 PM,5:00 AM to 7:00 PM,5:00 AM,7:00 PM,READY,True
9828-98276,9600,PGA & Turnpike,CO,6231 PGA Blvd,Palm Beach Gardens,FL,33418,US,26.84155,-80.13257,+1 561-625-9401,True,False,False,Open until 9:00 PM,Open today from 5:00 AM - 9:00 PM,pga-turnpike-6231-pga-blvd-suite-100-palm-beach-gardens-fl-3341,GMT-04:00 America/New_York,10.3374,True,False,True,True,True,True,True,True,True,True,5:00 AM to 9:00 PM,5:00 AM,9:00 PM,5:00 AM to 9:00 PM,5:00 AM,9:00 PM,5:00 AM to 9:00 PM,5:00 AM,9:00 PM,5:00 AM to 9:00 PM,5:00 AM,9:00 PM,5:00 AM to 9:00 PM,5:00 AM,9:00 PM,5:00 AM to 9:00 PM,5:00 AM,9:00 PM,5:00 AM to 9:00 PM,5:00 AM,9:00 PM,READY,True
8465-37799,8925,Abacoa Plaza,CO,5500 Military Trl,Jupiter,FL,33458,US,26.88406,-80.10719,+1 561-775-6034,True,False,False,Open until 9:00 PM,Open today from 5:00 AM - 9:00 PM,abacoa-plaza-5500-military-trl-jupiter-fl-334582869-us,GMT-04:00 America/New_York,11.3791,True,False,True,True,True,True,True,True,True,True,5:00 AM to 9:00 PM,5:00 AM,9:00 PM,5:00 AM to 9:00 PM,5:00 AM,9:00 PM,5:00 AM to 9:00 PM,5:00 AM,9:00 PM,5:00 AM to 9:00 PM,5:00 AM,9:00 PM,5:00 AM to 9:00 PM,5:00 AM,9:00 PM,5:00 AM to 9:00 PM,5:00 AM,9:00 PM,5:00 AM to 9:00 PM,5:00 AM,9:00 PM,READY,True
49081-256904,1025492,Alton Town Center,CO,5400 Donald Ross Rd,Palm Beach Gardens,FL,33418,US,26.8825,-80.11737,+1 561-622-5565,True,False,False,Open until 9:00 PM,Open today from 5:00 AM - 9:00 PM,alton-town-center-5400-donald-ross-rd-110-palm-beach-gardens-fl-3341,GMT-04:00 America/New_York,11.6701,True,True,True,True,True,True,True,True,True,True,5:00 AM to 9:00 PM,5:00 AM,9:00 PM,5:00 AM to 9:00 PM,5:00 AM,9:00 PM,5:00 AM to 9:00 PM,5:00 AM,9:00 PM,5:00 AM to 9:00 PM,5:00 AM,9:00 PM,5:00 AM to 9:00 PM,5:00 AM,9:00 PM,5:00 AM to 9:00 PM,5:00 AM,9:00 PM,5:00 AM to 9:00 PM,5:00 AM,9:00 PM,READY,True
20280-145255,1006057,Target Greenacres 1110,LS,5900 Lake Worth Rd,Greenacres,FL,33463,US,26.61804,-80.13715,+1 561-963-3382,False,False,False,Opens Thursday at 8:00 AM,Open today from 8:00 AM - 8:00 PM,target-greenacres-1110-5900-lake-worth-rd-greenacres-fl-334633212-us,GMT-04:00 America/New_York,12.4426,True,False,False,True,False,False,True,False,True,False,8:00 AM to 8:00 PM,8:00 AM,8:00 PM,8:00 AM to 8:00 PM,8:00 AM,8:00 PM,8:00 AM to 8:00 PM,8:00 AM,8:00 PM,8:00 AM to 8:00 PM,8:00 AM,8:00 PM,8:00 AM to 8:00 PM,8:00 AM,8:00 PM,8:00 AM to 8:00 PM,8:00 AM,8:00 PM,8:00 AM to 8:00 PM,8:00 AM,8:00 PM,NOT_ELIGIBLE,False
13565-104511,7454,Indian Creek Pkwy & Military T,CO,2525 Military Trail,Jupiter,FL,33458,US,26.91131,-80.10148,+1 561-746-4831,True,False,False,Open until 9:00 PM,Open today from 5:00 AM - 9:00 PM,indian-creek-pkwy-military-t-2525-military-trail-ste-101-jupiter-fl-334587883-u,GMT-04:00 America/New_York,12.7815,True,False,True,True,True,True,True,True,True,True,5:00 AM to 9:00 PM,5:00 AM,9:00 PM,5:00 AM to 9:00 PM,5:00 AM,9:00 PM,5:00 AM to 9:00 PM,5:00 AM,9:00 PM,5:00 AM to 9:00 PM,5:00 AM,9:00 PM,5:00 AM to 9:00 PM,5:00 AM,9:00 PM,5:00 AM to 9:00 PM,5:00 AM,9:00 PM,5:00 AM to 9:00 PM,5:00 AM,9:00 PM,READY,True
76248-95029,8987,Target West Palm Beach 19,LS,10155 Okeechobee Blvd,West Palm Beach,FL,33411,US,26.71093,-80.20277,+1 561-735-3751,False,False,False,Opens Thursday at 8:00 AM,Open today from 8:00 AM - 8:00 PM,target-west-palm-beach-19-10155-okeechobee-blvd-west-palm-beach-fl-334111404,GMT-04:00 America/New_York,12.8007,True,False,False,True,True,False,True,False,True,False,8:00 AM to 8:00 PM,8:00 AM,8:00 PM,8:00 AM to 8:00 PM,8:00 AM,8:00 PM,8:00 AM to 8:00 PM,8:00 AM,8:00 PM,8:00 AM to 8:00 PM,8:00 AM,8:00 PM,8:00 AM to 8:00 PM,8:00 AM,8:00 PM,8:00 AM to 8:00 PM,8:00 AM,8:00 PM,8:00 AM to 8:00 PM,8:00 AM,8:00 PM,NOT_ELIGIBLE,False
11611-104685,18576,Lake Worth Rd & Jog Rd,CO,3991 Jog Rd,Greenacres,FL,33467,US,26.61896,-80.14787,+1 561-439-5478,True,False,False,Open until 9:00 PM,Open today from 5:00 AM - 9:00 PM,lake-worth-rd-jog-rd-3991-jog-rd-greenacres-fl-334671514-us,GMT-04:00 America/New_York,12.8572,True,True,True,True,True,True,True,True,True,True,5:00 AM to 9:00 PM,5:00 AM,9:00 PM,5:00 AM to 10:00 PM,5:00 AM,10:00 PM,5:00 AM to 10:00 PM,5:00 AM,10:00 PM,5:00 AM to 9:00 PM,5:00 AM,9:00 PM,5:00 AM to 9:00 PM,5:00 AM,9:00 PM,5:00 AM to 9:00 PM,5:00 AM,9:00 PM,5:00 AM to 9:00 PM,5:00 AM,9:00 PM,READY,True
8431-37760,15389,Southern Blvd. & 441,CO,561 N State Road 7,Royal Palm Beach,FL,33411,US,26.68671,-80.20273,+1 561-514-1680,True,False,False,Open until 9:00 PM,Open today from 5:00 AM - 9:00 PM,southern-blvd-441-561-n-state-road-7-royal-palm-beach-fl-334113524-u,GMT-04:00 America/New_York,13.2539,True,True,True,True,True,True,True,True,True,True,5:00 AM to 9:00 PM,5:00 AM,9:00 PM,5:00 AM to 9:00 PM,5:00 AM,9:00 PM,5:00 AM to 9:00 PM,5:00 AM,9:00 PM,5:00 AM to 9:00 PM,5:00 AM,9:00 PM,5:00 AM to 9:00 PM,5:00 AM,9:00 PM,5:00 AM to 9:00 PM,5:00 AM,9:00 PM,5:00 AM to 9:00 PM,5:00 AM,9:00 PM,READY,True
17947-179784,91104,Hypoluxo Road & Congress Avenu,CO,4742 N Congress Ave,Boynton Beach,FL,33426,US,26.57061,-80.08921,+1 561-963-1298,True,False,False,Open until 9:00 PM,Open today from 4:30 AM - 9:00 PM,hypoluxo-road-congress-avenu-4742-n-congress-ave-boynton-beach-fl-334267951-us,GMT-04:00 America/New_York,13.5636,True,True,True,True,True,True,True,True,True,True,4:30 AM to 9:00 PM,4:30 AM,9:00 PM,4:30 AM to 9:00 PM,4:30 AM,9:00 PM,4:30 AM to 9:00 PM,4:30 AM,9:00 PM,5:00 AM to 9:00 PM,5:00 AM,9:00 PM,4:30 AM to 9:00 PM,4:30 AM,9:00 PM,4:30 AM to 7:00 PM,4:30 AM,7:00 PM,4:30 AM to 9:00 PM,4:30 AM,9:00 PM,READY,True
22266-215484,1008847,Fishermans Wharf,CO,287 E Indiantown Road,Jupiter,FL,33477,US,26.93467,-80.08825,+1 561-741-4225,True,False,False,Open until 9:00 PM,Open today from 5:00 AM - 9:00 PM,fishermans-wharf-287-e-indiantown-road-b-10-jupiter-fl-334775061-us,GMT-04:00 America/New_York,13.8709,True,False,True,True,True,True,True,True,True,True,5:00 AM to 9:00 PM,5:00 AM,9:00 PM,5:00 AM to 9:00 PM,5:00 AM,9:00 PM,5:00 AM to 9:00 PM,5:00 AM,9:00 PM,5:00 AM to 9:00 PM,5:00 AM,9:00 PM,5:00 AM to 9:00 PM,5:00 AM,9:00 PM,5:00 AM to 9:00 PM,5:00 AM,9:00 PM,5:00 AM to 9:00 PM,5:00 AM,9:00 PM,READY,True
11255-295591,17336,Southern Blvd & Lamstein,CO,11091 Southern Blvd,Royal Palm Beach,FL,33411,US,26.68156,-80.22078,+1 561-333-2161,True,False,False,Open until 9:00 PM,Open today from 5:00 AM - 9:00 PM,southern-blvd-lamstein-11091-southern-blvd-royal-palm-beach-fl-334114240-,GMT-04:00 America/New_York,14.4232,True,True,True,True,True,True,True,True,True,True,5:00 AM to 9:00 PM,5:00 AM,9:00 PM,5:00 AM to 9:00 PM,5:00 AM,9:00 PM,5:00 AM to 9:00 PM,5:00 AM,9:00 PM,5:00 AM to 9:00 PM,5:00 AM,9:00 PM,5:00 AM to 9:00 PM,5:00 AM,9:00 PM,5:00 AM to 9:00 PM,5:00 AM,9:00 PM,5:00 AM to 9:00 PM,5:00 AM,9:00 PM,READY,True
77969-307293,1044107,Okeechobee Blvd & Royal Palm B,CO,11710 Okeechobee Blvd,Royal Palm Beach,FL,33411,US,26.70574,-80.23053,+1 561-448-4871,True,False,False,Open until 9:00 PM,Open today from 5:00 AM - 9:00 PM,okeechobee-blvd-royal-palm-b-11710-okeechobee-blvd-royal-palm-beach-fl-33411872,GMT-04:00 America/New_York,14.5512,True,True,True,True,True,True,True,True,True,True,5:00 AM to 9:00 PM,5:00 AM,9:00 PM,5:00 AM to 9:00 PM,5:00 AM,9:00 PM,5:00 AM to 9:00 PM,5:00 AM,9:00 PM,5:00 AM to 9:00 PM,5:00 AM,9:00 PM,5:00 AM to 9:00 PM,5:00 AM,9:00 PM,5:00 AM to 9:00 PM,5:00 AM,9:00 PM,5:00 AM to 9:00 PM,5:00 AM,9:00 PM,READY,True
68494-302759,1032966,The Mall at Wellington Green,LS,10300 West Forrest Hill Blvd.,Wellington,FL,33414,US,26.64737,-80.20905,+1 561-249-0464,False,False,False,Opens Thursday at 9:00 AM,Open today from 9:00 AM - 8:00 PM,the-mall-at-wellington-green-10300-west-forrest-hill-blvd-wellington-fl-33414-u,GMT-04:00 America/New_York,14.724,True,False,True,True,True,False,True,False,False,False,9:00 AM to 8:00 PM,9:00 AM,8:00 PM,9:00 AM to 8:00 PM,9:00 AM,8:00 PM,9:00 AM to 8:00 PM,9:00 AM,8:00 PM,10:00 AM to 6:00 PM,10:00 AM,6:00 PM,9:00 AM to 8:00 PM,9:00 AM,8:00 PM,9:00 AM to 8:00 PM,9:00 AM,8:00 PM,9:00 AM to 8:00 PM,9:00 AM,8:00 PM,NOT_READY,False
8432-19319,15390,Wellington Green,CO,10580 Forest Hill Blvd,Wellington,FL,33414,US,26.65069,-80.21218,+1 561-753-0788,True,False,False,Open until 9:00 PM,Open today from 5:00 AM - 9:00 PM,wellington-green-10580-forest-hill-blvd-wellington-fl-334143135-us,GMT-04:00 America/New_York,14.7856,True,True,True,True,True,True,True,True,True,True,5:00 AM to 9:00 PM,5:00 AM,9:00 PM,5:00 AM to 9:00 PM,5:00 AM,9:00 PM,5:00 AM to 9:00 PM,5:00 AM,9:00 PM,5:00 AM to 9:00 PM,5:00 AM,9:00 PM,5:00 AM to 9:00 PM,5:00 AM,9:00 PM,5:00 AM to 9:00 PM,5:00 AM,9:00 PM,5:00 AM to 9:00 PM,5:00 AM,9:00 PM,READY,True
54440-272165,1024547,Stribling & 441,CO,2891 S State Road 7,Wellington,FL,33414,US,26.6364,-80.20465,+1 561-356-5281,True,False,False,Open until 9:00 PM,Open today from 5:00 AM - 9:00 PM,stribling-441-2891-s-state-road-7-ste-100-wellington-fl-33414944,GMT-04:00 America/New_York,14.8728,True,True,True,True,True,True,True,True,True,True,5:00 AM to 9:00 PM,5:00 AM,9:00 PM,5:00 AM to 9:00 PM,5:00 AM,9:00 PM,5:00 AM to 9:00 PM,5:00 AM,9:00 PM,5:00 AM to 9:00 PM,5:00 AM,9:00 PM,5:00 AM to 9:00 PM,5:00 AM,9:00 PM,5:00 AM to 9:00 PM,5:00 AM,9:00 PM,5:00 AM to 9:00 PM,5:00 AM,9:00 PM,READY,True
13563-107228,6884,Gateway Blvd & Congress,CO,1500 Gateway Blvd,Boynton Beach,FL,33426,US,26.5461,-80.08794,+1 561-369-8252,True,False,False,Open until 9:00 PM,Open today from 5:00 AM - 9:00 PM,gateway-blvd-congress-1500-gateway-blvd-130-boynton-beach-fl-334267232-u,GMT-04:00 America/New_York,15.0986,True,False,True,True,True,True,True,True,True,True,5:00 AM to 9:00 PM,5:00 AM,9:00 PM,5:00 AM to 9:00 PM,5:00 AM,9:00 PM,5:00 AM to 9:00 PM,5:00 AM,9:00 PM,5:00 AM to 9:00 PM,5:00 AM,9:00 PM,5:00 AM to 9:00 PM,5:00 AM,9:00 PM,5:00 AM to 9:00 PM,5:00 AM,9:00 PM,5:00 AM to 9:00 PM,5:00 AM,9:00 PM,READY,True
9876-97025,8608,Indiantown & 67th Rd,CO,2770 W Indiantown Rd,Jupiter,FL,33458,US,26.93408,-80.13799,+1 561-745-6295,True,False,False,Open until 9:00 PM,Open today from 5:00 AM - 9:00 PM,indiantown-67th-rd-2770-w-indiantown-rd-jupiter-fl-334584650-us,GMT-04:00 America/New_York,15.3014,True,True,True,True,True,True,True,True,True,True,5:00 AM to 9:00 PM,5:00 AM,9:00 PM,5:00 AM to 9:00 PM,5:00 AM,9:00 PM,5:00 AM to 9:00 PM,5:00 AM,9:00 PM,5:00 AM to 9:00 PM,5:00 AM,9:00 PM,5:00 AM to 9:00 PM,5:00 AM,9:00 PM,5:00 AM to 9:00 PM,5:00 AM,9:00 PM,5:00 AM to 9:00 PM,5:00 AM,9:00 PM,READY,True
68130-302102,1033254,US1 & Village Blvd-Tequesta,CO,710 N US Highway 1,Tequesta,FL,33469,US,26.96589,-80.08615,+1 561-244-8444,True,False,False,Open until 9:00 PM,Open today from 5:00 AM - 9:00 PM,us-1-village-blvd-tequesta-710-n-us-highway-1-tequesta-fl-334692339-us,GMT-04:00 America/New_York,15.8336,True,True,True,True,True,True,True,True,True,True,5:00 AM to 9:00 PM,5:00 AM,9:00 PM,5:00 AM to 9:00 PM,5:00 AM,9:00 PM,5:00 AM to 9:00 PM,5:00 AM,9:00 PM,5:00 AM to 9:00 PM,5:00 AM,9:00 PM,5:00 AM to 9:00 PM,5:00 AM,9:00 PM,5:00 AM to 9:00 PM,5:00 AM,9:00 PM,5:00 AM to 9:00 PM,5:00 AM,9:00 PM,READY,True
76749-106133,7646,Target Boynton Beach SE 2210,LS,650 N Congress Ave,Boynton Beach,FL,33426,US,26.53358,-80.08787,+1 561-396-2202,False,False,False,Opens Thursday at 8:00 AM,Open today from 8:00 AM - 8:00 PM,target-boynton-beach-se-2210-650-n-congress-ave-boynton-beach-fl-33426-us,GMT-04:00 America/New_York,15.9074,True,False,False,True,True,False,True,False,True,False,8:00 AM to 8:00 PM,8:00 AM,8:00 PM,8:00 AM to 8:00 PM,8:00 AM,8:00 PM,8:00 AM to 8:00 PM,8:00 AM,8:00 PM,8:00 AM to 8:00 PM,8:00 AM,8:00 PM,8:00 AM to 8:00 PM,8:00 AM,8:00 PM,8:00 AM to 8:00 PM,8:00 AM,8:00 PM,8:00 AM to 8:00 PM,8:00 AM,8:00 PM,NOT_ELIGIBLE,False
10591-101305,7432,Forest Hill Blvd & Wellington,CO,12840 W Forrest Hill Blvd,Wellington,FL,33414,US,26.6731,-80.24826,+1 561-333-2049,True,False,False,Open until 10:00 PM,Open today from 5:00 AM - 10:00 PM,forest-hill-blvd-wellington-12840-w-forrest-hill-blvd-wellington-fl-334144708-,GMT-04:00 America/New_York,16.2176,True,True,True,True,True,True,True,True,True,True,5:00 AM to 10:00 PM,5:00 AM,10:00 PM,5:00 AM to 10:00 PM,5:00 AM,10:00 PM,5:00 AM to 10:00 PM,5:00 AM,10:00 PM,5:00 AM to 10:00 PM,5:00 AM,10:00 PM,5:00 AM to 10:00 PM,5:00 AM,10:00 PM,5:00 AM to 10:00 PM,5:00 AM,10:00 PM,5:00 AM to 10:00 PM,5:00 AM,10:00 PM,READY,True
8805-94142,16064,Boynton Beach & Congress,CO,306 N Congress Ave,Boynton Beach,FL,33426,US,26.52816,-80.08986,+1 561-735-0298,True,False,False,Open until 9:00 PM,Open today from 5:00 AM - 9:00 PM,boynton-beach-congress-306-n-congress-ave-boynton-beach-fl-334263416-us,GMT-04:00 America/New_York,16.3014,True,False,True,True,True,True,True,False,True,True,5:00 AM to 9:00 PM,5:00 AM,9:00 PM,5:00 AM to 9:00 PM,5:00 AM,9:00 PM,5:00 AM to 9:00 PM,5:00 AM,9:00 PM,5:00 AM to 9:00 PM,5:00 AM,9:00 PM,5:00 AM to 9:00 PM,5:00 AM,9:00 PM,5:00 AM to 9:00 PM,5:00 AM,9:00 PM,5:00 AM to 9:00 PM,5:00 AM,9:00 PM,READY,True
76715-97107,10059,Target Wellington 2065,LS,5900 State Rd 7,Wellington,FL,33449,US,26.59266,-80.20238,+1 561-273-8259,False,False,False,Opens Thursday at 8:00 AM,Open today from 8:00 AM - 8:00 PM,target-wellington-2065-5900-state-rd-7-wellington-fl-334495404-us,GMT-04:00 America/New_York,16.5624,True,False,False,True,True,False,True,False,True,False,8:00 AM to 8:00 PM,8:00 AM,8:00 PM,8:00 AM to 8:00 PM,8:00 AM,8:00 PM,8:00 AM to 8:00 PM,8:00 AM,8:00 PM,8:00 AM to 8:00 PM,8:00 AM,8:00 PM,8:00 AM to 8:00 PM,8:00 AM,8:00 PM,8:00 AM to 8:00 PM,8:00 AM,8:00 PM,8:00 AM to 8:00 PM,8:00 AM,8:00 PM,NOT_ELIGIBLE,False
62219-294140,1029295,Woolbright Rd & US 1,CO,1620 South Federal Hwy,Boynton Beach,FL,33435,US,26.51365,-80.05862,+1 561-621-3559,True,False,False,Open until 9:00 PM,Open today from 5:00 AM - 9:00 PM,woolbright-rd-us-1-1620-south-federal-hwy-a-boynton-beach-fl-33435690,GMT-04:00 America/New_York,16.7267,True,False,True,True,True,True,True,True,True,True,5:00 AM to 9:00 PM,5:00 AM,9:00 PM,5:00 AM to 9:00 PM,5:00 AM,9:00 PM,5:00 AM to 9:00 PM,5:00 AM,9:00 PM,5:00 AM to 9:00 PM,5:00 AM,9:00 PM,5:00 AM to 9:00 PM,5:00 AM,9:00 PM,5:00 AM to 9:00 PM,5:00 AM,9:00 PM,5:00 AM to 9:00 PM,5:00 AM,9:00 PM,READY,True
66534-296846,1039482,Woolbright Rd & Military Trl,CO,11800 S Military Trl,Golf,FL,33436,US,26.5084,-80.12269,+1 561-320-0062,True,False,False,Open until 9:00 PM,Open today from 5:00 AM - 9:00 PM,woolbright-rd-military-trl-11800-s-military-trl-bay-101-golf-fl-334365500-us,GMT-04:00 America/New_York,18.3324,True,True,True,True,True,True,True,True,True,True,5:00 AM to 9:00 PM,5:00 AM,9:00 PM,5:00 AM to 9:00 PM,5:00 AM,9:00 PM,5:00 AM to 9:00 PM,5:00 AM,9:00 PM,5:00 AM to 9:00 PM,5:00 AM,9:00 PM,5:00 AM to 9:00 PM,5:00 AM,9:00 PM,5:00 AM to 9:00 PM,5:00 AM,9:00 PM,5:00 AM to 9:00 PM,5:00 AM,9:00 PM,READY,True
76473-97108,7052,Target Boynton Beach 2067,LS,10201 Hagen Beach Rd,Boynton Beach,FL,33437,US,26.52631,-80.16557,+1 561-536-0261,False,False,False,Opens Thursday at 8:00 AM,Open today from 8:00 AM - 8:00 PM,target-boynton-beach-2067-10201-hagen-beach-rd-boynton-beach-fl-334373758-us,GMT-04:00 America/New_York,18.5319,True,False,False,True,True,False,True,False,True,False,8:00 AM to 8:00 PM,8:00 AM,8:00 PM,8:00 AM to 8:00 PM,8:00 AM,8:00 PM,8:00 AM to 8:00 PM,8:00 AM,8:00 PM,8:00 AM to 8:00 PM,8:00 AM,8:00 PM,8:00 AM to 8:00 PM,8:00 AM,8:00 PM,8:00 AM to 8:00 PM,8:00 AM,8:00 PM,8:00 AM to 8:00 PM,8:00 AM,8:00 PM,NOT_ELIGIBLE,False
77067-305608,1043519,Seminole Pratt Whitney & Persi,CO,4801 Seminole Pratt Whitney Rd,Westlake,FL,33470,US,26.75034,-80.30835,+1 561-677-4768,True,False,False,Open until 9:00 PM,Open today from 5:00 AM - 9:00 PM,seminole-pratt-whitney-persi-4801-seminole-pratt-whitney-rd-westlake-fl-3347000,GMT-04:00 America/New_York,19.0248,True,True,True,True,True,True,True,True,True,True,5:00 AM to 9:00 PM,5:00 AM,9:00 PM,5:00 AM to 9:00 PM,5:00 AM,9:00 PM,5:00 AM to 9:00 PM,5:00 AM,9:00 PM,5:00 AM to 9:00 PM,5:00 AM,9:00 PM,5:00 AM to 9:00 PM,5:00 AM,9:00 PM,5:00 AM to 9:00 PM,5:00 AM,9:00 PM,5:00 AM to 9:00 PM,5:00 AM,9:00 PM,READY,True
48014-254407,1019334,Boynton Beach Blvd & Lyons Rd,CO,8790 Boynton Beach Blvd,Boynton Beach,FL,33472,US,26.52722,-80.18617,+1 561-430-0537,True,False,False,Open until 9:00 PM,Open today from 5:00 AM - 9:00 PM,boynton-beach-blvd-lyons-rd-8790-boynton-beach-blvd-bay-1-boynton-beach-fl-334,GMT-04:00 America/New_York,19.2127,True,True,True,True,True,True,True,True,True,True,5:00 AM to 9:00 PM,5:00 AM,9:00 PM,5:00 AM to 9:00 PM,5:00 AM,9:00 PM,5:00 AM to 9:00 PM,5:00 AM,9:00 PM,5:00 AM to 9:00 PM,5:00 AM,9:00 PM,5:00 AM to 9:00 PM,5:00 AM,9:00 PM,5:00 AM to 9:00 PM,5:00 AM,9:00 PM,5:00 AM to 9:00 PM,5:00 AM,9:00 PM,READY,True
8455-44904,12471,205 E. Atlantic Ave.,CO,205 E Atlantic Ave,Delray Beach,FL,33444,US,26.46178,-80.07084,+1 561-243-9332,True,False,False,Open until 9:00 PM,Open today from 5:00 AM - 9:00 PM,205-e-atlantic-ave-205-e-atlantic-ave-delray-beach-fl-334443726-us,GMT-04:00 America/New_York,20.3893,True,False,True,True,True,True,True,True,True,True,5:00 AM to 9:00 PM,5:00 AM,9:00 PM,5:00 AM to 10:30 PM,5:00 AM,10:30 PM,5:00 AM to 10:30 PM,5:00 AM,10:30 PM,5:00 AM to 9:00 PM,5:00 AM,9:00 PM,5:00 AM to 9:00 PM,5:00 AM,9:00 PM,5:00 AM to 9:00 PM,5:00 AM,9:00 PM,5:00 AM to 9:00 PM,5:00 AM,9:00 PM,READY,True
66115-296848,1039566,Atlantic Ave & Military Trail,CO,4920 W Atlantic Ave,Delray Beach,FL,33445,US,26.45749,-80.12129,+1 561-666-4490,True,False,False,Open until 8:00 PM,Open today from 5:00 AM - 8:00 PM,atlantic-ave-military-trail-4920-w-atlantic-ave-delray-beach-fl-334453843-us,GMT-04:00 America/New_York,21.5548,True,True,True,True,True,False,True,False,True,True,5:00 AM to 8:00 PM,5:00 AM,8:00 PM,5:00 AM to 8:00 PM,5:00 AM,8:00 PM,5:00 AM to 8:00 PM,5:00 AM,8:00 PM,5:00 AM to 8:00 PM,5:00 AM,8:00 PM,5:00 AM to 8:00 PM,5:00 AM,8:00 PM,5:00 AM to 8:00 PM,5:00 AM,8:00 PM,5:00 AM to 8:00 PM,5:00 AM,8:00 PM,READY,True
21822-191184,1008755,Linton & 4th,CO,551 Linton Blvd,Delray Beach,FL,33444,US,26.44019,-80.07844,+1 561-278-1425,True,False,False,Open until 8:00 PM,Open today from 5:00 AM - 8:00 PM,linton-4th-551-linton-blvd-ste-c-1-delray-beach-fl-334448141-,GMT-04:00 America/New_York,21.9475,True,True,True,True,True,False,True,False,True,False,5:00 AM to 8:00 PM,5:00 AM,8:00 PM,5:00 AM to 8:00 PM,5:00 AM,8:00 PM,5:00 AM to 8:00 PM,5:00 AM,8:00 PM,5:00 AM to 8:00 PM,5:00 AM,8:00 PM,5:00 AM to 8:00 PM,5:00 AM,8:00 PM,5:00 AM to 8:00 PM,5:00 AM,8:00 PM,5:00 AM to 8:00 PM,5:00 AM,8:00 PM,READY,True
66290-297981,1039743,E Saunders St & N Bartlett Ave,CO,2202 E Saunders St,Laredo,TX,78041,US,27.53092,-99.47395,+1 956-452-5799,True,False,False,Open until 12:30 AM,Open today from 4:30 AM - 12:30 AM,e-saunders-st-n-bartlett-ave-2202-e-saunders-st-laredo-tx-780415433-us,GMT-05:00 America/Chicago,2.6669,True,True,True,True,True,True,True,True,True,True,4:30 AM to 12:30 AM,4:30 AM,12:30 AM,4:30 AM to 1:00 AM,4:30 AM,1:00 AM,4:30 AM to 1:00 AM,4:30 AM,1:00 AM,4:30 AM to 12:30 AM,4:30 AM,12:30 AM,4:30 AM to 12:30 AM,4:30 AM,12:30 AM,4:30 AM to 12:30 AM,4:30 AM,12:30 AM,4:30 AM to 12:30 AM,4:30 AM,12:30 AM,READY,True
87965-315247,8796500,McPherson Rd & Calton Rd,CO,5106 McPherson Rd,Laredo,TX,78041,US,27.54189,-99.48389,+1 956-452-8682,True,False,False,Open until 11:30 PM,Open today from 5:00 AM - 11:30 PM,mc-pherson-rd-calton-rd-5106-mc-pherson-rd-laredo-tx-780417321-us,GMT-05:00 America/Chicago,3.058,True,True,True,True,True,True,True,True,True,True,5:00 AM to 11:30 PM,5:00 AM,11:30 PM,5:00 AM to 12:00 AM,5:00 AM,12:00 AM,5:00 AM to 12:00 AM,5:00 AM,12:00 AM,5:00 AM to 11:30 PM,5:00 AM,11:30 PM,5:00 AM to 11:30 PM,5:00 AM,11:30 PM,5:00 AM to 11:30 PM,5:00 AM,11:30 PM,5:00 AM to 11:30 PM,5:00 AM,11:30 PM,READY,True
76556-96769,7072,Target Laredo 2112,LS,1910 Bob Bullock Loop,Laredo,TX,78043,US,27.51607,-99.45188,+1 956-722-6800,False,False,False,Opens Thursday at 8:00 AM,Open today from 8:00 AM - 8:00 PM,target-laredo-2112-1910-bob-bullock-loop-laredo-tx-780439733-us,GMT-05:00 America/Chicago,3.151,True,False,False,True,True,False,True,False,True,False,8:00 AM to 8:00 PM,8:00 AM,8:00 PM,8:00 AM to 8:00 PM,8:00 AM,8:00 PM,8:00 AM to 8:00 PM,8:00 AM,8:00 PM,8:00 AM to 8:00 PM,8:00 AM,8:00 PM,8:00 AM to 8:00 PM,8:00 AM,8:00 PM,8:00 AM to 8:00 PM,8:00 AM,8:00 PM,8:00 AM to 8:00 PM,8:00 AM,8:00 PM,NOT_ELIGIBLE,False
6852-83520,16362,Mall del Norte,CO,"5300 San Dario, #174",Laredo,TX,78041,US,27.55184,-99.50068,+1 956-796-1800,False,False,False,Opens Thursday at 9:30 AM,Open today from 9:30 AM - 8:30 PM,mall-del-norte-5300-san-dario-174-laredo-tx-780413037-us,GMT-05:00 America/Chicago,3.582,True,False,True,True,True,True,True,False,True,True,9:30 AM to 8:30 PM,9:30 AM,8:30 PM,9:30 AM to 8:30 PM,9:30 AM,8:30 PM,9:30 AM to 8:30 PM,9:30 AM,8:30 PM,10:30 AM to 7:30 PM,10:30 AM,7:30 PM,10:00 AM to 8:30 PM,10:00 AM,8:30 PM,10:00 AM to 8:30 PM,10:00 AM,8:30 PM,10:00 AM to 8:30 PM,10:00 AM,8:30 PM,NOT_READY,True
68296-298605,1040302,I-35 & W Del Mar Blvd,CO,7037 San Dario Ave,Laredo,TX,78041,US,27.56615,-99.50222,+1 956-452-9620,True,False,False,Open until 11:00 PM,Open today from 5:00 AM - 11:00 PM,i-35-w-del-mar-blvd-7037-san-dario-ave-laredo-tx-78041-us,GMT-05:00 America/Chicago,4.5725,True,True,True,True,True,False,True,True,False,True,5:00 AM to 11:00 PM,5:00 AM,11:00 PM,5:00 AM to 12:00 AM,5:00 AM,12:00 AM,5:00 AM to 12:00 AM,5:00 AM,12:00 AM,5:00 AM to 11:00 PM,5:00 AM,11:00 PM,5:00 AM to 11:00 PM,5:00 AM,11:00 PM,5:00 AM to 11:00 PM,5:00 AM,11:00 PM,5:00 AM to 11:00 PM,5:00 AM,11:00 PM,READY,True
57565-289427,1023008,Target Laredo 801,LS,7501 San Dario Ave,Laredo,TX,78045,US,27.56961,-99.49978,+1 956-722-6800,False,False,False,Opens Thursday at 8:00 AM,Open today from 8:00 AM - 8:00 PM,target-laredo-801-7501-san-dario-ave-laredo-tx-78045-us,GMT-05:00 America/Chicago,4.8096,True,False,False,True,False,False,True,False,True,False,8:00 AM to 8:00 PM,8:00 AM,8:00 PM,8:00 AM to 8:00 PM,8:00 AM,8:00 PM,8:00 AM to 8:00 PM,8:00 AM,8:00 PM,8:00 AM to 8:00 PM,8:00 AM,8:00 PM,8:00 AM to 8:00 PM,8:00 AM,8:00 PM,8:00 AM to 8:00 PM,8:00 AM,8:00 PM,8:00 AM to 8:00 PM,8:00 AM,8:00 PM,NOT_ELIGIBLE,False
6781-80660,13974,Del Mar & McPhearson,CO,1310 A Del Mar Blvd,Laredo,TX,78041,US,27.5749,-99.4723,+1 956-722-5887,True,False,False,Open until 11:00 PM,Open today from 5:00 AM - 11:00 PM,del-mar-mc-phearson-1310-a-del-mar-blvd-laredo-tx-780416524-us,GMT-05:00 America/Chicago,5.4462,True,True,True,True,True,True,True,True,True,True,5:00 AM to 11:00 PM,5:00 AM,11:00 PM,5:00 AM to 11:00 PM,5:00 AM,11:00 PM,5:00 AM to 11:00 PM,5:00 AM,11:00 PM,5:00 AM to 10:30 PM,5:00 AM,10:30 PM,5:00 AM to 10:30 PM,5:00 AM,10:30 PM,5:00 AM to 10:30 PM,5:00 AM,10:30 PM,5:00 AM to 10:30 PM,5:00 AM,10:30 PM,READY,True
70054-106697,10652,Texas A&M Intl. Univ. Library,LS,5201 University Blvd.,Laredo,TX,78041,US,27.57354,-99.43518,+1 956-326-3056,False,False,False,Opens Thursday at 7:00 AM,Open today from 7:00 AM - 9:30 PM,texas-a-m-intl-univ-library-5201-university-blvd-laredo-tx-780411920-us,GMT-05:00 America/Chicago,6.4489,True,False,True,True,False,False,True,False,True,False,7:00 AM to 9:30 PM,7:00 AM,9:30 PM,7:00 AM to 5:00 PM,7:00 AM,5:00 PM,Closed,,,Closed,,,7:00 AM to 9:30 PM,7:00 AM,9:30 PM,7:00 AM to 9:30 PM,7:00 AM,9:30 PM,7:00 AM to 9:30 PM,7:00 AM,9:30 PM,NOT_READY,False
18297-164868,114016,Bob Bullock & McPherson,CO,10719 McPherson Rd,Laredo,TX,78045,US,27.60907,-99.47576,+1 956-729-7828,True,False,False,Open until 1:00 AM,Open today from 4:30 AM - 1:00 AM,bob-bullock-mc-pherson-10719-mc-pherson-rd-laredo-tx-780456801-us,GMT-05:00 America/Chicago,7.6809,True,True,True,True,True,True,True,True,True,True,4:30 AM to 1:00 AM,4:30 AM,1:00 AM,4:30 AM to 1:00 AM,4:30 AM,1:00 AM,5:00 AM to 1:00 AM,5:00 AM,1:00 AM,5:00 AM to 12:30 AM,5:00 AM,12:30 AM,4:30 AM to 12:30 AM,4:30 AM,12:30 AM,4:30 AM to 12:30 AM,4:30 AM,12:30 AM,4:30 AM to 12:30 AM,4:30 AM,12:30 AM,READY,True
7071-151265,19108,Texas A&M University Kingsvill,LS,1050 Santa Gertrudis Blvd,Kingsville,TX,78363,US,27.52354,-97.88178,+1 361-593-3096,False,False,False,Opens Thursday at 7:00 AM,Open today from 7:00 AM - 9:00 PM,texas-a-m-university-kingsvill-1050-santa-gertrudis-blvd-kingsville-tx-783634701-,GMT-05:00 America/Chicago,7.4249,True,False,False,True,False,False,False,False,True,False,7:00 AM to 9:00 PM,7:00 AM,9:00 PM,7:00 AM to 4:00 PM,7:00 AM,4:00 PM,9:00 AM to 2:00 PM,9:00 AM,2:00 PM,Closed,,,7:00 AM to 9:00 PM,7:00 AM,9:00 PM,7:00 AM to 9:00 PM,7:00 AM,9:00 PM,7:00 AM to 9:00 PM,7:00 AM,9:00 PM,NOT_ELIGIBLE,False
60637-293006,1027748,US-77 & E Gen. Cavazos,CO,2518 S US HWY 77,Kingsville,TX,78363,US,27.49286,-97.84497,+1 361-219-3649,True,False,False,Open until 10:00 PM,Open today from 4:30 AM - 10:00 PM,us-77-e-gen-cavazos-2518-s-us-hwy-77-kingsville-tx-783632837-us,GMT-05:00 America/Chicago,9.5144,True,True,True,True,True,False,True,False,True,True,4:30 AM to 10:00 PM,4:30 AM,10:00 PM,4:30 AM to 10:00 PM,4:30 AM,10:00 PM,4:30 AM to 10:00 PM,4:30 AM,10:00 PM,4:30 AM to 10:00 PM,4:30 AM,10:00 PM,4:30 AM to 10:00 PM,4:30 AM,10:00 PM,4:30 AM to 10:00 PM,4:30 AM,10:00 PM,4:30 AM to 10:00 PM,4:30 AM,10:00 PM,READY,True
65588-300030,1039258,E Main St. & Coyote Trail,CO,1728 E Main St,Alice,TX,78332,US,27.759,-98.05248,+1 361-415-8362,True,False,False,Open until 9:00 PM,Open today from 4:30 AM - 9:00 PM,e-main-st-coyote-trail-1728-e-main-st-alice-tx-783324048-us,GMT-05:00 America/Chicago,18.1812,True,True,True,True,True,False,True,False,True,True,4:30 AM to 9:00 PM,4:30 AM,9:00 PM,4:30 AM to 9:00 PM,4:30 AM,9:00 PM,4:30 AM to 9:00 PM,4:30 AM,9:00 PM,4:30 AM to 9:00 PM,4:30 AM,9:00 PM,4:30 AM to 9:00 PM,4:30 AM,9:00 PM,4:30 AM to 9:00 PM,4:30 AM,9:00 PM,4:30 AM to 9:00 PM,4:30 AM,9:00 PM,READY,True
50488-248915,1021727,SPID & Aquarius,CO,14002 S Padre Island Dr,Corpus Christi,TX,78418,US,27.6295,-97.22524,+1 361-443-2321,True,False,False,Open until 8:00 PM,Open today from 4:30 AM - 8:00 PM,spid-aquarius-14002-s-padre-island-dr-corpus-christi-tx-78418602,GMT-05:00 America/Chicago,9.0752,True,True,True,True,True,False,True,True,True,True,4:30 AM to 8:00 PM,4:30 AM,8:00 PM,4:30 AM to 8:00 PM,4:30 AM,8:00 PM,4:30 AM to 8:00 PM,4:30 AM,8:00 PM,4:30 AM to 8:00 PM,4:30 AM,8:00 PM,4:30 AM to 8:00 PM,4:30 AM,8:00 PM,4:30 AM to 8:00 PM,4:30 AM,8:00 PM,4:30 AM to 8:00 PM,4:30 AM,8:00 PM,READY,True
82059-308989,1053245,Waldron Rd & Knickerbocker St,CO,1337 Waldron Rd,Corpus Christi,TX,78418,US,27.66382,-97.28463,+1 361-226-7061,True,False,False,Open until 9:00 PM,Open today from 4:30 AM - 9:00 PM,waldron-rd-knickerbocker-st-1337-waldron-rd-corpus-christi-tx-784184430-us,GMT-05:00 America/Chicago,11.5158,True,True,True,True,True,True,True,True,True,True,4:30 AM to 9:00 PM,4:30 AM,9:00 PM,4:30 AM to 9:00 PM,4:30 AM,9:00 PM,4:30 AM to 9:00 PM,4:30 AM,9:00 PM,4:30 AM to 9:00 PM,4:30 AM,9:00 PM,4:30 AM to 9:00 PM,4:30 AM,9:00 PM,4:30 AM to 9:00 PM,4:30 AM,9:00 PM,4:30 AM to 9:00 PM,4:30 AM,9:00 PM,READY,True
13907-110297,10583,Saratoga & Staples,CO,5630 Saratoga Blvd,Corpus Christi,TX,78414,US,27.68505,-97.38192,+1 361-257-0821,True,False,False,Open until 10:00 PM,Open today from 4:00 AM - 10:00 PM,saratoga-staples-5630-saratoga-blvd-102-corpus-christi-tx-784144101,GMT-05:00 America/Chicago,15.1238,True,True,True,True,True,False,True,True,True,True,4:00 AM to 10:00 PM,4:00 AM,10:00 PM,4:00 AM to 10:00 PM,4:00 AM,10:00 PM,4:30 AM to 10:00 PM,4:30 AM,10:00 PM,5:00 AM to 10:00 PM,5:00 AM,10:00 PM,4:00 AM to 10:00 PM,4:00 AM,10:00 PM,4:00 AM to 10:00 PM,4:00 AM,10:00 PM,4:00 AM to 10:00 PM,4:00 AM,10:00 PM,READY,True
16661-110945,86965,Texas A&M University-Corpus Ch,LS,6300 Ocean Drive.,Corpus Christi,TX,78412,US,27.71314,-97.32436,+1 361-825-2760,False,False,False,Opens Thursday at 7:30 AM,Open today from 7:30 AM - 7:00 PM,texas-a-m-university-corpus-ch-6300-ocean-drive-corpus-christi-tx-78412-us,GMT-05:00 America/Chicago,15.4143,True,False,True,True,True,False,True,False,True,False,7:30 AM to 7:00 PM,7:30 AM,7:00 PM,7:30 AM to 4:00 PM,7:30 AM,4:00 PM,9:00 AM to 1:00 PM,9:00 AM,1:00 PM,Closed,,,7:30 AM to 7:00 PM,7:30 AM,7:00 PM,7:30 AM to 7:00 PM,7:30 AM,7:00 PM,7:30 AM to 7:00 PM,7:30 AM,7:00 PM,NOT_READY,False
6720-75542,14131,SPID & Staples,CO,5601 S Padre Island Dr,Corpus Christi,TX,78412,US,27.70689,-97.37001,+1 361-993-0349,True,False,False,Open until 10:00 PM,Open today from 4:00 AM - 10:00 PM,spid-staples-5601-s-padre-island-dr-corpus-christi-tx-784123930,GMT-05:00 America/Chicago,16.0727,True,True,True,True,True,False,True,False,True,True,4:00 AM to 10:00 PM,4:00 AM,10:00 PM,4:00 AM to 10:00 PM,4:00 AM,10:00 PM,4:30 AM to 10:00 PM,4:30 AM,10:00 PM,4:30 AM to 10:00 PM,4:30 AM,10:00 PM,4:00 AM to 10:00 PM,4:00 AM,10:00 PM,4:00 AM to 10:00 PM,4:00 AM,10:00 PM,4:00 AM to 10:00 PM,4:00 AM,10:00 PM,READY,True
24577-235306,1010120,Target Corpus Christi 335,LS,5425 S Padre Island Dr Ste 125,Corpus Christi,TX,78411,US,27.70621,-97.37397,+1 361-993-9342,False,False,False,Opens Thursday at 8:00 AM,Open today from 8:00 AM - 8:00 PM,target-corpus-christi-335-5425-s-padre-island-dr-ste-125-corpus-christi-tx-7,GMT-05:00 America/Chicago,16.1436,True,False,False,True,False,False,True,False,True,False,8:00 AM to 8:00 PM,8:00 AM,8:00 PM,8:00 AM to 8:00 PM,8:00 AM,8:00 PM,8:00 AM to 8:00 PM,8:00 AM,8:00 PM,8:00 AM to 8:00 PM,8:00 AM,8:00 PM,8:00 AM to 8:00 PM,8:00 AM,8:00 PM,8:00 AM to 8:00 PM,8:00 AM,8:00 PM,8:00 AM to 8:00 PM,8:00 AM,8:00 PM,NOT_ELIGIBLE,False
29565-254292,1017748,Saratoga Blvd. & Weber Rd.,CO,4022 Saratoga Blvd,Corpus Christi,TX,78413,US,27.69935,-97.41115,+1 361-445-8713,True,False,False,Open until 10:00 PM,Open today from 4:00 AM - 10:00 PM,saratoga-blvd-weber-rd-4022-saratoga-blvd-corpus-christi-tx-784132034-us,GMT-05:00 America/Chicago,16.9435,True,True,True,True,True,False,True,False,True,True,4:00 AM to 10:00 PM,4:00 AM,10:00 PM,4:00 AM to 10:00 PM,4:00 AM,10:00 PM,4:00 AM to 10:00 PM,4:00 AM,10:00 PM,4:00 AM to 10:00 PM,4:00 AM,10:00 PM,4:00 AM to 10:00 PM,4:00 AM,10:00 PM,4:00 AM to 10:00 PM,4:00 AM,10:00 PM,4:00 AM to 10:00 PM,4:00 AM,10:00 PM,READY,True
85586-312809,8558600,SPID @ Weber,CO,3900 S Padre Island Dr,Corpus Christi,TX,78415,US,27.72305,-97.40002,+1 361-255-4483,True,False,False,Open until 9:00 PM,Open today from 4:30 AM - 9:00 PM,spid-weber-3900-s-padre-island-dr-ste-101-corpus-christi-tx-7,GMT-05:00 America/Chicago,17.9407,True,True,True,True,True,True,True,True,True,True,4:30 AM to 9:00 PM,4:30 AM,9:00 PM,4:30 AM to 9:00 PM,4:30 AM,9:00 PM,4:30 AM to 9:00 PM,4:30 AM,9:00 PM,4:30 AM to 9:00 PM,4:30 AM,9:00 PM,4:30 AM to 9:00 PM,4:30 AM,9:00 PM,4:30 AM to 9:00 PM,4:30 AM,9:00 PM,4:30 AM to 9:00 PM,4:30 AM,9:00 PM,READY,True
11943-105899,6785,Staples & Doddridge,CO,3738 Staples,Corpus Christi,TX,78411,US,27.74058,-97.38805,+1 361-854-0841,True,False,False,Open until 10:00 PM,Open today from 4:00 AM - 10:00 PM,staples-doddridge-3738-staples-corpus-christi-tx-784112346-us,GMT-05:00 America/Chicago,18.6476,True,True,True,True,True,False,True,False,True,True,4:00 AM to 10:00 PM,4:00 AM,10:00 PM,4:00 AM to 10:00 PM,4:00 AM,10:00 PM,4:30 AM to 10:00 PM,4:30 AM,10:00 PM,4:30 AM to 10:00 PM,4:30 AM,10:00 PM,4:00 AM to 10:00 PM,4:00 AM,10:00 PM,4:00 AM to 10:00 PM,4:00 AM,10:00 PM,4:00 AM to 10:00 PM,4:00 AM,10:00 PM,READY,True
69998-305094,1040614,Leopard St & Nueces Bay Blvd,CO,3329 Leopard St.,Corpus Christi,TX,78408,US,27.79635,-97.4276,+1 361-257-0863,True,False,False,Open until 9:00 PM,Open today from 4:30 AM - 9:00 PM,leopard-st-nueces-bay-blvd-3329-leopard-st-corpus-christi-tx-78408-us,GMT-05:00 America/Chicago,23.1821,True,True,True,True,True,True,True,True,True,True,4:30 AM to 9:00 PM,4:30 AM,9:00 PM,4:30 AM to 9:00 PM,4:30 AM,9:00 PM,5:00 AM to 9:00 PM,5:00 AM,9:00 PM,5:30 AM to 9:00 PM,5:30 AM,9:00 PM,4:30 AM to 9:00 PM,4:30 AM,9:00 PM,4:30 AM to 9:00 PM,4:30 AM,9:00 PM,4:30 AM to 9:00 PM,4:30 AM,9:00 PM,READY,True
62532-293414,1033147,Gulf Blvd & Dolphin Village,CO,4811 Gulf Blvd,St Pete Beach,FL,33706,US,27.72309,-82.74031,+1 727-387-5264,True,False,False,Open until 8:00 PM,Open today from 5:00 AM - 8:00 PM,gulf-blvd-dolphin-village-4811-gulf-blvd-st-pete-beach-fl-337062409-us,GMT-04:00 America/New_York,22.1445,True,False,True,True,True,True,True,True,True,True,5:00 AM to 8:00 PM,5:00 AM,8:00 PM,5:00 AM to 8:00 PM,5:00 AM,8:00 PM,5:00 AM to 8:00 PM,5:00 AM,8:00 PM,5:00 AM to 8:00 PM,5:00 AM,8:00 PM,5:00 AM to 8:00 PM,5:00 AM,8:00 PM,5:00 AM to 8:00 PM,5:00 AM,8:00 PM,5:00 AM to 8:00 PM,5:00 AM,8:00 PM,READY,True
13236-309322,10637,Manatee Ave & 75th St W,CO,7493 Manatee Ave W,Bradenton,FL,34209,US,27.49561,-82.6361,+1 941-761-8314,True,False,False,Open until 8:00 PM,Open today from 5:00 AM - 8:00 PM,manatee-ave-75th-st-w-7493-manatee-ave-w-bradenton-fl-342093444-us,GMT-04:00 America/New_York,22.3047,True,True,True,True,True,True,True,True,True,True,5:00 AM to 8:00 PM,5:00 AM,8:00 PM,5:00 AM to 8:00 PM,5:00 AM,8:00 PM,5:00 AM to 8:00 PM,5:00 AM,8:00 PM,5:00 AM to 8:00 PM,5:00 AM,8:00 PM,5:00 AM to 8:00 PM,5:00 AM,8:00 PM,5:00 AM to 8:00 PM,5:00 AM,8:00 PM,5:00 AM to 8:00 PM,5:00 AM,8:00 PM,READY,True
71247-298118,1038442,Target Bradenton Northwest T-3,LS,7350 Manatee Ave W,Bradenton,FL,34209,US,27.498,-82.63499,,False,False,False,Opens Thursday at 8:00 AM,Open today from 8:00 AM - 8:00 PM,target-bradenton-northwest-t-3-7350-manatee-ave-w-bradenton-fl-34209-us,GMT-04:00 America/New_York,22.3708,True,False,False,True,True,False,True,False,False,False,8:00 AM to 8:00 PM,8:00 AM,8:00 PM,8:00 AM to 8:00 PM,8:00 AM,8:00 PM,8:00 AM to 8:00 PM,8:00 AM,8:00 PM,8:00 AM to 8:00 PM,8:00 AM,8:00 PM,8:00 AM to 8:00 PM,8:00 AM,8:00 PM,8:00 AM to 8:00 PM,8:00 AM,8:00 PM,8:00 AM to 8:00 PM,8:00 AM,8:00 PM,NOT_ELIGIBLE,False
3485-91461,9603,75th St & Cortez Rd,CO,7484 Cortez Rd W,Bradenton,FL,34210,US,27.46289,-82.63656,+1 941-794-8910,True,False,False,Open until 8:00 PM,Open today from 5:00 AM - 8:00 PM,75th-st-cortez-rd-7484-cortez-rd-w-bradenton-fl-342102444-us,GMT-04:00 America/New_York,22.4248,True,True,True,True,True,True,True,True,True,True,5:00 AM to 8:00 PM,5:00 AM,8:00 PM,5:00 AM to 8:00 PM,5:00 AM,8:00 PM,5:00 AM to 8:00 PM,5:00 AM,8:00 PM,5:00 AM to 8:00 PM,5:00 AM,8:00 PM,5:00 AM to 7:00 PM,5:00 AM,7:00 PM,5:00 AM to 8:00 PM,5:00 AM,8:00 PM,5:00 AM to 8:00 PM,5:00 AM,8:00 PM,READY,True
27688-247555,1014370,Eckerd College James Center,LS,4200 54th Ave S,St. Petersburg,FL,33711,US,27.71288,-82.6856,+1 727-864-7808,True,False,False,Open until 5:00 PM,Open today from 7:00 AM - 5:00 PM,eckerd-college-james-center-4200-54th-ave-s-st-petersburg-fl-33711-us,GMT-04:00 America/New_York,24.226,True,False,True,True,False,False,True,False,True,False,7:00 AM to 5:00 PM,7:00 AM,5:00 PM,7:00 AM to 5:00 PM,7:00 AM,5:00 PM,Closed,,,Closed,,,7:00 AM to 5:00 PM,7:00 AM,5:00 PM,7:00 AM to 5:00 PM,7:00 AM,5:00 PM,7:00 AM to 5:00 PM,7:00 AM,5:00 PM,READY,False
66203-298808,1033214,SR 64 & Upper Manatee River,CO,10715 State Road 64 E,Bradenton,FL,34212,US,27.48591,-82.43526,+1 941-946-0470,True,False,False,Open until 9:00 PM,Open today from 5:00 AM - 9:00 PM,sr-64-upper-manatee-river-10715-state-road-64-e-bradenton-fl-342127702-us,GMT-04:00 America/New_York,11.3963,True,True,True,True,True,True,True,True,True,True,5:00 AM to 9:00 PM,5:00 AM,9:00 PM,5:00 AM to 9:00 PM,5:00 AM,9:00 PM,5:00 AM to 9:00 PM,5:00 AM,9:00 PM,5:00 AM to 9:00 PM,5:00 AM,9:00 PM,5:00 AM to 9:00 PM,5:00 AM,9:00 PM,5:00 AM to 9:00 PM,5:00 AM,9:00 PM,5:00 AM to 9:00 PM,5:00 AM,9:00 PM,READY,True
55143-283764,1023412,SR 70 and Lakewood Ranch,CO,11707 State Road 70 E,Lakewood Rch,FL,34202,US,27.43282,-82.42533,+1 941-720-2550,True,False,False,Open until 9:00 PM,Open today from 5:00 AM - 9:00 PM,sr-70-and-lakewood-ranch-11707-state-road-70-e-lakewood-rch-fl-342029418-us,GMT-04:00 America/New_York,11.7081,True,True,True,True,True,True,True,True,True,True,5:00 AM to 9:00 PM,5:00 AM,9:00 PM,5:00 AM to 9:00 PM,5:00 AM,9:00 PM,5:00 AM to 9:00 PM,5:00 AM,9:00 PM,5:00 AM to 9:00 PM,5:00 AM,9:00 PM,5:00 AM to 9:00 PM,5:00 AM,9:00 PM,5:00 AM to 9:00 PM,5:00 AM,9:00 PM,5:00 AM to 9:00 PM,5:00 AM,9:00 PM,READY,True
63129-296572,1031567,University Pkwy & Lorraine,CO,7224 University Pkwy,Sarasota,FL,34240,US,27.38587,-82.39641,+1 941-770-3023,True,False,False,Open until 8:00 PM,Open today from 5:00 AM - 8:00 PM,university-pkwy-lorraine-7224-university-pkwy-sarasota-fl-342408327-us,GMT-04:00 America/New_York,11.9491,True,True,True,True,True,True,True,True,True,True,5:00 AM to 8:00 PM,5:00 AM,8:00 PM,5:00 AM to 8:00 PM,5:00 AM,8:00 PM,5:00 AM to 8:00 PM,5:00 AM,8:00 PM,5:00 AM to 8:00 PM,5:00 AM,8:00 PM,5:00 AM to 8:00 PM,5:00 AM,8:00 PM,5:00 AM to 8:00 PM,5:00 AM,8:00 PM,5:00 AM to 8:00 PM,5:00 AM,8:00 PM,READY,True
87634-315256,8763400,Target Bradenton East 2927,LS,805 Lighthouse Drive,Bradenton,FL,34212,US,27.49528,-82.47068,+1 941-555-5555,False,False,False,Opens Thursday at 8:00 AM,Open today from 8:00 AM - 8:00 PM,target-bradenton-east-2927-805-lighthouse-drive-bradenton-fl-34212-us,GMT-04:00 America/New_York,13.5289,True,False,False,True,True,True,True,False,False,False,8:00 AM to 8:00 PM,8:00 AM,8:00 PM,8:00 AM to 8:00 PM,8:00 AM,8:00 PM,8:00 AM to 8:00 PM,8:00 AM,8:00 PM,8:00 AM to 8:00 PM,8:00 AM,8:00 PM,8:00 AM to 8:00 PM,8:00 AM,8:00 PM,8:00 AM to 8:00 PM,8:00 AM,8:00 PM,8:00 AM to 8:00 PM,8:00 AM,8:00 PM,NOT_ELIGIBLE,False
13874-109745,7477,Lakewood Ranch Blvd & Main St,CO,8155 Lakewood Main St,Bradenton,FL,34202,US,27.39334,-82.43559,+1 941-373-1970,True,False,False,Open until 8:00 PM,Open today from 5:00 AM - 8:00 PM,lakewood-ranch-blvd-main-st-8155-lakewood-main-st-space-p-102-bradenton-fl-342,GMT-04:00 America/New_York,13.5575,True,False,True,True,True,True,True,True,True,True,5:00 AM to 8:00 PM,5:00 AM,8:00 PM,5:00 AM to 8:00 PM,5:00 AM,8:00 PM,5:00 AM to 8:00 PM,5:00 AM,8:00 PM,5:00 AM to 8:00 PM,5:00 AM,8:00 PM,5:00 AM to 8:00 PM,5:00 AM,8:00 PM,5:00 AM to 8:00 PM,5:00 AM,8:00 PM,5:00 AM to 8:00 PM,5:00 AM,8:00 PM,READY,True
11248-103874,9861,SR 70 & I-75,CO,7386 52nd Pl E,Bradenton,FL,34203,US,27.44352,-82.46407,+1 941-751-4728,True,False,False,Open until 8:00 PM,Open today from 5:00 AM - 8:00 PM,sr-70-i-75-7386-52nd-pl-e-bradenton-fl-342038914-us,GMT-04:00 America/New_York,13.6909,True,True,True,True,True,True,True,True,True,True,5:00 AM to 8:00 PM,5:00 AM,8:00 PM,5:00 AM to 8:00 PM,5:00 AM,8:00 PM,5:00 AM to 8:00 PM,5:00 AM,8:00 PM,5:00 AM to 8:00 PM,5:00 AM,8:00 PM,5:00 AM to 8:00 PM,5:00 AM,8:00 PM,5:00 AM to 7:00 PM,5:00 AM,7:00 PM,5:00 AM to 8:00 PM,5:00 AM,8:00 PM,READY,True
19070-191185,1005561,SR 64 & I-75,CO,6521 SR 64,Bradenton,FL,34208,US,27.49285,-82.47917,+1 941-747-6474,True,False,False,Open until 9:00 PM,Open today from 5:00 AM - 9:00 PM,sr-64-i-75-6521-sr-64-bradenton-fl-342086260-us,GMT-04:00 America/New_York,14.0542,True,True,True,True,True,True,True,True,True,True,5:00 AM to 9:00 PM,5:00 AM,9:00 PM,5:00 AM to 9:00 PM,5:00 AM,9:00 PM,5:00 AM to 9:00 PM,5:00 AM,9:00 PM,5:00 AM to 9:00 PM,5:00 AM,9:00 PM,5:00 AM to 7:00 PM,5:00 AM,7:00 PM,5:00 AM to 9:00 PM,5:00 AM,9:00 PM,5:00 AM to 9:00 PM,5:00 AM,9:00 PM,READY,True
23751-206987,1009389,Macy's Mall at Univ. Cntr. 1st,LS,110 University Town Center Dr,Sarasota,FL,34243,US,27.38628,-82.45302,+1 941-232-7350,False,False,False,Opens Thursday at 8:00 AM,Open today from 8:00 AM - 8:00 PM,macys-mall-at-univ-cntr-1st-110-university-town-center-dr-sarasota-fl-34243-us,GMT-04:00 America/New_York,14.7211,True,False,True,True,False,False,True,False,False,False,8:00 AM to 8:00 PM,8:00 AM,8:00 PM,8:00 AM to 8:00 PM,8:00 AM,8:00 PM,8:00 AM to 8:00 PM,8:00 AM,8:00 PM,10:00 AM to 6:00 PM,10:00 AM,6:00 PM,8:00 AM to 8:00 PM,8:00 AM,8:00 PM,8:00 AM to 8:00 PM,8:00 AM,8:00 PM,8:00 AM to 8:00 PM,8:00 AM,8:00 PM,NOT_READY,False
22554-210485,1008865,The Mall at University Town Ce,CO,140 University Town Center Dr,Sarasota,FL,34243,US,27.38439,-82.45284,+1 941-263-7990,False,False,False,Opens Thursday at 9:00 AM,Open today from 9:00 AM - 8:30 PM,the-mall-at-university-town-ce-140-university-town-center-dr-sarasota-fl-34243411,GMT-04:00 America/New_York,14.782,True,False,True,True,True,True,False,False,True,True,9:00 AM to 8:30 PM,9:00 AM,8:30 PM,9:00 AM to 9:30 PM,9:00 AM,9:30 PM,9:00 AM to 9:30 PM,9:00 AM,9:30 PM,10:00 AM to 6:30 PM,10:00 AM,6:30 PM,9:00 AM to 8:30 PM,9:00 AM,8:30 PM,9:00 AM to 8:30 PM,9:00 AM,8:30 PM,9:00 AM to 8:30 PM,9:00 AM,8:30 PM,NOT_READY,True
76720-97612,10125,Target Sarasota 2034,LS,101 N Cattleman Rd,Sarasota,FL,34243,US,27.3867,-82.4585,+1 941-360-7520,True,False,False,Open until 8:00 PM,Open today from 7:00 AM - 8:00 PM,target-sarasota-2034-101-n-cattleman-rd-sarasota-fl-342434700-us,GMT-04:00 America/New_York,14.9911,True,False,False,True,True,False,True,False,False,False,7:00 AM to 8:00 PM,7:00 AM,8:00 PM,7:00 AM to 8:00 PM,7:00 AM,8:00 PM,7:00 AM to 8:00 PM,7:00 AM,8:00 PM,7:00 AM to 8:00 PM,7:00 AM,8:00 PM,7:00 AM to 8:00 PM,7:00 AM,8:00 PM,7:00 AM to 8:00 PM,7:00 AM,8:00 PM,7:00 AM to 8:00 PM,7:00 AM,8:00 PM,NOT_ELIGIBLE,False
8562-73940,12160,5485 University Parkway,CO,5485 University Pkwy,Sarasota,FL,34201,US,27.38891,-82.4605,+1 941-351-1509,True,False,False,Open until 9:00 PM,Open today from 5:00 AM - 9:00 PM,5485-university-parkway-5485-university-pkwy-sarasota-fl-342012012-us,GMT-04:00 America/New_York,15.0171,True,True,True,True,True,True,True,True,True,True,5:00 AM to 9:00 PM,5:00 AM,9:00 PM,5:00 AM to 9:00 PM,5:00 AM,9:00 PM,5:00 AM to 9:00 PM,5:00 AM,9:00 PM,5:00 AM to 9:00 PM,5:00 AM,9:00 PM,5:00 AM to 9:00 PM,5:00 AM,9:00 PM,5:00 AM to 9:00 PM,5:00 AM,9:00 PM,5:00 AM to 9:00 PM,5:00 AM,9:00 PM,READY,True
56879-289675,1027649,US 301 & 60th Ave,CO,6285 US 301 N,Ellenton,FL,34222,US,27.53123,-82.50026,+1 941-713-3322,True,False,False,Open until 9:00 PM,Open today from 5:00 AM - 9:00 PM,us-301-60th-ave-6285-us-301-n-ellenton-fl-342223015-us,GMT-04:00 America/New_York,15.4864,True,True,True,True,True,True,True,True,True,True,5:00 AM to 9:00 PM,5:00 AM,9:00 PM,5:00 AM to 9:00 PM,5:00 AM,9:00 PM,5:00 AM to 9:00 PM,5:00 AM,9:00 PM,5:00 AM to 9:00 PM,5:00 AM,9:00 PM,5:00 AM to 9:00 PM,5:00 AM,9:00 PM,5:00 AM to 9:00 PM,5:00 AM,9:00 PM,5:00 AM to 9:00 PM,5:00 AM,9:00 PM,READY,True
86883-316047,8688300,Ellenton Premium Outlets (FL),LS,5509 Factory Shops Blvd,Ellenton,FL,34222,US,27.53451,-82.50716,+1 941-280-0068,False,False,False,Opens Thursday at 10:30 AM,Open today from 10:30 AM - 7:00 PM,ellenton-premium-outlets-fl-5509-factory-shops-blvd-210-ellenton-fl-34222-us,GMT-04:00 America/New_York,15.9373,True,False,True,True,True,True,True,True,False,True,10:30 AM to 7:00 PM,10:30 AM,7:00 PM,9:30 AM to 8:30 PM,9:30 AM,8:30 PM,9:30 AM to 8:30 PM,9:30 AM,8:30 PM,11:30 AM to 6:30 PM,11:30 AM,6:30 PM,10:30 AM to 7:00 PM,10:30 AM,7:00 PM,10:30 AM to 7:00 PM,10:30 AM,7:00 PM,10:30 AM to 7:00 PM,10:30 AM,7:00 PM,NOT_READY,False
26774-244572,1014433,SR 70 & Lockwood,CO,4220 53rd Ave E,Bradenton,FL,34203,US,27.44574,-82.50807,+1 941-779-3124,True,False,False,Open until 9:00 PM,Open today from 5:00 AM - 9:00 PM,sr-70-lockwood-4220-53rd-ave-e-unit-101-bradenton-fl-342038076-us,GMT-04:00 America/New_York,16.2583,True,True,True,True,True,True,True,True,True,True,5:00 AM to 9:00 PM,5:00 AM,9:00 PM,5:00 AM to 9:00 PM,5:00 AM,9:00 PM,5:00 AM to 9:00 PM,5:00 AM,9:00 PM,5:00 AM to 9:00 PM,5:00 AM,9:00 PM,5:00 AM to 9:00 PM,5:00 AM,9:00 PM,5:00 AM to 9:00 PM,5:00 AM,9:00 PM,5:00 AM to 9:00 PM,5:00 AM,9:00 PM,READY,True
69405-304234,1040451,Fruitville Rd & Cattlemen,CO,5901 Fruitville Rd,Sarasota,FL,34232,US,27.33909,-82.45133,+1 941-263-7876,True,False,False,Open until 8:00 PM,Open today from 5:00 AM - 8:00 PM,fruitville-rd-cattlemen-5901-fruitville-rd-sarasota-fl-342326436-us,GMT-04:00 America/New_York,16.6155,True,True,True,True,True,False,True,False,True,True,5:00 AM to 8:00 PM,5:00 AM,8:00 PM,5:00 AM to 8:00 PM,5:00 AM,8:00 PM,5:00 AM to 8:00 PM,5:00 AM,8:00 PM,5:00 AM to 8:00 PM,5:00 AM,8:00 PM,5:00 AM to 8:00 PM,5:00 AM,8:00 PM,5:00 AM to 8:00 PM,5:00 AM,8:00 PM,5:00 AM to 8:00 PM,5:00 AM,8:00 PM,READY,True
8687-94138,9282,Fruitville Rd & Honore Ave,CO,5329 Fruitville Rd,Sarasota,FL,34232,US,27.33932,-82.4632,+1 941-343-0463,True,False,False,Open until 8:00 PM,Open today from 5:00 AM - 8:00 PM,fruitville-rd-honore-ave-5329-fruitville-rd-sarasota-fl-342326402-us,GMT-04:00 America/New_York,17.1531,True,False,True,True,True,False,True,False,True,True,5:00 AM to 8:00 PM,5:00 AM,8:00 PM,5:00 AM to 8:00 PM,5:00 AM,8:00 PM,5:00 AM to 8:00 PM,5:00 AM,8:00 PM,5:00 AM to 8:00 PM,5:00 AM,8:00 PM,5:00 AM to 8:00 PM,5:00 AM,8:00 PM,5:00 AM to 8:00 PM,5:00 AM,8:00 PM,5:00 AM to 8:00 PM,5:00 AM,8:00 PM,READY,True
76755-108138,90249,Target Sarasota NORTH 799,LS,5350 Fruitville Rd,Sarasota,FL,34232,US,27.3364,-82.4629,+1 941-379-6660,False,False,False,Opens Thursday at 8:00 AM,Open today from 8:00 AM - 8:00 PM,target-sarasota-north-799-5350-fruitville-rd-sarasota-fl-342326401-us,GMT-04:00 America/New_York,17.2706,True,False,False,True,False,False,True,False,True,False,8:00 AM to 8:00 PM,8:00 AM,8:00 PM,8:00 AM to 8:00 PM,8:00 AM,8:00 PM,8:00 AM to 8:00 PM,8:00 AM,8:00 PM,8:00 AM to 8:00 PM,8:00 AM,8:00 PM,8:00 AM to 8:00 PM,8:00 AM,8:00 PM,8:00 AM to 8:00 PM,8:00 AM,8:00 PM,8:00 AM to 8:00 PM,8:00 AM,8:00 PM,NOT_ELIGIBLE,False
10444-209785,1010340,University Pkwy & Tuttle,CO,3604 84th Avenue Cir E,Sarasota,FL,34243,US,27.38952,-82.51684,+1 941-358-6486,True,False,False,Open until 8:00 PM,Open today from 5:00 AM - 8:00 PM,university-pkwy-tuttle-3604-84th-avenue-cir-e-sarasota-fl-342432895-us,GMT-04:00 America/New_York,18.0549,True,True,True,True,True,True,True,True,True,True,5:00 AM to 8:00 PM,5:00 AM,8:00 PM,5:00 AM to 8:00 PM,5:00 AM,8:00 PM,5:00 AM to 8:00 PM,5:00 AM,8:00 PM,5:00 AM to 8:00 PM,5:00 AM,8:00 PM,5:00 AM to 8:00 PM,5:00 AM,8:00 PM,5:00 AM to 8:00 PM,5:00 AM,8:00 PM,5:00 AM to 8:00 PM,5:00 AM,8:00 PM,READY,True
15716-160148,88729,Bee Ridge Rd & Cattlemen Rd,CO,3700 Cattlemen Rd,Sarasota,FL,34232,US,27.30026,-82.45193,+1 941-377-6282,True,False,False,Open until 9:00 PM,Open today from 5:00 AM - 9:00 PM,bee-ridge-rd-cattlemen-rd-3700-cattlemen-rd-sarasota-fl-342326038-us,GMT-04:00 America/New_York,18.5443,True,True,True,True,True,False,True,False,True,True,5:00 AM to 9:00 PM,5:00 AM,9:00 PM,5:00 AM to 9:00 PM,5:00 AM,9:00 PM,5:00 AM to 9:00 PM,5:00 AM,9:00 PM,5:00 AM to 9:00 PM,5:00 AM,9:00 PM,5:00 AM to 9:00 PM,5:00 AM,9:00 PM,5:00 AM to 9:00 PM,5:00 AM,9:00 PM,5:00 AM to 9:00 PM,5:00 AM,9:00 PM,READY,True
75081-300763,1043510,Fruitville Rd & N Beneva Rd,CO,501 N Beneva Rd,Sarasota,FL,34232,US,27.33865,-82.4978,+1 941-263-7992,True,False,False,Open until 9:00 PM,Open today from 5:00 AM - 9:00 PM,fruitville-rd-n-beneva-rd-501-n-beneva-rd-sarasota-fl-342321308-us,GMT-04:00 America/New_York,18.8483,True,True,True,True,True,False,True,False,True,True,5:00 AM to 9:00 PM,5:00 AM,9:00 PM,5:00 AM to 9:00 PM,5:00 AM,9:00 PM,5:00 AM to 9:00 PM,5:00 AM,9:00 PM,5:00 AM to 9:00 PM,5:00 AM,9:00 PM,5:00 AM to 9:00 PM,5:00 AM,9:00 PM,5:00 AM to 9:00 PM,5:00 AM,9:00 PM,5:00 AM to 9:00 PM,5:00 AM,9:00 PM,READY,True
11679-105826,11024,US 41 & Manatee Ave,CO,102 Manatee Ave E,Bradenton,FL,34208,US,27.49499,-82.56258,+1 941-746-0463,True,False,False,Open until 9:00 PM,Open today from 4:30 AM - 9:00 PM,us-41-manatee-ave-102-manatee-ave-e-bradenton-fl-342081930-us,GMT-04:00 America/New_York,19.1605,True,True,True,True,True,True,True,True,True,True,4:30 AM to 9:00 PM,4:30 AM,9:00 PM,4:30 AM to 9:00 PM,4:30 AM,9:00 PM,4:30 AM to 9:00 PM,4:30 AM,9:00 PM,4:30 AM to 9:00 PM,4:30 AM,9:00 PM,4:30 AM to 9:00 PM,4:30 AM,9:00 PM,4:30 AM to 9:00 PM,4:30 AM,9:00 PM,4:30 AM to 9:00 PM,4:30 AM,9:00 PM,READY,True
67423-301174,1040244,US 301 & Balm Rd,CO,14202 US Highway 301 S,Riverview,FL,33578,US,27.77059,-82.33459,+1 813-413-6317,True,False,False,Open until 9:00 PM,Open today from 5:00 AM - 9:00 PM,us-301-balm-rd-14202-us-highway-301-s-riverview-fl-335789349-us,GMT-04:00 America/New_York,19.3997,True,True,True,True,True,False,True,False,True,False,5:00 AM to 9:00 PM,5:00 AM,9:00 PM,5:00 AM to 9:00 PM,5:00 AM,9:00 PM,5:00 AM to 9:00 PM,5:00 AM,9:00 PM,5:00 AM to 9:00 PM,5:00 AM,9:00 PM,5:00 AM to 9:00 PM,5:00 AM,9:00 PM,5:00 AM to 9:00 PM,5:00 AM,9:00 PM,5:00 AM to 9:00 PM,5:00 AM,9:00 PM,READY,True
68190-299167,1039770,Cortez & 9th St West,CO,901 Cortez Rd W,Bradenton,FL,34207,US,27.462,-82.57156,+1 941-263-7517,True,False,False,Open until 9:00 PM,Open today from 5:00 AM - 9:00 PM,cortez-9th-st-west-901-cortez-rd-w-bradenton-fl-342071435-us,GMT-04:00 America/New_York,19.8848,True,True,True,True,True,True,True,True,True,True,5:00 AM to 9:00 PM,5:00 AM,9:00 PM,5:00 AM to 9:00 PM,5:00 AM,9:00 PM,5:00 AM to 9:00 PM,5:00 AM,9:00 PM,5:00 AM to 9:00 PM,5:00 AM,9:00 PM,5:00 AM to 9:00 PM,5:00 AM,9:00 PM,5:00 AM to 9:00 PM,5:00 AM,9:00 PM,5:00 AM to 9:00 PM,5:00 AM,9:00 PM,READY,True
86516-314468,8651600,SRQ Level 2 Gate B6,LS,Sarasota International Airport,sarasota,FL,34243,US,27.38927,-82.55382,+1 941-555-5555,True,False,False,Open until 6:45 PM,Open today from 4:30 AM - 6:45 PM,srq-level-2-gate-b-6-sarasota-international-airport-6000-airport-cir-sa,GMT-04:00 America/New_York,20.1392,True,False,True,True,True,False,True,False,True,True,4:30 AM to 6:45 PM,4:30 AM,6:45 PM,4:30 AM to 6:45 PM,4:30 AM,6:45 PM,4:30 AM to 6:45 PM,4:30 AM,6:45 PM,4:30 AM to 6:45 PM,4:30 AM,6:45 PM,4:30 AM to 6:45 PM,4:30 AM,6:45 PM,4:30 AM to 6:45 PM,4:30 AM,6:45 PM,4:30 AM to 6:45 PM,4:30 AM,6:45 PM,READY,False
8541-186204,1010059,US 41 & 53rd Ave,CO,5250 14th St W,Bradenton,FL,34207,US,27.44803,-82.57585,+1 941-753-2466,True,False,False,Open until 8:00 PM,Open today from 5:00 AM - 8:00 PM,us-41-53rd-ave-5250-14th-st-w-bradenton-fl-342072810-us,GMT-04:00 America/New_York,20.2951,True,True,True,True,True,True,True,False,True,True,5:00 AM to 8:00 PM,5:00 AM,8:00 PM,5:00 AM to 8:00 PM,5:00 AM,8:00 PM,5:00 AM to 8:00 PM,5:00 AM,8:00 PM,5:00 AM to 8:00 PM,5:00 AM,8:00 PM,5:00 AM to 8:00 PM,5:00 AM,8:00 PM,5:00 AM to 8:00 PM,5:00 AM,8:00 PM,5:00 AM to 8:00 PM,5:00 AM,8:00 PM,READY,True
62556-293411,1031292,US 41 & Apollo Beach Blvd,CO,6184 N US Hwy 41,Apollo Beach,FL,33572,US,27.76777,-82.39347,+1 813-796-5056,True,False,False,Open until 9:00 PM,Open today from 5:00 AM - 9:00 PM,us-41-apollo-beach-blvd-6184-n-us-hwy-41-apollo-beach-fl-335721806-us,GMT-04:00 America/New_York,20.4796,True,True,True,True,True,True,True,True,True,True,5:00 AM to 9:00 PM,5:00 AM,9:00 PM,5:00 AM to 9:00 PM,5:00 AM,9:00 PM,5:00 AM to 9:00 PM,5:00 AM,9:00 PM,5:00 AM to 9:00 PM,5:00 AM,9:00 PM,5:00 AM to 9:00 PM,5:00 AM,9:00 PM,5:00 AM to 9:00 PM,5:00 AM,9:00 PM,5:00 AM to 9:00 PM,5:00 AM,9:00 PM,READY,True
8435-21421,16636,Bee Ridge & Beneva,CO,3571 Bee Ridge Rd,Sarasota,FL,34239,US,27.29931,-82.498,+1 941-924-7200,True,False,False,Open until 8:00 PM,Open today from 5:00 AM - 8:00 PM,bee-ridge-beneva-3571-bee-ridge-rd-sarasota-fl-342397234-us,GMT-04:00 America/New_York,20.5841,True,True,True,True,True,False,True,False,True,True,5:00 AM to 8:00 PM,5:00 AM,8:00 PM,5:00 AM to 8:00 PM,5:00 AM,8:00 PM,5:00 AM to 8:00 PM,5:00 AM,8:00 PM,5:00 AM to 8:00 PM,5:00 AM,8:00 PM,5:00 AM to 8:00 PM,5:00 AM,8:00 PM,5:00 AM to 8:00 PM,5:00 AM,8:00 PM,5:00 AM to 8:00 PM,5:00 AM,8:00 PM,READY,True
52860-265666,1026664,Tamiami & N. 25th St.,CO,2455 N Tamiami Trl,Sarasota,FL,34234,US,27.35882,-82.54903,+1 941-343-7764,True,False,False,Open until 8:00 PM,Open today from 5:00 AM - 8:00 PM,tamiami-n-25th-st-2455-n-tamiami-trl-sarasota-fl-342345807-us,GMT-04:00 America/New_York,20.7712,True,True,True,True,True,False,True,False,True,True,5:00 AM to 8:00 PM,5:00 AM,8:00 PM,5:00 AM to 8:00 PM,5:00 AM,8:00 PM,5:00 AM to 8:00 PM,5:00 AM,8:00 PM,5:00 AM to 8:00 PM,5:00 AM,8:00 PM,5:00 AM to 8:00 PM,5:00 AM,8:00 PM,5:00 AM to 8:00 PM,5:00 AM,8:00 PM,5:00 AM to 8:00 PM,5:00 AM,8:00 PM,READY,True
69057-303794,1039813,Summerfield Crossing & Big Ben,CO,10754 Big Bend Rd,Riverview,FL,33579,US,27.79243,-82.329,+1 813-344-5771,True,False,False,Open until 9:00 PM,Open today from 5:00 AM - 9:00 PM,summerfield-crossing-big-ben-10754-big-bend-rd-riverview-fl-335797197-us,GMT-04:00 America/New_York,20.7755,True,True,True,True,False,True,True,True,True,True,5:00 AM to 9:00 PM,5:00 AM,9:00 PM,5:00 AM to 9:00 PM,5:00 AM,9:00 PM,5:00 AM to 9:00 PM,5:00 AM,9:00 PM,5:00 AM to 9:00 PM,5:00 AM,9:00 PM,5:00 AM to 9:00 PM,5:00 AM,9:00 PM,5:00 AM to 9:00 PM,5:00 AM,9:00 PM,5:00 AM to 9:00 PM,5:00 AM,9:00 PM,READY,True
13829-108665,18589,Ketchum Valley & Big Bend Rd,CO,10716 Big Bend Rd,Riverview,FL,33579,US,27.79276,-82.33099,+1 813-672-1757,True,False,False,Open until 8:00 PM,Open today from 5:00 AM - 8:00 PM,ketchum-valley-big-bend-rd-10716-big-bend-rd-riverview-fl-335797197-us,GMT-04:00 America/New_York,20.8263,True,True,True,True,True,True,True,True,True,True,5:00 AM to 8:00 PM,5:00 AM,8:00 PM,5:00 AM to 8:00 PM,5:00 AM,8:00 PM,5:00 AM to 8:00 PM,5:00 AM,8:00 PM,5:00 AM to 8:00 PM,5:00 AM,8:00 PM,5:00 AM to 8:00 PM,5:00 AM,8:00 PM,5:00 AM to 8:00 PM,5:00 AM,8:00 PM,5:00 AM to 8:00 PM,5:00 AM,8:00 PM,READY,True
8308-7907,15825,Midtown Plaza,CO,1375 S Tamiami Trl,Sarasota,FL,34239,US,27.32173,-82.52922,+1 941-952-9912,True,False,False,Open until 7:00 PM,Open today from 4:30 AM - 7:00 PM,midtown-plaza-1375-s-tamiami-trl-sarasota-fl-342392210-us,GMT-04:00 America/New_York,21.0956,True,True,True,True,True,False,True,False,True,True,4:30 AM to 7:00 PM,4:30 AM,7:00 PM,4:30 AM to 8:00 PM,4:30 AM,8:00 PM,4:30 AM to 8:00 PM,4:30 AM,8:00 PM,4:30 AM to 8:00 PM,4:30 AM,8:00 PM,4:30 AM to 8:00 PM,4:30 AM,8:00 PM,4:30 AM to 8:00 PM,4:30 AM,8:00 PM,4:30 AM to 8:00 PM,4:30 AM,8:00 PM,READY,True
8629-91462,9421,1st St & Central Ave,CO,1401 1st St,Sarasota,FL,34236,US,27.33738,-82.54259,+1 941-955-0273,True,False,False,Open until 7:00 PM,Open today from 5:00 AM - 7:00 PM,1st-st-central-ave-1401-1st-st-1020-sarasota-fl-342365709-us,GMT-04:00 America/New_York,21.1724,True,False,True,True,True,False,True,False,True,True,5:00 AM to 7:00 PM,5:00 AM,7:00 PM,5:00 AM to 7:00 PM,5:00 AM,7:00 PM,5:00 AM to 7:00 PM,5:00 AM,7:00 PM,5:00 AM to 7:00 PM,5:00 AM,7:00 PM,5:00 AM to 7:00 PM,5:00 AM,7:00 PM,5:00 AM to 7:00 PM,5:00 AM,7:00 PM,5:00 AM to 7:00 PM,5:00 AM,7:00 PM,READY,True
8596-204984,1010262,5825 Derek Avenue,CO,5825 Derek Ave,Sarasota,FL,34238,US,27.26889,-82.48291,+1 941-927-2917,True,False,False,Open until 8:00 PM,Open today from 5:00 AM - 8:00 PM,5825-derek-avenue-5825-derek-ave-sarasota-fl-342382776-us,GMT-04:00 America/New_York,21.4281,True,True,True,True,True,False,True,False,True,True,5:00 AM to 8:00 PM,5:00 AM,8:00 PM,5:00 AM to 8:00 PM,5:00 AM,8:00 PM,5:00 AM to 8:00 PM,5:00 AM,8:00 PM,5:00 AM to 8:00 PM,5:00 AM,8:00 PM,5:00 AM to 8:00 PM,5:00 AM,8:00 PM,5:00 AM to 8:00 PM,5:00 AM,8:00 PM,5:00 AM to 7:00 PM,5:00 AM,7:00 PM,READY,True
79869-302397,1044875,Big Bend Rd & Waterset Blvd,CO,7090 Waterset Blvd,Apollo Beach,FL,33572,US,27.79157,-82.37243,+1 813-576-1381,True,False,False,Open until 9:00 PM,Open today from 5:00 AM - 9:00 PM,big-bend-rd-waterset-blvd-7090-waterset-blvd-apollo-beach-fl-335721791-us,GMT-04:00 America/New_York,21.494,True,True,True,True,True,False,True,False,False,False,5:00 AM to 9:00 PM,5:00 AM,9:00 PM,5:00 AM to 9:00 PM,5:00 AM,9:00 PM,5:00 AM to 9:00 PM,5:00 AM,9:00 PM,5:00 AM to 9:00 PM,5:00 AM,9:00 PM,5:00 AM to 9:00 PM,5:00 AM,9:00 PM,5:00 AM to 9:00 PM,5:00 AM,9:00 PM,5:00 AM to 9:00 PM,5:00 AM,9:00 PM,READY,True
2966-272784,1025340,US 41 & Proctor,CO,4972 S Tamiami Trl,Sarasota,FL,34231,US,27.28194,-82.53126,+1 941-924-4027,True,False,False,Open until 8:00 PM,Open today from 5:00 AM - 8:00 PM,us-41-proctor-4972-s-tamiami-trl-sarasota-fl-342314354-us,GMT-04:00 America/New_York,22.9067,True,True,True,True,True,False,True,False,True,True,5:00 AM to 8:00 PM,5:00 AM,8:00 PM,5:00 AM to 8:00 PM,5:00 AM,8:00 PM,5:00 AM to 8:00 PM,5:00 AM,8:00 PM,5:00 AM to 8:00 PM,5:00 AM,8:00 PM,5:00 AM to 8:00 PM,5:00 AM,8:00 PM,5:00 AM to 8:00 PM,5:00 AM,8:00 PM,5:00 AM to 7:00 PM,5:00 AM,7:00 PM,READY,True
76215-90932,12239,Target Sarasota 665,LS,8401 S Tamiami Trail,Sarasota,FL,34238,US,27.22821,-82.49248,+1 941-925-3377,False,False,False,Opens Thursday at 8:00 AM,Open today from 8:00 AM - 8:00 PM,target-sarasota-665-8401-s-tamiami-trail-sarasota-fl-342382927-us,GMT-04:00 America/New_York,23.959,True,False,False,True,False,False,True,False,True,False,8:00 AM to 8:00 PM,8:00 AM,8:00 PM,8:00 AM to 8:00 PM,8:00 AM,8:00 PM,8:00 AM to 8:00 PM,8:00 AM,8:00 PM,8:00 AM to 8:00 PM,8:00 AM,8:00 PM,8:00 AM to 8:00 PM,8:00 AM,8:00 PM,8:00 AM to 8:00 PM,8:00 AM,8:00 PM,8:00 AM to 8:00 PM,8:00 AM,8:00 PM,NOT_ELIGIBLE,False
28863-251585,1015882,S. Tamiami Trail & Beneva,CO,8394 S Tamiami Trl,Sarasota,FL,34238,US,27.22978,-82.49523,+1 941-408-5427,True,False,False,Open until 8:00 PM,Open today from 5:00 AM - 8:00 PM,s-tamiami-trail-beneva-8394-s-tamiami-trl-sarasota-fl-342382934-us,GMT-04:00 America/New_York,23.9795,True,True,True,True,True,False,True,False,True,True,5:00 AM to 8:00 PM,5:00 AM,8:00 PM,5:00 AM to 8:00 PM,5:00 AM,8:00 PM,5:00 AM to 8:00 PM,5:00 AM,8:00 PM,5:00 AM to 8:00 PM,5:00 AM,8:00 PM,5:00 AM to 8:00 PM,5:00 AM,8:00 PM,5:00 AM to 8:00 PM,5:00 AM,8:00 PM,5:00 AM to 8:00 PM,5:00 AM,8:00 PM,READY,True
49083-261486,1020370,Fishhawk & Bayberry,CO,16222 Bayberry Glen Dr,Lithia,FL,33547,US,27.85362,-82.21121,+1 813-571-7853,True,False,False,Open until 8:00 PM,Open today from 5:00 AM - 8:00 PM,fishhawk-bayberry-16222-bayberry-glen-dr-lithia-fl-335474051-us,GMT-04:00 America/New_York,24.5478,True,True,True,True,True,True,True,True,True,True,5:00 AM to 8:00 PM,5:00 AM,8:00 PM,5:00 AM to 8:00 PM,5:00 AM,8:00 PM,5:00 AM to 8:00 PM,5:00 AM,8:00 PM,5:00 AM to 8:00 PM,5:00 AM,8:00 PM,5:00 AM to 8:00 PM,5:00 AM,8:00 PM,5:00 AM to 8:00 PM,5:00 AM,8:00 PM,5:00 AM to 8:00 PM,5:00 AM,8:00 PM,READY,True
13239-104281,6435,US 27 & Thunderbird,CO,1768 US Hwy 27 N,Sebring,FL,33870,US,27.49951,-81.48863,+1 863-382-3498,True,False,False,Open until 9:00 PM,Open today from 5:00 AM - 9:00 PM,us-27-thunderbird-1768-us-hwy-27-n-sebring-fl-338701921-us,GMT-04:00 America/New_York,0.6977,True,True,True,True,True,True,True,True,True,True,5:00 AM to 9:00 PM,5:00 AM,9:00 PM,5:00 AM to 9:00 PM,5:00 AM,9:00 PM,5:00 AM to 9:00 PM,5:00 AM,9:00 PM,5:00 AM to 9:00 PM,5:00 AM,9:00 PM,5:00 AM to 9:00 PM,5:00 AM,9:00 PM,5:00 AM to 9:00 PM,5:00 AM,9:00 PM,5:00 AM to 9:00 PM,5:00 AM,9:00 PM,READY,True
68198-301372,1038083,I-95 & SR60 - Vero Beach,CO,9110 20th St,Vero Beach,FL,32966,US,27.63992,-80.51479,+1 772-291-7849,True,False,False,Open until 9:00 PM,Open today from 4:30 AM - 9:00 PM,i-95-sr-60-vero-beach-9110-20th-st-vero-beach-fl-329666602-us,GMT-04:00 America/New_York,17.3492,True,True,True,True,True,True,True,True,False,True,4:30 AM to 9:00 PM,4:30 AM,9:00 PM,4:30 AM to 9:00 PM,4:30 AM,9:00 PM,4:30 AM to 9:00 PM,4:30 AM,9:00 PM,4:30 AM to 9:00 PM,4:30 AM,9:00 PM,4:30 AM to 9:00 PM,4:30 AM,9:00 PM,4:30 AM to 9:00 PM,4:30 AM,9:00 PM,4:30 AM to 9:00 PM,4:30 AM,9:00 PM,READY,True
82180-311562,1053399,US-441 & SW 28th,CO,2605 US Highway 441 S,Okeechobee,FL,34974,US,27.21943,-80.83022,,True,False,False,Open until 9:00 PM,Open today from 5:00 AM - 9:00 PM,us-441-sw-28th-2605-us-highway-441-s-okeechobee-fl-349745817-us,GMT-04:00 America/New_York,20.0008,True,True,True,True,True,True,True,True,True,True,5:00 AM to 9:00 PM,5:00 AM,9:00 PM,5:00 AM to 9:00 PM,5:00 AM,9:00 PM,5:00 AM to 9:00 PM,5:00 AM,9:00 PM,5:00 AM to 9:00 PM,5:00 AM,9:00 PM,5:00 AM to 9:00 PM,5:00 AM,9:00 PM,5:00 AM to 9:00 PM,5:00 AM,9:00 PM,5:00 AM to 9:00 PM,5:00 AM,9:00 PM,READY,True
11117-103541,18240,6280 20th Street (SR 60),CO,6280 20th St,Vero Beach,FL,32966,US,27.63961,-80.45687,+1 772-299-7407,True,False,False,Open until 9:00 PM,Open today from 4:30 AM - 9:00 PM,6280-20th-street-sr-60-6280-20th-st-ste-a-vero-beach-fl-329666484-us,GMT-04:00 America/New_York,20.3808,True,True,True,True,True,True,True,True,True,True,4:30 AM to 9:00 PM,4:30 AM,9:00 PM,4:30 AM to 9:00 PM,4:30 AM,9:00 PM,5:00 AM to 9:00 PM,5:00 AM,9:00 PM,5:00 AM to 9:00 PM,5:00 AM,9:00 PM,4:30 AM to 9:00 PM,4:30 AM,9:00 PM,4:30 AM to 9:00 PM,4:30 AM,9:00 PM,4:30 AM to 9:00 PM,4:30 AM,9:00 PM,READY,True
76566-101465,10356,Target Vero Beach 1050,LS,5800 20th St,Vero Beach,FL,32966,US,27.64049,-80.44776,+1 772-778-0376,False,False,False,Opens Thursday at 8:00 AM,Open today from 8:00 AM - 8:00 PM,target-vero-beach-1050-5800-20th-st-vero-beach-fl-329661017-us,GMT-04:00 America/New_York,20.9021,True,False,False,True,True,False,True,False,True,False,8:00 AM to 8:00 PM,8:00 AM,8:00 PM,8:00 AM to 8:00 PM,8:00 AM,8:00 PM,8:00 AM to 8:00 PM,8:00 AM,8:00 PM,8:00 AM to 8:00 PM,8:00 AM,8:00 PM,8:00 AM to 8:00 PM,8:00 AM,8:00 PM,8:00 AM to 8:00 PM,8:00 AM,8:00 PM,8:00 AM to 8:00 PM,8:00 AM,8:00 PM,NOT_ELIGIBLE,False
57877-289256,1027168,Okeechobee Road & Jenkins Rd,CO,5550 Okeechobee Rd,Fort Pierce,FL,34947,US,27.41874,-80.38045,+1 772-466-6066,True,False,False,Open until 10:00 PM,Open today from 4:30 AM - 10:00 PM,okeechobee-road-jenkins-rd-5550-okeechobee-rd-fort-pierce-fl-349475316-us,GMT-04:00 America/New_York,23.3421,True,True,True,True,True,True,True,True,True,True,4:30 AM to 10:00 PM,4:30 AM,10:00 PM,4:30 AM to 10:00 PM,4:30 AM,10:00 PM,5:00 AM to 10:00 PM,5:00 AM,10:00 PM,5:00 AM to 9:30 PM,5:00 AM,9:30 PM,4:30 AM to 10:00 PM,4:30 AM,10:00 PM,4:30 AM to 10:00 PM,4:30 AM,10:00 PM,4:30 AM to 10:00 PM,4:30 AM,10:00 PM,READY,True
10023-89562,10319,Federal Hwy & 12th St,CO,1235 US Hwy 1,Vero Beach,FL,32960,US,27.62399,-80.38972,+1 772-562-8335,True,False,False,Open until 9:00 PM,Open today from 4:30 AM - 9:00 PM,federal-hwy-12-th-st-1235-us-hwy-1-vero-beach-fl-329605729-us,GMT-04:00 America/New_York,23.6724,True,True,True,True,True,True,True,True,True,True,4:30 AM to 9:00 PM,4:30 AM,9:00 PM,4:30 AM to 9:00 PM,4:30 AM,9:00 PM,5:00 AM to 9:00 PM,5:00 AM,9:00 PM,5:00 AM to 9:00 PM,5:00 AM,9:00 PM,4:30 AM to 7:00 PM,4:30 AM,7:00 PM,5:00 AM to 9:00 PM,5:00 AM,9:00 PM,4:30 AM to 9:00 PM,4:30 AM,9:00 PM,READY,True
2912-91465,7611,St Lucie West & I-95,CO,1789 NW Saint Lucie West Blvd,Port St Lucie,FL,34986,US,27.3124,-80.40644,+1 772-807-8931,True,False,False,Open until 10:00 PM,Open today from 4:30 AM - 10:00 PM,st-lucie-west-i-95-1789-nw-saint-lucie-west-blvd-port-st-lucie-fl-349,GMT-04:00 America/New_York,24.7407,True,True,True,True,True,True,True,True,True,True,4:30 AM to 10:00 PM,4:30 AM,10:00 PM,4:30 AM to 10:00 PM,4:30 AM,10:00 PM,5:00 AM to 10:00 PM,5:00 AM,10:00 PM,5:00 AM to 10:00 PM,5:00 AM,10:00 PM,4:30 AM to 10:00 PM,4:30 AM,10:00 PM,4:30 AM to 10:00 PM,4:30 AM,10:00 PM,4:30 AM to 10:00 PM,4:30 AM,10:00 PM,READY,True
81962-310678,1053152,US-1 & Virginia,CO,2039 S US Highway 1,Fort Pierce,FL,34950,US,27.42751,-80.3264,+1 772-348-0887,True,False,False,Open until 9:00 PM,Open today from 5:00 AM - 9:00 PM,us-1-virginia-2039-s-us-highway-1-fort-pierce-fl-349505149-us,GMT-04:00 America/New_York,20.6278,True,True,True,True,True,True,True,True,True,True,5:00 AM to 9:00 PM,5:00 AM,9:00 PM,5:00 AM to 9:00 PM,5:00 AM,9:00 PM,5:00 AM to 9:00 PM,5:00 AM,9:00 PM,5:00 AM to 9:00 PM,5:00 AM,9:00 PM,5:00 AM to 9:00 PM,5:00 AM,9:00 PM,5:00 AM to 9:00 PM,5:00 AM,9:00 PM,5:00 AM to 9:00 PM,5:00 AM,9:00 PM,READY,True
8864-93473,9684,US 1 & Britt Rd,CO,2537 NW Federal Hwy,Stuart,FL,34994,US,27.2364,-80.26825,+1 772-692-3061,True,False,False,Open until 9:00 PM,Open today from 5:00 AM - 9:00 PM,us-1-britt-rd-2537-nw-federal-hwy-stuart-fl-349949315-us,GMT-04:00 America/New_York,24.5486,True,True,True,True,True,True,True,True,True,True,5:00 AM to 9:00 PM,5:00 AM,9:00 PM,5:00 AM to 9:00 PM,5:00 AM,9:00 PM,5:00 AM to 9:00 PM,5:00 AM,9:00 PM,5:00 AM to 9:00 PM,5:00 AM,9:00 PM,5:00 AM to 9:00 PM,5:00 AM,9:00 PM,5:00 AM to 9:00 PM,5:00 AM,9:00 PM,5:00 AM to 9:00 PM,5:00 AM,9:00 PM,READY,True
76770-108133,6461,Target Stuart 816,LS,2650 NW Federal Hwy,Stuart,FL,34994,US,27.23378,-80.26815,+1 772-692-3388,False,False,False,Opens Thursday at 8:00 AM,Open today from 8:00 AM - 8:00 PM,target-stuart-816-2650-nw-federal-hwy-stuart-fl-349949318-us,GMT-04:00 America/New_York,24.6793,True,False,False,True,False,False,True,False,True,False,8:00 AM to 8:00 PM,8:00 AM,8:00 PM,8:00 AM to 8:00 PM,8:00 AM,8:00 PM,8:00 AM to 8:00 PM,8:00 AM,8:00 PM,8:00 AM to 8:00 PM,8:00 AM,8:00 PM,8:00 AM to 8:00 PM,8:00 AM,8:00 PM,8:00 AM to 8:00 PM,8:00 AM,8:00 PM,8:00 AM to 8:00 PM,8:00 AM,8:00 PM,NOT_ELIGIBLE,False
67089-300280,1032984,E F-M 351 & N St. Mary's St.,CO,2403 N. Saint Mary's St,Beeville,TX,78102,US,28.4229,-97.7574,+1 361-748-0696,True,False,False,Open until 9:00 PM,Open today from 4:30 AM - 9:00 PM,e-f-m-351-n-st-marys-st-2403-n-saint-marys-st-beeville-tx-781022438-us,GMT-05:00 America/Chicago,18.9837,True,True,True,True,True,False,True,False,True,True,4:30 AM to 9:00 PM,4:30 AM,9:00 PM,4:30 AM to 9:00 PM,4:30 AM,9:00 PM,5:00 AM to 9:00 PM,5:00 AM,9:00 PM,5:00 AM to 9:00 PM,5:00 AM,9:00 PM,4:30 AM to 9:00 PM,4:30 AM,9:00 PM,4:30 AM to 9:00 PM,4:30 AM,9:00 PM,4:30 AM to 9:00 PM,4:30 AM,9:00 PM,READY,True
73999-301273,1043350,HWY 35 N & Colorado St,CO,2302 Highway 35 N,Rockport,TX,78382,US,28.04604,-97.04219,+1 361-450-6925,True,False,False,Open until 9:00 PM,Open today from 5:00 AM - 9:00 PM,hwy-35-n-colorado-st-2302-highway-35-n-rockport-tx-783825701-us,GMT-05:00 America/Chicago,18.9439,True,True,True,True,True,True,True,True,True,True,5:00 AM to 9:00 PM,5:00 AM,9:00 PM,5:00 AM to 9:00 PM,5:00 AM,9:00 PM,5:00 AM to 9:00 PM,5:00 AM,9:00 PM,5:00 AM to 9:00 PM,5:00 AM,9:00 PM,5:00 AM to 9:00 PM,5:00 AM,9:00 PM,5:00 AM to 9:00 PM,5:00 AM,9:00 PM,5:00 AM to 9:00 PM,5:00 AM,9:00 PM,READY,True
65433-298788,1031535,FM 1069 & W Wheeler Ave,CO,140 S FM 1069,Aransas Pass,TX,78336,US,27.92416,-97.17784,+1 361-900-0239,True,False,False,Open until 9:00 PM,Open today from 4:30 AM - 9:00 PM,fm-1069-w-wheeler-ave-140-s-fm-1069-aransas-pass-tx-783367110-us,GMT-05:00 America/Chicago,22.939,True,True,True,True,True,False,True,False,True,True,4:30 AM to 9:00 PM,4:30 AM,9:00 PM,4:30 AM to 9:00 PM,4:30 AM,9:00 PM,4:30 AM to 9:00 PM,4:30 AM,9:00 PM,5:00 AM to 9:00 PM,5:00 AM,9:00 PM,4:30 AM to 9:00 PM,4:30 AM,9:00 PM,4:30 AM to 9:00 PM,4:30 AM,9:00 PM,4:30 AM to 9:00 PM,4:30 AM,9:00 PM,READY,True
13368-106958,6515,US 19 & Gulf Dr,CO,5435 US Hwy 19,New Port Richey,FL,34652,US,28.23855,-82.7282,+1 727-847-9071,True,False,False,Open until 8:00 PM,Open today from 5:00 AM - 8:00 PM,us-19-gulf-dr-5435-us-hwy-19-new-port-richey-fl-346523949-us,GMT-04:00 America/New_York,16.5625,True,True,True,True,True,True,True,True,True,True,5:00 AM to 8:00 PM,5:00 AM,8:00 PM,5:00 AM to 8:00 PM,5:00 AM,8:00 PM,5:00 AM to 8:00 PM,5:00 AM,8:00 PM,5:00 AM to 8:00 PM,5:00 AM,8:00 PM,5:00 AM to 8:00 PM,5:00 AM,8:00 PM,5:00 AM to 8:00 PM,5:00 AM,8:00 PM,5:00 AM to 8:00 PM,5:00 AM,8:00 PM,READY,True
3482-289196,1024906,US Hwy 19 & E. Tarpon Ave,CO,41226 US Hwy 19 N,Tarpon Springs,FL,34689,US,28.14712,-82.74122,+1 727-934-2000,True,False,False,Open until 8:00 PM,Open today from 4:30 AM - 8:00 PM,us-hwy-19-e-tarpon-ave-41226-us-hwy-19-n-tarpon-springs-fl-346895439-us,GMT-04:00 America/New_York,17.287,True,True,True,True,True,True,True,True,True,True,4:30 AM to 8:00 PM,4:30 AM,8:00 PM,4:30 AM to 8:00 PM,4:30 AM,8:00 PM,5:00 AM to 8:00 PM,5:00 AM,8:00 PM,5:00 AM to 8:00 PM,5:00 AM,8:00 PM,4:30 AM to 8:00 PM,4:30 AM,8:00 PM,4:30 AM to 8:00 PM,4:30 AM,8:00 PM,4:30 AM to 8:00 PM,4:30 AM,8:00 PM,READY,True
53561-273786,1021933,US19 & Holiday Hills Blvd,CO,9235 US Hwy 19,Port Richey,FL,34668,US,28.29203,-82.71113,+1 727-815-8028,True,False,False,Open until 9:00 PM,Open today from 5:00 AM - 9:00 PM,us-19-holiday-hills-blvd-9235-us-hwy-19-port-richey-fl-346684854-us,GMT-04:00 America/New_York,17.8165,True,True,True,True,True,True,True,True,True,True,5:00 AM to 9:00 PM,5:00 AM,9:00 PM,5:00 AM to 9:00 PM,5:00 AM,9:00 PM,5:00 AM to 9:00 PM,5:00 AM,9:00 PM,5:00 AM to 9:00 PM,5:00 AM,9:00 PM,5:00 AM to 9:00 PM,5:00 AM,9:00 PM,5:00 AM to 7:00 PM,5:00 AM,7:00 PM,5:00 AM to 9:00 PM,5:00 AM,9:00 PM,READY,True
8483-238025,1017151,Hwy 19 & Coral Landings,CO,33086 US Highway 19 N,Palm Harbor,FL,34684,US,28.07261,-82.73945,+1 727-785-4140,True,False,False,Open until 8:00 PM,Open today from 5:00 AM - 8:00 PM,hwy-19-coral-landings-33086-us-highway-19-n-ste-a-palm-harbor-fl-3468431,GMT-04:00 America/New_York,20.0528,True,True,True,True,True,True,True,True,True,True,5:00 AM to 8:00 PM,5:00 AM,8:00 PM,5:00 AM to 8:00 PM,5:00 AM,8:00 PM,5:00 AM to 8:00 PM,5:00 AM,8:00 PM,5:00 AM to 8:00 PM,5:00 AM,8:00 PM,5:00 AM to 8:00 PM,5:00 AM,8:00 PM,5:00 AM to 8:00 PM,5:00 AM,8:00 PM,5:00 AM to 8:00 PM,5:00 AM,8:00 PM,READY,True
14599-124265,10995,Ranch del Rio & Little Rd,CO,5220 Little Rd,New Port Richey,FL,34655,US,28.2356,-82.66681,+1 727-375-7849,True,False,False,Open until 8:00 PM,Open today from 5:00 AM - 8:00 PM,ranch-del-rio-little-rd-5220-little-rd-new-port-richey-fl-346551213-us,GMT-04:00 America/New_York,20.3049,True,True,True,True,True,True,True,True,True,True,5:00 AM to 8:00 PM,5:00 AM,8:00 PM,5:00 AM to 8:00 PM,5:00 AM,8:00 PM,5:00 AM to 8:00 PM,5:00 AM,8:00 PM,5:00 AM to 8:00 PM,5:00 AM,8:00 PM,5:00 AM to 8:00 PM,5:00 AM,8:00 PM,5:00 AM to 8:00 PM,5:00 AM,8:00 PM,5:00 AM to 8:00 PM,5:00 AM,8:00 PM,READY,True
2967-240785,1014346,Little Rd & SR 54,CO,2914 Little Rd,Trinity,FL,34655,US,28.20194,-82.66594,+1 727-375-0163,True,False,False,Open until 9:30 PM,Open today from 5:00 AM - 9:30 PM,little-rd-sr-54-2914-little-rd-a-trinity-fl-346554420-us,GMT-04:00 America/New_York,20.606,True,True,True,True,True,True,True,True,True,True,5:00 AM to 9:30 PM,5:00 AM,9:30 PM,5:00 AM to 9:30 PM,5:00 AM,9:30 PM,5:00 AM to 9:30 PM,5:00 AM,9:30 PM,5:00 AM to 9:00 PM,5:00 AM,9:00 PM,5:00 AM to 9:30 PM,5:00 AM,9:30 PM,5:00 AM to 9:30 PM,5:00 AM,9:30 PM,5:00 AM to 9:30 PM,5:00 AM,9:30 PM,READY,True
76270-95751,9043,Target Trinity 1967,LS,2900 Little Rd,Trinity,FL,34655,US,28.20026,-82.66624,+1 727-793-6582,False,False,False,Opens Thursday at 8:00 AM,Open today from 8:00 AM - 8:00 PM,target-trinity-1967-2900-little-rd-trinity-fl-346554420-us,GMT-04:00 America/New_York,20.6072,True,False,False,True,True,False,True,False,True,False,8:00 AM to 8:00 PM,8:00 AM,8:00 PM,8:00 AM to 8:00 PM,8:00 AM,8:00 PM,8:00 AM to 8:00 PM,8:00 AM,8:00 PM,8:00 AM to 8:00 PM,8:00 AM,8:00 PM,8:00 AM to 8:00 PM,8:00 AM,8:00 PM,8:00 AM to 8:00 PM,8:00 AM,8:00 PM,8:00 AM to 8:00 PM,8:00 AM,8:00 PM,NOT_ELIGIBLE,False
11682-104303,17155,US 19 & Curlew Rd,CO,30503 US Hwy 19 N,Palm Harbor,FL,34684,US,28.04994,-82.73777,+1 727-787-2085,True,False,False,Open until 8:00 PM,Open today from 5:00 AM - 8:00 PM,us-19-curlew-rd-30503-us-hwy-19-n-ste-b-palm-harbor-fl-346844412-u,GMT-04:00 America/New_York,21.1253,True,True,True,True,True,True,True,True,True,True,5:00 AM to 8:00 PM,5:00 AM,8:00 PM,5:00 AM to 8:00 PM,5:00 AM,8:00 PM,5:00 AM to 8:00 PM,5:00 AM,8:00 PM,5:00 AM to 8:00 PM,5:00 AM,8:00 PM,5:00 AM to 8:00 PM,5:00 AM,8:00 PM,5:00 AM to 8:00 PM,5:00 AM,8:00 PM,5:00 AM to 8:00 PM,5:00 AM,8:00 PM,READY,True
8335-211464,1010284,East Lake & Ridgemoor,CO,4978 Ridgemoor Blvd,Palm Harbor,FL,34685,US,28.10012,-82.69118,+1 727-781-6763,True,False,False,Open until 8:00 PM,Open today from 5:00 AM - 8:00 PM,east-lake-ridgemoor-4978-ridgemoor-blvd-palm-harbor-fl-346851744-us,GMT-04:00 America/New_York,21.4714,True,True,True,True,True,True,True,True,True,True,5:00 AM to 8:00 PM,5:00 AM,8:00 PM,5:00 AM to 8:00 PM,5:00 AM,8:00 PM,5:00 AM to 8:00 PM,5:00 AM,8:00 PM,5:00 AM to 8:00 PM,5:00 AM,8:00 PM,5:00 AM to 8:00 PM,5:00 AM,8:00 PM,5:00 AM to 8:00 PM,5:00 AM,8:00 PM,5:00 AM to 8:00 PM,5:00 AM,8:00 PM,READY,True
29670-140451,1015417,Hilton Clearwater Beach Resort,LS,400 Mandalay Ave,Clearwater,FL,33767,US,27.97865,-82.82763,+1 727-431-0890,True,False,False,Open until 8:00 PM,Open today from 6:00 AM - 8:00 PM,hilton-clearwater-beach-resort-400-mandalay-ave-clearwater-fl-33767-us,GMT-04:00 America/New_York,21.4906,True,False,True,True,True,True,True,True,True,False,6:00 AM to 8:00 PM,6:00 AM,8:00 PM,6:00 AM to 8:00 PM,6:00 AM,8:00 PM,6:00 AM to 8:00 PM,6:00 AM,8:00 PM,6:00 AM to 8:00 PM,6:00 AM,8:00 PM,6:00 AM to 8:00 PM,6:00 AM,8:00 PM,6:00 AM to 8:00 PM,6:00 AM,8:00 PM,6:00 AM to 8:00 PM,6:00 AM,8:00 PM,READY,False
27184-241965,1014986,SR 580 & Overcash,CO,1785 Main St,Dunedin,FL,34698,US,28.01906,-82.75666,+1 727-422-6725,True,False,False,Open until 8:00 PM,Open today from 5:00 AM - 8:00 PM,sr-580-overcash-1785-main-st-dunedin-fl-346986425-us,GMT-04:00 America/New_York,21.7815,True,True,True,True,True,True,True,True,True,True,5:00 AM to 8:00 PM,5:00 AM,8:00 PM,5:00 AM to 8:00 PM,5:00 AM,8:00 PM,5:00 AM to 8:00 PM,5:00 AM,8:00 PM,5:00 AM to 8:00 PM,5:00 AM,8:00 PM,5:00 AM to 8:00 PM,5:00 AM,8:00 PM,5:00 AM to 8:00 PM,5:00 AM,8:00 PM,5:00 AM to 8:00 PM,5:00 AM,8:00 PM,READY,True
59756-293214,1027081,Residence Inn Clearwater Beach,LS,309 CORONADO DR.,Clearwater,FL,33767,US,27.97313,-82.82806,+1 727-239-7350,True,False,False,Open until 6:00 PM,Open today from 6:00 AM - 6:00 PM,residence-inn-clearwater-beach-309-coronado-dr-clearwater-fl-33767-us,GMT-04:00 America/New_York,21.8117,True,False,True,True,True,False,True,False,True,False,6:00 AM to 6:00 PM,6:00 AM,6:00 PM,6:00 AM to 6:00 PM,6:00 AM,6:00 PM,6:00 AM to 6:00 PM,6:00 AM,6:00 PM,6:00 AM to 6:00 PM,6:00 AM,6:00 PM,6:00 AM to 6:00 PM,6:00 AM,6:00 PM,6:00 AM to 6:00 PM,6:00 AM,6:00 PM,6:00 AM to 6:00 PM,6:00 AM,6:00 PM,READY,False
20077-202885,1005903,Target Palm Harbor 652,LS,900 E Lake Rd,Palm Harbor,FL,34685,US,28.06343,-82.70767,+1 727-786-6969,False,False,False,Opens Thursday at 8:00 AM,Open today from 8:00 AM - 8:00 PM,target-palm-harbor-652-900-e-lake-rd-palm-harbor-fl-34685-us,GMT-04:00 America/New_York,21.9838,True,False,False,True,False,False,True,False,True,False,8:00 AM to 8:00 PM,8:00 AM,8:00 PM,8:00 AM to 8:00 PM,8:00 AM,8:00 PM,8:00 AM to 8:00 PM,8:00 AM,8:00 PM,8:00 AM to 8:00 PM,8:00 AM,8:00 PM,8:00 AM to 8:00 PM,8:00 AM,8:00 PM,8:00 AM to 8:00 PM,8:00 AM,8:00 PM,8:00 AM to 8:00 PM,8:00 AM,8:00 PM,NOT_ELIGIBLE,False
81649-310979,1052851,Countryside Mall Kiosk,LS,27001 US Highway 19 North,Clearwater,FL,33761,US,28.0172,-82.73367,+1 727-223-5762,False,False,False,Opens Thursday at 9:00 AM,Open today from 9:00 AM - 8:00 PM,countryside-mall-kiosk-27001-us-highway-19-north-clearwater-fl-33761-us,GMT-04:00 America/New_York,22.8485,True,False,True,True,True,False,True,False,True,False,9:00 AM to 8:00 PM,9:00 AM,8:00 PM,9:00 AM to 9:00 PM,9:00 AM,9:00 PM,9:00 AM to 9:00 PM,9:00 AM,9:00 PM,10:00 AM to 7:00 PM,10:00 AM,7:00 PM,9:00 AM to 8:00 PM,9:00 AM,8:00 PM,9:00 AM to 8:00 PM,9:00 AM,8:00 PM,9:00 AM to 8:00 PM,9:00 AM,8:00 PM,NOT_READY,False
8379-19581,16864,433 Cleveland Street,CO,433 Cleveland St,Clearwater,FL,33755,US,27.96548,-82.80012,+1 727-462-2200,True,False,False,Open until 7:00 PM,Open today from 5:30 AM - 7:00 PM,433-cleveland-street-433-cleveland-st-clearwater-fl-337554004-us,GMT-04:00 America/New_York,23.1267,True,False,True,True,True,True,True,True,True,True,5:30 AM to 7:00 PM,5:30 AM,7:00 PM,5:30 AM to 7:00 PM,5:30 AM,7:00 PM,5:30 AM to 7:00 PM,5:30 AM,7:00 PM,5:30 AM to 6:30 PM,5:30 AM,6:30 PM,5:30 AM to 6:30 PM,5:30 AM,6:30 PM,5:30 AM to 6:30 PM,5:30 AM,6:30 PM,5:30 AM to 6:30 PM,5:30 AM,6:30 PM,READY,True
8561-69643,15418,Curlew Rd. & Tampa Rd.,CO,3180 Tampa Rd,Oldsmar,FL,34677,US,28.04957,-82.69579,+1 813-818-7299,True,False,False,Open until 8:00 PM,Open today from 5:00 AM - 8:00 PM,curlew-rd-tampa-rd-3180-tampa-rd-oldsmar-fl-346772297-us,GMT-04:00 America/New_York,23.1352,True,True,True,True,True,True,True,True,True,True,5:00 AM to 8:00 PM,5:00 AM,8:00 PM,5:00 AM to 8:00 PM,5:00 AM,8:00 PM,5:00 AM to 8:00 PM,5:00 AM,8:00 PM,5:00 AM to 8:00 PM,5:00 AM,8:00 PM,5:00 AM to 8:00 PM,5:00 AM,8:00 PM,5:00 AM to 8:00 PM,5:00 AM,8:00 PM,5:00 AM to 8:00 PM,5:00 AM,8:00 PM,READY,True
56875-289349,1024937,Trinity & SR 54,CO,11930 State Road 54,Odessa,FL,33556,US,28.1899,-82.61807,+1 727-463-7209,True,False,False,Open until 9:00 PM,Open today from 5:00 AM - 9:00 PM,trinity-sr-54-11930-state-road-54-odessa-fl-335563491-us,GMT-04:00 America/New_York,23.6201,True,True,True,True,True,True,True,True,True,True,5:00 AM to 9:00 PM,5:00 AM,9:00 PM,5:00 AM to 9:00 PM,5:00 AM,9:00 PM,5:00 AM to 9:00 PM,5:00 AM,9:00 PM,5:00 AM to 9:00 PM,5:00 AM,9:00 PM,5:00 AM to 9:00 PM,5:00 AM,9:00 PM,5:00 AM to 9:00 PM,5:00 AM,9:00 PM,5:00 AM to 9:00 PM,5:00 AM,9:00 PM,READY,True
52434-254024,1020353,Morton Plant Hospital Lobby,LS,300 Pinellas Stree,Clearwater,FL,33756,US,27.95299,-82.8027,+1 727-462-3145,True,False,False,Open until 8:00 PM,Open today from 6:00 AM - 8:00 PM,morton-plant-hospital-lobby-300-pinellas-stree-clearwater-fl-33756-us,GMT-04:00 America/New_York,23.7851,True,False,True,True,False,False,True,False,True,False,6:00 AM to 8:00 PM,6:00 AM,8:00 PM,6:00 AM to 8:00 PM,6:00 AM,8:00 PM,6:00 AM to 8:00 PM,6:00 AM,8:00 PM,6:00 AM to 8:00 PM,6:00 AM,8:00 PM,6:00 AM to 8:00 PM,6:00 AM,8:00 PM,6:00 AM to 8:00 PM,6:00 AM,8:00 PM,6:00 AM to 8:00 PM,6:00 AM,8:00 PM,READY,False
8447-27969,17583,Enterprise & McMullen Booth,CO,2560 McMullen Booth Rd,Clearwater,FL,33761,US,28.01419,-82.70945,+1 727-723-3289,True,False,False,Open until 8:00 PM,Open today from 5:00 AM - 8:00 PM,enterprise-mc-mullen-booth-2560-mc-mullen-booth-rd-clearwater-fl-337614182-us,GMT-04:00 America/New_York,24.0597,True,False,True,True,True,True,True,True,True,True,5:00 AM to 8:00 PM,5:00 AM,8:00 PM,5:00 AM to 8:00 PM,5:00 AM,8:00 PM,5:00 AM to 8:00 PM,5:00 AM,8:00 PM,5:00 AM to 8:00 PM,5:00 AM,8:00 PM,5:00 AM to 8:00 PM,5:00 AM,8:00 PM,5:00 AM to 8:00 PM,5:00 AM,8:00 PM,5:00 AM to 8:00 PM,5:00 AM,8:00 PM,READY,True
70461-302959,1040548,Curley & Overpass,CO,7994 Curley Rd,Wesley Chapel,FL,33545,US,28.2695,-82.28393,+1 813-402-8754,True,False,False,Open until 9:00 PM,Open today from 4:30 AM - 9:00 PM,curley-overpass-7994-curley-rd-wesley-chapel-fl-335459155-us,GMT-04:00 America/New_York,2.4656,True,True,True,True,True,True,True,True,True,True,4:30 AM to 9:00 PM,4:30 AM,9:00 PM,4:30 AM to 9:00 PM,4:30 AM,9:00 PM,4:30 AM to 9:00 PM,4:30 AM,9:00 PM,5:00 AM to 9:00 PM,5:00 AM,9:00 PM,4:30 AM to 9:00 PM,4:30 AM,9:00 PM,4:30 AM to 9:00 PM,4:30 AM,9:00 PM,4:30 AM to 9:00 PM,4:30 AM,9:00 PM,READY,True
56350-289329,1024439,US 301 & Daughtery Rd,CO,7010 Gall Blvd,Zephyrhills,FL,33541,US,28.25932,-82.18785,+1 813-469-2754,True,False,False,Open until 9:00 PM,Open today from 4:30 AM - 9:00 PM,us-301-daughtery-rd-7010-gall-blvd-zephyrhills-fl-335411347-us,GMT-04:00 America/New_York,3.8369,True,True,True,True,True,True,True,True,True,True,4:30 AM to 9:00 PM,4:30 AM,9:00 PM,4:30 AM to 9:00 PM,4:30 AM,9:00 PM,5:00 AM to 9:00 PM,5:00 AM,9:00 PM,5:00 AM to 9:00 PM,5:00 AM,9:00 PM,4:30 AM to 9:00 PM,4:30 AM,9:00 PM,4:30 AM to 9:00 PM,4:30 AM,9:00 PM,4:30 AM to 9:00 PM,4:30 AM,9:00 PM,READY,True
48350-260789,1021396,Pt. Pleasant & 54,CO,28676 State Road 54,Wesley Chapel,FL,33543,US,28.238,-82.34154,+1 352-424-5242,True,False,False,Open until 9:00 PM,Open today from 5:00 AM - 9:00 PM,pt-pleasant-54-28676-state-road-54-wesley-chapel-fl-335433212-us,GMT-04:00 America/New_York,5.6331,True,True,True,True,True,True,True,True,True,True,5:00 AM to 9:00 PM,5:00 AM,9:00 PM,5:00 AM to 9:00 PM,5:00 AM,9:00 PM,5:00 AM to 9:00 PM,5:00 AM,9:00 PM,5:00 AM to 9:00 PM,5:00 AM,9:00 PM,5:00 AM to 9:00 PM,5:00 AM,9:00 PM,5:00 AM to 9:00 PM,5:00 AM,9:00 PM,5:00 AM to 9:00 PM,5:00 AM,9:00 PM,READY,True
88712-318420,8871200,Target Wesley Chapel 2919,LS,Wesley Grove Blvd,Wesley Chapel,FL,33544,US,28.24355,-82.35304,,True,False,False,Open until 8:00 PM,Open today from 7:00 AM - 8:00 PM,target-wesley-chapel-2919-wesley-grove-blvd-wesley-chapel-fl-33544-us,GMT-04:00 America/New_York,6.2874,True,False,False,True,True,False,True,False,False,False,7:00 AM to 8:00 PM,7:00 AM,8:00 PM,7:00 AM to 8:00 PM,7:00 AM,8:00 PM,7:00 AM to 8:00 PM,7:00 AM,8:00 PM,7:00 AM to 8:00 PM,7:00 AM,8:00 PM,7:00 AM to 8:00 PM,7:00 AM,8:00 PM,7:00 AM to 8:00 PM,7:00 AM,8:00 PM,7:00 AM to 8:00 PM,7:00 AM,8:00 PM,NOT_ELIGIBLE,False
68290-302127,1039996,SR 54 & I-75,CO,27825 Wesley Chapel Blvd,Wesley Chapel,FL,33544,US,28.23764,-82.35613,+1 813-358-3609,True,False,False,Open until 9:00 PM,Open today from 5:00 AM - 9:00 PM,sr-54-i-75-27825-wesley-chapel-blvd-wesley-chapel-fl-33544429,GMT-04:00 America/New_York,6.516,True,True,True,True,True,True,True,True,True,True,5:00 AM to 9:00 PM,5:00 AM,9:00 PM,5:00 AM to 9:00 PM,5:00 AM,9:00 PM,5:00 AM to 9:00 PM,5:00 AM,9:00 PM,5:00 AM to 9:00 PM,5:00 AM,9:00 PM,5:00 AM to 9:00 PM,5:00 AM,9:00 PM,5:00 AM to 9:00 PM,5:00 AM,9:00 PM,5:00 AM to 9:00 PM,5:00 AM,9:00 PM,READY,True
13497-105286,6407,Bruce B Downs Blvd & SR56,CO,1800 Bruce B Downs Blvd,Wesley Chapel,FL,33544,US,28.18335,-82.35292,+1 813-907-5082,True,False,False,Open until 9:00 PM,Open today from 4:30 AM - 9:00 PM,bruce-b-downs-blvd-sr-56-1800-bruce-b-downs-blvd-wesley-chapel-fl-335448632,GMT-04:00 America/New_York,7.7762,True,True,True,True,True,True,True,True,True,True,4:30 AM to 9:00 PM,4:30 AM,9:00 PM,4:30 AM to 9:00 PM,4:30 AM,9:00 PM,5:00 AM to 9:00 PM,5:00 AM,9:00 PM,5:00 AM to 9:00 PM,5:00 AM,9:00 PM,4:30 AM to 9:00 PM,4:30 AM,9:00 PM,4:30 AM to 9:00 PM,4:30 AM,9:00 PM,4:30 AM to 9:00 PM,4:30 AM,9:00 PM,READY,True
72660-64959,13220,Target Wesley Chapel 1382,LS,1201 County Road 581,Wesley Chapel,FL,33543,US,28.17319,-82.35529,+1 813-907-6687,False,False,False,Opens Thursday at 8:00 AM,Open today from 8:00 AM - 8:00 PM,target-wesley-chapel-1382-1201-county-road-581-wesley-chapel-fl-33543-us,GMT-04:00 America/New_York,8.3223,True,False,False,True,True,False,True,False,True,False,8:00 AM to 8:00 PM,8:00 AM,8:00 PM,8:00 AM to 8:00 PM,8:00 AM,8:00 PM,8:00 AM to 8:00 PM,8:00 AM,8:00 PM,8:00 AM to 8:00 PM,8:00 AM,8:00 PM,8:00 AM to 8:00 PM,8:00 AM,8:00 PM,8:00 AM to 8:00 PM,8:00 AM,8:00 PM,8:00 AM to 8:00 PM,8:00 AM,8:00 PM,NOT_ELIGIBLE,False
25767-134065,1013538,Tampa Premium Outlets,CO,2300 Grand Cypress Dr,Lutz,FL,33559,US,28.1902,-82.39106,+1 813-743-8425,False,False,False,Opens Thursday at 9:00 AM,Open today from 9:00 AM - 8:00 PM,tampa-premium-outlets-2300-grand-cypress-dr-ste-101-lutz-fl-335596825-us,GMT-04:00 America/New_York,9.5301,True,False,True,True,True,True,True,True,True,True,9:00 AM to 8:00 PM,9:00 AM,8:00 PM,9:00 AM to 9:00 PM,9:00 AM,9:00 PM,9:00 AM to 9:00 PM,9:00 AM,9:00 PM,10:00 AM to 6:00 PM,10:00 AM,6:00 PM,9:00 AM to 8:00 PM,9:00 AM,8:00 PM,9:00 AM to 8:00 PM,9:00 AM,8:00 PM,9:00 AM to 8:00 PM,9:00 AM,8:00 PM,NOT_READY,True
49085-261504,1018679,SR 56 & I-75,CO,2257 Sun Vista Dr,Lutz,FL,33559,US,28.19095,-82.39525,+1 813-981-4382,True,False,False,Open until 9:00 PM,Open today from 5:00 AM - 9:00 PM,sr-56-i-75-2257-sun-vista-dr-lutz-fl-335596861-us,GMT-04:00 America/New_York,9.7387,True,True,True,True,True,True,True,True,True,True,5:00 AM to 9:00 PM,5:00 AM,9:00 PM,5:00 AM to 9:00 PM,5:00 AM,9:00 PM,5:00 AM to 9:00 PM,5:00 AM,9:00 PM,5:00 AM to 9:00 PM,5:00 AM,9:00 PM,5:00 AM to 9:00 PM,5:00 AM,9:00 PM,5:00 AM to 9:00 PM,5:00 AM,9:00 PM,5:00 AM to 9:00 PM,5:00 AM,9:00 PM,READY,True
8456-285774,1028124,Bruce B Downs and Hunters Gree,CO,8680 Hunters Village Rd,Tampa,FL,33647,US,28.13884,-82.35814,+1 813-866-9552,True,False,False,Open until 9:00 PM,Open today from 4:30 AM - 9:00 PM,bruce-b-downs-and-hunters-gree-8680-hunters-village-rd-tampa-fl-336473778-us,GMT-04:00 America/New_York,10.117,True,True,True,True,True,True,True,True,True,True,4:30 AM to 9:00 PM,4:30 AM,9:00 PM,4:30 AM to 9:00 PM,4:30 AM,9:00 PM,5:00 AM to 9:00 PM,5:00 AM,9:00 PM,5:00 AM to 9:00 PM,5:00 AM,9:00 PM,4:30 AM to 9:00 PM,4:30 AM,9:00 PM,4:30 AM to 9:00 PM,4:30 AM,9:00 PM,4:30 AM to 9:00 PM,4:30 AM,9:00 PM,READY,True
8865-94499,9569,Collier Pkwy & 54,CO,"22721 FL-54,",Land O Lakes,FL,34639,US,28.18665,-82.4403,+1 813-948-7399,True,False,False,Open until 9:00 PM,Open today from 4:30 AM - 9:00 PM,collier-pkwy-54-22721-fl-54-land-o-lakes-fl-346395226-us,GMT-04:00 America/New_York,12.385,True,True,True,True,True,False,True,True,True,True,4:30 AM to 9:00 PM,4:30 AM,9:00 PM,4:30 AM to 9:00 PM,4:30 AM,9:00 PM,5:00 AM to 9:00 PM,5:00 AM,9:00 PM,5:00 AM to 9:00 PM,5:00 AM,9:00 PM,4:30 AM to 9:00 PM,4:30 AM,9:00 PM,4:30 AM to 9:00 PM,4:30 AM,9:00 PM,4:30 AM to 9:00 PM,4:30 AM,9:00 PM,READY,True
76806-98391,6498,Target Lutz 2118,LS,1040 Dale Mabry Hwy,Lutz,FL,33548,US,28.17318,-82.46997,+1 813-435-2933,False,False,False,Opens Thursday at 8:00 AM,Open today from 8:00 AM - 8:00 PM,target-lutz-2118-1040-dale-mabry-hwy-lutz-fl-335483004-us,GMT-04:00 America/New_York,14.4064,True,False,False,True,True,False,True,False,True,False,8:00 AM to 8:00 PM,8:00 AM,8:00 PM,8:00 AM to 8:00 PM,8:00 AM,8:00 PM,8:00 AM to 8:00 PM,8:00 AM,8:00 PM,8:00 AM to 8:00 PM,8:00 AM,8:00 PM,8:00 AM to 8:00 PM,8:00 AM,8:00 PM,8:00 AM to 8:00 PM,8:00 AM,8:00 PM,8:00 AM to 8:00 PM,8:00 AM,8:00 PM,NOT_ELIGIBLE,False
8514-290464,1026886,Fletcher and Telecom,CO,7141 E Fletcher Ave,Temple Terrace,FL,33637,US,28.0688,-82.37071,+1 813-979-4848,True,False,False,Open until 8:00 PM,Open today from 4:30 AM - 8:00 PM,fletcher-and-telecom-7141-e-fletcher-ave-temple-terrace-fl-336370901-us,GMT-04:00 America/New_York,14.5193,True,True,True,True,True,True,True,True,True,True,4:30 AM to 8:00 PM,4:30 AM,8:00 PM,4:30 AM to 8:00 PM,4:30 AM,8:00 PM,4:30 AM to 8:00 PM,4:30 AM,8:00 PM,4:30 AM to 8:00 PM,4:30 AM,8:00 PM,4:30 AM to 8:00 PM,4:30 AM,8:00 PM,4:30 AM to 8:00 PM,4:30 AM,8:00 PM,4:30 AM to 8:00 PM,4:30 AM,8:00 PM,READY,True
61892-295069,1030533,Sunlake & 54,CO,18661 State Road 54,Lutz,FL,33558,US,28.19434,-82.50651,+1 813-725-1261,True,False,False,Open until 8:00 PM,Open today from 5:00 AM - 8:00 PM,sunlake-54-18661-state-road-54-lutz-fl-335585719-us,GMT-04:00 America/New_York,16.0828,True,True,True,True,True,True,True,True,True,True,5:00 AM to 8:00 PM,5:00 AM,8:00 PM,5:00 AM to 8:00 PM,5:00 AM,8:00 PM,5:00 AM to 8:00 PM,5:00 AM,8:00 PM,5:00 AM to 8:00 PM,5:00 AM,8:00 PM,5:00 AM to 8:00 PM,5:00 AM,8:00 PM,5:00 AM to 8:00 PM,5:00 AM,8:00 PM,5:00 AM to 8:00 PM,5:00 AM,8:00 PM,READY,True
82203-308825,1053412,US 41 & E Chapman Rd,CO,16514 N Nebraska Ave,Lutz,FL,33549,US,28.10604,-82.45827,+1 656-207-8091,True,False,False,Open until 8:00 PM,Open today from 5:00 AM - 8:00 PM,us-41-e-chapman-rd-16514-n-nebraska-ave-lutz-fl-335496172-us,GMT-04:00 America/New_York,16.1194,True,True,True,True,False,True,True,True,True,True,5:00 AM to 8:00 PM,5:00 AM,8:00 PM,5:00 AM to 8:00 PM,5:00 AM,8:00 PM,5:00 AM to 8:00 PM,5:00 AM,8:00 PM,5:00 AM to 8:00 PM,5:00 AM,8:00 PM,5:00 AM to 8:00 PM,5:00 AM,8:00 PM,5:00 AM to 8:00 PM,5:00 AM,8:00 PM,5:00 AM to 8:00 PM,5:00 AM,8:00 PM,READY,True
75205-92860,14382,Univ. of S. Florida Library,LS,4101 USF Apple Dr,Tampa,FL,33620,US,28.05957,-82.41224,+1 813-396-9063,True,False,False,Open until 12:00 AM,Open today from 7:00 AM - 12:00 AM,univ-of-s-florida-library-4101-usf-apple-dr-tampa-fl-336209998-us,GMT-04:00 America/New_York,16.4559,True,False,True,True,False,False,True,False,True,False,7:00 AM to 12:00 AM,7:00 AM,12:00 AM,7:00 AM to 5:00 PM,7:00 AM,5:00 PM,10:00 AM to 4:00 PM,10:00 AM,4:00 PM,12:00 PM to 12:00 AM,12:00 PM,12:00 AM,7:00 AM to 12:00 AM,7:00 AM,12:00 AM,7:00 AM to 12:00 AM,7:00 AM,12:00 AM,7:00 AM to 12:00 AM,7:00 AM,12:00 AM,READY,False
21217-197264,1008745,Bruce B Downs & E 132nd St,CO,13210 Bruce B Downs Blvd,Tampa,FL,33612,US,28.06703,-82.4266,+1 813-326-1217,True,False,False,Open until 10:00 PM,Open today from 4:30 AM - 10:00 PM,bruce-b-downs-e-132nd-st-13210-bruce-b-downs-blvd-tampa-fl-336123806-us,GMT-04:00 America/New_York,16.5997,True,True,True,True,True,True,True,True,True,True,4:30 AM to 10:00 PM,4:30 AM,10:00 PM,4:30 AM to 10:00 PM,4:30 AM,10:00 PM,5:00 AM to 10:00 PM,5:00 AM,10:00 PM,5:00 AM to 10:00 PM,5:00 AM,10:00 PM,4:30 AM to 10:00 PM,4:30 AM,10:00 PM,4:30 AM to 10:00 PM,4:30 AM,10:00 PM,4:30 AM to 10:00 PM,4:30 AM,10:00 PM,READY,True
11254-103276,6514,Thonotosassa & I-4,CO,2701 Thonotosassa Rd,Plant City,FL,33563,US,28.02554,-82.15118,+1 813-759-2408,True,False,False,Open until 10:00 PM,Open today from 4:30 AM - 10:00 PM,thonotosassa-i-4-2701-thonotosassa-rd-plant-city-fl-335631456-us,GMT-04:00 America/New_York,16.6364,True,True,True,True,True,True,True,True,True,True,4:30 AM to 10:00 PM,4:30 AM,10:00 PM,4:30 AM to 10:00 PM,4:30 AM,10:00 PM,4:30 AM to 10:00 PM,4:30 AM,10:00 PM,4:30 AM to 10:00 PM,4:30 AM,10:00 PM,4:30 AM to 10:00 PM,4:30 AM,10:00 PM,4:30 AM to 10:00 PM,4:30 AM,10:00 PM,4:30 AM to 10:00 PM,4:30 AM,10:00 PM,READY,True
60977-293412,1031164,56th St & Bullard Pkwy,CO,8912 Bertha Palmer Blvd,Temple Terrace,FL,33617,US,28.03127,-82.39315,+1 813-742-1059,True,False,False,Open until 9:00 PM,Open today from 4:30 AM - 9:00 PM,56th-st-bullard-pkwy-8912-bertha-palmer-blvd-suite-a-temple-terrace-fl-,GMT-04:00 America/New_York,17.4488,True,True,True,True,True,True,True,True,True,True,4:30 AM to 9:00 PM,4:30 AM,9:00 PM,4:30 AM to 9:00 PM,4:30 AM,9:00 PM,5:00 AM to 9:00 PM,5:00 AM,9:00 PM,5:00 AM to 9:00 PM,5:00 AM,9:00 PM,4:30 AM to 9:00 PM,4:30 AM,9:00 PM,4:30 AM to 9:00 PM,4:30 AM,9:00 PM,4:30 AM to 9:00 PM,4:30 AM,9:00 PM,READY,True
27628-236910,1014568,Fowler & 15th,CO,1501 E Fowler Ave,Tampa,FL,33612,US,28.05409,-82.44256,+1 813-541-2986,True,False,False,Open until 7:30 PM,Open today from 5:00 AM - 7:30 PM,fowler-15th-1501-e-fowler-ave-tampa-fl-336125415-us,GMT-04:00 America/New_York,17.9118,True,True,True,True,True,True,True,True,True,True,5:00 AM to 7:30 PM,5:00 AM,7:30 PM,5:00 AM to 7:30 PM,5:00 AM,7:30 PM,5:00 AM to 7:30 PM,5:00 AM,7:30 PM,5:00 AM to 7:30 PM,5:00 AM,7:30 PM,5:00 AM to 7:30 PM,5:00 AM,7:30 PM,5:00 AM to 7:30 PM,5:00 AM,7:30 PM,5:00 AM to 7:30 PM,5:00 AM,7:30 PM,READY,True
11115-100850,6658,Suncoast Pkwy & 54,CO,16330 State Road 54,Odessa,FL,33556,US,28.18808,-82.54576,+1 813-920-9095,True,False,False,Open until 8:00 PM,Open today from 5:00 AM - 8:00 PM,suncoast-pkwy-54-16330-state-road-54-odessa-fl-335563732-us,GMT-04:00 America/New_York,18.5075,True,True,True,True,True,True,True,True,True,True,5:00 AM to 8:00 PM,5:00 AM,8:00 PM,5:00 AM to 8:00 PM,5:00 AM,8:00 PM,5:00 AM to 8:00 PM,5:00 AM,8:00 PM,5:00 AM to 8:00 PM,5:00 AM,8:00 PM,5:00 AM to 8:00 PM,5:00 AM,8:00 PM,5:00 AM to 8:00 PM,5:00 AM,8:00 PM,5:00 AM to 8:00 PM,5:00 AM,8:00 PM,READY,True
20080-202872,1006264,Target Tampa 655,LS,15240 N. Dale Mabry Hwy,Tampa,FL,33618,US,28.08898,-82.50496,+1 813-962-2281,False,False,False,Opens Thursday at 8:00 AM,Open today from 8:00 AM - 8:00 PM,target-tampa-655-15240-n-dale-mabry-hwy-tampa-fl-33618-us,GMT-04:00 America/New_York,19.1034,True,False,False,True,False,False,True,False,True,False,8:00 AM to 8:00 PM,8:00 AM,8:00 PM,8:00 AM to 8:00 PM,8:00 AM,8:00 PM,8:00 AM to 8:00 PM,8:00 AM,8:00 PM,8:00 AM to 8:00 PM,8:00 AM,8:00 PM,8:00 AM to 8:00 PM,8:00 AM,8:00 PM,8:00 AM to 8:00 PM,8:00 AM,8:00 PM,8:00 AM to 8:00 PM,8:00 AM,8:00 PM,NOT_ELIGIBLE,False
59721-291281,1027829,MLK and Cragmont,CO,9601 E Dr Martin Luther King Jr Blvd,Tampa,FL,33610,US,27.98105,-82.34128,+1 813-599-0631,True,False,False,Open until 9:00 PM,Open today from 4:30 AM - 9:00 PM,mlk-and-cragmont-9601-e-dr-martin-luther-king-jr-blvd-tampa-fl-3361,GMT-04:00 America/New_York,19.3974,True,True,True,True,True,True,True,True,True,True,4:30 AM to 9:00 PM,4:30 AM,9:00 PM,4:30 AM to 9:00 PM,4:30 AM,9:00 PM,5:00 AM to 9:00 PM,5:00 AM,9:00 PM,5:00 AM to 9:00 PM,5:00 AM,9:00 PM,4:30 AM to 9:00 PM,4:30 AM,9:00 PM,4:30 AM to 9:00 PM,4:30 AM,9:00 PM,4:30 AM to 9:00 PM,4:30 AM,9:00 PM,READY,True
68962-300249,1038282,SECURE ACCESS - Citi Tampa Lob,LS,3800 Citibank Center,Tampa,FL,33610,US,27.97621,-82.32952,+1 813-604-8832,True,False,False,Open until 3:30 PM,Open today from 7:00 AM - 3:30 PM,secure-access-citi-tampa-lob-3800-citibank-center-tampa-fl-33610-us,GMT-04:00 America/New_York,19.5279,True,False,True,True,True,False,True,False,True,False,7:00 AM to 3:30 PM,7:00 AM,3:30 PM,7:00 AM to 3:30 PM,7:00 AM,3:30 PM,Closed,,,Closed,,,7:00 AM to 3:30 PM,7:00 AM,3:30 PM,7:00 AM to 3:30 PM,7:00 AM,3:30 PM,7:00 AM to 3:30 PM,7:00 AM,3:30 PM,READY,False
8277-1716,15347,Shoppes of Carrollwood,CO,14394 N Dale Mabry Hwy,Tampa,FL,33618,US,28.07841,-82.50745,+1 813-962-1179,True,False,False,Open until 8:00 PM,Open today from 4:30 AM - 8:00 PM,shoppes-of-carrollwood-14394-n-dale-mabry-hwy-ste-10-tampa-fl-336182018-u,GMT-04:00 America/New_York,19.6591,True,False,True,True,True,True,True,True,True,True,4:30 AM to 8:00 PM,4:30 AM,8:00 PM,4:30 AM to 8:00 PM,4:30 AM,8:00 PM,4:30 AM to 8:00 PM,4:30 AM,8:00 PM,4:30 AM to 8:00 PM,4:30 AM,8:00 PM,4:30 AM to 8:00 PM,4:30 AM,8:00 PM,4:30 AM to 8:00 PM,4:30 AM,8:00 PM,4:30 AM to 8:00 PM,4:30 AM,8:00 PM,READY,True
61165-294266,1028530,E. Alexander & James L Redman,CO,2400 James L Redman Pkwy,Plant City,FL,33566,US,27.9885,-82.12111,+1 813-295-9192,True,False,False,Open until 10:00 PM,Open today from 5:00 AM - 10:00 PM,e-alexander-james-l-redman-2400-james-l-redman-pkwy-plant-city-fl-335667111-u,GMT-04:00 America/New_York,19.7013,True,True,True,True,True,True,True,True,True,True,5:00 AM to 10:00 PM,5:00 AM,10:00 PM,5:00 AM to 10:00 PM,5:00 AM,10:00 PM,5:00 AM to 10:00 PM,5:00 AM,10:00 PM,5:00 AM to 10:00 PM,5:00 AM,10:00 PM,5:00 AM to 10:00 PM,5:00 AM,10:00 PM,5:00 AM to 10:00 PM,5:00 AM,10:00 PM,5:00 AM to 10:00 PM,5:00 AM,10:00 PM,READY,True
9494-244905,1016253,US 98 & Wedgewood,CO,4291 US Highway 98 N,Lakeland,FL,33809,US,28.09556,-81.97301,+1 863-261-9995,True,False,False,Open until 10:00 PM,Open today from 4:30 AM - 10:00 PM,us-98-wedgewood-4291-us-highway-98-n-lakeland-fl-338093827-us,GMT-04:00 America/New_York,19.9622,True,True,True,True,True,True,True,True,True,True,4:30 AM to 10:00 PM,4:30 AM,10:00 PM,4:30 AM to 10:00 PM,4:30 AM,10:00 PM,4:30 AM to 10:00 PM,4:30 AM,10:00 PM,4:30 AM to 10:00 PM,4:30 AM,10:00 PM,4:30 AM to 10:00 PM,4:30 AM,10:00 PM,4:30 AM to 10:00 PM,4:30 AM,10:00 PM,4:30 AM to 10:00 PM,4:30 AM,10:00 PM,READY,True
76143-89130,15091,Target Lakeland NORTH 1859,LS,4005 Hwy 98 N,Lakeland,FL,33809,US,28.09246,-81.97073,+1 863-859-1622,False,False,False,Opens Thursday at 8:00 AM,Open today from 8:00 AM - 8:00 PM,target-lakeland-north-1859-4005-hwy-98-n-lakeland-fl-338093815-us,GMT-04:00 America/New_York,20.1946,True,False,False,True,True,False,True,False,True,False,8:00 AM to 8:00 PM,8:00 AM,8:00 PM,8:00 AM to 8:00 PM,8:00 AM,8:00 PM,8:00 AM to 8:00 PM,8:00 AM,8:00 PM,8:00 AM to 8:00 PM,8:00 AM,8:00 PM,8:00 AM to 8:00 PM,8:00 AM,8:00 PM,8:00 AM to 8:00 PM,8:00 AM,8:00 PM,8:00 AM to 8:00 PM,8:00 AM,8:00 PM,NOT_ELIGIBLE,False
11786-104964,7439,Socrum Loop & I-4,CO,4670 N Socrum Loop Rd,Lakeland,FL,33809,US,28.10389,-81.9507,+1 863-859-0313,True,False,False,Open until 7:00 PM,Open today from 5:00 AM - 7:00 PM,socrum-loop-i-4-4670-n-socrum-loop-rd-lakeland-fl-338094203-us,GMT-04:00 America/New_York,20.8377,True,True,True,True,True,True,True,True,True,True,5:00 AM to 7:00 PM,5:00 AM,7:00 PM,5:00 AM to 9:00 PM,5:00 AM,9:00 PM,5:00 AM to 9:00 PM,5:00 AM,9:00 PM,5:00 AM to 9:00 PM,5:00 AM,9:00 PM,5:00 AM to 9:00 PM,5:00 AM,9:00 PM,5:00 AM to 9:00 PM,5:00 AM,9:00 PM,5:00 AM to 9:00 PM,5:00 AM,9:00 PM,READY,True
3862-141144,9994,Target Brooksville 2489,LS,3101 Aerial Way,Spring Hill,FL,34604,US,28.47857,-82.47964,+1 352-593-2168,False,False,False,Opens Thursday at 8:00 AM,Open today from 8:00 AM - 8:00 PM,target-brooksville-2489-3101-aerial-way-spring-hill-fl-346040629-us,GMT-04:00 America/New_York,21.0793,True,False,False,True,True,False,True,False,True,False,8:00 AM to 8:00 PM,8:00 AM,8:00 PM,8:00 AM to 8:00 PM,8:00 AM,8:00 PM,8:00 AM to 8:00 PM,8:00 AM,8:00 PM,8:00 AM to 8:00 PM,8:00 AM,8:00 PM,8:00 AM to 8:00 PM,8:00 AM,8:00 PM,8:00 AM to 8:00 PM,8:00 AM,8:00 PM,8:00 AM to 8:00 PM,8:00 AM,8:00 PM,NOT_ELIGIBLE,False
15732-158664,68130,Linebaugh & N. Dale Mabry,CO,10002 N Dale Mabry Hwy,Tampa,FL,33618,US,28.04048,-82.50538,+1 813-963-1603,True,False,False,Open until 10:00 PM,Open today from 5:00 AM - 10:00 PM,linebaugh-n-dale-mabry-10002-n-dale-mabry-hwy-tampa-fl-336184410-us,GMT-04:00 America/New_York,21.2517,True,True,True,True,True,True,True,True,True,True,5:00 AM to 10:00 PM,5:00 AM,10:00 PM,5:00 AM to 10:00 PM,5:00 AM,10:00 PM,5:00 AM to 10:00 PM,5:00 AM,10:00 PM,5:00 AM to 10:00 PM,5:00 AM,10:00 PM,5:00 AM to 10:00 PM,5:00 AM,10:00 PM,5:00 AM to 10:00 PM,5:00 AM,10:00 PM,5:00 AM to 10:00 PM,5:00 AM,10:00 PM,READY,True
9737-96123,7996,I-275 & Hillsborough,CO,502 E Hillsborough Ave,Tampa,FL,33604,US,27.9966,-82.45496,+1 813-231-4276,True,False,False,Open until 8:00 PM,Open today from 4:30 AM - 8:00 PM,i-275-hillsborough-502-e-hillsborough-ave-tampa-fl-336047042-us,GMT-04:00 America/New_York,21.5064,True,True,True,True,True,True,True,True,True,True,4:30 AM to 8:00 PM,4:30 AM,8:00 PM,4:30 AM to 8:00 PM,4:30 AM,8:00 PM,4:30 AM to 8:00 PM,4:30 AM,8:00 PM,4:30 AM to 8:00 PM,4:30 AM,8:00 PM,4:30 AM to 8:00 PM,4:30 AM,8:00 PM,4:30 AM to 8:00 PM,4:30 AM,8:00 PM,4:30 AM to 8:00 PM,4:30 AM,8:00 PM,READY,True
10355-98749,7872,SR 60 & Mt Carmel,CO,1265 E Brandon Blvd,Brandon,FL,33511,US,27.9372,-82.26347,+1 813-643-0398,True,False,False,Open until 9:00 PM,Open today from 5:00 AM - 9:00 PM,sr-60-mt-carmel-1265-e-brandon-blvd-brandon-fl-335115530-us,GMT-04:00 America/New_York,21.628,True,True,True,True,True,True,True,True,True,True,5:00 AM to 9:00 PM,5:00 AM,9:00 PM,5:00 AM to 9:00 PM,5:00 AM,9:00 PM,5:00 AM to 9:00 PM,5:00 AM,9:00 PM,5:00 AM to 9:00 PM,5:00 AM,9:00 PM,5:00 AM to 9:00 PM,5:00 AM,9:00 PM,5:00 AM to 9:00 PM,5:00 AM,9:00 PM,5:00 AM to 9:00 PM,5:00 AM,9:00 PM,READY,True
8534-52580,1005619,SR 60 & Grand Regency,CO,2350 W Brandon Blvd,Brandon,FL,33511,US,27.93987,-82.32312,+1 813-681-9746,True,False,False,Open until 10:00 PM,Open today from 4:30 AM - 10:00 PM,sr-60-grand-regency-2350-w-brandon-blvd-brandon-fl-335114715-us,GMT-04:00 America/New_York,21.8865,True,True,True,True,True,True,True,True,True,True,4:30 AM to 10:00 PM,4:30 AM,10:00 PM,4:30 AM to 10:00 PM,4:30 AM,10:00 PM,4:30 AM to 10:00 PM,4:30 AM,10:00 PM,5:00 AM to 10:00 PM,5:00 AM,10:00 PM,4:30 AM to 10:00 PM,4:30 AM,10:00 PM,4:30 AM to 10:00 PM,4:30 AM,10:00 PM,4:30 AM to 10:00 PM,4:30 AM,10:00 PM,READY,True
76151-93558,13774,Target Brandon 812,LS,187 Brandon Town Ctr Dr,Brandon,FL,33511,US,27.9361,-82.32366,+1 813-654-4955,False,False,False,Opens Thursday at 8:00 AM,Open today from 8:00 AM - 8:00 PM,target-brandon-812-187-brandon-town-ctr-dr-brandon-fl-335114752-us,GMT-04:00 America/New_York,22.1482,True,False,False,True,True,False,True,False,True,False,8:00 AM to 8:00 PM,8:00 AM,8:00 PM,8:00 AM to 8:00 PM,8:00 AM,8:00 PM,8:00 AM to 8:00 PM,8:00 AM,8:00 PM,8:00 AM to 8:00 PM,8:00 AM,8:00 PM,8:00 AM to 8:00 PM,8:00 AM,8:00 PM,8:00 AM to 8:00 PM,8:00 AM,8:00 PM,8:00 AM to 8:00 PM,8:00 AM,8:00 PM,NOT_ELIGIBLE,False
63406-297301,1031789,County Line Rd & Mariner Blvd,CO,190 Mariner Blvd,Spring Hill,FL,34609,US,28.43553,-82.54802,+1 352-698-3001,True,False,False,Open until 8:00 PM,Open today from 4:30 AM - 8:00 PM,county-line-rd-mariner-blvd-190-mariner-blvd-spring-hill-fl-346095689-us,GMT-04:00 America/New_York,22.1982,True,True,True,True,True,True,True,True,True,True,4:30 AM to 8:00 PM,4:30 AM,8:00 PM,4:30 AM to 8:00 PM,4:30 AM,8:00 PM,5:00 AM to 8:00 PM,5:00 AM,8:00 PM,5:00 AM to 8:00 PM,5:00 AM,8:00 PM,4:30 AM to 8:00 PM,4:30 AM,8:00 PM,4:30 AM to 8:00 PM,4:30 AM,8:00 PM,4:30 AM to 8:00 PM,4:30 AM,8:00 PM,READY,True
81873-309119,1053117,US Hwy 41 & Candlelight Blvd,CO,1000 S Broad St,Brooksville,FL,34601,US,28.54484,-82.4019,+1 352-678-5661,True,False,False,Open until 8:00 PM,Open today from 5:00 AM - 8:00 PM,us-hwy-41-candlelight-blvd-1000-s-broad-st-brooksville-fl-346013117-us,GMT-04:00 America/New_York,22.3659,True,True,True,True,True,True,True,True,True,True,5:00 AM to 8:00 PM,5:00 AM,8:00 PM,5:00 AM to 8:00 PM,5:00 AM,8:00 PM,5:00 AM to 8:00 PM,5:00 AM,8:00 PM,5:00 AM to 8:00 PM,5:00 AM,8:00 PM,5:00 AM to 8:00 PM,5:00 AM,8:00 PM,5:00 AM to 8:00 PM,5:00 AM,8:00 PM,5:00 AM to 8:00 PM,5:00 AM,8:00 PM,READY,True
87823-318027,8782300,Brandon Town Center Kiosk,LS,459 Brandon Town Center Mall,Brandon,FL,33511,US,27.93236,-82.326,+1 813-336-8655,False,False,False,Opens Thursday at 9:00 AM,Open today from 9:00 AM - 8:00 PM,brandon-town-center-kiosk-459-brandon-town-center-mall-brandon-fl-33511-us,GMT-04:00 America/New_York,22.4304,True,False,True,True,True,True,True,False,True,False,9:00 AM to 8:00 PM,9:00 AM,8:00 PM,9:00 AM to 9:00 PM,9:00 AM,9:00 PM,9:00 AM to 9:00 PM,9:00 AM,9:00 PM,10:00 AM to 6:00 PM,10:00 AM,6:00 PM,9:00 AM to 8:00 PM,9:00 AM,8:00 PM,9:00 AM to 8:00 PM,9:00 AM,8:00 PM,9:00 AM to 8:00 PM,9:00 AM,8:00 PM,NOT_READY,False
68683-301492,1040514,Albany Ave & Hillsborough,CO,1797 W Hillsborough Ave,Tampa,FL,33603,US,27.9964,-82.48004,+1 813-798-9104,True,False,False,Open until 8:00 PM,Open today from 4:30 AM - 8:00 PM,albany-ave-hillsborough-1797-w-hillsborough-ave-tampa-fl-336031130-us,GMT-04:00 America/New_York,22.4392,True,True,True,True,True,True,True,True,True,True,4:30 AM to 8:00 PM,4:30 AM,8:00 PM,4:30 AM to 8:00 PM,4:30 AM,8:00 PM,4:30 AM to 8:00 PM,4:30 AM,8:00 PM,4:30 AM to 8:00 PM,4:30 AM,8:00 PM,4:30 AM to 8:00 PM,4:30 AM,8:00 PM,4:30 AM to 8:00 PM,4:30 AM,8:00 PM,4:30 AM to 8:00 PM,4:30 AM,8:00 PM,READY,True
8549-72560,15415,Causeway Blvd.,CO,11029 Causeway Blvd,Brandon,FL,33511,US,27.92244,-82.3273,+1 813-681-7607,True,False,False,Open until 8:00 PM,Open today from 5:00 AM - 8:00 PM,causeway-blvd-11029-causeway-blvd-unit-e-brandon-fl-335111999-us,GMT-04:00 America/New_York,23.1175,True,False,True,True,True,True,True,True,True,True,5:00 AM to 8:00 PM,5:00 AM,8:00 PM,5:00 AM to 8:00 PM,5:00 AM,8:00 PM,5:00 AM to 8:00 PM,5:00 AM,8:00 PM,5:00 AM to 8:00 PM,5:00 AM,8:00 PM,5:00 AM to 8:00 PM,5:00 AM,8:00 PM,5:00 AM to 8:00 PM,5:00 AM,8:00 PM,5:00 AM to 8:00 PM,5:00 AM,8:00 PM,READY,True
8437-15873,16186,Waters & Anderson,CO,9222 Anderson Road,Tampa,FL,33634,US,28.03254,-82.5413,+1 813-890-8718,True,False,False,Open until 10:00 PM,Open today from 5:00 AM - 10:00 PM,waters-anderson-9222-anderson-road-tampa-fl-33634-us,GMT-04:00 America/New_York,23.2536,True,True,True,True,True,True,True,True,True,True,5:00 AM to 10:00 PM,5:00 AM,10:00 PM,5:00 AM to 10:00 PM,5:00 AM,10:00 PM,5:00 AM to 10:00 PM,5:00 AM,10:00 PM,5:00 AM to 10:00 PM,5:00 AM,10:00 PM,5:00 AM to 10:00 PM,5:00 AM,10:00 PM,5:00 AM to 10:00 PM,5:00 AM,10:00 PM,5:00 AM to 10:00 PM,5:00 AM,10:00 PM,READY,True
81895-311340,1053071,Citrus Park Mall Kiosk,LS,7968 Citrus Park Town Center,Tampa,FL,33625,US,28.06913,-82.57653,,False,False,False,Opens Thursday at 10:00 AM,Open today from 10:00 AM - 8:00 PM,citrus-park-mall-kiosk-7968-citrus-park-town-center-tampa-fl-33625-us,GMT-04:00 America/New_York,23.4906,True,False,True,True,True,False,True,False,True,False,10:00 AM to 8:00 PM,10:00 AM,8:00 PM,9:00 AM to 9:00 PM,9:00 AM,9:00 PM,9:00 AM to 9:00 PM,9:00 AM,9:00 PM,10:00 AM to 6:00 PM,10:00 AM,6:00 PM,10:00 AM to 8:00 PM,10:00 AM,8:00 PM,10:00 AM to 8:00 PM,10:00 AM,8:00 PM,10:00 AM to 8:00 PM,10:00 AM,8:00 PM,NOT_READY,False
24253-217326,1009822,MLK & Habana,CO,2720 W Dr Martin Luther King Jr Blvd,Tampa,FL,33607,US,27.98103,-82.48837,+1 813-283-8425,True,False,False,Open until 8:00 PM,Open today from 4:30 AM - 8:00 PM,mlk-habana-2720-w-dr-martin-luther-king-jr-blvd-tampa-fl-3360,GMT-04:00 America/New_York,23.5877,True,True,True,True,True,True,True,True,True,True,4:30 AM to 8:00 PM,4:30 AM,8:00 PM,4:30 AM to 8:00 PM,4:30 AM,8:00 PM,5:00 AM to 8:00 PM,5:00 AM,8:00 PM,5:00 AM to 8:00 PM,5:00 AM,8:00 PM,4:30 AM to 8:00 PM,4:30 AM,8:00 PM,4:30 AM to 8:00 PM,4:30 AM,8:00 PM,4:30 AM to 8:00 PM,4:30 AM,8:00 PM,READY,True
76754-108136,6462,Target Tampa 798,LS,6295 W  Waters Ave,Tampa,FL,33634,US,28.02804,-82.54883,+1 813-885-2311,False,False,False,Opens Thursday at 8:00 AM,Open today from 8:00 AM - 8:00 PM,target-tampa-798-6295-w-waters-ave-tampa-fl-336341100-us,GMT-04:00 America/New_York,23.805,True,False,False,False,False,False,True,False,True,False,8:00 AM to 8:00 PM,8:00 AM,8:00 PM,8:00 AM to 8:00 PM,8:00 AM,8:00 PM,8:00 AM to 8:00 PM,8:00 AM,8:00 PM,8:00 AM to 8:00 PM,8:00 AM,8:00 PM,8:00 AM to 8:00 PM,8:00 AM,8:00 PM,8:00 AM to 8:00 PM,8:00 AM,8:00 PM,8:00 AM to 8:00 PM,8:00 AM,8:00 PM,NOT_ELIGIBLE,False
2965-294998,1029967,Harden and Polk,CO,1310 Lakeside Village Cir,Lakeland,FL,33803,US,28.0018,-81.97575,+1 863-333-8192,True,False,False,Open until 9:30 PM,Open today from 4:30 AM - 9:30 PM,harden-and-polk-1310-lakeside-village-cir-ste-101-lakeland-fl-3380,GMT-04:00 America/New_York,23.9448,True,True,True,True,True,True,True,True,True,True,4:30 AM to 9:30 PM,4:30 AM,9:30 PM,4:30 AM to 9:30 PM,4:30 AM,9:30 PM,5:00 AM to 9:30 PM,5:00 AM,9:30 PM,5:00 AM to 9:30 PM,5:00 AM,9:30 PM,4:30 AM to 9:30 PM,4:30 AM,9:30 PM,4:30 AM to 9:30 PM,4:30 AM,9:30 PM,4:30 AM to 9:30 PM,4:30 AM,9:30 PM,READY,True
24221-227666,1009811,US 301 & Falkenburg,CO,3715 US Highway 301 S,Riverview,FL,33578,US,27.91459,-82.34943,+1 813-928-7580,True,False,False,Open until 9:00 PM,Open today from 4:30 AM - 9:00 PM,us-301-falkenburg-3715-us-highway-301-s-riverview-fl-335783694-us,GMT-04:00 America/New_York,23.9541,True,True,True,True,True,True,True,True,True,True,4:30 AM to 9:00 PM,4:30 AM,9:00 PM,4:30 AM to 9:00 PM,4:30 AM,9:00 PM,5:00 AM to 9:00 PM,5:00 AM,9:00 PM,5:00 AM to 9:00 PM,5:00 AM,9:00 PM,4:30 AM to 9:00 PM,4:30 AM,9:00 PM,4:30 AM to 9:00 PM,4:30 AM,9:00 PM,4:30 AM to 9:00 PM,4:30 AM,9:00 PM,READY,True
58217-281507,1025388,Home2 Suites DT Tampa Channel,LS,1155 E. Kennedy Blvd,Tampa,FL,33602,US,27.95035,-82.44853,+1 813-517-9900,True,False,False,Open until 5:30 PM,Open today from 5:30 AM - 5:30 PM,home-2-suites-dt-tampa-channel-1155-e-kennedy-blvd-tampa-fl-33602-us,GMT-04:00 America/New_York,23.9805,True,False,True,True,True,False,True,False,True,False,5:30 AM to 5:30 PM,5:30 AM,5:30 PM,5:30 AM to 5:30 PM,5:30 AM,5:30 PM,5:30 AM to 5:30 PM,5:30 AM,5:30 PM,5:30 AM to 5:30 PM,5:30 AM,5:30 PM,5:30 AM to 5:30 PM,5:30 AM,5:30 PM,5:30 AM to 5:30 PM,5:30 AM,5:30 PM,5:30 AM to 5:30 PM,5:30 AM,5:30 PM,READY,False
3427-289348,1025645,Florida Ave & Pablo,CO,2639 S Florida Ave,Lakeland,FL,33803,US,28.01389,-81.95755,+1 863-802-4668,True,False,False,Open until 9:00 PM,Open today from 5:00 AM - 9:00 PM,florida-ave-pablo-2639-s-florida-ave-lakeland-fl-338033860-us,GMT-04:00 America/New_York,24.159,True,True,True,True,True,True,True,True,True,True,5:00 AM to 9:00 PM,5:00 AM,9:00 PM,5:00 AM to 9:00 PM,5:00 AM,9:00 PM,5:00 AM to 9:00 PM,5:00 AM,9:00 PM,5:00 AM to 9:00 PM,5:00 AM,9:00 PM,5:00 AM to 9:00 PM,5:00 AM,9:00 PM,5:00 AM to 9:00 PM,5:00 AM,9:00 PM,5:00 AM to 9:00 PM,5:00 AM,9:00 PM,READY,True
56262-288833,1022204,Target Lakeland SOUTH 1299,LS,3570 Harden Blvd,Lakeland,FL,33803,US,28.00002,-81.9727,+1 863-648-4412,False,False,False,Opens Thursday at 8:00 AM,Open today from 8:00 AM - 8:00 PM,target-lakeland-south-1299-3570-harden-blvd-lakeland-fl-338035928-us,GMT-04:00 America/New_York,24.1627,True,False,False,True,False,False,True,False,True,False,8:00 AM to 8:00 PM,8:00 AM,8:00 PM,8:00 AM to 8:00 PM,8:00 AM,8:00 PM,8:00 AM to 8:00 PM,8:00 AM,8:00 PM,8:00 AM to 8:00 PM,8:00 AM,8:00 PM,8:00 AM to 8:00 PM,8:00 AM,8:00 PM,8:00 AM to 8:00 PM,8:00 AM,8:00 PM,8:00 AM to 8:00 PM,8:00 AM,8:00 PM,NOT_ELIGIBLE,False
66198-298009,1033483,Pleasant Hill Rd & Reaves Rd,CO,3345 Pleasant Hill Rd,Kissimmee,FL,34746,US,28.19778,-81.43935,+1 689-204-1900,True,False,False,Open until 9:00 PM,Open today from 4:30 AM - 9:00 PM,pleasant-hill-rd-reaves-rd-3345-pleasant-hill-rd-kissimmee-fl-347463070-us,GMT-04:00 America/New_York,5.1625,True,True,True,True,True,True,True,True,True,True,4:30 AM to 9:00 PM,4:30 AM,9:00 PM,4:30 AM to 9:00 PM,4:30 AM,9:00 PM,5:00 AM to 9:00 PM,5:00 AM,9:00 PM,5:00 AM to 9:00 PM,5:00 AM,9:00 PM,4:30 AM to 9:00 PM,4:30 AM,9:00 PM,4:30 AM to 9:00 PM,4:30 AM,9:00 PM,4:30 AM to 9:00 PM,4:30 AM,9:00 PM,READY,True
11039-103522,17278,US 192 & Armstrong,CO,3721 W Vine St,Kissimmee,FL,34741,US,28.30488,-81.44097,+1 407-846-4627,True,False,False,Open until 9:00 PM,Open today from 5:00 AM - 9:00 PM,us-192-armstrong-3721-w-vine-st-kissimmee-fl-347414638-us,GMT-04:00 America/New_York,5.223,True,True,True,True,True,False,True,False,False,True,5:00 AM to 9:00 PM,5:00 AM,9:00 PM,5:00 AM to 9:00 PM,5:00 AM,9:00 PM,5:00 AM to 9:00 PM,5:00 AM,9:00 PM,5:00 AM to 9:00 PM,5:00 AM,9:00 PM,5:00 AM to 9:00 PM,5:00 AM,9:00 PM,5:00 AM to 9:00 PM,5:00 AM,9:00 PM,5:00 AM to 9:00 PM,5:00 AM,9:00 PM,READY,True
11396-105347,10121,Downtown Celebration,CO,715 Bloom St,Celebration,FL,34747,US,28.31765,-81.5413,+1 321-939-3200,True,False,False,Open until 9:00 PM,Open today from 5:00 AM - 9:00 PM,downtown-celebration-715-bloom-st-celebration-fl-347474696-us,GMT-04:00 America/New_York,5.3068,True,False,True,True,True,False,True,True,True,True,5:00 AM to 9:00 PM,5:00 AM,9:00 PM,5:00 AM to 9:00 PM,5:00 AM,9:00 PM,5:00 AM to 9:00 PM,5:00 AM,9:00 PM,5:00 AM to 9:00 PM,5:00 AM,9:00 PM,5:00 AM to 9:00 PM,5:00 AM,9:00 PM,5:00 AM to 9:00 PM,5:00 AM,9:00 PM,5:00 AM to 9:00 PM,5:00 AM,9:00 PM,READY,True
76249-95028,8986,Target Kissimmee 1918,LS,4795 W Irlo Bronson Mem Hwy,Kissimmee,FL,34746,US,28.33214,-81.47178,+1 407-477-7821,False,False,False,Opens Thursday at 8:00 AM,Open today from 8:00 AM - 8:00 PM,target-kissimmee-1918-4795-w-irlo-bronson-mem-hwy-kissimmee-fl-347465332,GMT-04:00 America/New_York,5.9293,True,False,False,True,False,False,True,False,True,False,8:00 AM to 8:00 PM,8:00 AM,8:00 PM,8:00 AM to 8:00 PM,8:00 AM,8:00 PM,8:00 AM to 8:00 PM,8:00 AM,8:00 PM,8:00 AM to 8:00 PM,8:00 AM,8:00 PM,8:00 AM to 8:00 PM,8:00 AM,8:00 PM,8:00 AM to 8:00 PM,8:00 AM,8:00 PM,8:00 AM to 8:00 PM,8:00 AM,8:00 PM,NOT_ELIGIBLE,False
13566-249307,1015896,US 192 & Celebration,CO,6091 W Irlo Bronson Memorial Hwy,Kissimmee,FL,34747,US,28.3339,-81.52875,+1 407-396-8757,True,False,False,Open until 9:00 PM,Open today from 5:00 AM - 9:00 PM,us-192-celebration-6091-w-irlo-bronson-memorial-hwy-kissimmee-fl-3474,GMT-04:00 America/New_York,6.0551,True,True,True,True,True,True,True,True,True,True,5:00 AM to 9:00 PM,5:00 AM,9:00 PM,5:00 AM to 9:00 PM,5:00 AM,9:00 PM,5:00 AM to 9:00 PM,5:00 AM,9:00 PM,5:00 AM to 9:00 PM,5:00 AM,9:00 PM,5:00 AM to 9:00 PM,5:00 AM,9:00 PM,5:00 AM to 9:00 PM,5:00 AM,9:00 PM,5:00 AM to 9:00 PM,5:00 AM,9:00 PM,READY,True
66116-295001,1033159,Osceola Polk Line & Heritage P,CO,7963 Osceola Polk Line Rd,Davenport,FL,33896,US,28.26037,-81.60714,+1 407-887-0315,True,False,False,Open until 9:00 PM,Open today from 4:30 AM - 9:00 PM,osceola-polk-line-heritage-p-7963-osceola-polk-line-rd-davenport-fl-338969104-u,GMT-04:00 America/New_York,6.5599,True,True,True,True,True,True,True,True,True,True,4:30 AM to 9:00 PM,4:30 AM,9:00 PM,4:30 AM to 9:00 PM,4:30 AM,9:00 PM,4:30 AM to 9:00 PM,4:30 AM,9:00 PM,4:30 AM to 9:00 PM,4:30 AM,9:00 PM,5:00 AM to 9:00 PM,5:00 AM,9:00 PM,5:00 AM to 9:00 PM,5:00 AM,9:00 PM,5:00 AM to 9:00 PM,5:00 AM,9:00 PM,READY,True
63433-296792,1030392,Hwy 535 & N. Poinciana Blvd,CO,3173 Vineland Rd,Kissimmee,FL,34746,US,28.34412,-81.48439,+1 321-344-7008,True,False,False,Open until 9:30 PM,Open today from 5:00 AM - 9:30 PM,hwy-535-n-poinciana-blvd-3173-vineland-rd-kissimmee-fl-347464656-us,GMT-04:00 America/New_York,6.572,True,True,True,True,True,True,True,True,True,True,5:00 AM to 9:30 PM,5:00 AM,9:30 PM,5:00 AM to 9:30 PM,5:00 AM,9:30 PM,5:00 AM to 9:30 PM,5:00 AM,9:30 PM,5:00 AM to 9:30 PM,5:00 AM,9:30 PM,5:00 AM to 9:30 PM,5:00 AM,9:30 PM,5:00 AM to 9:30 PM,5:00 AM,9:30 PM,5:00 AM to 9:30 PM,5:00 AM,9:30 PM,READY,True
69359-302313,1040226,Caribe Royale Resort,LS,8101 WORLD CENTER DR,ORLANDO,FL,32821,US,28.35838,-81.49305,+1 407-368-9404,True,False,False,Open until 7:00 PM,Open today from 5:30 AM - 7:00 PM,caribe-royale-resort-8101-world-center-dr-orlando-fl-32821-us,GMT-04:00 America/New_York,7.5003,True,False,True,True,True,False,True,False,False,False,5:30 AM to 7:00 PM,5:30 AM,7:00 PM,5:30 AM to 7:00 PM,5:30 AM,7:00 PM,5:30 AM to 7:00 PM,5:30 AM,7:00 PM,5:30 AM to 7:00 PM,5:30 AM,7:00 PM,5:30 AM to 7:00 PM,5:30 AM,7:00 PM,5:30 AM to 7:00 PM,5:30 AM,7:00 PM,5:30 AM to 7:00 PM,5:30 AM,7:00 PM,READY,False
72466-10319,11899,Marriott World Center Lobby,LS,World Center Drive,Orlando,FL,32821,US,28.35987,-81.50876,+1 407-238-8852,True,False,False,Open until 6:00 PM,Open today from 6:00 AM - 6:00 PM,marriott-world-center-lobby-world-center-drive-orlando-fl-32821-us,GMT-04:00 America/New_York,7.61,True,False,True,True,True,False,True,False,True,False,6:00 AM to 6:00 PM,6:00 AM,6:00 PM,6:00 AM to 6:00 PM,6:00 AM,6:00 PM,6:00 AM to 6:00 PM,6:00 AM,6:00 PM,6:00 AM to 6:00 PM,6:00 AM,6:00 PM,6:00 AM to 6:00 PM,6:00 AM,6:00 PM,6:00 AM to 6:00 PM,6:00 AM,6:00 PM,6:00 AM to 6:00 PM,6:00 AM,6:00 PM,READY,False
63941-297300,1030443,Hwy 192 & Old Lake Wilson Rd,CO,2875 N Old Lake Wilson Rd,Kissimmee,FL,34747,US,28.33169,-81.58789,+1 321-510-0010,True,False,False,Open until 9:00 PM,Open today from 5:00 AM - 9:00 PM,hwy-192-old-lake-wilson-rd-2875-n-old-lake-wilson-rd-kissimmee-fl-347471821-u,GMT-04:00 America/New_York,7.775,True,True,True,True,True,True,True,True,True,True,5:00 AM to 9:00 PM,5:00 AM,9:00 PM,5:00 AM to 9:00 PM,5:00 AM,9:00 PM,5:00 AM to 9:00 PM,5:00 AM,9:00 PM,5:00 AM to 9:00 PM,5:00 AM,9:00 PM,5:00 AM to 9:00 PM,5:00 AM,9:00 PM,5:00 AM to 9:00 PM,5:00 AM,9:00 PM,5:00 AM to 9:00 PM,5:00 AM,9:00 PM,READY,True
13643-107651,10441,SR 535 & Vistana Centre,CO,13401 Blue Heron Beach Dr,Orlando,FL,32821,US,28.36914,-81.50214,+1 407-387-8700,True,False,False,Open until 9:00 PM,Open today from 5:00 AM - 9:00 PM,sr-535-vistana-centre-13401-blue-heron-beach-dr-orlando-fl-328216375-us,GMT-04:00 America/New_York,8.2328,True,True,True,True,True,True,True,True,True,True,5:00 AM to 9:00 PM,5:00 AM,9:00 PM,5:00 AM to 9:00 PM,5:00 AM,9:00 PM,5:00 AM to 9:00 PM,5:00 AM,9:00 PM,5:00 AM to 9:00 PM,5:00 AM,9:00 PM,5:00 AM to 9:00 PM,5:00 AM,9:00 PM,5:00 AM to 9:00 PM,5:00 AM,9:00 PM,5:00 AM to 9:00 PM,5:00 AM,9:00 PM,READY,True
23760-222925,1009398,Osceola Pkwy & Centerview,CO,1041 W Osceola Pkwy,Kissimmee,FL,34741,US,28.34128,-81.41207,+1 407-944-0317,True,False,False,Open until 9:00 PM,Open today from 5:00 AM - 9:00 PM,osceola-pkwy-centerview-1041-w-osceola-pkwy-kissimmee-fl-347417503-us,GMT-04:00 America/New_York,8.27,True,True,True,True,True,True,True,True,True,True,5:00 AM to 9:00 PM,5:00 AM,9:00 PM,5:00 AM to 9:00 PM,5:00 AM,9:00 PM,5:00 AM to 9:00 PM,5:00 AM,9:00 PM,5:00 AM to 9:00 PM,5:00 AM,9:00 PM,5:00 AM to 9:00 PM,5:00 AM,9:00 PM,5:00 AM to 9:00 PM,5:00 AM,9:00 PM,5:00 AM to 9:00 PM,5:00 AM,9:00 PM,READY,True
22364-193144,1007555,Disney Studios Trolley Car Caf,LS,715 Theatre of the Stars Drive,Bay Lake,FL,32830,US,28.35723,-81.56044,+1 407-939-3463,False,False,False,Opens Thursday at 9:00 AM,Open today from 9:00 AM - 9:00 PM,disney-studios-trolley-car-caf-715-theatre-of-the-stars-drive-bay-lake-fl-32830-u,GMT-04:00 America/New_York,8.271,True,False,False,True,False,False,False,False,True,False,9:00 AM to 9:00 PM,9:00 AM,9:00 PM,9:00 AM to 9:00 PM,9:00 AM,9:00 PM,9:00 AM to 9:00 PM,9:00 AM,9:00 PM,8:00 AM to 9:00 PM,8:00 AM,9:00 PM,9:00 AM to 9:00 PM,9:00 AM,9:00 PM,9:00 AM to 9:00 PM,9:00 AM,9:00 PM,9:00 AM to 9:00 PM,9:00 AM,9:00 PM,NOT_ELIGIBLE,False
19997-178306,1006631,Disney Springs West Side,CO,1501 E Buena Vista Dr,Lake Buena Vista,FL,32830,US,28.37038,-81.51972,+1 407-560-0602,False,False,False,Opens Thursday at 9:00 AM,Open today from 9:00 AM - 11:00 PM,disney-springs-west-side-1501-e-buena-vista-dr-lake-buena-vista-fl-32830848,GMT-04:00 America/New_York,8.4035,True,False,True,True,True,True,True,True,True,False,9:00 AM to 11:00 PM,9:00 AM,11:00 PM,9:00 AM to 11:00 PM,9:00 AM,11:00 PM,9:00 AM to 11:00 PM,9:00 AM,11:00 PM,9:00 AM to 11:00 PM,9:00 AM,11:00 PM,9:00 AM to 11:00 PM,9:00 AM,11:00 PM,9:00 AM to 11:00 PM,9:00 AM,11:00 PM,9:00 AM to 11:00 PM,9:00 AM,11:00 PM,NOT_READY,True
21797-215384,1008716,Disney Springs Market Place,CO,"1680 E Buena Vista Dr, Downtown Disney",Lake Buena Vista,FL,32830,US,28.3713,-81.51527,+1 689-800-7466,False,False,False,Opens Thursday at 9:00 AM,Open today from 9:00 AM - 11:00 PM,disney-springs-market-place-1680-e-buena-vista-dr-downtown-disney-lake-buena-v,GMT-04:00 America/New_York,8.4323,True,False,True,True,True,False,True,False,True,False,9:00 AM to 11:00 PM,9:00 AM,11:00 PM,9:00 AM to 11:00 PM,9:00 AM,11:00 PM,9:00 AM to 11:00 PM,9:00 AM,11:00 PM,9:00 AM to 11:00 PM,9:00 AM,11:00 PM,9:00 AM to 11:00 PM,9:00 AM,11:00 PM,9:00 AM to 11:00 PM,9:00 AM,11:00 PM,9:00 AM to 11:00 PM,9:00 AM,11:00 PM,NOT_READY,True
76888-122708,6546,Target NE Polk County 2366,LS,5000 Grandview Pkwy,Davenport,FL,33837,US,28.23319,-81.64372,+1 863-256-1051,False,False,False,Opens Thursday at 8:00 AM,Open today from 8:00 AM - 8:00 PM,target-ne-polk-county-2366-5000-grandview-pkwy-davenport-fl-338372300-us,GMT-04:00 America/New_York,8.8248,True,False,False,True,True,False,True,False,True,False,8:00 AM to 8:00 PM,8:00 AM,8:00 PM,8:00 AM to 8:00 PM,8:00 AM,8:00 PM,8:00 AM to 8:00 PM,8:00 AM,8:00 PM,8:00 AM to 8:00 PM,8:00 AM,8:00 PM,8:00 AM to 8:00 PM,8:00 AM,8:00 PM,8:00 AM to 8:00 PM,8:00 AM,8:00 PM,8:00 AM to 8:00 PM,8:00 AM,8:00 PM,NOT_ELIGIBLE,False
70629-304371,1033479,Epcot Connections Cafe,LS,1408 Avenue to the Stars,Lake Buena Vista,FL,32830,US,28.37252,-81.54614,+1 407-939-5277,False,False,False,Opens Thursday at 8:00 AM,Open today from 8:00 AM - 9:00 PM,epcot-connections-cafe-1408-avenue-to-the-stars-lake-buena-vista-fl-32830,GMT-04:00 America/New_York,8.9184,True,False,False,False,True,False,False,False,False,False,8:00 AM to 9:00 PM,8:00 AM,9:00 PM,8:00 AM to 9:00 PM,8:00 AM,9:00 PM,8:00 AM to 9:00 PM,8:00 AM,9:00 PM,8:00 AM to 9:00 PM,8:00 AM,9:00 PM,8:00 AM to 9:00 PM,8:00 AM,9:00 PM,8:00 AM to 9:00 PM,8:00 AM,9:00 PM,8:00 AM to 9:00 PM,8:00 AM,9:00 PM,NOT_ELIGIBLE,False
56632-285776,1026441,US 27 & Posner,CO,1101 Posner Blvd,Davenport,FL,33837,US,28.22477,-81.6444,+1 863-270-1231,True,False,False,Open until 9:00 PM,Open today from 5:00 AM - 9:00 PM,us-27-posner-1101-posner-blvd-davenport-fl-338373664-us,GMT-04:00 America/New_York,8.9609,True,True,True,True,True,True,True,True,True,False,5:00 AM to 9:00 PM,5:00 AM,9:00 PM,5:00 AM to 9:00 PM,5:00 AM,9:00 PM,5:00 AM to 9:00 PM,5:00 AM,9:00 PM,5:00 AM to 9:00 PM,5:00 AM,9:00 PM,5:00 AM to 9:00 PM,5:00 AM,9:00 PM,5:00 AM to 9:00 PM,5:00 AM,9:00 PM,5:00 AM to 9:00 PM,5:00 AM,9:00 PM,READY,True
8366-308211,9004,John Young Parkway & Town Cent,CO,4121 W Town Center Blvd,Orlando,FL,32837,US,28.36502,-81.4251,+1 407-859-7745,True,False,False,Open until 9:00 PM,Open today from 5:00 AM - 9:00 PM,john-young-parkway-town-cent-4121-w-town-center-blvd-orlando-fl-328375846-us,GMT-04:00 America/New_York,9.1606,True,True,True,True,True,True,True,False,True,True,5:00 AM to 9:00 PM,5:00 AM,9:00 PM,5:00 AM to 9:00 PM,5:00 AM,9:00 PM,5:00 AM to 9:00 PM,5:00 AM,9:00 PM,5:00 AM to 9:00 PM,5:00 AM,9:00 PM,5:00 AM to 9:00 PM,5:00 AM,9:00 PM,5:00 AM to 9:00 PM,5:00 AM,9:00 PM,5:00 AM to 9:00 PM,5:00 AM,9:00 PM,READY,True
26456-222744,1012169,Animal Kingdom Discovery Islan,LS,1675 N Buena Vista Dr,Lake Buena Vista,FL,32830,US,28.35776,-81.59168,+1 407-939-5277,False,False,False,Opens Thursday at 9:00 AM,Open today from 9:00 AM - 9:00 PM,animal-kingdom-discovery-islan-1675-n-buena-vista-dr-lake-buena-vista-fl-32830-us,GMT-04:00 America/New_York,9.3027,True,False,False,True,False,False,False,False,True,False,9:00 AM to 9:00 PM,9:00 AM,9:00 PM,9:00 AM to 9:00 PM,9:00 AM,9:00 PM,9:00 AM to 9:00 PM,9:00 AM,9:00 PM,9:00 AM to 9:00 PM,9:00 AM,9:00 PM,9:00 AM to 9:00 PM,9:00 AM,9:00 PM,9:00 AM to 9:00 PM,9:00 AM,9:00 PM,9:00 AM to 9:00 PM,9:00 AM,9:00 PM,NOT_ELIGIBLE,False
64634-294985,1030666,Hwy 535 and Palm Pkwy,CO,8699 Palm Pkwy,Orlando,FL,32836,US,28.38612,-81.50515,+1 321-510-0026,True,False,False,Open until 10:00 PM,Open today from 4:30 AM - 10:00 PM,hwy-535-and-palm-pkwy-8699-palm-pkwy-orlando-fl-328366416-us,GMT-04:00 America/New_York,9.4102,True,True,True,True,True,True,True,True,True,True,4:30 AM to 10:00 PM,4:30 AM,10:00 PM,4:30 AM to 10:00 PM,4:30 AM,10:00 PM,4:30 AM to 10:00 PM,4:30 AM,10:00 PM,4:30 AM to 10:00 PM,4:30 AM,10:00 PM,5:00 AM to 9:00 PM,5:00 AM,9:00 PM,5:00 AM to 9:00 PM,5:00 AM,9:00 PM,5:00 AM to 9:00 PM,5:00 AM,9:00 PM,READY,True
25466-230609,1018078,Kiosk - Orlando Vineland,CO,8200 Vineland Ave,Orlando,FL,32821,US,28.38653,-81.49353,+1 407-319-5021,False,False,False,Opens Thursday at 9:00 AM,Open today from 9:00 AM - 9:00 PM,kiosk-orlando-vineland-8200-vineland-ave-ste-k-124-orlando-fl-328216817-u,GMT-04:00 America/New_York,9.4415,True,False,True,True,True,False,True,True,True,True,9:00 AM to 9:00 PM,9:00 AM,9:00 PM,9:00 AM to 9:00 PM,9:00 AM,9:00 PM,9:00 AM to 9:00 PM,9:00 AM,9:00 PM,9:00 AM to 7:30 PM,9:00 AM,7:30 PM,9:00 AM to 9:00 PM,9:00 AM,9:00 PM,9:00 AM to 9:00 PM,9:00 AM,9:00 PM,9:00 AM to 9:00 PM,9:00 AM,9:00 PM,NOT_READY,True
26581-239192,1023440,Vineland & International Drive,CO,8101 Vineland Ave,Orlando,FL,32821,US,28.38662,-81.48744,+1 407-319-9048,True,False,False,Open until 9:00 PM,Open today from 5:00 AM - 9:00 PM,vineland-international-drive-8101-vineland-ave-orlando-fl-328216847-us,GMT-04:00 America/New_York,9.4704,True,True,True,True,True,True,True,True,True,True,5:00 AM to 9:00 PM,5:00 AM,9:00 PM,5:00 AM to 9:00 PM,5:00 AM,9:00 PM,5:00 AM to 9:00 PM,5:00 AM,9:00 PM,5:00 AM to 9:00 PM,5:00 AM,9:00 PM,5:00 AM to 9:00 PM,5:00 AM,9:00 PM,5:00 AM to 9:00 PM,5:00 AM,9:00 PM,5:00 AM to 9:00 PM,5:00 AM,9:00 PM,READY,True
70344-139287,10858,Target Orlando SW 2370,LS,3200 Rolling Oaks Blvd,Kissimmee,FL,34747,US,28.34369,-81.61378,+1 321-677-3971,False,False,False,Opens Thursday at 8:00 AM,Open today from 8:00 AM - 8:00 PM,target-orlando-sw-2370-3200-rolling-oaks-blvd-kissimmee-fl-347473052-us,GMT-04:00 America/New_York,9.4773,True,False,False,True,True,False,True,False,True,False,8:00 AM to 8:00 PM,8:00 AM,8:00 PM,8:00 AM to 8:00 PM,8:00 AM,8:00 PM,8:00 AM to 8:00 PM,8:00 AM,8:00 PM,8:00 AM to 8:00 PM,8:00 AM,8:00 PM,8:00 AM to 8:00 PM,8:00 AM,8:00 PM,8:00 AM to 8:00 PM,8:00 AM,8:00 PM,8:00 AM to 8:00 PM,8:00 AM,8:00 PM,NOT_ELIGIBLE,False
87576-317126,8757600,Food Court Orlando Outlets,LS,8200 Vineland Ave,Orlando,FL,32821,US,28.38744,-81.49236,,False,False,False,Opens Thursday at 9:00 AM,Open today from 9:00 AM - 9:00 PM,food-court-orlando-outlets-8200-vineland-ave-suite-1106-orlando-fl-32821-us,GMT-04:00 America/New_York,9.5075,True,False,True,True,True,False,True,False,True,False,9:00 AM to 9:00 PM,9:00 AM,9:00 PM,9:00 AM to 9:00 PM,9:00 AM,9:00 PM,9:00 AM to 9:00 PM,9:00 AM,9:00 PM,10:00 AM to 7:00 PM,10:00 AM,7:00 PM,9:00 AM to 9:00 PM,9:00 AM,9:00 PM,9:00 AM to 9:00 PM,9:00 AM,9:00 PM,9:00 AM to 9:00 PM,9:00 AM,9:00 PM,NOT_READY,False
66197-299488,1032077,US 192 & Partin Settlement,CO,2482 E Irlo Bronson Memorial Hwy,Kissimmee,FL,34744,US,28.27817,-81.34366,+1 321-966-2059,True,False,False,Open until 9:00 PM,Open today from 5:00 AM - 9:00 PM,us-192-partin-settlement-2482-e-irlo-bronson-memorial-hwy-kissimmee-fl-3474,GMT-04:00 America/New_York,9.7112,True,True,True,True,True,True,True,True,True,True,5:00 AM to 9:00 PM,5:00 AM,9:00 PM,5:00 AM to 9:00 PM,5:00 AM,9:00 PM,5:00 AM to 9:00 PM,5:00 AM,9:00 PM,5:00 AM to 9:00 PM,5:00 AM,9:00 PM,5:00 AM to 9:00 PM,5:00 AM,9:00 PM,5:00 AM to 9:00 PM,5:00 AM,9:00 PM,5:00 AM to 9:00 PM,5:00 AM,9:00 PM,READY,True
72643-32301,15198,Target Orlando 1790,LS,2155 Town Center Blvd,Orlando,FL,32837,US,28.36986,-81.4073,+1 407-251-5133,False,False,False,Opens Thursday at 8:00 AM,Open today from 8:00 AM - 8:00 PM,target-orlando-1790-2155-town-center-blvd-orlando-fl-328376801-us,GMT-04:00 America/New_York,10.019,True,False,False,True,True,False,True,False,True,False,8:00 AM to 8:00 PM,8:00 AM,8:00 PM,8:00 AM to 8:00 PM,8:00 AM,8:00 PM,8:00 AM to 8:00 PM,8:00 AM,8:00 PM,8:00 AM to 8:00 PM,8:00 AM,8:00 PM,8:00 AM to 8:00 PM,8:00 AM,8:00 PM,8:00 AM to 8:00 PM,8:00 AM,8:00 PM,8:00 AM to 8:00 PM,8:00 AM,8:00 PM,NOT_ELIGIBLE,False
70460-301426,1040454,US27 & 4 Corners Blvd,CO,1217 Finley Ave,Davenport,FL,33897,US,28.27503,-81.66271,+1 863-276-6015,True,False,False,Open until 9:00 PM,Open today from 5:00 AM - 9:00 PM,us-27-4-corners-blvd-1217-finley-ave-davenport-fl-338976453-us,GMT-04:00 America/New_York,10.0519,True,True,True,True,True,True,True,True,True,False,5:00 AM to 9:00 PM,5:00 AM,9:00 PM,5:00 AM to 9:00 PM,5:00 AM,9:00 PM,5:00 AM to 9:00 PM,5:00 AM,9:00 PM,5:00 AM to 9:00 PM,5:00 AM,9:00 PM,5:00 AM to 9:00 PM,5:00 AM,9:00 PM,5:00 AM to 9:00 PM,5:00 AM,9:00 PM,5:00 AM to 9:00 PM,5:00 AM,9:00 PM,READY,True
63033-295621,1028668,Target Orlando Vineland 3354,LS,11619 Daryl Carter Pkwy,Orlando,FL,32821,US,28.3968,-81.48478,+1 321-329-3529,False,False,False,Opens Thursday at 8:00 AM,Open today from 8:00 AM - 8:00 PM,target-orlando-vineland-3354-11619-daryl-carter-pkwy-orlando-fl-32821-us,GMT-04:00 America/New_York,10.1851,True,False,False,True,True,False,False,False,False,False,8:00 AM to 8:00 PM,8:00 AM,8:00 PM,8:00 AM to 8:00 PM,8:00 AM,8:00 PM,8:00 AM to 8:00 PM,8:00 AM,8:00 PM,8:00 AM to 8:00 PM,8:00 AM,8:00 PM,8:00 AM to 8:00 PM,8:00 AM,8:00 PM,8:00 AM to 8:00 PM,8:00 AM,8:00 PM,8:00 AM to 8:00 PM,8:00 AM,8:00 PM,NOT_ELIGIBLE,False
80965-306353,1052194,Daryl Carter & Palm Pkwy,CO,7563 Redmond Rd,Orlando,FL,32836,US,28.40049,-81.48787,+1 689-201-1987,True,False,False,Open until 9:30 PM,Open today from 5:00 AM - 9:30 PM,daryl-carter-palm-pkwy-7563-redmond-rd-orlando-fl-328367145-us,GMT-04:00 America/New_York,10.424,True,True,True,True,True,True,True,True,True,True,5:00 AM to 9:30 PM,5:00 AM,9:30 PM,5:00 AM to 9:30 PM,5:00 AM,9:30 PM,5:00 AM to 9:30 PM,5:00 AM,9:30 PM,5:00 AM to 9:30 PM,5:00 AM,9:30 PM,5:00 AM to 9:00 PM,5:00 AM,9:00 PM,5:00 AM to 9:00 PM,5:00 AM,9:00 PM,5:00 AM to 9:00 PM,5:00 AM,9:00 PM,READY,True
79927-307624,1044956,US 27 & Sand Mine Rd,CO,49591 Hwy 27,Davenport,FL,33897,US,28.31103,-81.66695,+1 863-866-4773,True,False,False,Open until 9:00 PM,Open today from 5:00 AM - 9:00 PM,us-27-sand-mine-rd-49591-hwy-27-ste-101-davenport-fl-338979724-us,GMT-04:00 America/New_York,10.9987,True,True,True,True,True,True,True,True,True,False,5:00 AM to 9:00 PM,5:00 AM,9:00 PM,5:00 AM to 9:00 PM,5:00 AM,9:00 PM,5:00 AM to 9:00 PM,5:00 AM,9:00 PM,5:00 AM to 9:00 PM,5:00 AM,9:00 PM,5:00 AM to 9:00 PM,5:00 AM,9:00 PM,5:00 AM to 9:00 PM,5:00 AM,9:00 PM,5:00 AM to 9:00 PM,5:00 AM,9:00 PM,READY,True
79957-308213,1044965,Hartzog Rd & Western Way,CO,13336 Hartzog Rd,Winter Garden,FL,34787,US,28.37598,-81.61573,+1 689-321-6073,True,False,False,Open until 9:30 PM,Open today from 5:00 AM - 9:30 PM,hartzog-rd-western-way-13336-hartzog-rd-winter-garden-fl-347879569-us,GMT-04:00 America/New_York,11.1947,True,True,True,True,True,True,True,True,True,True,5:00 AM to 9:30 PM,5:00 AM,9:30 PM,5:00 AM to 9:30 PM,5:00 AM,9:30 PM,5:00 AM to 9:30 PM,5:00 AM,9:30 PM,5:00 AM to 9:30 PM,5:00 AM,9:30 PM,5:00 AM to 9:30 PM,5:00 AM,9:30 PM,5:00 AM to 9:30 PM,5:00 AM,9:30 PM,5:00 AM to 9:30 PM,5:00 AM,9:30 PM,READY,True
81064-307688,1052238,US 192 & Westside Blvd,CO,9030 W Irlo Bronson Memorial Hwy,Kissimmee,FL,34747,US,28.34622,-81.64974,+1 407-530-0858,True,False,False,Open until 9:00 PM,Open today from 5:00 AM - 9:00 PM,us-192-westside-blvd-9030-w-irlo-bronson-memorial-hwy-kissimmee-fl-3474,GMT-04:00 America/New_York,11.2775,True,True,True,True,True,False,True,False,True,False,5:00 AM to 9:00 PM,5:00 AM,9:00 PM,5:00 AM to 9:00 PM,5:00 AM,9:00 PM,5:00 AM to 9:00 PM,5:00 AM,9:00 PM,5:00 AM to 9:00 PM,5:00 AM,9:00 PM,5:00 AM to 9:00 PM,5:00 AM,9:00 PM,5:00 AM to 9:00 PM,5:00 AM,9:00 PM,5:00 AM to 9:00 PM,5:00 AM,9:00 PM,READY,True
64900-293419,1031170,Landstar & Arbor Meadows,CO,13925 Landstar Blvd,Orlando,FL,32824,US,28.36454,-81.36584,+1 321-926-0993,True,False,False,Open until 9:00 PM,Open today from 5:00 AM - 9:00 PM,landstar-arbor-meadows-13925-landstar-blvd-100-orlando-fl-328245531-us,GMT-04:00 America/New_York,11.3681,True,True,True,True,True,True,True,True,True,True,5:00 AM to 9:00 PM,5:00 AM,9:00 PM,5:00 AM to 9:00 PM,5:00 AM,9:00 PM,5:00 AM to 9:00 PM,5:00 AM,9:00 PM,5:00 AM to 9:00 PM,5:00 AM,9:00 PM,5:00 AM to 9:00 PM,5:00 AM,9:00 PM,5:00 AM to 9:00 PM,5:00 AM,9:00 PM,5:00 AM to 9:00 PM,5:00 AM,9:00 PM,READY,True
75570-71581,12937,JW Marriott Grand Lakes Lobby,LS,4040 Central Florida Parkway,Orlando,FL,32837,US,28.40205,-81.42857,+1 407-393-4734,True,False,False,Open until 6:00 PM,Open today from 6:00 AM - 6:00 PM,jw-marriott-grand-lakes-lobby-4040-central-florida-parkway-orlando-fl-328377662-,GMT-04:00 America/New_York,11.3685,True,False,False,True,False,False,False,False,True,False,6:00 AM to 6:00 PM,6:00 AM,6:00 PM,6:00 AM to 6:00 PM,6:00 AM,6:00 PM,6:00 AM to 6:00 PM,6:00 AM,6:00 PM,6:00 AM to 6:00 PM,6:00 AM,6:00 PM,6:00 AM to 6:00 PM,6:00 AM,6:00 PM,6:00 AM to 6:00 PM,6:00 AM,6:00 PM,6:00 AM to 6:00 PM,6:00 AM,6:00 PM,NOT_ELIGIBLE,False
66069-294999,1032494,Western Way & Main St,CO,2198 Western Way,Winter Garden,FL,34787,US,28.3786,-81.61672,+1 689-698-0059,True,False,False,Open until 10:00 PM,Open today from 4:30 AM - 10:00 PM,western-way-main-st-2198-western-way-suite-a-winter-garden-fl-34787838,GMT-04:00 America/New_York,11.3735,True,True,True,True,True,True,True,True,True,True,4:30 AM to 10:00 PM,4:30 AM,10:00 PM,4:30 AM to 10:00 PM,4:30 AM,10:00 PM,4:30 AM to 10:00 PM,4:30 AM,10:00 PM,4:30 AM to 10:00 PM,4:30 AM,10:00 PM,4:30 AM to 10:00 PM,4:30 AM,10:00 PM,4:30 AM to 10:00 PM,4:30 AM,10:00 PM,4:30 AM to 10:00 PM,4:30 AM,10:00 PM,READY,True
27891-247865,1015105,US 192 & Old Canoe Creek,CO,4108 13th St,Saint Cloud,FL,34769,US,28.25168,-81.31286,+1 407-744-3654,True,False,False,Open until 9:00 PM,Open today from 5:00 AM - 9:00 PM,us-192-old-canoe-creek-4108-13-th-st-saint-cloud-fl-347696719-us,GMT-04:00 America/New_York,11.3905,True,True,True,True,True,True,True,True,True,True,5:00 AM to 9:00 PM,5:00 AM,9:00 PM,5:00 AM to 9:00 PM,5:00 AM,9:00 PM,5:00 AM to 9:00 PM,5:00 AM,9:00 PM,5:00 AM to 9:00 PM,5:00 AM,9:00 PM,5:00 AM to 9:00 PM,5:00 AM,9:00 PM,5:00 AM to 9:00 PM,5:00 AM,9:00 PM,5:00 AM to 9:00 PM,5:00 AM,9:00 PM,READY,True
21729-196765,1006806,International Dr & Central FL,CO,10725 International Dr,Orlando,FL,32821,US,28.41068,-81.45557,+1 407-248-6546,True,False,False,Open until 9:00 PM,Open today from 5:00 AM - 9:00 PM,international-dr-central-fl-10725-international-dr-ste-110-orlando-fl-32821742,GMT-04:00 America/New_York,11.426,True,True,True,True,True,True,True,True,True,True,5:00 AM to 9:00 PM,5:00 AM,9:00 PM,5:00 AM to 9:00 PM,5:00 AM,9:00 PM,5:00 AM to 9:00 PM,5:00 AM,9:00 PM,5:00 AM to 9:00 PM,5:00 AM,9:00 PM,5:00 AM to 9:00 PM,5:00 AM,9:00 PM,5:00 AM to 9:00 PM,5:00 AM,9:00 PM,5:00 AM to 9:00 PM,5:00 AM,9:00 PM,READY,True
19455-193146,1005254,Magic Kingdom Main Street Bake,LS,1365 Monorail Way,Lake Buena Vista,FL,32830,US,28.41777,-81.58109,+1 407-824-6561,False,False,False,Opens Thursday at 9:00 AM,Open today from 9:00 AM - 9:00 PM,magic-kingdom-main-street-bake-1365-monorail-way-lake-buena-vista-fl-32830-us,GMT-04:00 America/New_York,12.5972,True,False,False,True,False,False,False,False,True,False,9:00 AM to 9:00 PM,9:00 AM,9:00 PM,9:00 AM to 9:00 PM,9:00 AM,9:00 PM,9:00 AM to 9:00 PM,9:00 AM,9:00 PM,8:00 AM to 9:00 PM,8:00 AM,9:00 PM,9:00 AM to 9:00 PM,9:00 AM,9:00 PM,9:00 AM to 9:00 PM,9:00 AM,9:00 PM,9:00 AM to 9:00 PM,9:00 AM,9:00 PM,NOT_ELIGIBLE,False
13969-109205,10488,US Hwy 27 & Cagan Crossings Bl,CO,628 Cagan View Rd,Clermont,FL,34714,US,28.35627,-81.67672,+1 352-241-8744,True,False,False,Open until 9:00 PM,Open today from 5:00 AM - 9:00 PM,us-hwy-27-cagan-crossings-bl-628-cagan-view-rd-clermont-fl-347146566-us,GMT-04:00 America/New_York,13.0187,True,True,True,True,True,True,True,True,True,True,5:00 AM to 9:00 PM,5:00 AM,9:00 PM,5:00 AM to 9:00 PM,5:00 AM,9:00 PM,5:00 AM to 9:00 PM,5:00 AM,9:00 PM,5:00 AM to 9:00 PM,5:00 AM,9:00 PM,5:00 AM to 9:00 PM,5:00 AM,9:00 PM,5:00 AM to 9:00 PM,5:00 AM,9:00 PM,5:00 AM to 9:00 PM,5:00 AM,9:00 PM,READY,True
78512-306639,1044294,Canoe Creek & Pine Tree Dr,CO,3345 Canoe Creek Rd,Saint Cloud,FL,34772,US,28.19734,-81.2921,+1 689-699-2401,True,False,False,Open until 9:00 PM,Open today from 5:00 AM - 9:00 PM,canoe-creek-pine-tree-dr-3345-canoe-creek-rd-saint-cloud-fl-347726512-us,GMT-04:00 America/New_York,13.1693,True,True,True,True,True,True,True,True,True,True,5:00 AM to 9:00 PM,5:00 AM,9:00 PM,5:00 AM to 9:00 PM,5:00 AM,9:00 PM,5:00 AM to 9:00 PM,5:00 AM,9:00 PM,5:00 AM to 9:00 PM,5:00 AM,9:00 PM,5:00 AM to 9:00 PM,5:00 AM,9:00 PM,5:00 AM to 9:00 PM,5:00 AM,9:00 PM,5:00 AM to 9:00 PM,5:00 AM,9:00 PM,READY,True
88004-317514,8800400,Icon Park,LS,8375 International Dr,Orlando,FL,32819,US,28.44305,-81.46943,,False,False,False,Opens Thursday at 9:00 AM,Open today from 9:00 AM - 8:00 PM,icon-park-8375-international-dr-60-orlando-fl-32819-us,GMT-04:00 America/New_York,13.4674,True,False,True,True,True,True,True,True,True,True,9:00 AM to 8:00 PM,9:00 AM,8:00 PM,9:00 AM to 9:00 PM,9:00 AM,9:00 PM,9:00 AM to 9:00 PM,9:00 AM,9:00 PM,9:00 AM to 8:00 PM,9:00 AM,8:00 PM,9:00 AM to 8:00 PM,9:00 AM,8:00 PM,9:00 AM to 8:00 PM,9:00 AM,8:00 PM,9:00 AM to 8:00 PM,9:00 AM,8:00 PM,NOT_READY,False
82773-294050,1053890,Epic Universe Front Gate,LS,Celestial Park beside Sensorium Emporium,Orlando,FL,32819,US,28.43929,-81.44573,,False,False,False,Opens Thursday at 10:00 AM,Open today from 10:00 AM - 11:00 PM,epic-universe-front-gate-celestial-park-beside-sensorium-emporium-orlando-f,GMT-04:00 America/New_York,13.4886,True,False,True,True,True,False,True,False,True,False,10:00 AM to 11:00 PM,10:00 AM,11:00 PM,10:00 AM to 11:00 PM,10:00 AM,11:00 PM,10:00 AM to 11:00 PM,10:00 AM,11:00 PM,9:00 AM to 9:00 PM,9:00 AM,9:00 PM,9:00 AM to 9:00 PM,9:00 AM,9:00 PM,9:00 AM to 9:00 PM,9:00 AM,9:00 PM,9:00 AM to 9:00 PM,9:00 AM,9:00 PM,NOT_READY,False
82772-295236,1053895,Epic Universe Carousel,LS,Celestial Park near Carousel,Orlando,FL,32819,US,28.4401,-81.44868,,False,False,False,Opens Thursday at 8:00 AM,Open today from 8:00 AM - 9:00 PM,epic-universe-carousel-celestial-park-near-carousel-orlando-fl-32819-us,GMT-04:00 America/New_York,13.5003,True,False,False,True,True,False,True,False,False,False,8:00 AM to 9:00 PM,8:00 AM,9:00 PM,8:00 AM to 9:00 PM,8:00 AM,9:00 PM,8:00 AM to 9:00 PM,8:00 AM,9:00 PM,8:00 AM to 9:00 PM,8:00 AM,9:00 PM,8:00 AM to 9:00 PM,8:00 AM,9:00 PM,8:00 AM to 9:00 PM,8:00 AM,9:00 PM,8:00 AM to 9:00 PM,8:00 AM,9:00 PM,NOT_ELIGIBLE,False
61680-295612,1027501,SECURE ACCESS - Lockheed,LS,200 Lockheed Martin Blvd.,Orlando,FL,32819,US,28.4449,-81.45778,+1 407-356-2085,True,False,False,Open until 3:00 PM,Open today from 7:00 AM - 3:00 PM,secure-access-lockheed-200-lockheed-martin-blvd-orlando-fl-32819-us,GMT-04:00 America/New_York,13.7088,True,False,True,True,False,False,True,False,False,False,7:00 AM to 3:00 PM,7:00 AM,3:00 PM,Closed,,,Closed,,,Closed,,,7:00 AM to 3:00 PM,7:00 AM,3:00 PM,7:00 AM to 3:00 PM,7:00 AM,3:00 PM,7:00 AM to 3:00 PM,7:00 AM,3:00 PM,READY,False
66199-295002,1039922,John Young Pkwy & Consulate,CO,9165 S John Young Pkwy,Orlando,FL,32819,US,28.43707,-81.42448,+1 689-800-7104,True,False,False,Open until 9:00 PM,Open today from 4:30 AM - 9:00 PM,john-young-pkwy-consulate-9165-s-john-young-pkwy-orlando-fl-32819-us,GMT-04:00 America/New_York,13.7169,True,True,True,True,True,True,True,True,True,True,4:30 AM to 9:00 PM,4:30 AM,9:00 PM,4:30 AM to 9:00 PM,4:30 AM,9:00 PM,5:00 AM to 9:00 PM,5:00 AM,9:00 PM,5:00 AM to 9:00 PM,5:00 AM,9:00 PM,4:30 AM to 9:00 PM,4:30 AM,9:00 PM,4:30 AM to 9:00 PM,4:30 AM,9:00 PM,4:30 AM to 9:00 PM,4:30 AM,9:00 PM,READY,True
21609-196364,1008715,Sand Lake Rd & International D,CO,8013 International Dr,Orlando,FL,32819,US,28.44951,-81.4698,+1 407-354-1542,True,False,False,Open until 9:00 PM,Open today from 5:00 AM - 9:00 PM,sand-lake-rd-international-d-8013-international-dr-suite-101-orlando-fl-3281993,GMT-04:00 America/New_York,13.9066,True,True,True,True,True,True,True,False,True,True,5:00 AM to 9:00 PM,5:00 AM,9:00 PM,5:00 AM to 9:00 PM,5:00 AM,9:00 PM,5:00 AM to 9:00 PM,5:00 AM,9:00 PM,5:00 AM to 9:00 PM,5:00 AM,9:00 PM,5:00 AM to 9:00 PM,5:00 AM,9:00 PM,5:00 AM to 9:00 PM,5:00 AM,9:00 PM,5:00 AM to 9:00 PM,5:00 AM,9:00 PM,READY,True
88904-318957,8890400,UO Epic Universe Backlot,LS,1 Opportunity Way,Orlando,FL,32819,US,28.44642,-81.44816,,True,False,False,Open until 11:00 PM,Open today from 6:00 AM - 11:00 PM,uo-epic-universe-backlot-1-opportunity-way-b-1000-orlando-fl-32819-us,GMT-04:00 America/New_York,13.9326,True,False,False,True,True,False,True,False,False,False,6:00 AM to 11:00 PM,6:00 AM,11:00 PM,6:00 AM to 11:00 PM,6:00 AM,11:00 PM,6:00 AM to 11:00 PM,6:00 AM,11:00 PM,6:00 AM to 11:00 PM,6:00 AM,11:00 PM,6:00 AM to 11:00 PM,6:00 AM,11:00 PM,6:00 AM to 11:00 PM,6:00 AM,11:00 PM,6:00 AM to 11:00 PM,6:00 AM,11:00 PM,NOT_ELIGIBLE,False
8263-1243,17563,Dr Phillips Blvd & Sand Lake R,CO,7600 Dr Phillips Blvd,Orlando,FL,32819,US,28.45191,-81.48939,+1 407-903-0449,True,False,False,Open until 9:00 PM,Open today from 5:00 AM - 9:00 PM,dr-phillips-blvd-sand-lake-r-7600-dr-phillips-blvd-ste-98-orlando-fl-328197238-,GMT-04:00 America/New_York,13.9655,True,False,True,True,True,True,True,True,True,True,5:00 AM to 9:00 PM,5:00 AM,9:00 PM,5:00 AM to 9:00 PM,5:00 AM,9:00 PM,5:00 AM to 9:00 PM,5:00 AM,9:00 PM,5:00 AM to 9:00 PM,5:00 AM,9:00 PM,5:00 AM to 8:00 PM,5:00 AM,8:00 PM,5:00 AM to 8:00 PM,5:00 AM,8:00 PM,5:00 AM to 8:00 PM,5:00 AM,8:00 PM,READY,True
53562-277033,1023633,Hwy 535 & Silver Lake Park,CO,7910 Winter Garden Vineland Rd,Windermere,FL,34786,US,28.44598,-81.55975,+1 407-554-2518,True,False,False,Open until 9:00 PM,Open today from 4:30 AM - 9:00 PM,hwy-535-silver-lake-park-7910-winter-garden-vineland-rd-ste-100-windermere-,GMT-04:00 America/New_York,14.0199,True,True,True,True,True,True,True,True,True,True,4:30 AM to 9:00 PM,4:30 AM,9:00 PM,4:30 AM to 9:00 PM,4:30 AM,9:00 PM,5:00 AM to 9:00 PM,5:00 AM,9:00 PM,5:00 AM to 9:00 PM,5:00 AM,9:00 PM,4:30 AM to 9:00 PM,4:30 AM,9:00 PM,4:30 AM to 9:00 PM,4:30 AM,9:00 PM,4:30 AM to 9:00 PM,4:30 AM,9:00 PM,READY,True
61130-293154,1027751,Viera Blvd & Stadium Pkwy,CO,5384 Stadium Pkwy,Viera,FL,32955,US,28.26736,-80.73762,+1 321-449-6765,True,False,False,Open until 9:00 PM,Open today from 5:00 AM - 9:00 PM,viera-blvd-stadium-pkwy-5384-stadium-pkwy-viera-fl-329556030-us,GMT-04:00 America/New_York,1.4165,True,True,True,True,True,True,True,True,True,True,5:00 AM to 9:00 PM,5:00 AM,9:00 PM,5:00 AM to 9:00 PM,5:00 AM,9:00 PM,5:00 AM to 9:00 PM,5:00 AM,9:00 PM,5:00 AM to 9:00 PM,5:00 AM,9:00 PM,5:00 AM to 9:00 PM,5:00 AM,9:00 PM,5:00 AM to 9:00 PM,5:00 AM,9:00 PM,5:00 AM to 9:00 PM,5:00 AM,9:00 PM,READY,True
2963-91809,9044,Wickham Rd & I-95,CO,7351 Shoppes Dr,Melbourne,FL,32940,US,28.23099,-80.72196,+1 321-254-0312,True,False,False,Open until 9:00 PM,Open today from 4:30 AM - 9:00 PM,wickham-rd-i-95-7351-shoppes-dr-melbourne-fl-329406663-us,GMT-04:00 America/New_York,2.1537,True,True,True,True,True,True,True,True,True,True,4:30 AM to 9:00 PM,4:30 AM,9:00 PM,4:30 AM to 9:00 PM,4:30 AM,9:00 PM,4:30 AM to 9:00 PM,4:30 AM,9:00 PM,5:00 AM to 9:00 PM,5:00 AM,9:00 PM,4:30 AM to 9:00 PM,4:30 AM,9:00 PM,4:30 AM to 9:00 PM,4:30 AM,9:00 PM,4:30 AM to 9:00 PM,4:30 AM,9:00 PM,READY,True
76247-79330,8848,Target Viera 1934,LS,8455 N Wickham Rd,Viera,FL,32940,US,28.22795,-80.71927,+1 321-242-1269,False,False,False,Opens Thursday at 8:00 AM,Open today from 8:00 AM - 8:00 PM,target-viera-1934-8455-n-wickham-rd-viera-fl-329406607-us,GMT-04:00 America/New_York,2.4125,True,False,False,True,False,False,True,False,True,False,8:00 AM to 8:00 PM,8:00 AM,8:00 PM,8:00 AM to 8:00 PM,8:00 AM,8:00 PM,8:00 AM to 8:00 PM,8:00 AM,8:00 PM,8:00 AM to 8:00 PM,8:00 AM,8:00 PM,8:00 AM to 8:00 PM,8:00 AM,8:00 PM,8:00 AM to 8:00 PM,8:00 AM,8:00 PM,8:00 AM to 8:00 PM,8:00 AM,8:00 PM,NOT_ELIGIBLE,False
11907-106878,10499,Barnes & Murrell,CO,3820 Murrell Rd,Rockledge,FL,32955,US,28.29485,-80.72255,+1 321-632-7428,True,False,False,Open until 9:00 PM,Open today from 5:00 AM - 9:00 PM,barnes-murrell-3820-murrell-rd-rockledge-fl-329554741-us,GMT-04:00 America/New_York,3.5204,True,True,True,True,True,True,True,True,True,True,5:00 AM to 9:00 PM,5:00 AM,9:00 PM,5:00 AM to 9:00 PM,5:00 AM,9:00 PM,5:00 AM to 9:00 PM,5:00 AM,9:00 PM,5:00 AM to 9:00 PM,5:00 AM,9:00 PM,5:00 AM to 9:00 PM,5:00 AM,9:00 PM,5:00 AM to 9:00 PM,5:00 AM,9:00 PM,5:00 AM to 9:00 PM,5:00 AM,9:00 PM,READY,True
56196-289133,1024161,Wickham Rd & Jordan Blass,CO,6425 N Wickham Rd,Melbourne,FL,32940,US,28.21659,-80.67361,+1 321-604-5449,True,False,False,Open until 9:00 PM,Open today from 4:30 AM - 9:00 PM,wickham-rd-jordan-blass-6425-n-wickham-rd-melbourne-fl-329402020-us,GMT-04:00 America/New_York,5.1916,True,True,True,True,True,True,True,True,True,True,4:30 AM to 9:00 PM,4:30 AM,9:00 PM,4:30 AM to 9:00 PM,4:30 AM,9:00 PM,4:30 AM to 9:00 PM,4:30 AM,9:00 PM,4:30 AM to 9:00 PM,4:30 AM,9:00 PM,4:30 AM to 9:00 PM,4:30 AM,9:00 PM,4:30 AM to 9:00 PM,4:30 AM,9:00 PM,4:30 AM to 9:00 PM,4:30 AM,9:00 PM,READY,True
11484-103540,10975,Wickham Rd & Baymeadows Blvd,CO,3660 N Wickham Rd,Melbourne,FL,32935,US,28.16437,-80.67244,+1 321-254-5714,True,False,False,Open until 9:00 PM,Open today from 4:30 AM - 9:00 PM,wickham-rd-baymeadows-blvd-3660-n-wickham-rd-melbourne-fl-329352336-us,GMT-04:00 America/New_York,7.5701,True,True,True,True,True,False,True,False,True,True,4:30 AM to 9:00 PM,4:30 AM,9:00 PM,4:30 AM to 9:00 PM,4:30 AM,9:00 PM,5:00 AM to 9:00 PM,5:00 AM,9:00 PM,5:00 AM to 9:00 PM,5:00 AM,9:00 PM,4:30 AM to 9:00 PM,4:30 AM,9:00 PM,4:30 AM to 9:00 PM,4:30 AM,9:00 PM,4:30 AM to 9:00 PM,4:30 AM,9:00 PM,READY,True
19871-201505,1005875,SR 520 & Goodwin,CO,175 E Merritt Island Cswy,Merritt Island,FL,32952,US,28.35662,-80.69706,+1 321-408-1383,True,False,False,Open until 9:00 PM,Open today from 4:30 AM - 9:00 PM,sr-520-goodwin-175-e-merritt-island-cswy-merritt-island-fl-329523,GMT-04:00 America/New_York,8.0399,True,True,True,True,True,True,True,True,True,True,4:30 AM to 9:00 PM,4:30 AM,9:00 PM,4:30 AM to 9:00 PM,4:30 AM,9:00 PM,4:30 AM to 9:00 PM,4:30 AM,9:00 PM,4:30 AM to 9:00 PM,4:30 AM,9:00 PM,4:30 AM to 9:00 PM,4:30 AM,9:00 PM,4:30 AM to 9:00 PM,4:30 AM,9:00 PM,4:30 AM to 9:00 PM,4:30 AM,9:00 PM,READY,True
76950-128680,7677,Target Merritt Island 1053,LS,250 Crockett Blvd,Merritt Island,FL,32953,US,28.38623,-80.7048,+1 321-452-1014,False,False,False,Opens Thursday at 8:00 AM,Open today from 8:00 AM - 8:00 PM,target-merritt-island-1053-250-crockett-blvd-merritt-island-fl-329534395-us,GMT-04:00 America/New_York,9.8059,True,False,False,True,False,False,True,False,True,False,8:00 AM to 8:00 PM,8:00 AM,8:00 PM,8:00 AM to 8:00 PM,8:00 AM,8:00 PM,8:00 AM to 8:00 PM,8:00 AM,8:00 PM,8:00 AM to 8:00 PM,8:00 AM,8:00 PM,8:00 AM to 8:00 PM,8:00 AM,8:00 PM,8:00 AM to 8:00 PM,8:00 AM,8:00 PM,8:00 AM to 8:00 PM,8:00 AM,8:00 PM,NOT_ELIGIBLE,False
62596-294749,1030326,Courtenay Pkwy & Pioneer Rd,CO,2280 N Courtenay Pkwy,Merritt Island,FL,32953,US,28.39771,-80.70449,+1 321-340-3844,True,False,False,Open until 9:00 PM,Open today from 4:30 AM - 9:00 PM,courtenay-pkwy-pioneer-rd-2280-n-courtenay-pkwy-merritt-island-fl-329534234-,GMT-04:00 America/New_York,10.5745,True,True,True,True,True,True,True,True,True,True,4:30 AM to 9:00 PM,4:30 AM,9:00 PM,4:30 AM to 9:00 PM,4:30 AM,9:00 PM,5:00 AM to 9:00 PM,5:00 AM,9:00 PM,5:00 AM to 9:00 PM,5:00 AM,9:00 PM,4:30 AM to 9:00 PM,4:30 AM,9:00 PM,4:30 AM to 9:00 PM,4:30 AM,9:00 PM,4:30 AM to 9:00 PM,4:30 AM,9:00 PM,READY,True
14075-108596,10803,Eau Gallie & US 1,CO,1330 N Harbor City Blvd,Melbourne,FL,32935,US,28.12868,-80.63058,+1 321-255-1684,True,False,False,Open until 9:00 PM,Open today from 5:00 AM - 9:00 PM,eau-gallie-us-1-1330-n-harbor-city-blvd-melbourne-fl-329357023-us,GMT-04:00 America/New_York,11.0975,True,True,True,True,True,False,True,False,True,True,5:00 AM to 9:00 PM,5:00 AM,9:00 PM,5:00 AM to 9:00 PM,5:00 AM,9:00 PM,5:00 AM to 9:00 PM,5:00 AM,9:00 PM,5:00 AM to 9:00 PM,5:00 AM,9:00 PM,5:00 AM to 9:00 PM,5:00 AM,9:00 PM,5:00 AM to 9:00 PM,5:00 AM,9:00 PM,5:00 AM to 9:00 PM,5:00 AM,9:00 PM,READY,True
24560-224084,1010082,Cocoa Beach & Banana River,CO,301 W Cocoa Beach Cswy,Cocoa Beach,FL,32931,US,28.35829,-80.61087,+1 321-783-5404,True,False,False,Open until 9:00 PM,Open today from 4:30 AM - 9:00 PM,cocoa-beach-banana-river-301-w-cocoa-beach-cswy-cocoa-beach-fl-329313531-us,GMT-04:00 America/New_York,11.2967,True,True,True,True,True,True,True,True,True,True,4:30 AM to 9:00 PM,4:30 AM,9:00 PM,4:30 AM to 9:00 PM,4:30 AM,9:00 PM,4:30 AM to 9:00 PM,4:30 AM,9:00 PM,5:00 AM to 9:00 PM,5:00 AM,9:00 PM,5:00 AM to 9:00 PM,5:00 AM,9:00 PM,5:00 AM to 9:00 PM,5:00 AM,9:00 PM,4:30 AM to 9:00 PM,4:30 AM,9:00 PM,READY,True
75752-95744,8031,Sheraton Four Points Hotel,LS,4001 N Atlantic Ave,Cocoa Beach,FL,32931,US,28.35536,-80.60797,+1 321-868-8950,True,False,False,Open until 9:00 PM,Open today from 6:00 AM - 9:00 PM,sheraton-four-points-hotel-4001-n-atlantic-ave-cocoa-beach-fl-329313507-us,GMT-04:00 America/New_York,11.2981,True,False,True,True,True,False,True,False,True,False,6:00 AM to 9:00 PM,6:00 AM,9:00 PM,6:00 AM to 10:00 PM,6:00 AM,10:00 PM,6:00 AM to 10:00 PM,6:00 AM,10:00 PM,6:00 AM to 9:00 PM,6:00 AM,9:00 PM,6:00 AM to 9:00 PM,6:00 AM,9:00 PM,6:00 AM to 9:00 PM,6:00 AM,9:00 PM,6:00 AM to 9:00 PM,6:00 AM,9:00 PM,READY,False
11717-264367,1021030,Eau Gallie & San Pedro,CO,840 E Eau Gallie Blvd,Melbourne,FL,32937,US,28.13875,-80.58598,+1 321-773-2081,True,False,False,Open until 9:00 PM,Open today from 5:00 AM - 9:00 PM,eau-gallie-san-pedro-840-e-eau-gallie-blvd-melbourne-fl-329374903-us,GMT-04:00 America/New_York,12.6034,True,True,True,True,True,False,True,False,True,True,5:00 AM to 9:00 PM,5:00 AM,9:00 PM,5:00 AM to 9:00 PM,5:00 AM,9:00 PM,5:00 AM to 9:00 PM,5:00 AM,9:00 PM,5:00 AM to 9:00 PM,5:00 AM,9:00 PM,5:00 AM to 9:00 PM,5:00 AM,9:00 PM,5:00 AM to 9:00 PM,5:00 AM,9:00 PM,5:00 AM to 9:00 PM,5:00 AM,9:00 PM,READY,True
76214-89126,13818,Target Melbourne Village 689,LS,2750 W New Haven Ave,Melbourne Village,FL,32904,US,28.08034,-80.66552,+1 407-727-3238,False,False,False,Opens Thursday at 8:00 AM,Open today from 8:00 AM - 8:00 PM,target-melbourne-village-689-2750-w-new-haven-ave-melbourne-village-fl-32904370,GMT-04:00 America/New_York,12.8021,True,False,False,True,False,False,True,False,True,False,8:00 AM to 8:00 PM,8:00 AM,8:00 PM,8:00 AM to 8:00 PM,8:00 AM,8:00 PM,8:00 AM to 8:00 PM,8:00 AM,8:00 PM,8:00 AM to 8:00 PM,8:00 AM,8:00 PM,8:00 AM to 8:00 PM,8:00 AM,8:00 PM,8:00 AM to 8:00 PM,8:00 AM,8:00 PM,8:00 AM to 8:00 PM,8:00 AM,8:00 PM,NOT_ELIGIBLE,False
11398-105367,10190,Melbourne Square Mall - FoodCo,CO,1700 W New Haven Ave,Melbourne,FL,32904,US,28.08136,-80.65024,+1 321-723-3575,False,False,False,Opens Thursday at 9:30 AM,Open today from 9:30 AM - 7:30 PM,melbourne-square-mall-food-co-1700-w-new-haven-ave-439-melbourne-fl-329043985-us,GMT-04:00 America/New_York,13.1412,True,False,True,True,True,False,True,False,True,False,9:30 AM to 7:30 PM,9:30 AM,7:30 PM,9:00 AM to 8:30 PM,9:00 AM,8:30 PM,9:00 AM to 8:30 PM,9:00 AM,8:30 PM,11:00 AM to 6:30 PM,11:00 AM,6:30 PM,9:30 AM to 7:30 PM,9:30 AM,7:30 PM,9:30 AM to 7:30 PM,9:30 AM,7:30 PM,9:30 AM to 7:30 PM,9:30 AM,7:30 PM,NOT_READY,True
68259-301173,1038071,Babcock & Rialto Pl,CO,1150 S Babcock St,Melbourne,FL,32901,US,28.09082,-80.62219,+1 321-341-0800,True,False,False,Open until 9:00 PM,Open today from 5:00 AM - 9:00 PM,babcock-rialto-pl-1150-s-babcock-st-melbourne-fl-329013023-us,GMT-04:00 America/New_York,13.4746,True,True,True,True,True,False,True,False,True,True,5:00 AM to 9:00 PM,5:00 AM,9:00 PM,5:00 AM to 9:00 PM,5:00 AM,9:00 PM,5:00 AM to 9:00 PM,5:00 AM,9:00 PM,5:00 AM to 9:00 PM,5:00 AM,9:00 PM,5:00 AM to 9:00 PM,5:00 AM,9:00 PM,5:00 AM to 9:00 PM,5:00 AM,9:00 PM,5:00 AM to 9:00 PM,5:00 AM,9:00 PM,READY,True
8807-293404,1029317,US Hwy 192 & Westover Dr,CO,1425 W New Haven Ave,Melbourne,FL,32904,US,28.07849,-80.6446,+1 321-989-6491,True,False,False,Open until 9:00 PM,Open today from 5:00 AM - 9:00 PM,us-hwy-192-westover-dr-1425-w-new-haven-ave-melbourne-fl-329043903-us,GMT-04:00 America/New_York,13.4776,True,True,True,True,True,False,True,False,True,True,5:00 AM to 9:00 PM,5:00 AM,9:00 PM,5:00 AM to 9:00 PM,5:00 AM,9:00 PM,5:00 AM to 9:00 PM,5:00 AM,9:00 PM,5:00 AM to 9:00 PM,5:00 AM,9:00 PM,5:00 AM to 9:00 PM,5:00 AM,9:00 PM,5:00 AM to 9:00 PM,5:00 AM,9:00 PM,5:00 AM to 9:00 PM,5:00 AM,9:00 PM,READY,True
2853-293222,1028751,A1A & Michigan Ave,CO,500 N Miramar Ave,Indialantic,FL,32903,US,28.09475,-80.56827,+1 321-576-5327,True,False,False,Open until 9:00 PM,Open today from 5:00 AM - 9:00 PM,a-1-a-michigan-ave-500-n-miramar-ave-indialantic-fl-329033128-us,GMT-04:00 America/New_York,15.4137,True,True,True,True,True,False,True,False,True,True,5:00 AM to 9:00 PM,5:00 AM,9:00 PM,5:00 AM to 9:00 PM,5:00 AM,9:00 PM,5:00 AM to 9:00 PM,5:00 AM,9:00 PM,5:00 AM to 9:00 PM,5:00 AM,9:00 PM,5:00 AM to 9:00 PM,5:00 AM,9:00 PM,5:00 AM to 9:00 PM,5:00 AM,9:00 PM,5:00 AM to 9:00 PM,5:00 AM,9:00 PM,READY,True
3864-141145,9993,Target West Melbourne 2547,LS,4305 Norfolk Parkway Ste 103,West Melbourne,FL,32904,US,28.03887,-80.66103,+1 321-821-7340,False,False,False,Opens Thursday at 8:00 AM,Open today from 8:00 AM - 8:00 PM,target-west-melbourne-2547-4305-norfolk-parkway-ste-103-west-melbourne-fl-329,GMT-04:00 America/New_York,15.5622,True,False,False,False,False,False,True,False,True,False,8:00 AM to 8:00 PM,8:00 AM,8:00 PM,8:00 AM to 8:00 PM,8:00 AM,8:00 PM,8:00 AM to 8:00 PM,8:00 AM,8:00 PM,8:00 AM to 8:00 PM,8:00 AM,8:00 PM,8:00 AM to 8:00 PM,8:00 AM,8:00 PM,8:00 AM to 8:00 PM,8:00 AM,8:00 PM,8:00 AM to 8:00 PM,8:00 AM,8:00 PM,NOT_ELIGIBLE,False
9978-96506,9837,Palm Bay Rd & I-95,CO,810 Palm Bay Rd NE,Palm Bay,FL,32905,US,28.03468,-80.6487,+1 321-951-2512,True,False,False,Open until 9:00 PM,Open today from 4:00 AM - 9:00 PM,palm-bay-rd-i-95-810-palm-bay-rd-ne-palm-bay-fl-329056349-us,GMT-04:00 America/New_York,16.1065,True,True,True,True,True,False,True,False,True,True,4:00 AM to 9:00 PM,4:00 AM,9:00 PM,4:00 AM to 9:00 PM,4:00 AM,9:00 PM,4:00 AM to 9:00 PM,4:00 AM,9:00 PM,4:00 AM to 9:00 PM,4:00 AM,9:00 PM,4:00 AM to 9:00 PM,4:00 AM,9:00 PM,4:00 AM to 9:00 PM,4:00 AM,9:00 PM,4:00 AM to 9:00 PM,4:00 AM,9:00 PM,READY,True
58936-305291,1025686,Kennedy Space Center,LS,"SR 405, Mail Code DNPS",Merritt Island,FL,32899,US,28.52352,-80.68256,+1 321-449-4251,False,False,False,Opens Thursday at 8:30 AM,Open today from 8:30 AM - 5:00 PM,kennedy-space-center-sr-405-mail-code-dnps-c-o-dnc-parks-and-resorts-me,GMT-04:00 America/New_York,19.3379,True,False,True,True,True,False,True,False,False,False,8:30 AM to 5:00 PM,8:30 AM,5:00 PM,8:30 AM to 5:00 PM,8:30 AM,5:00 PM,8:30 AM to 5:00 PM,8:30 AM,5:00 PM,8:30 AM to 5:00 PM,8:30 AM,5:00 PM,8:30 AM to 5:00 PM,8:30 AM,5:00 PM,8:30 AM to 5:00 PM,8:30 AM,5:00 PM,8:30 AM to 5:00 PM,8:30 AM,5:00 PM,NOT_READY,False
80189-307261,1045001,Bayside Lakes Blvd & Cogan Dr.,CO,3370 Bayside Lakes Blvd SE,Palm Bay,FL,32909,US,27.95269,-80.65503,+1 321-380-2730,True,False,False,Open until 9:00 PM,Open today from 4:00 AM - 9:00 PM,bayside-lakes-blvd-cogan-dr-3370-bayside-lakes-blvd-se-palm-bay-fl-329096800-u,GMT-04:00 America/New_York,21.3421,True,True,True,True,True,False,True,False,True,False,4:00 AM to 9:00 PM,4:00 AM,9:00 PM,4:00 AM to 9:00 PM,4:00 AM,9:00 PM,5:00 AM to 9:00 PM,5:00 AM,9:00 PM,5:00 AM to 9:00 PM,5:00 AM,9:00 PM,4:00 AM to 9:00 PM,4:00 AM,9:00 PM,4:00 AM to 9:00 PM,4:00 AM,9:00 PM,4:00 AM to 9:00 PM,4:00 AM,9:00 PM,READY,True
76793-108132,7643,Target Titusville 2269,LS,3055 Columbia Blvd,Titusville,FL,32780,US,28.55271,-80.84077,+1 321-360-1086,False,False,False,Opens Thursday at 8:00 AM,Open today from 8:00 AM - 8:00 PM,target-titusville-2269-3055-columbia-blvd-titusville-fl-327807865-us,GMT-04:00 America/New_York,21.6306,True,False,False,True,False,False,True,False,True,False,8:00 AM to 8:00 PM,8:00 AM,8:00 PM,8:00 AM to 8:00 PM,8:00 AM,8:00 PM,8:00 AM to 8:00 PM,8:00 AM,8:00 PM,8:00 AM to 8:00 PM,8:00 AM,8:00 PM,8:00 AM to 8:00 PM,8:00 AM,8:00 PM,8:00 AM to 8:00 PM,8:00 AM,8:00 PM,8:00 AM to 8:00 PM,8:00 AM,8:00 PM,NOT_ELIGIBLE,False
27801-247008,1015264,SR 50 & I-95,CO,3570 Cheney Hwy,Titusville,FL,32780,US,28.55336,-80.84844,+1 321-474-4179,True,False,False,Open until 9:30 PM,Open today from 4:30 AM - 9:30 PM,sr-50-i-95-3570-cheney-hwy-titusville-fl-327802503-us,GMT-04:00 America/New_York,21.7973,True,True,True,True,True,True,True,True,True,True,4:30 AM to 9:30 PM,4:30 AM,9:30 PM,4:30 AM to 9:30 PM,4:30 AM,9:30 PM,5:00 AM to 9:30 PM,5:00 AM,9:30 PM,5:00 AM to 9:30 PM,5:00 AM,9:30 PM,4:30 AM to 9:30 PM,4:30 AM,9:30 PM,4:30 AM to 9:30 PM,4:30 AM,9:30 PM,4:30 AM to 9:30 PM,4:30 AM,9:30 PM,READY,True
65159-298177,1031548,S. Bibb Ave. & E. Garrison St.,CO,275 S Bibbs Street,Eagle Pass,TX,78852,US,28.70655,-100.48372,+1 830-723-3510,True,False,False,Open until 12:30 AM,Open today from 5:00 AM - 12:30 AM,s-bibb-ave-e-garrison-st-275-s-bibbs-street-eagle-pass-tx-788525060-us,GMT-05:00 America/Chicago,24.7212,True,True,True,True,True,True,True,True,True,True,5:00 AM to 12:30 AM,5:00 AM,12:30 AM,5:00 AM to 1:00 AM,5:00 AM,1:00 AM,5:00 AM to 1:00 AM,5:00 AM,1:00 AM,5:00 AM to 12:30 AM,5:00 AM,12:30 AM,5:00 AM to 12:30 AM,5:00 AM,12:30 AM,5:00 AM to 12:30 AM,5:00 AM,12:30 AM,5:00 AM to 12:30 AM,5:00 AM,12:30 AM,READY,True
57887-290531,1025837,E Main St & S 1st,CO,505 E Main St,Uvalde,TX,78801,US,29.21182,-99.77777,+1 830-486-2374,True,False,False,Open until 9:00 PM,Open today from 4:30 AM - 9:00 PM,e-main-st-s-1st-505-e-main-st-uvalde-tx-788015714-us,GMT-05:00 America/Chicago,22.257,True,True,True,True,True,True,True,True,True,True,4:30 AM to 9:00 PM,4:30 AM,9:00 PM,4:30 AM to 9:00 PM,4:30 AM,9:00 PM,5:00 AM to 9:00 PM,5:00 AM,9:00 PM,5:00 AM to 9:00 PM,5:00 AM,9:00 PM,4:30 AM to 9:00 PM,4:30 AM,9:00 PM,4:30 AM to 9:00 PM,4:30 AM,9:00 PM,4:30 AM to 9:00 PM,4:30 AM,9:00 PM,READY,True
69869-303622,1038296,W Comal St & Louise Ln,CO,1804 W. Comal,Pearsall,TX,78061,US,28.89688,-99.11198,+1 830-505-1485,True,False,False,Open until 9:00 PM,Open today from 4:30 AM - 9:00 PM,w-comal-st-louise-ln-1804-w-comal-pearsall-tx-78061-us,GMT-05:00 America/Chicago,24.5179,True,True,True,True,True,False,True,False,True,True,4:30 AM to 9:00 PM,4:30 AM,9:00 PM,4:30 AM to 9:00 PM,4:30 AM,9:00 PM,5:00 AM to 9:00 PM,5:00 AM,9:00 PM,5:00 AM to 9:00 PM,5:00 AM,9:00 PM,4:30 AM to 9:00 PM,4:30 AM,9:00 PM,4:30 AM to 9:00 PM,4:30 AM,9:00 PM,4:30 AM to 9:00 PM,4:30 AM,9:00 PM,READY,True
58292-289494,1031019,Oaklawn Rd. & Jr. Blvd.,CO,1701 W Oaklawn Dr,Pleasanton,TX,78064,US,28.94522,-98.50455,+1 830-402-2049,True,False,False,Open until 9:30 PM,Open today from 5:00 AM - 9:30 PM,oaklawn-rd-jr-blvd-1701-w-oaklawn-dr-pleasanton-tx-780644602-us,GMT-05:00 America/Chicago,15.3117,True,True,True,True,True,True,True,True,True,True,5:00 AM to 9:30 PM,5:00 AM,9:30 PM,5:00 AM to 9:30 PM,5:00 AM,9:30 PM,5:30 AM to 9:30 PM,5:30 AM,9:30 PM,5:30 AM to 9:30 PM,5:30 AM,9:30 PM,5:00 AM to 9:30 PM,5:00 AM,9:30 PM,5:00 AM to 9:30 PM,5:00 AM,9:30 PM,5:00 AM to 9:30 PM,5:00 AM,9:30 PM,READY,True
63902-294808,1030207,10th & Sutherland Springs Rd.,CO,664 10th St,Floresville,TX,78114,US,29.14875,-98.15977,+1 830-581-8525,True,False,False,Open until 9:30 PM,Open today from 4:30 AM - 9:30 PM,10th-sutherland-springs-rd-664-10th-st-floresville-tx-781143124-us,GMT-05:00 America/Chicago,14.0966,True,True,True,True,True,True,True,True,True,True,4:30 AM to 9:30 PM,4:30 AM,9:30 PM,4:30 AM to 9:30 PM,4:30 AM,9:30 PM,5:30 AM to 9:30 PM,5:30 AM,9:30 PM,5:30 AM to 9:30 PM,5:30 AM,9:30 PM,4:30 AM to 9:30 PM,4:30 AM,9:30 PM,4:30 AM to 9:30 PM,4:30 AM,9:30 PM,4:30 AM to 9:30 PM,4:30 AM,9:30 PM,READY,True
76614-98014,10404,Target Victoria 888,LS,7608 NE Zac Lentz Pkwy,Victoria,TX,77904,US,28.86583,-96.99915,+1 361-578-3612,False,False,False,Opens Thursday at 8:00 AM,Open today from 8:00 AM - 8:00 PM,target-victoria-888-7608-ne-zac-lentz-pkwy-victoria-tx-779041300-us,GMT-05:00 America/Chicago,17.7772,True,False,False,True,False,False,True,False,True,False,8:00 AM to 8:00 PM,8:00 AM,8:00 PM,8:00 AM to 8:00 PM,8:00 AM,8:00 PM,8:00 AM to 8:00 PM,8:00 AM,8:00 PM,8:00 AM to 8:00 PM,8:00 AM,8:00 PM,8:00 AM to 8:00 PM,8:00 AM,8:00 PM,8:00 AM to 8:00 PM,8:00 AM,8:00 PM,8:00 AM to 8:00 PM,8:00 AM,8:00 PM,NOT_ELIGIBLE,False
10923-101887,17823,Navarro & Loop 463,CO,7105 N. Navarro,Victoria,TX,77904,US,28.86174,-96.99731,+1 361-485-9851,True,False,False,Open until 10:00 PM,Open today from 4:00 AM - 10:00 PM,navarro-loop-463-7105-n-navarro-victoria-tx-779041507-us,GMT-05:00 America/Chicago,18.0207,True,True,True,True,True,True,True,True,True,True,4:00 AM to 10:00 PM,4:00 AM,10:00 PM,4:00 AM to 10:30 PM,4:00 AM,10:30 PM,4:00 AM to 10:30 PM,4:00 AM,10:30 PM,4:00 AM to 10:00 PM,4:00 AM,10:00 PM,4:00 AM to 10:00 PM,4:00 AM,10:00 PM,4:00 AM to 10:00 PM,4:00 AM,10:00 PM,4:00 AM to 10:00 PM,4:00 AM,10:00 PM,READY,True
83479-308995,1054681,US 59 and Sam Houston Dr,CO,3508 Houston Hwy,Victoria,TX,77901,US,28.81519,-96.96784,+1 361-235-4555,True,False,False,Open until 10:00 PM,Open today from 4:00 AM - 10:00 PM,us-59-and-sam-houston-dr-3508-houston-hwy-victoria-tx-779014608-us,GMT-05:00 America/Chicago,21.3145,True,True,True,True,True,True,True,True,True,True,4:00 AM to 10:00 PM,4:00 AM,10:00 PM,4:00 AM to 10:00 PM,4:00 AM,10:00 PM,4:00 AM to 10:00 PM,4:00 AM,10:00 PM,4:00 AM to 10:00 PM,4:00 AM,10:00 PM,4:00 AM to 10:00 PM,4:00 AM,10:00 PM,4:00 AM to 10:00 PM,4:00 AM,10:00 PM,4:00 AM to 10:00 PM,4:00 AM,10:00 PM,READY,True
85124-314570,8512400,N Mechanic St & Del Norte,CO,1407 N Mechanic St,El Campo,TX,77437,US,29.20838,-96.27977,+1 979-272-5078,True,False,False,Open until 9:00 PM,Open today from 4:00 AM - 9:00 PM,n-mechanic-st-del-norte-1407-n-mechanic-st-el-campo-tx-774372609-us,GMT-05:00 America/Chicago,19.5973,True,True,True,True,True,True,True,True,True,True,4:00 AM to 9:00 PM,4:00 AM,9:00 PM,4:00 AM to 9:00 PM,4:00 AM,9:00 PM,4:00 AM to 9:00 PM,4:00 AM,9:00 PM,4:30 AM to 9:00 PM,4:30 AM,9:00 PM,4:00 AM to 9:00 PM,4:00 AM,9:00 PM,4:00 AM to 9:00 PM,4:00 AM,9:00 PM,4:00 AM to 9:00 PM,4:00 AM,9:00 PM,READY,True
62008-294741,1028799,7th St & Katy Ave,CO,3333 7th St,Bay City,TX,77414,US,28.98367,-95.95091,+1 979-244-4777,True,False,False,Open until 10:00 PM,Open today from 4:00 AM - 10:00 PM,7th-st-katy-ave-3333-7th-st-bay-city-tx-774145526-us,GMT-05:00 America/Chicago,12.1943,True,True,True,True,True,True,True,True,True,True,4:00 AM to 10:00 PM,4:00 AM,10:00 PM,4:00 AM to 10:00 PM,4:00 AM,10:00 PM,4:00 AM to 10:00 PM,4:00 AM,10:00 PM,5:00 AM to 10:00 PM,5:00 AM,10:00 PM,4:00 AM to 10:00 PM,4:00 AM,10:00 PM,4:00 AM to 10:00 PM,4:00 AM,10:00 PM,4:00 AM to 10:00 PM,4:00 AM,10:00 PM,READY,True
21872-169924,1007522,Hwy 288 & Oyster Creek,CO,104 SH 288,Lake Jackson,TX,77566,US,29.04817,-95.45597,+1 979-299-3052,True,False,False,Open until 10:00 PM,Open today from 4:00 AM - 10:00 PM,hwy-288-oyster-creek-104-sh-288-lake-jackson-tx-775661406-us,GMT-05:00 America/Chicago,18.0733,True,True,True,True,True,True,True,True,True,True,4:00 AM to 10:00 PM,4:00 AM,10:00 PM,4:00 AM to 10:30 PM,4:00 AM,10:30 PM,4:00 AM to 10:30 PM,4:00 AM,10:30 PM,4:30 AM to 10:00 PM,4:30 AM,10:00 PM,4:00 AM to 10:00 PM,4:00 AM,10:00 PM,4:00 AM to 10:00 PM,4:00 AM,10:00 PM,4:00 AM to 10:00 PM,4:00 AM,10:00 PM,READY,True
29543-244524,1014685,Kroger Clute 149,LS,800 N Dixie Dr,Clute,TX,77531,US,29.03843,-95.4211,+1 979-529-4391,True,False,False,Open until 9:00 PM,Open today from 5:00 AM - 9:00 PM,kroger-clute-149-800-n-dixie-dr-clute-tx-77531-us,GMT-05:00 America/Chicago,20.0485,True,False,True,True,True,False,True,False,True,False,5:00 AM to 9:00 PM,5:00 AM,9:00 PM,5:00 AM to 9:00 PM,5:00 AM,9:00 PM,5:00 AM to 9:00 PM,5:00 AM,9:00 PM,5:00 AM to 9:00 PM,5:00 AM,9:00 PM,5:00 AM to 9:00 PM,5:00 AM,9:00 PM,5:00 AM to 9:00 PM,5:00 AM,9:00 PM,5:00 AM to 9:00 PM,5:00 AM,9:00 PM,READY,False
67538-299908,1040334,N Velasco St and Woodway Rd,CO,1203A N Velasco St,Angleton,TX,77515,US,29.17821,-95.43333,+1 979-583-1539,True,False,False,Open until 10:00 PM,Open today from 4:00 AM - 10:00 PM,n-velasco-st-and-woodway-rd-1203-a-n-velasco-st-angleton-tx-775153009-us,GMT-05:00 America/Chicago,22.7417,True,True,True,True,True,True,True,True,True,True,4:00 AM to 10:00 PM,4:00 AM,10:00 PM,4:00 AM to 10:00 PM,4:00 AM,10:00 PM,4:30 AM to 10:00 PM,4:30 AM,10:00 PM,4:30 AM to 10:00 PM,4:30 AM,10:00 PM,4:00 AM to 10:00 PM,4:00 AM,10:00 PM,4:00 AM to 10:00 PM,4:00 AM,10:00 PM,4:00 AM to 10:00 PM,4:00 AM,10:00 PM,READY,True
74601-87559,12709,Randalls Galveston 1031,LS,2931 Central City Ave,Galveston,TX,77551,US,29.26989,-94.82965,+1 409-744-0413,True,False,False,Open until 8:00 PM,Open today from 6:00 AM - 8:00 PM,randalls-galveston-1031-2931-central-city-ave-galveston-tx-77551-us,GMT-05:00 America/Chicago,21.2939,True,False,False,True,False,False,True,False,True,False,6:00 AM to 8:00 PM,6:00 AM,8:00 PM,6:00 AM to 8:00 PM,6:00 AM,8:00 PM,6:00 AM to 8:00 PM,6:00 AM,8:00 PM,6:00 AM to 8:00 PM,6:00 AM,8:00 PM,6:00 AM to 8:00 PM,6:00 AM,8:00 PM,6:00 AM to 8:00 PM,6:00 AM,8:00 PM,6:00 AM to 8:00 PM,6:00 AM,8:00 PM,NOT_ELIGIBLE,False
10412-100306,7194,61st & Avenue T 1/2,CO,2808 61st St,Galveston,TX,77551,US,29.27081,-94.82799,+1 409-741-2158,True,False,False,Open until 10:00 PM,Open today from 4:30 AM - 10:00 PM,61st-avenue-t-1-2-2808-61st-st-galveston-tx-775512224-us,GMT-05:00 America/Chicago,21.3979,True,True,True,True,True,True,True,True,True,True,4:30 AM to 10:00 PM,4:30 AM,10:00 PM,4:30 AM to 10:00 PM,4:30 AM,10:00 PM,4:30 AM to 10:00 PM,4:30 AM,10:00 PM,4:30 AM to 10:00 PM,4:30 AM,10:00 PM,4:30 AM to 10:00 PM,4:30 AM,10:00 PM,4:30 AM to 10:00 PM,4:30 AM,10:00 PM,4:30 AM to 10:00 PM,4:30 AM,10:00 PM,READY,True
79431-104668,17503,Kroger Galveston 302,LS,5730 Seawall Blvd.,Galveston,TX,77551,US,29.26893,-94.82361,+1 409-741-8580,True,False,False,Open until 9:00 PM,Open today from 6:00 AM - 9:00 PM,kroger-galveston-302-5730-seawall-blvd-galveston-tx-775515880-us,GMT-05:00 America/Chicago,21.4147,True,False,True,True,False,False,True,False,True,False,6:00 AM to 9:00 PM,6:00 AM,9:00 PM,6:00 AM to 9:00 PM,6:00 AM,9:00 PM,6:00 AM to 9:00 PM,6:00 AM,9:00 PM,6:00 AM to 9:00 PM,6:00 AM,9:00 PM,6:00 AM to 9:00 PM,6:00 AM,9:00 PM,6:00 AM to 9:00 PM,6:00 AM,9:00 PM,6:00 AM to 9:00 PM,6:00 AM,9:00 PM,READY,False
6774-73860,13784,Harborside & 22nd St,CO,102 Kempner,Galveston,TX,77550,US,29.30829,-94.79328,+1 409-621-2577,True,False,False,Open until 8:00 PM,Open today from 5:00 AM - 8:00 PM,harborside-22nd-st-102-kempner-galveston-tx-775501523-us,GMT-05:00 America/Chicago,24.6842,True,False,True,True,True,True,True,True,True,True,5:00 AM to 8:00 PM,5:00 AM,8:00 PM,5:00 AM to 8:00 PM,5:00 AM,8:00 PM,5:00 AM to 8:00 PM,5:00 AM,8:00 PM,5:00 AM to 8:00 PM,5:00 AM,8:00 PM,5:00 AM to 8:00 PM,5:00 AM,8:00 PM,5:00 AM to 8:00 PM,5:00 AM,8:00 PM,5:00 AM to 8:00 PM,5:00 AM,8:00 PM,READY,True
58902-292643,1027050,Top of the World & SW 93rd St,CO,7819 SW Hwy 200,Ocala,FL,34476,US,29.08747,-82.25008,+1 352-456-0704,True,False,False,Open until 8:00 PM,Open today from 5:00 AM - 8:00 PM,top-of-the-world-sw-93rd-st-7819-sw-hwy-200-ocala-fl-344763975-us,GMT-04:00 America/New_York,6.0436,True,True,True,True,True,True,True,True,True,True,5:00 AM to 8:00 PM,5:00 AM,8:00 PM,5:00 AM to 8:00 PM,5:00 AM,8:00 PM,5:00 AM to 8:00 PM,5:00 AM,8:00 PM,5:00 AM to 8:00 PM,5:00 AM,8:00 PM,5:00 AM to 8:00 PM,5:00 AM,8:00 PM,5:00 AM to 8:00 PM,5:00 AM,8:00 PM,5:00 AM to 8:00 PM,5:00 AM,8:00 PM,READY,True
13516-104847,6454,Heath Brook & SW 46th Ct,CO,4602 SW College Rd,Ocala,FL,34474,US,29.13866,-82.19589,+1 352-237-5493,True,False,False,Open until 9:00 PM,Open today from 4:30 AM - 9:00 PM,heath-brook-sw-46th-ct-4602-sw-college-rd-ocala-fl-344745720-us,GMT-04:00 America/New_York,10.1224,True,True,True,True,True,True,True,True,True,True,4:30 AM to 9:00 PM,4:30 AM,9:00 PM,4:30 AM to 9:00 PM,4:30 AM,9:00 PM,4:30 AM to 9:00 PM,4:30 AM,9:00 PM,4:30 AM to 9:00 PM,4:30 AM,9:00 PM,4:30 AM to 9:00 PM,4:30 AM,9:00 PM,4:30 AM to 9:00 PM,4:30 AM,9:00 PM,4:30 AM to 9:00 PM,4:30 AM,9:00 PM,READY,True
85693-314411,8569300,US-441 & SE 102nd,CO,10350 SE US Hwy 441,Belleview,FL,34420,US,29.07181,-82.07242,+1 352-478-0982,True,False,False,Open until 8:00 PM,Open today from 4:30 AM - 8:00 PM,us-441-se-102nd-10350-se-us-hwy-441-belleview-fl-344202808-us,GMT-04:00 America/New_York,11.8193,True,True,True,True,True,True,True,True,True,True,4:30 AM to 8:00 PM,4:30 AM,8:00 PM,4:30 AM to 8:00 PM,4:30 AM,8:00 PM,4:30 AM to 8:00 PM,4:30 AM,8:00 PM,4:30 AM to 8:00 PM,4:30 AM,8:00 PM,4:30 AM to 8:00 PM,4:30 AM,8:00 PM,4:30 AM to 8:00 PM,4:30 AM,8:00 PM,4:30 AM to 8:00 PM,4:30 AM,8:00 PM,READY,True
8564-286476,1023548,New College Rd & SW 27th,CO,2710 SW College Rd,Ocala,FL,34474,US,29.16481,-82.16966,+1 352-873-8090,True,False,False,Open until 9:00 PM,Open today from 5:00 AM - 9:00 PM,new-college-rd-sw-27th-2710-sw-college-rd-ocala-fl-344744418-us,GMT-04:00 America/New_York,12.3775,True,True,True,True,True,True,True,True,True,True,5:00 AM to 9:00 PM,5:00 AM,9:00 PM,5:00 AM to 9:00 PM,5:00 AM,9:00 PM,5:00 AM to 9:00 PM,5:00 AM,9:00 PM,5:00 AM to 9:00 PM,5:00 AM,9:00 PM,5:00 AM to 9:00 PM,5:00 AM,9:00 PM,5:00 AM to 9:00 PM,5:00 AM,9:00 PM,5:00 AM to 9:00 PM,5:00 AM,9:00 PM,READY,True
78671-307281,1044661,Hwy 44 & Colonade,CO,2080 Highway 44 W,Inverness,FL,34453,US,28.83885,-82.35689,+1 352-503-4858,True,False,False,Open until 8:00 PM,Open today from 5:00 AM - 8:00 PM,hwy-44-colonade-2080-highway-44-w-inverness-fl-344533804-us,GMT-04:00 America/New_York,12.8749,True,True,True,True,True,True,True,True,True,True,5:00 AM to 8:00 PM,5:00 AM,8:00 PM,5:00 AM to 8:00 PM,5:00 AM,8:00 PM,5:00 AM to 8:00 PM,5:00 AM,8:00 PM,5:00 AM to 8:00 PM,5:00 AM,8:00 PM,5:00 AM to 8:00 PM,5:00 AM,8:00 PM,5:00 AM to 8:00 PM,5:00 AM,8:00 PM,5:00 AM to 8:00 PM,5:00 AM,8:00 PM,READY,True
76513-89103,7075,Target Ocala 873,LS,2000 SW College Rd,Ocala,FL,34471,US,29.17398,-82.15723,+1 352-629-1333,False,False,False,Opens Thursday at 8:00 AM,Open today from 8:00 AM - 8:00 PM,target-ocala-873-2000-sw-college-rd-ocala-fl-344711620-us,GMT-04:00 America/New_York,13.2618,True,False,False,True,True,False,True,False,True,False,8:00 AM to 8:00 PM,8:00 AM,8:00 PM,8:00 AM to 8:00 PM,8:00 AM,8:00 PM,8:00 AM to 8:00 PM,8:00 AM,8:00 PM,8:00 AM to 8:00 PM,8:00 AM,8:00 PM,8:00 AM to 8:00 PM,8:00 AM,8:00 PM,8:00 AM to 8:00 PM,8:00 AM,8:00 PM,8:00 AM to 8:00 PM,8:00 AM,8:00 PM,NOT_ELIGIBLE,False
11997-254245,1016821,US 301 & W Fort King St,CO,53 S Pine Ave,Ocala,FL,34471,US,29.18563,-82.14023,+1 352-351-0321,True,False,False,Open until 8:00 PM,Open today from 5:00 AM - 8:00 PM,us-301-w-fort-king-st-53-s-pine-ave-ocala-fl-344711166-us,GMT-04:00 America/New_York,14.4369,True,True,True,True,True,True,True,True,True,True,5:00 AM to 8:00 PM,5:00 AM,8:00 PM,5:00 AM to 8:00 PM,5:00 AM,8:00 PM,5:00 AM to 8:00 PM,5:00 AM,8:00 PM,5:00 AM to 8:00 PM,5:00 AM,8:00 PM,5:00 AM to 8:00 PM,5:00 AM,8:00 PM,5:00 AM to 8:00 PM,5:00 AM,8:00 PM,5:00 AM to 8:00 PM,5:00 AM,8:00 PM,READY,True
62879-295006,1029940,Maricamp & SE 36th,CO,3537 SE Maricamp Rd,Ocala,FL,34471,US,29.15917,-82.0883,+1 352-218-3408,True,False,False,Open until 9:00 PM,Open today from 4:30 AM - 9:00 PM,maricamp-se-36th-3537-se-maricamp-rd-ocala-fl-344716247-us,GMT-04:00 America/New_York,14.7066,True,True,True,True,True,True,True,True,True,True,4:30 AM to 9:00 PM,4:30 AM,9:00 PM,4:30 AM to 9:00 PM,4:30 AM,9:00 PM,4:30 AM to 9:00 PM,4:30 AM,9:00 PM,4:30 AM to 9:00 PM,4:30 AM,9:00 PM,4:30 AM to 9:00 PM,4:30 AM,9:00 PM,4:30 AM to 9:00 PM,4:30 AM,9:00 PM,4:30 AM to 9:00 PM,4:30 AM,9:00 PM,READY,True
83728-312027,1055014,US Hwy 27 & NW 46th Terrace,CO,2555 NW 46th Ter,Ocala,FL,34482,US,29.21342,-82.19849,+1 352-579-7439,True,False,False,Open until 8:00 PM,Open today from 4:30 AM - 8:00 PM,us-hwy-27-nw-46th-terrace-2555-nw-46th-ter-ocala-fl-344826218-us,GMT-04:00 America/New_York,15.0702,True,True,True,True,True,True,True,True,True,True,4:30 AM to 8:00 PM,4:30 AM,8:00 PM,4:30 AM to 8:00 PM,4:30 AM,8:00 PM,4:30 AM to 8:00 PM,4:30 AM,8:00 PM,4:30 AM to 8:00 PM,4:30 AM,8:00 PM,4:30 AM to 8:00 PM,4:30 AM,8:00 PM,4:30 AM to 8:00 PM,4:30 AM,8:00 PM,4:30 AM to 8:00 PM,4:30 AM,8:00 PM,READY,True
58136-290722,1026454,Wedgewood & Fieldcrest,CO,3320 Wedgewood Ln,The Villages,FL,32162,US,28.92778,-82.01017,+1 352-445-8096,True,False,False,Open until 7:00 PM,Open today from 5:00 AM - 7:00 PM,wedgewood-fieldcrest-3320-wedgewood-ln-the-villages-fl-321627178-us,GMT-04:00 America/New_York,15.3328,True,True,True,True,True,True,True,True,True,True,5:00 AM to 7:00 PM,5:00 AM,7:00 PM,5:00 AM to 8:00 PM,5:00 AM,8:00 PM,5:00 AM to 8:00 PM,5:00 AM,8:00 PM,5:00 AM to 8:00 PM,5:00 AM,8:00 PM,5:00 AM to 8:00 PM,5:00 AM,8:00 PM,5:00 AM to 8:00 PM,5:00 AM,8:00 PM,5:00 AM to 8:00 PM,5:00 AM,8:00 PM,READY,True
78366-306234,1044210,Lecanto Hwy & Norvell Bryant,CO,3077 W Norvell Bryant Highway,Lecanto,FL,34461,US,28.89311,-82.48478,+1 352-443-6256,True,False,False,Open until 9:00 PM,Open today from 5:00 AM - 9:00 PM,lecanto-hwy-norvell-bryant-3077-w-norvell-bryant-highway-lecanto-fl-344619431,GMT-04:00 America/New_York,16.0015,True,True,True,True,True,True,True,True,True,True,5:00 AM to 9:00 PM,5:00 AM,9:00 PM,5:00 AM to 9:00 PM,5:00 AM,9:00 PM,5:00 AM to 9:00 PM,5:00 AM,9:00 PM,5:00 AM to 9:00 PM,5:00 AM,9:00 PM,5:00 AM to 9:00 PM,5:00 AM,9:00 PM,5:00 AM to 9:00 PM,5:00 AM,9:00 PM,5:00 AM to 9:00 PM,5:00 AM,9:00 PM,READY,True
85575-308316,8557500,Target Lecanto 2900,LS,1987 N Lecanto Hwy,lecanto,FL,34461,US,28.8921,-82.48426,,False,False,False,Opens Thursday at 8:00 AM,Open today from 8:00 AM - 8:00 PM,target-lecanto-2900-1987-n-lecanto-hwy-lecanto-fl-34461-us,GMT-04:00 America/New_York,16.006,True,False,False,True,True,False,True,False,False,False,8:00 AM to 8:00 PM,8:00 AM,8:00 PM,8:00 AM to 8:00 PM,8:00 AM,8:00 PM,8:00 AM to 8:00 PM,8:00 AM,8:00 PM,8:00 AM to 8:00 PM,8:00 AM,8:00 PM,8:00 AM to 8:00 PM,8:00 AM,8:00 PM,8:00 AM to 8:00 PM,8:00 AM,8:00 PM,8:00 AM to 8:00 PM,8:00 AM,8:00 PM,NOT_ELIGIBLE,False
57518-291390,1022767,E Silver Springs and NE 36th A,CO,3727 E Silver Springs Blvd,Ocala,FL,34470,US,29.19897,-82.08521,+1 352-405-5622,True,False,False,Open until 8:00 PM,Open today from 4:30 AM - 8:00 PM,e-silver-springs-and-ne-36th-a-3727-e-silver-springs-blvd-ocala-fl-344704903-us,GMT-04:00 America/New_York,16.9697,True,True,True,True,True,True,True,True,True,True,4:30 AM to 8:00 PM,4:30 AM,8:00 PM,4:30 AM to 8:00 PM,4:30 AM,8:00 PM,4:30 AM to 8:00 PM,4:30 AM,8:00 PM,4:30 AM to 8:00 PM,4:30 AM,8:00 PM,4:30 AM to 8:00 PM,4:30 AM,8:00 PM,4:30 AM to 8:00 PM,4:30 AM,8:00 PM,4:30 AM to 8:00 PM,4:30 AM,8:00 PM,READY,True
87639-308636,8763900,Target Wildwood 2906,LS,5606 Seven Mile Drive,Wildwood,FL,34785,US,28.86645,-82.01098,,False,False,False,Opens Thursday at 8:00 AM,Open today from 8:00 AM - 8:00 PM,target-wildwood-2906-5606-seven-mile-drive-wildwood-fl-34785-us,GMT-04:00 America/New_York,17.1478,True,False,False,True,True,False,False,False,False,False,8:00 AM to 8:00 PM,8:00 AM,8:00 PM,8:00 AM to 8:00 PM,8:00 AM,8:00 PM,8:00 AM to 8:00 PM,8:00 AM,8:00 PM,8:00 AM to 8:00 PM,8:00 AM,8:00 PM,8:00 AM to 8:00 PM,8:00 AM,8:00 PM,8:00 AM to 8:00 PM,8:00 AM,8:00 PM,8:00 AM to 8:00 PM,8:00 AM,8:00 PM,NOT_ELIGIBLE,False
65318-297706,1031306,Trailwinds & Seven Mile Dr,CO,5800 Seven Mile Dr,Wildwood,FL,34785,US,28.86692,-82.00779,+1 352-833-5536,True,False,False,Open until 8:00 PM,Open today from 5:00 AM - 8:00 PM,trailwinds-seven-mile-dr-5800-seven-mile-dr-wildwood-fl-347858854-us,GMT-04:00 America/New_York,17.2933,True,True,True,True,True,True,True,True,True,True,5:00 AM to 8:00 PM,5:00 AM,8:00 PM,5:00 AM to 8:00 PM,5:00 AM,8:00 PM,5:00 AM to 8:00 PM,5:00 AM,8:00 PM,5:00 AM to 8:00 PM,5:00 AM,8:00 PM,5:00 AM to 8:00 PM,5:00 AM,8:00 PM,5:00 AM to 8:00 PM,5:00 AM,8:00 PM,5:00 AM to 8:00 PM,5:00 AM,8:00 PM,READY,True
8949-94106,16337,Sumter Landing,CO,966 Old Mill Run,The Villages,FL,32162,US,28.90821,-81.9742,+1 352-751-0843,True,False,False,Open until 9:00 PM,Open today from 5:00 AM - 9:00 PM,sumter-landing-966-old-mill-run-the-villages-fl-321621675-us,GMT-04:00 America/New_York,17.8395,True,False,True,True,True,True,True,True,True,True,5:00 AM to 9:00 PM,5:00 AM,9:00 PM,5:00 AM to 9:00 PM,5:00 AM,9:00 PM,5:00 AM to 9:00 PM,5:00 AM,9:00 PM,5:00 AM to 8:00 PM,5:00 AM,8:00 PM,5:00 AM to 9:00 PM,5:00 AM,9:00 PM,5:00 AM to 9:00 PM,5:00 AM,9:00 PM,5:00 AM to 9:00 PM,5:00 AM,9:00 PM,READY,True
10063-99659,10359,Rolling Acres & US-27 S,CO,874 N US Hwy 27,Lady Lake,FL,32159,US,28.93379,-81.93649,+1 352-753-3628,True,False,False,Open until 8:00 PM,Open today from 5:00 AM - 8:00 PM,rolling-acres-us-27-s-874-n-us-hwy-27-lady-lake-fl-321593195-us,GMT-04:00 America/New_York,19.4959,True,True,True,True,True,True,True,True,True,True,5:00 AM to 8:00 PM,5:00 AM,8:00 PM,5:00 AM to 8:00 PM,5:00 AM,8:00 PM,5:00 AM to 8:00 PM,5:00 AM,8:00 PM,5:00 AM to 8:00 PM,5:00 AM,8:00 PM,5:00 AM to 8:00 PM,5:00 AM,8:00 PM,5:00 AM to 8:00 PM,5:00 AM,8:00 PM,5:00 AM to 8:00 PM,5:00 AM,8:00 PM,READY,True
76436-96594,8415,Target Lady Lake 2058,LS,716 N US Hwy 441,Lady Lake,FL,32159,US,28.92868,-81.92668,+1 325-205-8934,False,False,False,Opens Thursday at 8:00 AM,Open today from 8:00 AM - 8:00 PM,target-lady-lake-2058-716-n-us-hwy-441-lady-lake-fl-321593194-us,GMT-04:00 America/New_York,20.1567,True,False,False,True,False,False,True,False,True,False,8:00 AM to 8:00 PM,8:00 AM,8:00 PM,8:00 AM to 8:00 PM,8:00 AM,8:00 PM,8:00 AM to 8:00 PM,8:00 AM,8:00 PM,8:00 AM to 8:00 PM,8:00 AM,8:00 PM,8:00 AM to 8:00 PM,8:00 AM,8:00 PM,8:00 AM to 8:00 PM,8:00 AM,8:00 PM,8:00 AM to 8:00 PM,8:00 AM,8:00 PM,NOT_ELIGIBLE,False
81641-310218,1052850,CR 44 & SE 7th Ave,CO,640 NE 5th St,Crystal River,FL,34429,US,28.89811,-82.5844,+1 352-579-7199,True,False,False,Open until 8:00 PM,Open today from 5:00 AM - 8:00 PM,cr-44-se-7th-ave-640-ne-5th-st-crystal-river-fl-344294324-us,GMT-04:00 America/New_York,21.4085,True,True,True,True,True,True,True,True,True,True,5:00 AM to 8:00 PM,5:00 AM,8:00 PM,5:00 AM to 8:00 PM,5:00 AM,8:00 PM,5:00 AM to 8:00 PM,5:00 AM,8:00 PM,5:00 AM to 8:00 PM,5:00 AM,8:00 PM,5:00 AM to 8:00 PM,5:00 AM,8:00 PM,5:00 AM to 8:00 PM,5:00 AM,8:00 PM,5:00 AM to 8:00 PM,5:00 AM,8:00 PM,READY,True
68271-302335,1040186,SR 48 & I-75,CO,2217 W C 48,Bushnell,FL,33513,US,28.66806,-82.14134,+1 352-815-2756,True,False,False,Open until 9:00 PM,Open today from 5:00 AM - 9:00 PM,sr-48-i-75-2217-w-c-48-bushnell-fl-335138077-us,GMT-04:00 America/New_York,23.8592,True,True,True,True,True,True,True,True,True,True,5:00 AM to 9:00 PM,5:00 AM,9:00 PM,5:00 AM to 9:00 PM,5:00 AM,9:00 PM,5:00 AM to 9:00 PM,5:00 AM,9:00 PM,5:00 AM to 9:00 PM,5:00 AM,9:00 PM,5:00 AM to 9:00 PM,5:00 AM,9:00 PM,5:00 AM to 9:00 PM,5:00 AM,9:00 PM,5:00 AM to 9:00 PM,5:00 AM,9:00 PM,READY,True
27185-241709,1014402,US 17-92 & Orange Camp Rd,CO,2417 S Woodland Blvd,Deland,FL,32720,US,28.98583,-81.2988,+1 386-956-1970,True,False,False,Open until 8:00 PM,Open today from 5:00 AM - 8:00 PM,us-17-92-orange-camp-rd-2417-s-woodland-blvd-deland-fl-327208637-us,GMT-04:00 America/New_York,12.1988,True,True,True,True,True,True,True,True,True,True,5:00 AM to 8:00 PM,5:00 AM,8:00 PM,5:00 AM to 8:00 PM,5:00 AM,8:00 PM,5:00 AM to 8:00 PM,5:00 AM,8:00 PM,5:00 AM to 8:00 PM,5:00 AM,8:00 PM,5:00 AM to 8:00 PM,5:00 AM,8:00 PM,5:00 AM to 8:00 PM,5:00 AM,8:00 PM,5:00 AM to 8:00 PM,5:00 AM,8:00 PM,READY,True
82058-307280,1053244,E International Blvd & N. Amel,CO,210 E International Speedway Blvd,Deland,FL,32724,US,29.05432,-81.30164,+1 386-277-4657,True,False,False,Open until 8:00 PM,Open today from 5:00 AM - 8:00 PM,e-international-blvd-n-amel-210-e-international-speedway-blvd-deland-fl-327242,GMT-04:00 America/New_York,12.5578,True,True,True,True,True,True,True,True,True,True,5:00 AM to 8:00 PM,5:00 AM,8:00 PM,5:00 AM to 8:00 PM,5:00 AM,8:00 PM,5:00 AM to 8:00 PM,5:00 AM,8:00 PM,5:00 AM to 8:00 PM,5:00 AM,8:00 PM,5:00 AM to 8:00 PM,5:00 AM,8:00 PM,5:00 AM to 8:00 PM,5:00 AM,8:00 PM,5:00 AM to 8:00 PM,5:00 AM,8:00 PM,READY,True
76218-89124,13817,Target Orange City 874,LS,2575 Enterprise Rd,Orange City,FL,32763,US,28.91614,-81.29427,+1 904-774-5574,False,False,False,Opens Thursday at 8:00 AM,Open today from 8:00 AM - 8:00 PM,target-orange-city-874-2575-enterprise-rd-orange-city-fl-327637960-us,GMT-04:00 America/New_York,13.7208,True,False,False,True,True,False,True,False,True,False,8:00 AM to 8:00 PM,8:00 AM,8:00 PM,8:00 AM to 8:00 PM,8:00 AM,8:00 PM,8:00 AM to 8:00 PM,8:00 AM,8:00 PM,8:00 AM to 8:00 PM,8:00 AM,8:00 PM,8:00 AM to 8:00 PM,8:00 AM,8:00 PM,8:00 AM to 8:00 PM,8:00 AM,8:00 PM,8:00 AM to 8:00 PM,8:00 AM,8:00 PM,NOT_ELIGIBLE,False
25467-239191,1013214,Saxon & Enterprise,CO,890 Saxon Blvd,Orange City,FL,32763,US,28.91065,-81.29224,+1 386-414-4736,True,False,False,Open until 9:00 PM,Open today from 5:00 AM - 9:00 PM,saxon-enterprise-890-saxon-blvd-suite-100-orange-city-fl-327638215-,GMT-04:00 America/New_York,13.9956,True,True,True,True,True,True,True,True,True,True,5:00 AM to 9:00 PM,5:00 AM,9:00 PM,5:00 AM to 9:00 PM,5:00 AM,9:00 PM,5:00 AM to 9:00 PM,5:00 AM,9:00 PM,5:00 AM to 9:00 PM,5:00 AM,9:00 PM,5:00 AM to 9:00 PM,5:00 AM,9:00 PM,5:00 AM to 9:00 PM,5:00 AM,9:00 PM,5:00 AM to 9:00 PM,5:00 AM,9:00 PM,READY,True
20007-192495,1005564,US 441 & Donnelly,CO,19021 US Highway 441,Mount Dora,FL,32757,US,28.82455,-81.64087,+1 352-383-1025,True,False,False,Open until 8:00 PM,Open today from 5:00 AM - 8:00 PM,us-441-donnelly-19021-us-highway-441-mount-dora-fl-327576708-us,GMT-04:00 America/New_York,14.817,True,True,True,True,True,True,True,True,True,True,5:00 AM to 8:00 PM,5:00 AM,8:00 PM,5:00 AM to 8:00 PM,5:00 AM,8:00 PM,5:00 AM to 8:00 PM,5:00 AM,8:00 PM,5:00 AM to 8:00 PM,5:00 AM,8:00 PM,5:00 AM to 8:00 PM,5:00 AM,8:00 PM,5:00 AM to 8:00 PM,5:00 AM,8:00 PM,5:00 AM to 8:00 PM,5:00 AM,8:00 PM,READY,True
69404-301482,1040312,Howland Blvd & Rhode Island Rd,CO,3221 Howland Blvd,Deltona,FL,32725,US,28.94824,-81.25134,+1 386-951-4668,True,False,False,Open until 8:00 PM,Open today from 5:00 AM - 8:00 PM,howland-blvd-rhode-island-rd-3221-howland-blvd-deltona-fl-327252909-us,GMT-04:00 America/New_York,15.45,True,True,True,True,True,True,True,True,True,True,5:00 AM to 8:00 PM,5:00 AM,8:00 PM,5:00 AM to 8:00 PM,5:00 AM,8:00 PM,5:00 AM to 8:00 PM,5:00 AM,8:00 PM,5:00 AM to 8:00 PM,5:00 AM,8:00 PM,5:00 AM to 8:00 PM,5:00 AM,8:00 PM,5:00 AM to 8:00 PM,5:00 AM,8:00 PM,5:00 AM to 8:00 PM,5:00 AM,8:00 PM,READY,True
76488-97105,8422,Target Mt. Dora 2062,LS,17450 Hwy 441,Mt. Dora,FL,32757,US,28.82212,-81.66387,+1 352-385-0516,False,False,False,Opens Thursday at 8:00 AM,Open today from 8:00 AM - 8:00 PM,target-mt-dora-2062-17450-hwy-441-mt-dora-fl-327576748-us,GMT-04:00 America/New_York,15.7887,True,False,False,True,True,False,True,False,True,False,8:00 AM to 8:00 PM,8:00 AM,8:00 PM,8:00 AM to 8:00 PM,8:00 AM,8:00 PM,8:00 AM to 8:00 PM,8:00 AM,8:00 PM,8:00 AM to 8:00 PM,8:00 AM,8:00 PM,8:00 AM to 8:00 PM,8:00 AM,8:00 PM,8:00 AM to 8:00 PM,8:00 AM,8:00 PM,8:00 AM to 8:00 PM,8:00 AM,8:00 PM,NOT_ELIGIBLE,False
70463-303252,1040692,SR 46 and International Pkwy,CO,287 High Water Ln,Sanford,FL,32771,US,28.81068,-81.34845,+1 407-807-0625,True,False,False,Open until 8:00 PM,Open today from 5:00 AM - 8:00 PM,sr-46-and-international-pkwy-287-high-water-ln-sanford-fl-327710248-us,GMT-04:00 America/New_York,15.9729,True,True,True,True,True,True,True,True,True,True,5:00 AM to 8:00 PM,5:00 AM,8:00 PM,5:00 AM to 8:00 PM,5:00 AM,8:00 PM,5:00 AM to 8:00 PM,5:00 AM,8:00 PM,5:00 AM to 8:00 PM,5:00 AM,8:00 PM,5:00 AM to 8:00 PM,5:00 AM,8:00 PM,5:00 AM to 8:00 PM,5:00 AM,8:00 PM,5:00 AM to 8:00 PM,5:00 AM,8:00 PM,READY,True
52341-279324,1023294,Hwy 46 & Hickman,CO,4700 W State Road 46,Sanford,FL,32771,US,28.81175,-81.33465,+1 407-618-4867,True,False,False,Open until 10:00 PM,Open today from 4:30 AM - 10:00 PM,hwy-46-hickman-4700-w-state-road-46-ste-1020-sanford-fl-327719341,GMT-04:00 America/New_York,16.4074,True,True,True,True,True,True,True,True,True,True,4:30 AM to 10:00 PM,4:30 AM,10:00 PM,4:30 AM to 10:00 PM,4:30 AM,10:00 PM,4:30 AM to 10:00 PM,4:30 AM,10:00 PM,4:30 AM to 10:00 PM,4:30 AM,10:00 PM,4:30 AM to 10:00 PM,4:30 AM,10:00 PM,4:30 AM to 10:00 PM,4:30 AM,10:00 PM,4:30 AM to 10:00 PM,4:30 AM,10:00 PM,READY,True
51876-279251,1022576,Publix Lake Mary 1304,LS,870 OAK VILLAGE LANE,Lake Mary,FL,32746,US,28.78782,-81.35708,+1 407-804-1987,True,False,False,Open until 7:00 PM,Open today from 7:00 AM - 7:00 PM,publix-lake-mary-1304-870-oak-village-lane-lake-mary-fl-32746-us,GMT-04:00 America/New_York,17.0196,True,False,False,True,False,False,False,False,True,False,7:00 AM to 7:00 PM,7:00 AM,7:00 PM,7:00 AM to 7:00 PM,7:00 AM,7:00 PM,7:00 AM to 7:00 PM,7:00 AM,7:00 PM,7:00 AM to 7:00 PM,7:00 AM,7:00 PM,7:00 AM to 7:00 PM,7:00 AM,7:00 PM,7:00 AM to 7:00 PM,7:00 AM,7:00 PM,7:00 AM to 7:00 PM,7:00 AM,7:00 PM,NOT_ELIGIBLE,False
76308-96580,12383,Target Sanford 1966,LS,1201 W P Ball Blvd,Sanford,FL,32771,US,28.79863,-81.33393,+1 407-547-0007,False,False,False,Opens Thursday at 8:00 AM,Open today from 8:00 AM - 8:00 PM,target-sanford-1966-1201-w-p-ball-blvd-sanford-fl-32771-us,GMT-04:00 America/New_York,17.1607,True,False,False,True,True,False,True,False,True,False,8:00 AM to 8:00 PM,8:00 AM,8:00 PM,8:00 AM to 8:00 PM,8:00 AM,8:00 PM,8:00 AM to 8:00 PM,8:00 AM,8:00 PM,8:00 AM to 8:00 PM,8:00 AM,8:00 PM,8:00 AM to 8:00 PM,8:00 AM,8:00 PM,8:00 AM to 8:00 PM,8:00 AM,8:00 PM,8:00 AM to 8:00 PM,8:00 AM,8:00 PM,NOT_ELIGIBLE,False
29899-254776,1017336,US 441 & David Walker,CO,15439 US Hwy 441,Eustis,FL,32726,US,28.82253,-81.70172,+1 352-973-2370,True,False,False,Open until 8:00 PM,Open today from 5:00 AM - 8:00 PM,us-441-david-walker-15439-us-hwy-441-eustis-fl-327268321-us,GMT-04:00 America/New_York,17.2976,True,True,True,True,True,True,True,True,True,True,5:00 AM to 8:00 PM,5:00 AM,8:00 PM,5:00 AM to 8:00 PM,5:00 AM,8:00 PM,5:00 AM to 8:00 PM,5:00 AM,8:00 PM,5:00 AM to 8:00 PM,5:00 AM,8:00 PM,5:00 AM to 8:00 PM,5:00 AM,8:00 PM,5:00 AM to 8:00 PM,5:00 AM,8:00 PM,5:00 AM to 8:00 PM,5:00 AM,8:00 PM,READY,True
26675-244912,1014564,International Pkwy & Heathrow,CO,910 International Pkwy,Lake Mary,FL,32746,US,28.77887,-81.35772,+1 321-370-0446,True,False,False,Open until 10:00 PM,Open today from 5:00 AM - 10:00 PM,international-pkwy-heathrow-910-international-pkwy-lake-mary-fl-327465219-us,GMT-04:00 America/New_York,17.5362,True,True,True,True,True,True,True,True,True,True,5:00 AM to 10:00 PM,5:00 AM,10:00 PM,5:00 AM to 10:00 PM,5:00 AM,10:00 PM,5:00 AM to 10:00 PM,5:00 AM,10:00 PM,5:00 AM to 10:00 PM,5:00 AM,10:00 PM,5:00 AM to 10:00 PM,5:00 AM,10:00 PM,5:00 AM to 10:00 PM,5:00 AM,10:00 PM,5:00 AM to 10:00 PM,5:00 AM,10:00 PM,READY,True
8269-240786,1014161,Lake Mary & Sun,CO,850 S Sun Dr,Lake Mary,FL,32746,US,28.75561,-81.35283,+1 407-804-9117,True,False,False,Open until 10:00 PM,Open today from 4:30 AM - 10:00 PM,lake-mary-sun-850-s-sun-dr-ste-100-lake-mary-fl-327462065-us,GMT-04:00 America/New_York,19.0895,True,True,True,True,True,True,True,True,True,True,4:30 AM to 10:00 PM,4:30 AM,10:00 PM,4:30 AM to 10:00 PM,4:30 AM,10:00 PM,4:30 AM to 10:00 PM,4:30 AM,10:00 PM,4:30 AM to 10:00 PM,4:30 AM,10:00 PM,4:30 AM to 10:00 PM,4:30 AM,10:00 PM,4:30 AM to 10:00 PM,4:30 AM,10:00 PM,4:30 AM to 10:00 PM,4:30 AM,10:00 PM,READY,True
61456-295085,1027792,Target Lake Mary 845,LS,4155 W Lake Mary Blvd,Lake Mary,FL,32746,US,28.75449,-81.34832,+1 407-330-9330,False,False,False,Opens Thursday at 8:00 AM,Open today from 8:00 AM - 8:00 PM,target-lake-mary-845-4155-w-lake-mary-blvd-lake-mary-fl-32746-us,GMT-04:00 America/New_York,19.2863,True,False,False,True,True,False,True,False,True,False,8:00 AM to 8:00 PM,8:00 AM,8:00 PM,8:00 AM to 8:00 PM,8:00 AM,8:00 PM,8:00 AM to 8:00 PM,8:00 AM,8:00 PM,8:00 AM to 8:00 PM,8:00 AM,8:00 PM,8:00 AM to 8:00 PM,8:00 AM,8:00 PM,8:00 AM to 8:00 PM,8:00 AM,8:00 PM,8:00 AM to 8:00 PM,8:00 AM,8:00 PM,NOT_ELIGIBLE,False
63127-293401,1039043,Rock Springs & Welch,CO,1560 Rock Springs Rd,Apopka,FL,32712,US,28.70692,-81.50971,+1 407-753-4719,True,False,False,Open until 9:30 PM,Open today from 5:00 AM - 9:30 PM,rock-springs-welch-1560-rock-springs-rd-apopka-fl-327122232-us,GMT-04:00 America/New_York,20.2584,True,True,True,True,True,True,True,True,True,True,5:00 AM to 9:30 PM,5:00 AM,9:30 PM,5:00 AM to 9:30 PM,5:00 AM,9:30 PM,5:00 AM to 9:00 PM,5:00 AM,9:00 PM,5:00 AM to 9:00 PM,5:00 AM,9:00 PM,5:00 AM to 9:30 PM,5:00 AM,9:30 PM,5:00 AM to 9:30 PM,5:00 AM,9:30 PM,5:00 AM to 9:30 PM,5:00 AM,9:30 PM,READY,True
81065-307689,1052239,US 17-92 & Lake Mary Blvd,CO,3764 S Orlando Dr,Sanford,FL,32773,US,28.75981,-81.28662,+1 689-315-1940,True,False,False,Open until 9:00 PM,Open today from 5:00 AM - 9:00 PM,us-17-92-lake-mary-blvd-3764-s-orlando-dr-sanford-fl-327735614-us,GMT-04:00 America/New_York,21.0254,True,True,True,True,True,False,True,False,False,True,5:00 AM to 9:00 PM,5:00 AM,9:00 PM,5:00 AM to 9:00 PM,5:00 AM,9:00 PM,5:00 AM to 9:00 PM,5:00 AM,9:00 PM,5:00 AM to 9:00 PM,5:00 AM,9:00 PM,5:00 AM to 9:00 PM,5:00 AM,9:00 PM,5:00 AM to 9:00 PM,5:00 AM,9:00 PM,5:00 AM to 9:00 PM,5:00 AM,9:00 PM,READY,True
56720-289936,1025430,Leesburg & Lakes Blvd,CO,10670 US Hwy 441,Leesburg,FL,34788,US,28.82071,-81.78092,+1 352-431-5187,True,False,False,Open until 8:00 PM,Open today from 4:30 AM - 8:00 PM,leesburg-lakes-blvd-10670-us-hwy-441-leesburg-fl-347887221-us,GMT-04:00 America/New_York,21.0272,True,True,True,True,True,True,True,True,True,True,4:30 AM to 8:00 PM,4:30 AM,8:00 PM,4:30 AM to 8:00 PM,4:30 AM,8:00 PM,4:30 AM to 8:00 PM,4:30 AM,8:00 PM,4:30 AM to 8:00 PM,4:30 AM,8:00 PM,4:30 AM to 8:00 PM,4:30 AM,8:00 PM,4:30 AM to 8:00 PM,4:30 AM,8:00 PM,4:30 AM to 8:00 PM,4:30 AM,8:00 PM,READY,True
80437-309323,1045305,Courtland Blvd & Ft Smith,CO,601 Courtland Blvd,Deltona,FL,32738,US,28.87909,-81.17831,+1 386-378-3010,True,False,False,Open until 8:00 PM,Open today from 5:00 AM - 8:00 PM,courtland-blvd-ft-smith-601-courtland-blvd-deltona-fl-327388904-us,GMT-04:00 America/New_York,21.1693,True,True,True,True,True,True,True,True,True,True,5:00 AM to 8:00 PM,5:00 AM,8:00 PM,5:00 AM to 8:00 PM,5:00 AM,8:00 PM,5:00 AM to 8:00 PM,5:00 AM,8:00 PM,5:00 AM to 8:00 PM,5:00 AM,8:00 PM,5:00 AM to 8:00 PM,5:00 AM,8:00 PM,5:00 AM to 8:00 PM,5:00 AM,8:00 PM,5:00 AM to 8:00 PM,5:00 AM,8:00 PM,READY,True
85857-314617,8585700,FL-19 & Slim Haywood Ave,CO,2046 SR 19,Tavares,FL,32778,US,28.78399,-81.74918,+1 352-451-0330,True,False,False,Open until 8:00 PM,Open today from 5:00 AM - 8:00 PM,fl-19-slim-haywood-ave-2046-sr-19-tavares-fl-32778-us,GMT-04:00 America/New_York,21.2125,True,True,True,True,True,True,True,True,True,True,5:00 AM to 8:00 PM,5:00 AM,8:00 PM,5:00 AM to 8:00 PM,5:00 AM,8:00 PM,5:00 AM to 8:00 PM,5:00 AM,8:00 PM,5:00 AM to 8:00 PM,5:00 AM,8:00 PM,5:00 AM to 8:00 PM,5:00 AM,8:00 PM,5:00 AM to 8:00 PM,5:00 AM,8:00 PM,5:00 AM to 8:00 PM,5:00 AM,8:00 PM,READY,True
53563-282124,1022786,W. SR 434 & Raymond Ave,CO,1951 W State Road 434,Longwood,FL,32750,US,28.69205,-81.38705,+1 407-262-0081,True,False,False,Open until 9:00 PM,Open today from 5:00 AM - 9:00 PM,w-sr-434-raymond-ave-1951-w-state-road-434-longwood-fl-327506015-us,GMT-04:00 America/New_York,22.3484,True,True,True,True,True,True,True,True,True,True,5:00 AM to 9:00 PM,5:00 AM,9:00 PM,5:00 AM to 9:00 PM,5:00 AM,9:00 PM,5:00 AM to 9:00 PM,5:00 AM,9:00 PM,5:00 AM to 9:00 PM,5:00 AM,9:00 PM,5:00 AM to 9:00 PM,5:00 AM,9:00 PM,5:00 AM to 9:00 PM,5:00 AM,9:00 PM,5:00 AM to 9:00 PM,5:00 AM,9:00 PM,READY,True
11037-97631,18339,W SR 434 & Springs Centre Blvd,CO,1195 Spring Ctr S Blvd,Altamonte Springs,FL,32714,US,28.68806,-81.39249,+1 407-682-1136,True,False,False,Open until 10:00 PM,Open today from 4:30 AM - 10:00 PM,w-sr-434-springs-centre-blvd-1195-spring-ctr-s-blvd-altamonte-springs-fl-327141,GMT-04:00 America/New_York,22.5137,True,True,True,True,True,True,True,True,True,True,4:30 AM to 10:00 PM,4:30 AM,10:00 PM,4:30 AM to 10:00 PM,4:30 AM,10:00 PM,4:30 AM to 9:30 PM,4:30 AM,9:30 PM,4:30 AM to 9:30 PM,4:30 AM,9:30 PM,4:30 AM to 10:00 PM,4:30 AM,10:00 PM,4:30 AM to 10:00 PM,4:30 AM,10:00 PM,4:30 AM to 10:00 PM,4:30 AM,10:00 PM,READY,True
84169-312529,1055358,Hwy 434 & Myrtle St,CO,406 Myrtle St,Longwood,FL,32750,US,28.69838,-81.34462,+1 407-530-3933,True,False,False,Open until 9:00 PM,Open today from 5:00 AM - 9:00 PM,hwy-434-myrtle-st-406-myrtle-st-longwood-fl-327505234-us,GMT-04:00 America/New_York,22.8632,True,True,True,True,True,False,True,False,False,True,5:00 AM to 9:00 PM,5:00 AM,9:00 PM,5:00 AM to 9:00 PM,5:00 AM,9:00 PM,5:00 AM to 9:00 PM,5:00 AM,9:00 PM,5:00 AM to 9:00 PM,5:00 AM,9:00 PM,5:00 AM to 9:00 PM,5:00 AM,9:00 PM,5:00 AM to 9:00 PM,5:00 AM,9:00 PM,5:00 AM to 9:00 PM,5:00 AM,9:00 PM,READY,True
57625-290855,1025850,N US Hwy 17-92 & Church,CO,306 N Highway 17 92,Longwood,FL,32750,US,28.70107,-81.32757,+1 321-207-0041,True,False,False,Open until 9:00 PM,Open today from 5:00 AM - 9:00 PM,n-us-hwy-17-92-church-306-n-highway-17-92-longwood-fl-327504410-us,GMT-04:00 America/New_York,23.1404,True,True,True,True,True,True,True,True,True,True,5:00 AM to 9:00 PM,5:00 AM,9:00 PM,5:00 AM to 9:00 PM,5:00 AM,9:00 PM,5:00 AM to 9:00 PM,5:00 AM,9:00 PM,5:00 AM to 9:00 PM,5:00 AM,9:00 PM,5:00 AM to 9:00 PM,5:00 AM,9:00 PM,5:00 AM to 9:00 PM,5:00 AM,9:00 PM,5:00 AM to 9:00 PM,5:00 AM,9:00 PM,READY,True
11956-98744,10533,Bear Lake Rd & SR 436,CO,3850 E SR 436,Apopka,FL,32703,US,28.66892,-81.44165,+1 407-389-0243,True,False,False,Open until 9:00 PM,Open today from 5:00 AM - 9:00 PM,bear-lake-rd-sr-436-3850-e-sr-436-apopka-fl-327036146-us,GMT-04:00 America/New_York,23.1464,True,True,True,True,True,True,True,True,True,True,5:00 AM to 9:00 PM,5:00 AM,9:00 PM,5:00 AM to 9:00 PM,5:00 AM,9:00 PM,5:00 AM to 9:00 PM,5:00 AM,9:00 PM,5:00 AM to 9:00 PM,5:00 AM,9:00 PM,5:00 AM to 9:00 PM,5:00 AM,9:00 PM,5:00 AM to 9:00 PM,5:00 AM,9:00 PM,5:00 AM to 9:00 PM,5:00 AM,9:00 PM,READY,True
24857-232566,1011092,Target Altamonte Springs 647,LS,886 W State Road,Altamonte Springs,FL,32714,US,28.66525,-81.41774,+1 407-788-7377,False,False,False,Opens Thursday at 8:00 AM,Open today from 8:00 AM - 8:00 PM,target-altamonte-springs-647-886-w-state-road-altamonte-springs-fl-32714-us,GMT-04:00 America/New_York,23.6588,True,False,False,True,False,False,True,False,True,False,8:00 AM to 8:00 PM,8:00 AM,8:00 PM,8:00 AM to 8:00 PM,8:00 AM,8:00 PM,8:00 AM to 8:00 PM,8:00 AM,8:00 PM,8:00 AM to 8:00 PM,8:00 AM,8:00 PM,8:00 AM to 8:00 PM,8:00 AM,8:00 PM,8:00 AM to 8:00 PM,8:00 AM,8:00 PM,8:00 AM to 8:00 PM,8:00 AM,8:00 PM,NOT_ELIGIBLE,False
9907-98589,14530,US 441 & Hiawassee Rd,CO,1720 S Orange Blossom Trl,Apopka,FL,32703,US,28.65104,-81.46727,+1 407-889-7492,True,False,False,Open until 9:00 PM,Open today from 5:00 AM - 9:00 PM,us-441-hiawassee-rd-1720-s-orange-blossom-trl-apopka-fl-327037745-us,GMT-04:00 America/New_York,24.1921,True,True,True,True,True,True,True,True,True,True,5:00 AM to 9:00 PM,5:00 AM,9:00 PM,5:00 AM to 9:00 PM,5:00 AM,9:00 PM,5:00 AM to 9:00 PM,5:00 AM,9:00 PM,5:00 AM to 9:00 PM,5:00 AM,9:00 PM,5:00 AM to 9:00 PM,5:00 AM,9:00 PM,5:00 AM to 9:00 PM,5:00 AM,9:00 PM,5:00 AM to 9:00 PM,5:00 AM,9:00 PM,READY,True
76464-97608,9752,Target Casselberry 898,LS,4410 S USHwy 17-92,Casselberry,FL,32707,US,28.67131,-81.34039,+1 770-830-7979,False,False,False,Opens Thursday at 8:00 AM,Open today from 8:00 AM - 8:00 PM,target-casselberry-898-4410-s-us-hwy-17-92-casselberry-fl-327073290-us,GMT-04:00 America/New_York,24.6796,True,False,False,True,True,False,True,False,True,False,8:00 AM to 8:00 PM,8:00 AM,8:00 PM,8:00 AM to 8:00 PM,8:00 AM,8:00 PM,8:00 AM to 8:00 PM,8:00 AM,8:00 PM,8:00 AM to 8:00 PM,8:00 AM,8:00 PM,8:00 AM to 8:00 PM,8:00 AM,8:00 PM,8:00 AM to 8:00 PM,8:00 AM,8:00 PM,8:00 AM to 8:00 PM,8:00 AM,8:00 PM,NOT_ELIGIBLE,False
11387-302770,17742,Hwy 436 & Maitland Ave,CO,750 E Altamonte Dr,Altamonte Springs,FL,32701,US,28.66258,-81.36371,+1 407-339-1389,True,False,False,Open until 9:00 PM,Open today from 5:00 AM - 9:00 PM,hwy-436-maitland-ave-750-e-altamonte-dr-unit-3-altamonte-springs-fl-327,GMT-04:00 America/New_York,24.73,True,True,True,True,True,True,True,True,True,True,5:00 AM to 9:00 PM,5:00 AM,9:00 PM,5:00 AM to 9:00 PM,5:00 AM,9:00 PM,5:00 AM to 9:00 PM,5:00 AM,9:00 PM,5:00 AM to 9:00 PM,5:00 AM,9:00 PM,5:00 AM to 9:00 PM,5:00 AM,9:00 PM,5:00 AM to 9:00 PM,5:00 AM,9:00 PM,5:00 AM to 9:00 PM,5:00 AM,9:00 PM,READY,True
62906-295007,1029835,A1A & S. Cooper,CO,491 E 3rd Ave,New Smyrna,FL,32169,US,29.02843,-80.89962,+1 386-282-1514,True,False,False,Open until 8:00 PM,Open today from 5:00 AM - 8:00 PM,a-1-a-s-cooper-491-e-3rd-ave-new-smyrna-fl-321693169-us,GMT-04:00 America/New_York,9.2513,True,True,True,True,True,True,True,True,True,True,5:00 AM to 8:00 PM,5:00 AM,8:00 PM,5:00 AM to 8:00 PM,5:00 AM,8:00 PM,5:00 AM to 8:00 PM,5:00 AM,8:00 PM,5:00 AM to 8:00 PM,5:00 AM,8:00 PM,5:00 AM to 8:00 PM,5:00 AM,8:00 PM,5:00 AM to 8:00 PM,5:00 AM,8:00 PM,5:00 AM to 8:00 PM,5:00 AM,8:00 PM,READY,True
68270-301484,1039789,SR 44 & Eddie Rd,CO,1906 State Road 44,New Smyrna Beach,FL,32168,US,29.01321,-80.9475,+1 386-957-9667,True,False,False,Open until 8:00 PM,Open today from 5:00 AM - 8:00 PM,sr-44-eddie-rd-1906-state-road-44-new-smyrna-beach-fl-321688345-u,GMT-04:00 America/New_York,11.9691,True,True,True,True,True,True,True,True,True,True,5:00 AM to 8:00 PM,5:00 AM,8:00 PM,5:00 AM to 8:00 PM,5:00 AM,8:00 PM,5:00 AM to 8:00 PM,5:00 AM,8:00 PM,5:00 AM to 8:00 PM,5:00 AM,8:00 PM,5:00 AM to 8:00 PM,5:00 AM,8:00 PM,5:00 AM to 8:00 PM,5:00 AM,8:00 PM,5:00 AM to 8:00 PM,5:00 AM,8:00 PM,READY,True
28075-247866,1015760,421 & Peninsula (DB Shores),CO,102 Dunlawton Blvd,Daytona Beach Shores,FL,32118,US,29.15001,-80.97106,+1 386-281-7468,True,False,False,Open until 8:00 PM,Open today from 5:00 AM - 8:00 PM,421-peninsula-db-shores-102-dunlawton-blvd-daytona-beach-shores-fl-3211876,GMT-04:00 America/New_York,16.9004,True,True,True,True,True,True,True,True,True,True,5:00 AM to 8:00 PM,5:00 AM,8:00 PM,5:00 AM to 8:00 PM,5:00 AM,8:00 PM,5:00 AM to 8:00 PM,5:00 AM,8:00 PM,5:00 AM to 8:00 PM,5:00 AM,8:00 PM,5:00 AM to 8:00 PM,5:00 AM,8:00 PM,5:00 AM to 8:00 PM,5:00 AM,8:00 PM,5:00 AM to 8:00 PM,5:00 AM,8:00 PM,READY,True
17382-171724,91093,Dunlawton & Yorktowne (Port Or,CO,1731 Dunlawton Ave,Port Orange,FL,32127,US,29.11117,-81.02656,+1 386-756-2428,True,False,False,Open until 9:00 PM,Open today from 5:00 AM - 9:00 PM,dunlawton-yorktowne-port-or-1731-dunlawton-ave-ste-101-port-orange-fl-32127471,GMT-04:00 America/New_York,18.3851,True,True,True,True,True,True,True,True,True,True,5:00 AM to 9:00 PM,5:00 AM,9:00 PM,5:00 AM to 9:00 PM,5:00 AM,9:00 PM,5:00 AM to 9:00 PM,5:00 AM,9:00 PM,5:00 AM to 9:00 PM,5:00 AM,9:00 PM,5:00 AM to 9:00 PM,5:00 AM,9:00 PM,5:00 AM to 9:00 PM,5:00 AM,9:00 PM,5:00 AM to 9:00 PM,5:00 AM,9:00 PM,READY,True
76108-79280,12914,Target Port Orange 1795,LS,1771 Dunlawton Ave,Port Orange,FL,32127,US,29.11009,-81.0282,+1 386-322-1348,False,False,False,Opens Thursday at 8:00 AM,Open today from 8:00 AM - 8:00 PM,target-port-orange-1795-1771-dunlawton-ave-port-orange-fl-321274757-us,GMT-04:00 America/New_York,18.4443,True,False,False,True,True,False,True,False,True,False,8:00 AM to 8:00 PM,8:00 AM,8:00 PM,8:00 AM to 8:00 PM,8:00 AM,8:00 PM,8:00 AM to 8:00 PM,8:00 AM,8:00 PM,8:00 AM to 8:00 PM,8:00 AM,8:00 PM,8:00 AM to 8:00 PM,8:00 AM,8:00 PM,8:00 AM to 8:00 PM,8:00 AM,8:00 PM,8:00 AM to 8:00 PM,8:00 AM,8:00 PM,NOT_ELIGIBLE,False
78306-305014,1044122,Hilton Daytona Beach,LS,100 N ATLANTIC AVE,DAYTONA BEACH,FL,32118,US,29.22855,-81.00877,+1 386-947-8034,True,False,False,Open until 6:00 PM,Open today from 6:00 AM - 6:00 PM,hilton-daytona-beach-100-n-atlantic-ave-daytona-beach-fl-32118-us,GMT-04:00 America/New_York,22.2116,True,False,True,True,True,False,True,False,True,False,6:00 AM to 6:00 PM,6:00 AM,6:00 PM,6:00 AM to 6:00 PM,6:00 AM,6:00 PM,6:00 AM to 6:00 PM,6:00 AM,6:00 PM,6:00 AM to 6:00 PM,6:00 AM,6:00 PM,6:00 AM to 6:00 PM,6:00 AM,6:00 PM,6:00 AM to 6:00 PM,6:00 AM,6:00 PM,6:00 AM to 6:00 PM,6:00 AM,6:00 PM,READY,False
78092-119269,7676,Embry Riddle Student Union,LS,600 S Clyde Morris Blvd,Daytona Beach,FL,32114,US,29.18825,-81.04926,+1 386-226-6784,True,False,False,Open until 10:00 PM,Open today from 6:00 AM - 10:00 PM,embry-riddle-student-union-600-s-clyde-morris-blvd-daytona-beach-fl-321143966,GMT-04:00 America/New_York,22.2627,True,False,True,True,False,False,True,False,True,False,6:00 AM to 10:00 PM,6:00 AM,10:00 PM,6:00 AM to 6:00 PM,6:00 AM,6:00 PM,1:00 PM to 6:00 PM,1:00 PM,6:00 PM,1:00 PM to 10:00 PM,1:00 PM,10:00 PM,6:00 AM to 10:00 PM,6:00 AM,10:00 PM,6:00 AM to 10:00 PM,6:00 AM,10:00 PM,6:00 AM to 10:00 PM,6:00 AM,10:00 PM,READY,False
13970-109626,1008720,ISB & Clyde Morris,CO,1388 W International Speedway Blvd,Daytona Beach,FL,32114,US,29.1972,-81.05647,+1 386-323-0471,True,False,False,Open until 9:00 PM,Open today from 4:30 AM - 9:00 PM,isb-clyde-morris-1388-w-international-speedway-blvd-suite-100-dayto,GMT-04:00 America/New_York,22.9779,True,True,True,True,True,False,True,True,True,True,4:30 AM to 9:00 PM,4:30 AM,9:00 PM,4:30 AM to 9:00 PM,4:30 AM,9:00 PM,4:30 AM to 9:00 PM,4:30 AM,9:00 PM,4:30 AM to 9:00 PM,4:30 AM,9:00 PM,4:30 AM to 9:00 PM,4:30 AM,9:00 PM,4:30 AM to 9:00 PM,4:30 AM,9:00 PM,4:30 AM to 9:00 PM,4:30 AM,9:00 PM,READY,True
76336-89123,14433,Target Daytona Beach 688,LS,2380 W International Spdwy Blvd,Daytona Beach,FL,32114,US,29.18349,-81.07972,+1 386-257-4778,False,False,False,Opens Thursday at 8:00 AM,Open today from 8:00 AM - 8:00 PM,target-daytona-beach-688-2380-w-international-spdwy-blvd-daytona-beach-fl-3,GMT-04:00 America/New_York,23.6016,True,False,False,True,False,False,True,False,True,False,8:00 AM to 8:00 PM,8:00 AM,8:00 PM,8:00 AM to 8:00 PM,8:00 AM,8:00 PM,8:00 AM to 8:00 PM,8:00 AM,8:00 PM,8:00 AM to 8:00 PM,8:00 AM,8:00 PM,8:00 AM to 8:00 PM,8:00 AM,8:00 PM,8:00 AM to 8:00 PM,8:00 AM,8:00 PM,8:00 AM to 8:00 PM,8:00 AM,8:00 PM,NOT_ELIGIBLE,False
10647-101185,8454,I-10 & Hwy 46,CO,35065 IH 10 W,Boerne,TX,78006,US,29.77839,-98.73748,+1 830-249-0728,True,False,False,Open until 9:00 PM,Open today from 4:30 AM - 9:00 PM,i-10-hwy-46-35065-ih-10-w-boerne-tx-780069263-us,GMT-05:00 America/Chicago,2.1004,True,True,True,True,True,False,True,False,True,True,4:30 AM to 9:00 PM,4:30 AM,9:00 PM,4:30 AM to 9:00 PM,4:30 AM,9:00 PM,4:30 AM to 9:00 PM,4:30 AM,9:00 PM,4:30 AM to 9:00 PM,4:30 AM,9:00 PM,4:30 AM to 9:00 PM,4:30 AM,9:00 PM,4:30 AM to 9:00 PM,4:30 AM,9:00 PM,4:30 AM to 9:00 PM,4:30 AM,9:00 PM,READY,True
6340-219924,1014648,I-10 & Cielo Vista,CO,23783 IH-10 W,San Antonio,TX,78257,US,29.66347,-98.63165,+1 210-698-9527,True,False,False,Open until 9:00 PM,Open today from 4:30 AM - 9:00 PM,i-10-cielo-vista-23783-ih-10-w-san-antonio-tx-782571157-us,GMT-05:00 America/Chicago,9.2838,True,True,True,True,True,False,True,False,True,True,4:30 AM to 9:00 PM,4:30 AM,9:00 PM,4:30 AM to 9:00 PM,4:30 AM,9:00 PM,5:00 AM to 9:00 PM,5:00 AM,9:00 PM,5:00 AM to 9:00 PM,5:00 AM,9:00 PM,4:30 AM to 9:00 PM,4:30 AM,9:00 PM,4:30 AM to 9:00 PM,4:30 AM,9:00 PM,4:30 AM to 9:00 PM,4:30 AM,9:00 PM,READY,True
16904-154405,87500,I-10 & Worth Parkway at The Ri,CO,6028 Worth Parkway,San Antonio,TX,78257,US,29.61273,-98.60223,+1 210-641-2574,True,False,False,Open until 10:00 PM,Open today from 4:30 AM - 10:00 PM,i-10-worth-parkway-at-the-ri-6028-worth-parkway-106-san-antonio-tx-782575071-us,GMT-05:00 America/Chicago,12.986,True,True,True,True,True,False,True,False,True,True,4:30 AM to 10:00 PM,4:30 AM,10:00 PM,4:30 AM to 10:00 PM,4:30 AM,10:00 PM,5:00 AM to 10:30 PM,5:00 AM,10:30 PM,5:00 AM to 10:30 PM,5:00 AM,10:30 PM,4:30 AM to 10:00 PM,4:30 AM,10:00 PM,4:30 AM to 10:00 PM,4:30 AM,10:00 PM,4:30 AM to 10:00 PM,4:30 AM,10:00 PM,READY,True
10577-98192,7103,The Shops at LaCantera,CO,15900 LaCantera Parkway Bldg 3,San Antonio,TX,78256,US,29.59498,-98.61525,+1 210-877-6025,False,False,False,Opens Thursday at 7:30 AM,Open today from 7:30 AM - 8:00 PM,the-shops-at-la-cantera-15900-la-cantera-parkway-bldg-3-3440-san-antonio-t,GMT-05:00 America/Chicago,13.4224,True,False,True,True,True,False,True,False,True,True,7:30 AM to 8:00 PM,7:30 AM,8:00 PM,7:30 AM to 8:30 PM,7:30 AM,8:30 PM,7:30 AM to 8:30 PM,7:30 AM,8:30 PM,8:30 AM to 6:30 PM,8:30 AM,6:30 PM,7:30 AM to 8:00 PM,7:30 AM,8:00 PM,7:30 AM to 8:00 PM,7:30 AM,8:00 PM,7:30 AM to 8:00 PM,7:30 AM,8:00 PM,NOT_READY,True
76704-100231,10103,Target La Cantera 2187,LS,17502 La Cantera Pkwy,San Antonio,TX,78257,US,29.60643,-98.59696,+1 210-247-0113,False,False,False,Opens Thursday at 8:00 AM,Open today from 8:00 AM - 8:00 PM,target-la-cantera-2187-17502-la-cantera-pkwy-the-rim-shopping-center-san-,GMT-05:00 America/Chicago,13.5204,True,False,False,True,True,False,True,False,True,False,8:00 AM to 8:00 PM,8:00 AM,8:00 PM,8:00 AM to 8:00 PM,8:00 AM,8:00 PM,8:00 AM to 8:00 PM,8:00 AM,8:00 PM,8:00 AM to 8:00 PM,8:00 AM,8:00 PM,8:00 AM to 8:00 PM,8:00 AM,8:00 PM,8:00 AM to 8:00 PM,8:00 AM,8:00 PM,8:00 AM to 8:00 PM,8:00 AM,8:00 PM,NOT_ELIGIBLE,False
10472-100443,7787,Bandera & Leslie,CO,12577 Bandera Rd,Helotes,TX,78023,US,29.56036,-98.67961,+1 210-372-9265,True,False,False,Open until 8:00 PM,Open today from 4:30 AM - 8:00 PM,bandera-leslie-12577-bandera-rd-helotes-tx-780234744-us,GMT-05:00 America/Chicago,13.7676,True,True,True,True,True,False,True,False,True,True,4:30 AM to 8:00 PM,4:30 AM,8:00 PM,4:30 AM to 8:00 PM,4:30 AM,8:00 PM,5:00 AM to 8:00 PM,5:00 AM,8:00 PM,5:00 AM to 8:00 PM,5:00 AM,8:00 PM,4:30 AM to 8:00 PM,4:30 AM,8:00 PM,4:30 AM to 8:00 PM,4:30 AM,8:00 PM,4:30 AM to 8:00 PM,4:30 AM,8:00 PM,READY,True
24306-236990,1009853,1604 & Hausman,CO,8338 N Loop 1604 W,San Antonio,TX,78249,US,29.56967,-98.65029,+1 210-896-2444,True,False,False,Open until 9:00 PM,Open today from 5:00 AM - 9:00 PM,1604-hausman-8338-n-loop-1604-w-san-antonio-tx-782493481-us,GMT-05:00 America/Chicago,13.8232,True,True,True,True,True,False,True,False,True,True,5:00 AM to 9:00 PM,5:00 AM,9:00 PM,5:00 AM to 9:00 PM,5:00 AM,9:00 PM,5:00 AM to 9:30 PM,5:00 AM,9:30 PM,5:00 AM to 9:30 PM,5:00 AM,9:30 PM,5:00 AM to 9:00 PM,5:00 AM,9:00 PM,5:00 AM to 9:00 PM,5:00 AM,9:00 PM,5:00 AM to 9:00 PM,5:00 AM,9:00 PM,READY,True
7103-153906,19344,Univ. of Texas San Antonio Lib,LS,1 UTSA Cir - John Peace Library,San Antonio,TX,78249,US,29.58416,-98.61791,+1 210-609-8528,False,False,False,Opens Thursday at 6:30 AM,Open today from 6:30 AM - 10:00 PM,univ-of-texas-san-antonio-lib-1-utsa-cir-john-peace-library-san-antonio-tx-78249,GMT-05:00 America/Chicago,13.935,True,False,True,True,True,False,True,False,True,False,6:30 AM to 10:00 PM,6:30 AM,10:00 PM,6:30 AM to 7:00 PM,6:30 AM,7:00 PM,10:00 AM to 7:00 PM,10:00 AM,7:00 PM,12:00 PM to 7:00 PM,12:00 PM,7:00 PM,6:30 AM to 10:00 PM,6:30 AM,10:00 PM,6:30 AM to 10:00 PM,6:30 AM,10:00 PM,6:30 AM to 10:00 PM,6:30 AM,10:00 PM,NOT_READY,False
6628-299019,1033550,Bandera @ N Loop 1604 W,CO,11646 Bandera Rd,San Antonio,TX,78250,US,29.55185,-98.66434,+1 210-509-4717,True,False,False,Open until 9:00 PM,Open today from 5:00 AM - 9:00 PM,bandera-n-loop-1604-w-11646-bandera-rd-san-antonio-tx-782506816-us,GMT-05:00 America/Chicago,14.6252,True,True,True,True,True,True,True,True,True,True,5:00 AM to 9:00 PM,5:00 AM,9:00 PM,5:00 AM to 9:00 PM,5:00 AM,9:00 PM,5:00 AM to 9:00 PM,5:00 AM,9:00 PM,5:00 AM to 9:00 PM,5:00 AM,9:00 PM,5:00 AM to 9:00 PM,5:00 AM,9:00 PM,5:00 AM to 9:00 PM,5:00 AM,9:00 PM,5:00 AM to 9:00 PM,5:00 AM,9:00 PM,READY,True
27864-248906,1022175,Loop 1604 & Vance Jackson,CO,5210 N 1604 W,San Antonio,TX,78249,US,29.59134,-98.58793,+1 210-558-3820,True,False,False,Open until 9:00 PM,Open today from 4:30 AM - 9:00 PM,loop-1604-vance-jackson-5210-n-1604-w-san-antonio-tx-78249-us,GMT-05:00 America/Chicago,14.6574,True,True,True,True,True,False,True,False,True,True,4:30 AM to 9:00 PM,4:30 AM,9:00 PM,4:30 AM to 9:00 PM,4:30 AM,9:00 PM,5:00 AM to 9:00 PM,5:00 AM,9:00 PM,5:00 AM to 9:00 PM,5:00 AM,9:00 PM,4:30 AM to 9:00 PM,4:30 AM,9:00 PM,4:30 AM to 9:00 PM,4:30 AM,9:00 PM,4:30 AM to 9:00 PM,4:30 AM,9:00 PM,READY,True
72627-32320,11927,Target San Antonio 1785,LS,11311 Bandera Rd,San Antonio,TX,78250,US,29.54785,-98.66357,+1 210-682-2253,False,False,False,Opens Thursday at 8:00 AM,Open today from 8:00 AM - 8:00 PM,target-san-antonio-1785-11311-bandera-rd-san-antonio-tx-782506812-us,GMT-05:00 America/Chicago,14.9003,True,False,False,True,False,False,True,False,True,False,8:00 AM to 8:00 PM,8:00 AM,8:00 PM,8:00 AM to 8:00 PM,8:00 AM,8:00 PM,8:00 AM to 8:00 PM,8:00 AM,8:00 PM,8:00 AM to 8:00 PM,8:00 AM,8:00 PM,8:00 AM to 8:00 PM,8:00 AM,8:00 PM,8:00 AM to 8:00 PM,8:00 AM,8:00 PM,8:00 AM to 8:00 PM,8:00 AM,8:00 PM,NOT_ELIGIBLE,False
6208-292073,1028554,I 10 & UTSA,CO,13670 IH 10 West,San Antonio,TX,78249,US,29.57413,-98.59552,+1 210-641-7242,True,False,False,Open until 10:00 PM,Open today from 4:30 AM - 10:00 PM,i-10-utsa-13670-ih-10-west-san-antonio-tx-782492258-us,GMT-05:00 America/Chicago,15.2866,True,True,True,True,True,False,True,False,True,True,4:30 AM to 10:00 PM,4:30 AM,10:00 PM,4:30 AM to 10:00 PM,4:30 AM,10:00 PM,4:30 AM to 10:00 PM,4:30 AM,10:00 PM,4:30 AM to 10:00 PM,4:30 AM,10:00 PM,4:30 AM to 10:00 PM,4:30 AM,10:00 PM,4:30 AM to 10:00 PM,4:30 AM,10:00 PM,4:30 AM to 10:00 PM,4:30 AM,10:00 PM,READY,True
20133-180844,1005369,1604 & NW Military,CO,16852 NW Military Hwy,Shavano Park,TX,78231,US,29.599,-98.56279,+1 210-492-1188,True,False,False,Open until 10:00 PM,Open today from 4:30 AM - 10:00 PM,1604-nw-military-16852-nw-military-hwy-shavano-park-tx-782311275-us,GMT-05:00 America/Chicago,15.3348,True,True,True,True,True,False,True,False,True,True,4:30 AM to 10:00 PM,4:30 AM,10:00 PM,4:30 AM to 10:00 PM,4:30 AM,10:00 PM,5:00 AM to 9:00 PM,5:00 AM,9:00 PM,5:00 AM to 9:00 PM,5:00 AM,9:00 PM,4:30 AM to 10:00 PM,4:30 AM,10:00 PM,4:30 AM to 10:00 PM,4:30 AM,10:00 PM,4:30 AM to 10:00 PM,4:30 AM,10:00 PM,READY,True
18392-180845,113982,1604 & Braun,CO,9950 W Loop 1604 N,San Antonio,TX,78254,US,29.53489,-98.68143,+1 210-688-9553,True,False,False,Open until 9:00 PM,Open today from 4:30 AM - 9:00 PM,1604-braun-9950-w-loop-1604-n-san-antonio-tx-782545553-us,GMT-05:00 America/Chicago,15.4225,True,True,True,True,True,False,True,False,True,True,4:30 AM to 9:00 PM,4:30 AM,9:00 PM,4:30 AM to 9:00 PM,4:30 AM,9:00 PM,5:00 AM to 9:00 PM,5:00 AM,9:00 PM,5:00 AM to 9:00 PM,5:00 AM,9:00 PM,4:30 AM to 9:00 PM,4:30 AM,9:00 PM,4:30 AM to 9:00 PM,4:30 AM,9:00 PM,4:30 AM to 9:00 PM,4:30 AM,9:00 PM,READY,True
49766-271052,1019781,Loop 1604 & Shaenfield Rd,CO,8110 W Loop 1604 N,San Antonio,TX,78254,US,29.51522,-98.6935,+1 210-688-9263,True,False,False,Open until 9:00 PM,Open today from 4:30 AM - 9:00 PM,loop-1604-shaenfield-rd-8110-w-loop-1604-n-san-antonio-tx-782542104-us,GMT-05:00 America/Chicago,16.5728,True,True,True,True,True,False,True,False,True,True,4:30 AM to 9:00 PM,4:30 AM,9:00 PM,4:30 AM to 9:00 PM,4:30 AM,9:00 PM,5:00 AM to 9:00 PM,5:00 AM,9:00 PM,5:00 AM to 9:00 PM,5:00 AM,9:00 PM,4:30 AM to 9:00 PM,4:30 AM,9:00 PM,4:30 AM to 9:00 PM,4:30 AM,9:00 PM,4:30 AM to 9:00 PM,4:30 AM,9:00 PM,READY,True
26159-243773,1018750,1604 & Huebner,CO,1858 N. Loop 1604 West,San Antonio,TX,78248,US,29.60759,-98.52243,+1 210-419-4878,True,False,False,Open until 9:00 PM,Open today from 4:30 AM - 9:00 PM,1604-huebner-1858-n-loop-1604-west-san-antonio-tx-782484520-us,GMT-05:00 America/Chicago,16.8356,True,True,True,True,True,False,True,False,True,True,4:30 AM to 9:00 PM,4:30 AM,9:00 PM,4:30 AM to 9:00 PM,4:30 AM,9:00 PM,5:00 AM to 9:00 PM,5:00 AM,9:00 PM,5:00 AM to 9:00 PM,5:00 AM,9:00 PM,4:30 AM to 9:00 PM,4:30 AM,9:00 PM,4:30 AM to 9:00 PM,4:30 AM,9:00 PM,4:30 AM to 9:00 PM,4:30 AM,9:00 PM,READY,True
72640-32360,8915,Target San Antonio 1354,LS,18255 Blanco Rd,San Antonio,TX,78258,US,29.61174,-98.51055,+1 210-764-7876,False,False,False,Opens Thursday at 7:00 AM,Open today from 7:00 AM - 8:00 PM,target-san-antonio-1354-18255-blanco-rd-san-antonio-tx-782584585-us,GMT-05:00 America/Chicago,17.2586,True,False,False,True,True,False,True,False,True,False,7:00 AM to 8:00 PM,7:00 AM,8:00 PM,7:00 AM to 8:00 PM,7:00 AM,8:00 PM,7:00 AM to 8:00 PM,7:00 AM,8:00 PM,7:00 AM to 8:00 PM,7:00 AM,8:00 PM,7:00 AM to 8:00 PM,7:00 AM,8:00 PM,7:00 AM to 8:00 PM,7:00 AM,8:00 PM,7:00 AM to 8:00 PM,7:00 AM,8:00 PM,NOT_ELIGIBLE,False
23900-233625,1009542,Vance Jackson & Huebner,CO,12055 Vance Jackson,San Antonio,TX,78230,US,29.55263,-98.57263,+1 210-845-6626,True,False,False,Open until 9:00 PM,Open today from 5:00 AM - 9:00 PM,vance-jackson-huebner-12055-vance-jackson-ste-201-san-antonio-tx-7823060,GMT-05:00 America/Chicago,17.303,True,True,True,True,True,True,True,True,True,True,5:00 AM to 9:00 PM,5:00 AM,9:00 PM,5:00 AM to 9:00 PM,5:00 AM,9:00 PM,5:00 AM to 9:00 PM,5:00 AM,9:00 PM,5:00 AM to 9:00 PM,5:00 AM,9:00 PM,5:00 AM to 9:00 PM,5:00 AM,9:00 PM,5:00 AM to 9:00 PM,5:00 AM,9:00 PM,5:00 AM to 9:00 PM,5:00 AM,9:00 PM,READY,True
20757-186525,1007394,Stone Oak & Evans,CO,20138 Stone Oak Pkwy,San Antonio,TX,78258,US,29.64278,-98.48119,+1 210-870-6848,True,False,False,Open until 10:00 PM,Open today from 4:30 AM - 10:00 PM,stone-oak-evans-20138-stone-oak-pkwy-san-antonio-tx-782587039-us,GMT-05:00 America/Chicago,17.7532,True,True,True,True,True,False,True,False,True,True,4:30 AM to 10:00 PM,4:30 AM,10:00 PM,4:30 AM to 10:00 PM,4:30 AM,10:00 PM,5:00 AM to 10:00 PM,5:00 AM,10:00 PM,5:00 AM to 10:00 PM,5:00 AM,10:00 PM,4:30 AM to 10:00 PM,4:30 AM,10:00 PM,4:30 AM to 10:00 PM,4:30 AM,10:00 PM,4:30 AM to 10:00 PM,4:30 AM,10:00 PM,READY,True
75170-79084,12979,USAA Campus Bldg BSB,LS,9800 Frederickburg Rd.,San Antonio,TX,78288,US,29.54067,-98.57734,+1 210-464-3853,False,False,False,Opens Thursday at 7:00 AM,Open today from 7:00 AM - 5:00 PM,usaa-campus-bldg-bsb-9800-frederickburg-rd-san-antonio-tx-782880001-us,GMT-05:00 America/Chicago,17.7956,True,False,True,True,False,False,True,False,False,False,7:00 AM to 5:00 PM,7:00 AM,5:00 PM,7:00 AM to 2:00 PM,7:00 AM,2:00 PM,Closed,,,Closed,,,7:00 AM to 4:00 PM,7:00 AM,4:00 PM,7:00 AM to 5:00 PM,7:00 AM,5:00 PM,7:00 AM to 5:00 PM,7:00 AM,5:00 PM,NOT_READY,False
13275-117644,10648,1604 & Culebra Road,CO,10826 Culebra Rd,San Antonio,TX,78253,US,29.49422,-98.70694,+1 210-688-0805,True,False,False,Open until 10:00 PM,Open today from 4:30 AM - 10:00 PM,1604-culebra-road-10826-culebra-rd-suite-101-san-antonio-tx-78253732,GMT-05:00 America/Chicago,17.8609,True,True,True,True,True,False,True,False,True,True,4:30 AM to 10:00 PM,4:30 AM,10:00 PM,4:30 AM to 10:00 PM,4:30 AM,10:00 PM,5:00 AM to 10:00 PM,5:00 AM,10:00 PM,5:00 AM to 10:00 PM,5:00 AM,10:00 PM,4:30 AM to 10:00 PM,4:30 AM,10:00 PM,4:30 AM to 10:00 PM,4:30 AM,10:00 PM,4:30 AM to 10:00 PM,4:30 AM,10:00 PM,READY,True
76910-131715,7735,Target San Antonio Culebra 242,LS,5355 W. Loop 1604 N.,San Antonio,TX,78253,US,29.49293,-98.70997,+1 210-424-1910,False,False,False,Opens Thursday at 7:00 AM,Open today from 7:00 AM - 8:00 PM,target-san-antonio-culebra-242-5355-w-loop-1604-n-san-antonio-tx-782537300-us,GMT-05:00 America/Chicago,17.9238,True,False,False,True,True,False,True,False,True,False,7:00 AM to 8:00 PM,7:00 AM,8:00 PM,7:00 AM to 8:00 PM,7:00 AM,8:00 PM,7:00 AM to 8:00 PM,7:00 AM,8:00 PM,7:00 AM to 8:00 PM,7:00 AM,8:00 PM,7:00 AM to 8:00 PM,7:00 AM,8:00 PM,7:00 AM to 8:00 PM,7:00 AM,8:00 PM,7:00 AM to 8:00 PM,7:00 AM,8:00 PM,NOT_ELIGIBLE,False
72203-15433,12641,USAA A Courtyard,LS,9800 Frederickburg Rd.,San Antonio,TX,78288,US,29.53632,-98.5753,+1 210-410-0826,False,False,False,Opens Thursday at 7:00 AM,Open today from 7:00 AM - 5:00 PM,usaa-a-courtyard-9800-frederickburg-rd-san-antonio-tx-782880001-us,GMT-05:00 America/Chicago,18.1116,True,False,True,True,True,False,True,False,False,False,7:00 AM to 5:00 PM,7:00 AM,5:00 PM,7:00 AM to 2:00 PM,7:00 AM,2:00 PM,Closed,,,Closed,,,7:00 AM to 4:00 PM,7:00 AM,4:00 PM,7:00 AM to 5:00 PM,7:00 AM,5:00 PM,7:00 AM to 5:00 PM,7:00 AM,5:00 PM,NOT_READY,False
11305-103683,6872,1604 & Stone Oak,CO,18738 Tuscany Stone,San Antonio,TX,78258,US,29.61219,-98.49298,+1 210-403-2411,True,False,False,Open until 9:00 PM,Open today from 4:30 AM - 9:00 PM,1604-stone-oak-18738-tuscany-stone-san-antonio-tx-782583513-us,GMT-05:00 America/Chicago,18.13,True,True,True,True,True,False,True,False,True,True,4:30 AM to 9:00 PM,4:30 AM,9:00 PM,4:30 AM to 9:00 PM,4:30 AM,9:00 PM,5:00 AM to 9:00 PM,5:00 AM,9:00 PM,5:00 AM to 9:00 PM,5:00 AM,9:00 PM,4:30 AM to 9:00 PM,4:30 AM,9:00 PM,4:30 AM to 9:00 PM,4:30 AM,9:00 PM,4:30 AM to 9:00 PM,4:30 AM,9:00 PM,READY,True
49767-271094,1024158,Alamo Ranch Pkwy & Lone Star P,CO,11720 Alamo Ranch Pkwy,San Antonio,TX,78253,US,29.48571,-98.72441,+1 210-834-6280,True,False,False,Open until 9:00 PM,Open today from 4:30 AM - 9:00 PM,alamo-ranch-pkwy-lone-star-p-11720-alamo-ranch-pkwy-san-antonio-tx-782534316-us,GMT-05:00 America/Chicago,18.3253,True,True,True,True,True,False,True,False,True,True,4:30 AM to 9:00 PM,4:30 AM,9:00 PM,4:30 AM to 9:00 PM,4:30 AM,9:00 PM,5:00 AM to 9:00 PM,5:00 AM,9:00 PM,5:00 AM to 9:00 PM,5:00 AM,9:00 PM,4:30 AM to 9:00 PM,4:30 AM,9:00 PM,4:30 AM to 9:00 PM,4:30 AM,9:00 PM,4:30 AM to 9:00 PM,4:30 AM,9:00 PM,READY,True
75149-93687,13755,USAA Campus Bldg G,LS,9800 Frederickburg Rd.,San Antonio,TX,78288,US,29.53166,-98.57382,+1 210-452-2819,False,False,False,Opens Thursday at 7:00 AM,Open today from 7:00 AM - 5:00 PM,usaa-campus-bldg-g-9800-frederickburg-rd-san-antonio-tx-782880001-us,GMT-05:00 America/Chicago,18.426,True,False,True,True,True,False,True,False,False,False,7:00 AM to 5:00 PM,7:00 AM,5:00 PM,7:00 AM to 2:00 PM,7:00 AM,2:00 PM,Closed,,,Closed,,,7:00 AM to 4:00 PM,7:00 AM,4:00 PM,7:00 AM to 5:00 PM,7:00 AM,5:00 PM,7:00 AM to 5:00 PM,7:00 AM,5:00 PM,NOT_READY,False
15702-153644,70101,Wurzbach & NW Military,CO,12003 NW Military Hwy,San Antonio,TX,78231,US,29.5559,-98.53537,+1 210-408-8398,True,False,False,Open until 9:00 PM,Open today from 5:00 AM - 9:00 PM,wurzbach-nw-military-12003-nw-military-hwy-san-antonio-tx-782311898-us,GMT-05:00 America/Chicago,18.5995,True,True,True,True,True,True,True,True,True,True,5:00 AM to 9:00 PM,5:00 AM,9:00 PM,5:00 AM to 9:00 PM,5:00 AM,9:00 PM,5:00 AM to 9:00 PM,5:00 AM,9:00 PM,5:00 AM to 9:00 PM,5:00 AM,9:00 PM,5:00 AM to 9:00 PM,5:00 AM,9:00 PM,5:00 AM to 9:00 PM,5:00 AM,9:00 PM,5:00 AM to 9:00 PM,5:00 AM,9:00 PM,READY,True
18298-175764,91243,Babcock & Hamilton Wolfe,CO,5422 Babcock,San Antonio,TX,78240,US,29.51599,-98.59415,+1 210-877-9202,True,False,False,Open until 9:00 PM,Open today from 4:30 AM - 9:00 PM,babcock-hamilton-wolfe-5422-babcock-san-antonio-tx-782403944-us,GMT-05:00 America/Chicago,18.6823,True,True,True,True,True,True,True,True,True,True,4:30 AM to 9:00 PM,4:30 AM,9:00 PM,4:30 AM to 9:00 PM,4:30 AM,9:00 PM,5:00 AM to 9:00 PM,5:00 AM,9:00 PM,5:00 AM to 9:00 PM,5:00 AM,9:00 PM,4:30 AM to 9:00 PM,4:30 AM,9:00 PM,4:30 AM to 9:00 PM,4:30 AM,9:00 PM,4:30 AM to 9:00 PM,4:30 AM,9:00 PM,READY,True
24308-236989,1009855,Bandera & Huebner,CO,7050 Bandera Rd,Leon Valley,TX,78238,US,29.50011,-98.62523,+1 210-428-4862,True,False,False,Open until 9:00 PM,Open today from 4:30 AM - 9:00 PM,bandera-huebner-7050-bandera-rd-leon-valley-tx-782381201-us,GMT-05:00 America/Chicago,18.8219,True,True,True,True,True,True,True,True,True,True,4:30 AM to 9:00 PM,4:30 AM,9:00 PM,4:30 AM to 9:00 PM,4:30 AM,9:00 PM,4:30 AM to 9:00 PM,4:30 AM,9:00 PM,4:30 AM to 9:00 PM,4:30 AM,9:00 PM,4:30 AM to 9:00 PM,4:30 AM,9:00 PM,4:30 AM to 9:00 PM,4:30 AM,9:00 PM,4:30 AM to 9:00 PM,4:30 AM,9:00 PM,READY,True
14816-131984,18580,Wurzbach Rd & Gardendale St,CO,8746 Wurzbach Rd,San Antonio,TX,78240,US,29.5243,-98.56855,+1 210-615-6579,True,False,False,Open until 9:00 PM,Open today from 4:30 AM - 9:00 PM,wurzbach-rd-gardendale-st-8746-wurzbach-rd-san-antonio-tx-782401196-us,GMT-05:00 America/Chicago,19.0243,True,True,True,True,True,True,True,True,True,True,4:30 AM to 9:00 PM,4:30 AM,9:00 PM,4:30 AM to 9:00 PM,4:30 AM,9:00 PM,5:00 AM to 9:00 PM,5:00 AM,9:00 PM,5:00 AM to 9:00 PM,5:00 AM,9:00 PM,4:30 AM to 9:00 PM,4:30 AM,9:00 PM,4:30 AM to 9:00 PM,4:30 AM,9:00 PM,4:30 AM to 9:00 PM,4:30 AM,9:00 PM,READY,True
29619-254486,1016068,Blanco & Wurzbach,CO,12711 Blanco Rd,San Antonio,TX,78216,US,29.5569,-98.51703,+1 210-516-2017,True,False,False,Open until 8:00 PM,Open today from 5:00 AM - 8:00 PM,blanco-wurzbach-12711-blanco-rd-san-antonio-tx-782168107-us,GMT-05:00 America/Chicago,19.331,True,True,True,True,True,True,True,True,True,True,5:00 AM to 8:00 PM,5:00 AM,8:00 PM,5:00 AM to 8:00 PM,5:00 AM,8:00 PM,6:00 AM to 8:00 PM,6:00 AM,8:00 PM,6:00 AM to 8:00 PM,6:00 AM,8:00 PM,5:00 AM to 8:00 PM,5:00 AM,8:00 PM,5:00 AM to 8:00 PM,5:00 AM,8:00 PM,5:00 AM to 8:00 PM,5:00 AM,8:00 PM,READY,True
76759-98020,7521,Target Stone Oak 2239,LS,22832 US Highway 281 N,San Antonio,TX,78258,US,29.65528,-98.44679,+1 210-492-6625,False,False,False,Opens Thursday at 7:00 AM,Open today from 7:00 AM - 8:00 PM,target-stone-oak-2239-22832-us-highway-281-n-san-antonio-tx-782587430-us,GMT-05:00 America/Chicago,19.3382,True,False,False,True,True,False,True,False,True,False,7:00 AM to 8:00 PM,7:00 AM,8:00 PM,7:00 AM to 8:00 PM,7:00 AM,8:00 PM,7:00 AM to 8:00 PM,7:00 AM,8:00 PM,7:00 AM to 8:00 PM,7:00 AM,8:00 PM,7:00 AM to 8:00 PM,7:00 AM,8:00 PM,7:00 AM to 8:00 PM,7:00 AM,8:00 PM,7:00 AM to 8:00 PM,7:00 AM,8:00 PM,NOT_ELIGIBLE,False
13909-103679,6630,281 & Stone Oak,CO,22606 US 281 North,San Antonio,TX,78258,US,29.6511,-98.448,+1 210-481-5313,True,False,False,Open until 9:00 PM,Open today from 4:30 AM - 9:00 PM,281-stone-oak-22606-us-281-north-san-antonio-tx-782587640-us,GMT-05:00 America/Chicago,19.3703,True,False,True,True,True,False,True,False,True,True,4:30 AM to 9:00 PM,4:30 AM,9:00 PM,4:30 AM to 9:00 PM,4:30 AM,9:00 PM,5:00 AM to 9:00 PM,5:00 AM,9:00 PM,5:00 AM to 9:00 PM,5:00 AM,9:00 PM,4:30 AM to 9:00 PM,4:30 AM,9:00 PM,4:30 AM to 9:00 PM,4:30 AM,9:00 PM,4:30 AM to 9:00 PM,4:30 AM,9:00 PM,READY,True
9783-98132,8205,Medical & Wurzbach,CO,4739 Medical Dr,San Antonio,TX,78229,US,29.51044,-98.57871,+1 210-949-0259,True,False,False,Open until 11:00 PM,Open today from 3:30 AM - 11:00 PM,medical-wurzbach-4739-medical-dr-san-antonio-tx-782294449-us,GMT-05:00 America/Chicago,19.4884,True,True,True,True,True,True,True,True,True,True,3:30 AM to 11:00 PM,3:30 AM,11:00 PM,3:30 AM to 11:00 PM,3:30 AM,11:00 PM,4:30 AM to 11:00 PM,4:30 AM,11:00 PM,4:30 AM to 11:00 PM,4:30 AM,11:00 PM,3:30 AM to 11:00 PM,3:30 AM,11:00 PM,3:30 AM to 11:00 PM,3:30 AM,11:00 PM,3:30 AM to 11:00 PM,3:30 AM,11:00 PM,READY,True
65114-299363,1029268,Culebra & Westover Hills Blvd,CO,8834 Culebra Rd,San Antonio,TX,78251,US,29.47699,-98.6627,+1 726-232-8555,True,False,False,Open until 11:00 PM,Open today from 4:30 AM - 11:00 PM,culebra-westover-hills-blvd-8834-culebra-rd-san-antonio-tx-782514838-us,GMT-05:00 America/Chicago,19.5785,True,True,True,True,True,False,True,False,True,True,4:30 AM to 11:00 PM,4:30 AM,11:00 PM,4:30 AM to 11:00 PM,4:30 AM,11:00 PM,4:30 AM to 11:00 PM,4:30 AM,11:00 PM,4:30 AM to 11:00 PM,4:30 AM,11:00 PM,4:30 AM to 11:00 PM,4:30 AM,11:00 PM,4:30 AM to 11:00 PM,4:30 AM,11:00 PM,4:30 AM to 11:00 PM,4:30 AM,11:00 PM,READY,True
11304-103682,10069,Legacy-1604 & 281-NE,CO,1723 N Loop 1604 E,San Antonio,TX,78232,US,29.60959,-98.46616,+1 210-402-6327,True,False,False,Open until 8:00 PM,Open today from 4:30 AM - 8:00 PM,legacy-1604-281-ne-1723-n-loop-1604-e-102-san-antonio-tx-782321672-us,GMT-05:00 America/Chicago,19.6069,True,True,True,True,True,False,True,False,True,True,4:30 AM to 8:00 PM,4:30 AM,8:00 PM,4:30 AM to 8:00 PM,4:30 AM,8:00 PM,4:30 AM to 8:00 PM,4:30 AM,8:00 PM,4:30 AM to 8:00 PM,4:30 AM,8:00 PM,4:30 AM to 8:00 PM,4:30 AM,8:00 PM,4:30 AM to 8:00 PM,4:30 AM,8:00 PM,4:30 AM to 8:00 PM,4:30 AM,8:00 PM,READY,True
26990-246466,1018753,Fredericksburg & Medical,CO,4323 Medical Dr,San Antonio,TX,78229,US,29.51251,-98.57012,+1 210-627-5829,True,False,False,Open until 8:00 PM,Open today from 4:30 AM - 8:00 PM,fredericksburg-medical-4323-medical-dr-san-antonio-tx-782293307-us,GMT-05:00 America/Chicago,19.6459,True,True,True,True,True,True,True,True,True,True,4:30 AM to 8:00 PM,4:30 AM,8:00 PM,4:30 AM to 8:00 PM,4:30 AM,8:00 PM,5:00 AM to 8:00 PM,5:00 AM,8:00 PM,5:00 AM to 8:00 PM,5:00 AM,8:00 PM,4:30 AM to 8:00 PM,4:30 AM,8:00 PM,4:30 AM to 8:00 PM,4:30 AM,8:00 PM,4:30 AM to 8:00 PM,4:30 AM,8:00 PM,READY,True
16042-161544,70165,Univ. Texas Health & Science C,LS,7703 Floyd Curl Dr,San Antonio,TX,78229,US,29.50689,-98.57538,+1 210-450-8078,False,False,False,Opens Thursday at 7:00 AM,Open today from 7:00 AM - 4:00 PM,univ-texas-health-science-c-7703-floyd-curl-dr-san-antonio-tx-782293902-us,GMT-05:00 America/Chicago,19.8025,True,False,True,True,False,False,True,False,True,False,7:00 AM to 4:00 PM,7:00 AM,4:00 PM,7:00 AM to 4:00 PM,7:00 AM,4:00 PM,Closed,,,Closed,,,7:00 AM to 4:00 PM,7:00 AM,4:00 PM,7:00 AM to 4:00 PM,7:00 AM,4:00 PM,7:00 AM to 4:00 PM,7:00 AM,4:00 PM,NOT_READY,False
9933-98201,17954,281 & Hwy 46,CO,109 Old Boerne Rd,Bulverde,TX,78163,US,29.79717,-98.42223,+1 830-438-6043,True,False,False,Open until 9:00 PM,Open today from 4:30 AM - 9:00 PM,281-hwy-46-109-old-boerne-rd-bulverde-tx-781633269-us,GMT-05:00 America/Chicago,19.9256,True,True,True,True,True,False,True,False,True,True,4:30 AM to 9:00 PM,4:30 AM,9:00 PM,4:30 AM to 9:00 PM,4:30 AM,9:00 PM,5:00 AM to 9:00 PM,5:00 AM,9:00 PM,5:00 AM to 9:00 PM,5:00 AM,9:00 PM,4:30 AM to 9:00 PM,4:30 AM,9:00 PM,4:30 AM to 9:00 PM,4:30 AM,9:00 PM,4:30 AM to 9:00 PM,4:30 AM,9:00 PM,READY,True
29567-254265,1017585,281 & Thousand Oaks,CO,16101 San Pedro Ave,San Antonio,TX,78232,US,29.58833,-98.47506,+1 210-556-5835,True,False,False,Open until 8:00 PM,Open today from 4:30 AM - 8:00 PM,281-thousand-oaks-16101-san-pedro-ave-san-antonio-tx-782323044-us,GMT-05:00 America/Chicago,19.9305,True,True,True,True,True,False,True,False,True,True,4:30 AM to 8:00 PM,4:30 AM,8:00 PM,4:30 AM to 8:00 PM,4:30 AM,8:00 PM,4:30 AM to 8:00 PM,4:30 AM,8:00 PM,4:30 AM to 8:00 PM,4:30 AM,8:00 PM,4:30 AM to 8:00 PM,4:30 AM,8:00 PM,4:30 AM to 8:00 PM,4:30 AM,8:00 PM,4:30 AM to 8:00 PM,4:30 AM,8:00 PM,READY,True
10982-102535,7241,Bitters & Embassy Row,CO,210 West Bitters,San Antonio,TX,78216,US,29.56676,-98.48527,+1 210-495-4875,True,False,False,Open until 9:00 PM,Open today from 4:30 AM - 9:00 PM,bitters-embassy-row-210-west-bitters-san-antonio-tx-782161665-us,GMT-05:00 America/Chicago,20.3208,True,True,True,True,True,False,True,False,True,True,4:30 AM to 9:00 PM,4:30 AM,9:00 PM,4:30 AM to 9:00 PM,4:30 AM,9:00 PM,4:30 AM to 9:00 PM,4:30 AM,9:00 PM,4:30 AM to 9:00 PM,4:30 AM,9:00 PM,4:30 AM to 9:00 PM,4:30 AM,9:00 PM,4:30 AM to 9:00 PM,4:30 AM,9:00 PM,4:30 AM to 9:00 PM,4:30 AM,9:00 PM,READY,True
22813-224004,1008980,Callaghan & Horizon Hill,CO,3718 Horizon Hill,San Antonio,TX,78229,US,29.50985,-98.55424,+1 210-850-6485,True,False,False,Open until 9:00 PM,Open today from 5:00 AM - 9:00 PM,callaghan-horizon-hill-3718-horizon-hill-san-antonio-tx-782292460-us,GMT-05:00 America/Chicago,20.3359,True,True,True,True,True,True,True,True,True,True,5:00 AM to 9:00 PM,5:00 AM,9:00 PM,5:00 AM to 9:00 PM,5:00 AM,9:00 PM,5:00 AM to 9:00 PM,5:00 AM,9:00 PM,5:00 AM to 9:00 PM,5:00 AM,9:00 PM,5:00 AM to 9:00 PM,5:00 AM,9:00 PM,5:00 AM to 9:00 PM,5:00 AM,9:00 PM,5:00 AM to 9:00 PM,5:00 AM,9:00 PM,READY,True
76140-93542,14831,Target San Antonio 176,LS,13700 San Pedro Ave,San Antonio,TX,78232,US,29.56474,-98.48007,+1 210-496-6800,False,False,False,Opens Thursday at 8:00 AM,Open today from 8:00 AM - 8:00 PM,target-san-antonio-176-13700-san-pedro-ave-san-antonio-tx-782324332-us,GMT-05:00 America/Chicago,20.6523,True,False,False,True,False,False,True,False,True,False,8:00 AM to 8:00 PM,8:00 AM,8:00 PM,8:00 AM to 8:00 PM,8:00 AM,8:00 PM,8:00 AM to 8:00 PM,8:00 AM,8:00 PM,8:00 AM to 8:00 PM,8:00 AM,8:00 PM,8:00 AM to 8:00 PM,8:00 AM,8:00 PM,8:00 AM to 8:00 PM,8:00 AM,8:00 PM,8:00 AM to 8:00 PM,8:00 AM,8:00 PM,NOT_ELIGIBLE,False
6209-616,15475,Ingram Festival,CO,6065 NW Loop 410,San Antonio,TX,78238,US,29.47405,-98.61388,+1 210-523-0154,False,False,False,Opens Thursday at 7:00 AM,Open today from 7:00 AM - 9:00 PM,ingram-festival-6065-nw-loop-410-suite-185-san-antonio-tx-78238333,GMT-05:00 America/Chicago,20.7456,True,False,True,True,True,True,True,False,True,True,7:00 AM to 9:00 PM,7:00 AM,9:00 PM,7:00 AM to 9:00 PM,7:00 AM,9:00 PM,7:00 AM to 9:00 PM,7:00 AM,9:00 PM,7:00 AM to 9:00 PM,7:00 AM,9:00 PM,7:00 AM to 9:00 PM,7:00 AM,9:00 PM,7:00 AM to 9:00 PM,7:00 AM,9:00 PM,7:00 AM to 9:00 PM,7:00 AM,9:00 PM,NOT_READY,True
23895-231044,1009537,410 & Vance Jackson,CO,"2639 NW Loop 410, Suite 106",San Antonio,TX,78230,US,29.51249,-98.53687,+1 210-524-9260,True,False,False,Open until 9:00 PM,Open today from 4:30 AM - 9:00 PM,410-vance-jackson-2639-nw-loop-410-suite-106-san-antonio-tx-78230517,GMT-05:00 America/Chicago,20.8121,True,True,True,True,True,True,True,True,True,True,4:30 AM to 9:00 PM,4:30 AM,9:00 PM,4:30 AM to 9:00 PM,4:30 AM,9:00 PM,5:00 AM to 9:00 PM,5:00 AM,9:00 PM,5:00 AM to 9:00 PM,5:00 AM,9:00 PM,4:30 AM to 9:00 PM,4:30 AM,9:00 PM,4:30 AM to 9:00 PM,4:30 AM,9:00 PM,4:30 AM to 9:00 PM,4:30 AM,9:00 PM,READY,True
20756-186529,1008740,410 & Babcock,CO,1546 Babcock Rd,San Antonio,TX,78229,US,29.49103,-98.56952,+1 210-541-0582,True,False,False,Open until 9:00 PM,Open today from 4:30 AM - 9:00 PM,410-babcock-1546-babcock-rd-100-san-antonio-tx-782294769-us,GMT-05:00 America/Chicago,20.9207,True,True,True,True,True,True,True,True,True,True,4:30 AM to 9:00 PM,4:30 AM,9:00 PM,4:30 AM to 9:00 PM,4:30 AM,9:00 PM,5:00 AM to 9:00 PM,5:00 AM,9:00 PM,5:00 AM to 9:00 PM,5:00 AM,9:00 PM,4:30 AM to 9:00 PM,4:30 AM,9:00 PM,4:30 AM to 9:00 PM,4:30 AM,9:00 PM,4:30 AM to 9:00 PM,4:30 AM,9:00 PM,READY,True
82400-307388,1053639,NW Loop 410 @ Ingram Rd,CO,6405 NW Loop 410,San Antonio,TX,78238,US,29.46469,-98.62143,+1 325-292-4576,True,False,False,Open until 9:00 PM,Open today from 5:00 AM - 9:00 PM,nw-loop-410-ingram-rd-6405-nw-loop-410-san-antonio-tx-782384203-us,GMT-05:00 America/Chicago,21.172,True,True,True,True,True,True,True,True,True,True,5:00 AM to 9:00 PM,5:00 AM,9:00 PM,5:00 AM to 10:00 PM,5:00 AM,10:00 PM,5:00 AM to 10:00 PM,5:00 AM,10:00 PM,5:00 AM to 9:00 PM,5:00 AM,9:00 PM,5:00 AM to 9:00 PM,5:00 AM,9:00 PM,5:00 AM to 9:00 PM,5:00 AM,9:00 PM,5:00 AM to 9:00 PM,5:00 AM,9:00 PM,READY,True
6217-293257,1029423,Blanco & Lockhill Selma,CO,7215 Blanco Rd,San Antonio,TX,78216,US,29.52412,-98.50527,+1 210-948-0014,True,False,False,Open until 9:00 PM,Open today from 4:30 AM - 9:00 PM,blanco-lockhill-selma-7215-blanco-rd-san-antonio-tx-782164902-us,GMT-05:00 America/Chicago,21.4377,True,True,True,True,True,False,True,False,True,True,4:30 AM to 9:00 PM,4:30 AM,9:00 PM,4:30 AM to 9:00 PM,4:30 AM,9:00 PM,4:30 AM to 9:00 PM,4:30 AM,9:00 PM,4:30 AM to 9:00 PM,4:30 AM,9:00 PM,4:30 AM to 9:00 PM,4:30 AM,9:00 PM,4:30 AM to 9:00 PM,4:30 AM,9:00 PM,4:30 AM to 9:00 PM,4:30 AM,9:00 PM,READY,True
76104-78194,12634,Target Balcones Heights 1523,LS,4522 Fredricksburg Rd,Balcones Heights,TX,78201,US,29.49079,-98.55161,+1 210-280-0000,False,False,False,Opens Thursday at 8:00 AM,Open today from 8:00 AM - 8:00 PM,target-balcones-heights-1523-4522-fredricksburg-rd-balcones-heights-tx-78201652,GMT-05:00 America/Chicago,21.5116,True,False,False,True,False,False,True,False,True,False,8:00 AM to 8:00 PM,8:00 AM,8:00 PM,8:00 AM to 8:00 PM,8:00 AM,8:00 PM,8:00 AM to 8:00 PM,8:00 AM,8:00 PM,8:00 AM to 8:00 PM,8:00 AM,8:00 PM,8:00 AM to 8:00 PM,8:00 AM,8:00 PM,8:00 AM to 8:00 PM,8:00 AM,8:00 PM,8:00 AM to 8:00 PM,8:00 AM,8:00 PM,NOT_ELIGIBLE,False
75974-105697,18740,JW Marriott San Antonio TPC,LS,23808 Resort Pkwy,San Antonio,TX,78261,US,29.66701,-98.40181,+1 201-276-2500,True,False,False,Open until 4:00 PM,Open today from 6:00 AM - 4:00 PM,jw-marriott-san-antonio-tpc-23808-resort-pkwy-san-antonio-tx-782612018-us,GMT-05:00 America/Chicago,21.6679,True,False,True,True,True,False,True,False,True,False,6:00 AM to 4:00 PM,6:00 AM,4:00 PM,6:00 AM to 4:00 PM,6:00 AM,4:00 PM,6:00 AM to 2:00 PM,6:00 AM,2:00 PM,6:00 AM to 4:00 PM,6:00 AM,4:00 PM,6:00 AM to 4:00 PM,6:00 AM,4:00 PM,6:00 AM to 4:00 PM,6:00 AM,4:00 PM,6:00 AM to 4:00 PM,6:00 AM,4:00 PM,READY,False
76932-131716,7733,Target New Braunfels 2429,LS,135 Creekside Way,New Braunfels,TX,78130,US,29.73134,-98.07367,+1 830-608-3280,False,False,False,Opens Thursday at 8:00 AM,Open today from 8:00 AM - 8:00 PM,target-new-braunfels-2429-135-creekside-way-new-braunfels-tx-781306248-us,GMT-05:00 America/Chicago,4.6038,True,False,False,True,True,False,True,False,True,False,8:00 AM to 8:00 PM,8:00 AM,8:00 PM,8:00 AM to 8:00 PM,8:00 AM,8:00 PM,8:00 AM to 8:00 PM,8:00 AM,8:00 PM,8:00 AM to 8:00 PM,8:00 AM,8:00 PM,8:00 AM to 8:00 PM,8:00 AM,8:00 PM,8:00 AM to 8:00 PM,8:00 AM,8:00 PM,8:00 AM to 8:00 PM,8:00 AM,8:00 PM,NOT_ELIGIBLE,False
79868-307546,1044874,Freiheit Rd (FM 1101) @Barbaro,CO,2144 FM 1101,New Braunfels,TX,78130,US,29.71604,-98.07002,+1 830-327-4982,True,False,False,Open until 10:00 PM,Open today from 4:30 AM - 10:00 PM,freiheit-rd-fm-1101-barbaro-2144-fm-1101-new-braunfels-tx-781307425-us,GMT-05:00 America/Chicago,4.8118,True,True,True,True,True,False,True,False,True,False,4:30 AM to 10:00 PM,4:30 AM,10:00 PM,4:30 AM to 10:00 PM,4:30 AM,10:00 PM,4:30 AM to 10:00 PM,4:30 AM,10:00 PM,4:30 AM to 10:00 PM,4:30 AM,10:00 PM,4:30 AM to 10:00 PM,4:30 AM,10:00 PM,4:30 AM to 10:00 PM,4:30 AM,10:00 PM,4:30 AM to 10:00 PM,4:30 AM,10:00 PM,READY,True
8634-93925,9096,I-35 & Centerpoint - SW Corner,CO,690 Centerpoint Rd.,San Marcos,TX,78666,US,29.82859,-97.98693,+1 512-558-2222,True,False,False,Open until 9:00 PM,Open today from 4:30 AM - 9:00 PM,i-35-centerpoint-sw-corner-690-centerpoint-rd-101-san-marcos-tx-786666162-us,GMT-05:00 America/Chicago,5.4863,True,True,True,True,True,False,True,False,True,True,4:30 AM to 9:00 PM,4:30 AM,9:00 PM,4:30 AM to 9:00 PM,4:30 AM,9:00 PM,4:30 AM to 9:00 PM,4:30 AM,9:00 PM,4:30 AM to 9:00 PM,4:30 AM,9:00 PM,4:30 AM to 9:00 PM,4:30 AM,9:00 PM,4:30 AM to 9:00 PM,4:30 AM,9:00 PM,4:30 AM to 9:00 PM,4:30 AM,9:00 PM,READY,True
87583-317044,8758300,San Marcos Premium Outlet,LS,3939 IH-35 South,San Marcos,TX,78666,US,29.82983,-97.97914,,False,False,False,Opens Thursday at 9:30 AM,Open today from 9:30 AM - 8:00 PM,san-marcos-premium-outlet-3939-ih-35-south-san-marcos-tx-78666-us,GMT-05:00 America/Chicago,5.6558,True,False,True,True,True,False,True,False,False,False,9:30 AM to 8:00 PM,9:30 AM,8:00 PM,9:30 AM to 9:00 PM,9:30 AM,9:00 PM,9:30 AM to 9:00 PM,9:30 AM,9:00 PM,10:30 AM to 7:00 PM,10:30 AM,7:00 PM,9:30 AM to 8:00 PM,9:30 AM,8:00 PM,9:30 AM to 8:00 PM,9:30 AM,8:00 PM,9:30 AM to 8:00 PM,9:30 AM,8:00 PM,NOT_READY,False
70363-139485,10837,Target San Marcos 2438,LS,700 Barnes Dr,San Marcos,TX,78666,US,29.84634,-97.97102,+1 512-392-7960,False,False,False,Opens Thursday at 8:00 AM,Open today from 8:00 AM - 8:00 PM,target-san-marcos-2438-700-barnes-dr-san-marcos-tx-786666187-us,GMT-05:00 America/Chicago,6.8795,True,False,False,False,False,False,True,False,True,False,8:00 AM to 8:00 PM,8:00 AM,8:00 PM,8:00 AM to 8:00 PM,8:00 AM,8:00 PM,8:00 AM to 8:00 PM,8:00 AM,8:00 PM,8:00 AM to 8:00 PM,8:00 AM,8:00 PM,8:00 AM to 8:00 PM,8:00 AM,8:00 PM,8:00 AM to 8:00 PM,8:00 AM,8:00 PM,8:00 AM to 8:00 PM,8:00 AM,8:00 PM,NOT_ELIGIBLE,False
6941-84304,14132,I-35 & Walnut Ave,CO,697 Walnut Street,New Braunfels,TX,78130,US,29.68664,-98.1258,+1 830-629-2965,True,False,False,Open until 9:00 PM,Open today from 4:30 AM - 9:00 PM,i-35-walnut-ave-697-walnut-street-new-braunfels-tx-781305722-us,GMT-05:00 America/Chicago,8.7263,True,False,True,True,True,False,True,False,True,True,4:30 AM to 9:00 PM,4:30 AM,9:00 PM,4:30 AM to 9:00 PM,4:30 AM,9:00 PM,4:30 AM to 9:00 PM,4:30 AM,9:00 PM,4:30 AM to 9:00 PM,4:30 AM,9:00 PM,4:30 AM to 9:00 PM,4:30 AM,9:00 PM,4:30 AM to 9:00 PM,4:30 AM,9:00 PM,4:30 AM to 9:00 PM,4:30 AM,9:00 PM,READY,True
24467-238045,1009969,I-35 & CR 123,CO,1285 South I-35,San Marcos,TX,78666,US,29.86706,-97.94048,+1 512-557-3919,True,False,False,Open until 10:00 PM,Open today from 4:30 AM - 10:00 PM,i-35-cr-123-1285-south-i-35-san-marcos-tx-786668039-us,GMT-05:00 America/Chicago,8.8402,True,True,True,True,True,False,True,False,True,True,4:30 AM to 10:00 PM,4:30 AM,10:00 PM,4:30 AM to 10:00 PM,4:30 AM,10:00 PM,4:30 AM to 10:00 PM,4:30 AM,10:00 PM,4:30 AM to 10:00 PM,4:30 AM,10:00 PM,4:30 AM to 10:00 PM,4:30 AM,10:00 PM,4:30 AM to 10:00 PM,4:30 AM,10:00 PM,4:30 AM to 10:00 PM,4:30 AM,10:00 PM,READY,True
60978-294270,1032716,Loop 337 & Oak Run Parkway,CO,2720 Loop 337,New Braunfels,TX,78130,US,29.70975,-98.16243,+1 830-635-0430,True,False,False,Open until 9:00 PM,Open today from 4:30 AM - 9:00 PM,loop-337-oak-run-parkway-2720-loop-337-105-new-braunfels-tx-781308513-us,GMT-05:00 America/Chicago,10.1346,True,True,True,True,True,False,True,False,True,True,4:30 AM to 9:00 PM,4:30 AM,9:00 PM,4:30 AM to 9:00 PM,4:30 AM,9:00 PM,4:30 AM to 9:00 PM,4:30 AM,9:00 PM,4:30 AM to 9:00 PM,4:30 AM,9:00 PM,4:30 AM to 9:00 PM,4:30 AM,9:00 PM,4:30 AM to 9:00 PM,4:30 AM,9:00 PM,4:30 AM to 9:00 PM,4:30 AM,9:00 PM,READY,True
70051-110947,10651,Texas State Univ. Student Cent,LS,100 Student Center Drive,San Marcos,TX,78666,US,29.88917,-97.94438,+1 512-245-9902,False,False,False,Opens Thursday at 7:00 AM,Open today from 7:00 AM - 8:00 PM,texas-state-univ-student-cent-100-student-center-drive-san-marcos-tx-786664684-u,GMT-05:00 America/Chicago,10.1774,True,False,True,True,True,False,True,False,True,False,7:00 AM to 8:00 PM,7:00 AM,8:00 PM,7:00 AM to 2:00 PM,7:00 AM,2:00 PM,Closed,,,Closed,,,7:00 AM to 10:00 PM,7:00 AM,10:00 PM,7:00 AM to 10:00 PM,7:00 AM,10:00 PM,7:00 AM to 10:00 PM,7:00 AM,10:00 PM,NOT_READY,False
59751-291718,1028355,Texas State Univ. Alkek Librar,LS,601 UNIVERSITY DRIVE,SAN MARCOS,TX,78666,US,29.88896,-97.94303,+1 512-245-9930,False,False,False,Opens Thursday at 7:30 AM,Open today from 7:30 AM - 12:00 AM,texas-state-univ-alkek-librar-601-university-drive-san-marcos-tx-786664684-us,GMT-05:00 America/Chicago,10.1905,True,False,True,True,True,False,True,False,True,False,7:30 AM to 12:00 AM,7:30 AM,12:00 AM,7:30 AM to 5:00 PM,7:30 AM,5:00 PM,10:00 AM to 6:00 PM,10:00 AM,6:00 PM,10:00 AM to 6:00 PM,10:00 AM,6:00 PM,7:30 AM to 12:00 AM,7:30 AM,12:00 AM,7:30 AM to 12:00 AM,7:30 AM,12:00 AM,7:30 AM to 12:00 AM,7:30 AM,12:00 AM,NOT_READY,False
20762-207866,1007841,I-10 & 123 Bypass,CO,2702 Jay Rd,Seguin,TX,78155,US,29.60029,-97.94964,+1 830-401-4952,True,False,False,Open until 9:30 PM,Open today from 4:30 AM - 9:30 PM,i-10-123-bypass-2702-jay-rd-seguin-tx-781552250-us,GMT-05:00 America/Chicago,10.7767,True,True,True,True,True,False,True,False,True,True,4:30 AM to 9:30 PM,4:30 AM,9:30 PM,4:30 AM to 9:30 PM,4:30 AM,9:30 PM,4:30 AM to 9:30 PM,4:30 AM,9:30 PM,5:00 AM to 9:00 PM,5:00 AM,9:00 PM,4:30 AM to 9:30 PM,4:30 AM,9:30 PM,4:30 AM to 9:30 PM,4:30 AM,9:30 PM,4:30 AM to 9:30 PM,4:30 AM,9:30 PM,READY,True
74030-303624,1043258,I-35 and Aquarena Springs,CO,1430 N IH 35,San Marcos,TX,78666,US,29.89146,-97.91261,+1 737-225-3017,True,False,False,Open until 9:00 PM,Open today from 4:30 AM - 9:00 PM,i-35-and-aquarena-springs-1430-n-ih-35-100-san-marcos-tx-786667235-us,GMT-05:00 America/Chicago,11.0893,True,True,True,True,True,True,True,True,True,True,4:30 AM to 9:00 PM,4:30 AM,9:00 PM,4:30 AM to 9:00 PM,4:30 AM,9:00 PM,4:30 AM to 9:00 PM,4:30 AM,9:00 PM,4:30 AM to 9:00 PM,4:30 AM,9:00 PM,4:30 AM to 9:00 PM,4:30 AM,9:00 PM,4:30 AM to 9:00 PM,4:30 AM,9:00 PM,4:30 AM to 9:00 PM,4:30 AM,9:00 PM,READY,True
66528-299519,1039649,I-35 & FM 1103,CO,21550 IH 35 N,Schertz,TX,78108,US,29.62387,-98.24101,+1 210-714-0390,True,False,False,Open until 8:00 PM,Open today from 4:30 AM - 8:00 PM,i-35-fm-1103-21550-ih-35-n-schertz-tx-781084840-us,GMT-05:00 America/Chicago,16.8886,True,True,True,True,True,False,True,False,True,True,4:30 AM to 8:00 PM,4:30 AM,8:00 PM,4:30 AM to 8:00 PM,4:30 AM,8:00 PM,5:00 AM to 8:00 PM,5:00 AM,8:00 PM,5:00 AM to 8:00 PM,5:00 AM,8:00 PM,4:30 AM to 8:00 PM,4:30 AM,8:00 PM,4:30 AM to 8:00 PM,4:30 AM,8:00 PM,4:30 AM to 8:00 PM,4:30 AM,8:00 PM,READY,True
66530-299472,1032841,I-35 Frontage Rd & W RR 150,CO,22449 I-35,Kyle,TX,78640,US,29.98877,-97.87129,+1 512-256-1624,True,False,False,Open until 9:00 PM,Open today from 4:30 AM - 9:00 PM,i-35-frontage-rd-w-rr-150-22449-i-35-kyle-tx-786406005-us,GMT-05:00 America/Chicago,18.2108,True,True,True,True,True,False,True,False,True,True,4:30 AM to 9:00 PM,4:30 AM,9:00 PM,4:30 AM to 9:00 PM,4:30 AM,9:00 PM,4:30 AM to 9:00 PM,4:30 AM,9:00 PM,4:30 AM to 9:00 PM,4:30 AM,9:00 PM,4:30 AM to 9:00 PM,4:30 AM,9:00 PM,4:30 AM to 9:00 PM,4:30 AM,9:00 PM,4:30 AM to 9:00 PM,4:30 AM,9:00 PM,READY,True
5115-147310,9833,Target Kyle 2725,LS,5188 Kyle Center Dr,Kyle,TX,78640,US,30.01123,-97.86424,+1 512-268-7550,False,False,False,Opens Thursday at 8:00 AM,Open today from 8:00 AM - 8:00 PM,target-kyle-2725-5188-kyle-center-dr-kyle-tx-786406137-us,GMT-05:00 America/Chicago,19.7971,True,False,False,False,True,False,True,False,True,False,8:00 AM to 8:00 PM,8:00 AM,8:00 PM,8:00 AM to 8:00 PM,8:00 AM,8:00 PM,8:00 AM to 8:00 PM,8:00 AM,8:00 PM,8:00 AM to 8:00 PM,8:00 AM,8:00 PM,8:00 AM to 8:00 PM,8:00 AM,8:00 PM,8:00 AM to 8:00 PM,8:00 AM,8:00 PM,8:00 AM to 8:00 PM,8:00 AM,8:00 PM,NOT_ELIGIBLE,False
10471-99689,8168,I-35 & Tri County,CO,5701 Tri-County Parkway,Schertz,TX,78154,US,29.59762,-98.28274,+1 210-651-0938,True,False,False,Open until 9:00 PM,Open today from 4:30 AM - 9:00 PM,i-35-tri-county-5701-tri-county-parkway-schertz-tx-781543253-us,GMT-05:00 America/Chicago,19.9737,True,True,True,True,True,False,True,False,True,True,4:30 AM to 9:00 PM,4:30 AM,9:00 PM,4:30 AM to 9:00 PM,4:30 AM,9:00 PM,4:30 AM to 9:00 PM,4:30 AM,9:00 PM,5:00 AM to 9:00 PM,5:00 AM,9:00 PM,4:30 AM to 9:00 PM,4:30 AM,9:00 PM,4:30 AM to 9:00 PM,4:30 AM,9:00 PM,4:30 AM to 9:00 PM,4:30 AM,9:00 PM,READY,True
52373-277753,1022234,Roy Richard (FM 3009) & Elbel,CO,"917 FM 3009, Suite B",Schertz,TX,78154,US,29.56632,-98.25895,+1 210-740-9064,True,False,False,Open until 9:30 PM,Open today from 4:30 AM - 9:30 PM,roy-richard-fm-3009-elbel-917-fm-3009-suite-b-schertz-tx-781541031-us,GMT-05:00 America/Chicago,20.0698,True,True,True,True,True,False,True,False,True,True,4:30 AM to 9:30 PM,4:30 AM,9:30 PM,4:30 AM to 9:30 PM,4:30 AM,9:30 PM,5:00 AM to 9:30 PM,5:00 AM,9:30 PM,5:00 AM to 9:30 PM,5:00 AM,9:30 PM,4:30 AM to 9:30 PM,4:30 AM,9:30 PM,4:30 AM to 9:30 PM,4:30 AM,9:30 PM,4:30 AM to 9:30 PM,4:30 AM,9:30 PM,READY,True
14349-113650,6351,Hwy 1626 & I 35,CO,5401 South FM 1626,Kyle,TX,78640,US,30.01559,-97.8635,+1 512-268-6595,True,False,False,Open until 10:00 PM,Open today from 4:30 AM - 10:00 PM,hwy-1626-i-35-5401-south-fm-1626-kyle-tx-786406038-us,GMT-05:00 America/Chicago,20.09,True,False,True,True,True,False,True,False,True,True,4:30 AM to 10:00 PM,4:30 AM,10:00 PM,4:30 AM to 10:00 PM,4:30 AM,10:00 PM,4:30 AM to 10:00 PM,4:30 AM,10:00 PM,4:30 AM to 10:00 PM,4:30 AM,10:00 PM,4:30 AM to 10:00 PM,4:30 AM,10:00 PM,4:30 AM to 10:00 PM,4:30 AM,10:00 PM,4:30 AM to 10:00 PM,4:30 AM,10:00 PM,READY,True
58264-291513,1031746,I-35 & Kohlers Crossing,CO,19140 IH 35,Kyle,TX,78640,US,30.03005,-97.85006,+1 737-292-2530,True,False,False,Open until 9:00 PM,Open today from 4:30 AM - 9:00 PM,i-35-kohlers-crossing-19140-ih-35-kyle-tx-786403211-us,GMT-05:00 America/Chicago,21.3326,True,True,True,True,True,False,True,False,True,True,4:30 AM to 9:00 PM,4:30 AM,9:00 PM,4:30 AM to 9:00 PM,4:30 AM,9:00 PM,4:30 AM to 9:00 PM,4:30 AM,9:00 PM,4:30 AM to 9:00 PM,4:30 AM,9:00 PM,4:30 AM to 9:00 PM,4:30 AM,9:00 PM,4:30 AM to 9:00 PM,4:30 AM,9:00 PM,4:30 AM to 9:00 PM,4:30 AM,9:00 PM,READY,True
3882-117404,18741,BASE ACCESS Randolph AFB Excha,LS,630 3rd St W,Randolph AFB,TX,78150,US,29.53862,-98.28719,+1 210-566-8040,True,False,False,Open until 6:00 PM,Open today from 6:00 AM - 6:00 PM,base-access-randolph-afb-excha-630-3rd-st-w-bldg-1068-randolph-afb-tx-781504804-u,GMT-05:00 America/Chicago,22.5991,True,False,True,True,True,False,True,False,True,False,6:00 AM to 6:00 PM,6:00 AM,6:00 PM,6:00 AM to 6:00 PM,6:00 AM,6:00 PM,9:00 AM to 6:00 PM,9:00 AM,6:00 PM,9:00 AM to 5:00 PM,9:00 AM,5:00 PM,6:00 AM to 6:00 PM,6:00 AM,6:00 PM,6:00 AM to 6:00 PM,6:00 AM,6:00 PM,6:00 AM to 6:00 PM,6:00 AM,6:00 PM,READY,False
6378-12940,15517,I-35 & Forum Pkwy,CO,8250 Agora Pkwy,Selma,TX,78154,US,29.57006,-98.32701,+1 210-566-4662,True,False,False,Open until 9:30 PM,Open today from 5:00 AM - 9:30 PM,i-35-forum-pkwy-8250-agora-pkwy-selma-tx-781541304-us,GMT-05:00 America/Chicago,23.2391,True,True,True,True,True,True,True,True,True,True,5:00 AM to 9:30 PM,5:00 AM,9:30 PM,5:00 AM to 10:00 PM,5:00 AM,10:00 PM,5:00 AM to 10:00 PM,5:00 AM,10:00 PM,5:00 AM to 9:30 PM,5:00 AM,9:30 PM,5:00 AM to 9:30 PM,5:00 AM,9:30 PM,5:00 AM to 9:30 PM,5:00 AM,9:30 PM,5:00 AM to 9:30 PM,5:00 AM,9:30 PM,READY,True
19313-200384,114081,Target San Antonio NE 1204,LS,8234 Agora Pkwy,Selma,TX,78154,US,29.56833,-98.32717,+1 210-945-9102,False,False,False,Opens Thursday at 7:00 AM,Open today from 7:00 AM - 8:00 PM,target-san-antonio-ne-1204-8234-agora-pkwy-selma-tx-78154-us,GMT-05:00 America/Chicago,23.3115,True,False,False,False,True,False,True,False,True,False,7:00 AM to 8:00 PM,7:00 AM,8:00 PM,7:00 AM to 8:00 PM,7:00 AM,8:00 PM,7:00 AM to 8:00 PM,7:00 AM,8:00 PM,7:00 AM to 8:00 PM,7:00 AM,8:00 PM,7:00 AM to 8:00 PM,7:00 AM,8:00 PM,7:00 AM to 8:00 PM,7:00 AM,8:00 PM,7:00 AM to 8:00 PM,7:00 AM,8:00 PM,NOT_ELIGIBLE,False
24428-221884,1009928,1604 & Pat Booker,CO,8151 Pat Booker RD,Live Oak,TX,78233,US,29.56188,-98.32911,+1 210-842-9254,True,False,False,Open until 11:30 PM,Open today from 4:30 AM - 11:30 PM,1604-pat-booker-8151-pat-booker-rd-live-oak-tx-782332698-us,GMT-05:00 America/Chicago,23.6523,True,True,True,True,True,True,True,True,True,True,4:30 AM to 11:30 PM,4:30 AM,11:30 PM,4:30 AM to 11:30 PM,4:30 AM,11:30 PM,5:00 AM to 11:30 PM,5:00 AM,11:30 PM,5:00 AM to 10:00 PM,5:00 AM,10:00 PM,4:30 AM to 11:00 PM,4:30 AM,11:00 PM,4:30 AM to 11:00 PM,4:30 AM,11:00 PM,4:30 AM to 11:00 PM,4:30 AM,11:00 PM,READY,True
72274-303054,1042975,Loop 1604 & Lookout,CO,7403 N. Loop 1604 East,San Antonio,TX,78233,US,29.58063,-98.3428,+1 726-232-8946,True,False,False,Open until 9:00 PM,Open today from 5:00 AM - 9:00 PM,loop-1604-lookout-7403-n-loop-1604-east-san-antonio-tx-78233-us,GMT-05:00 America/Chicago,23.6752,True,True,True,True,True,False,True,False,True,False,5:00 AM to 9:00 PM,5:00 AM,9:00 PM,5:00 AM to 9:00 PM,5:00 AM,9:00 PM,5:00 AM to 9:00 PM,5:00 AM,9:00 PM,5:00 AM to 9:00 PM,5:00 AM,9:00 PM,5:00 AM to 9:00 PM,5:00 AM,9:00 PM,5:00 AM to 9:00 PM,5:00 AM,9:00 PM,5:00 AM to 9:00 PM,5:00 AM,9:00 PM,READY,True
56303-289428,1024931,I-10 and Hwy. 36,CO,2013 S. Meyer Street,Sealy,TX,77474,US,29.7634,-96.15196,+1 979-627-7999,True,False,False,Open until 9:30 PM,Open today from 4:30 AM - 9:30 PM,i-10-and-hwy-36-2013-s-meyer-street-sealy-tx-774748133-us,GMT-05:00 America/Chicago,20.8969,True,True,True,True,True,False,True,False,True,True,4:30 AM to 9:30 PM,4:30 AM,9:30 PM,4:30 AM to 9:30 PM,4:30 AM,9:30 PM,4:30 AM to 9:30 PM,4:30 AM,9:30 PM,5:00 AM to 9:30 PM,5:00 AM,9:30 PM,4:30 AM to 9:30 PM,4:30 AM,9:30 PM,4:30 AM to 9:30 PM,4:30 AM,9:30 PM,4:30 AM to 9:30 PM,4:30 AM,9:30 PM,READY,True
6384-282828,1024904,Highland Knolls & Westgreen,CO,1711 Westgreen Blvd,Katy,TX,77450,US,29.7593,-95.734,+1 281-398-1020,True,False,False,Open until 9:00 PM,Open today from 4:30 AM - 9:00 PM,highland-knolls-westgreen-1711-westgreen-blvd-katy-tx-774505381-us,GMT-05:00 America/Chicago,1.155,True,True,True,True,True,False,True,False,True,True,4:30 AM to 9:00 PM,4:30 AM,9:00 PM,4:30 AM to 9:00 PM,4:30 AM,9:00 PM,5:00 AM to 9:00 PM,5:00 AM,9:00 PM,5:00 AM to 9:00 PM,5:00 AM,9:00 PM,4:30 AM to 9:00 PM,4:30 AM,9:00 PM,4:30 AM to 9:00 PM,4:30 AM,9:00 PM,4:30 AM to 9:00 PM,4:30 AM,9:00 PM,READY,True
11657-100311,17200,Grand Pkwy & Cinco Ranch,CO,23501 Cinco Ranch Blvd,Katy,TX,77494,US,29.74329,-95.77604,+1 281-395-4010,True,False,False,Open until 9:30 PM,Open today from 4:30 AM - 9:30 PM,grand-pkwy-cinco-ranch-23501-cinco-ranch-blvd-building-f-130-katy-tx-7749,GMT-05:00 America/Chicago,1.6295,True,False,True,True,True,False,True,False,True,True,4:30 AM to 9:30 PM,4:30 AM,9:30 PM,4:30 AM to 9:30 PM,4:30 AM,9:30 PM,5:00 AM to 10:00 PM,5:00 AM,10:00 PM,5:00 AM to 9:30 PM,5:00 AM,9:30 PM,4:30 AM to 9:30 PM,4:30 AM,9:30 PM,4:30 AM to 9:30 PM,4:30 AM,9:30 PM,4:30 AM to 9:30 PM,4:30 AM,9:30 PM,READY,True
72767-78320,13238,Kroger Katy 733,LS,1550 Grand Pkwy,Katy,TX,77493,US,29.7579,-95.77815,+1 281-693-0603,True,False,False,Open until 9:00 PM,Open today from 6:00 AM - 9:00 PM,kroger-katy-733-1550-grand-pkwy-katy-tx-774932673-us,GMT-05:00 America/Chicago,1.7746,True,False,True,True,True,False,True,False,True,False,6:00 AM to 9:00 PM,6:00 AM,9:00 PM,6:00 AM to 9:00 PM,6:00 AM,9:00 PM,6:00 AM to 9:00 PM,6:00 AM,9:00 PM,6:00 AM to 9:00 PM,6:00 AM,9:00 PM,6:00 AM to 9:00 PM,6:00 AM,9:00 PM,6:00 AM to 9:00 PM,6:00 AM,9:00 PM,6:00 AM to 9:00 PM,6:00 AM,9:00 PM,READY,False
76203-90364,12768,Target Katy Cinco Ranch 1908,LS,23710 Westheimer Pkwy,Katy,TX,77494,US,29.73595,-95.7761,+1 281-392-8331,False,False,False,Opens Thursday at 7:00 AM,Open today from 7:00 AM - 8:00 PM,target-katy-cinco-ranch-1908-23710-westheimer-pkwy-katy-tx-774943605-us,GMT-05:00 America/Chicago,1.8423,True,False,False,True,False,False,True,False,True,False,7:00 AM to 8:00 PM,7:00 AM,8:00 PM,7:00 AM to 8:00 PM,7:00 AM,8:00 PM,7:00 AM to 8:00 PM,7:00 AM,8:00 PM,7:00 AM to 8:00 PM,7:00 AM,8:00 PM,7:00 AM to 8:00 PM,7:00 AM,8:00 PM,7:00 AM to 8:00 PM,7:00 AM,8:00 PM,7:00 AM to 8:00 PM,7:00 AM,8:00 PM,NOT_ELIGIBLE,False
6234-686,9180,Mason & Merrymount,CO,547 S Mason Rd,Katy,TX,77450,US,29.77682,-95.75021,+1 281-398-3958,True,False,False,Open until 9:00 PM,Open today from 5:00 AM - 9:00 PM,mason-merrymount-547-s-mason-rd-katy-tx-774502491-us,GMT-05:00 America/Chicago,1.8531,True,False,True,True,True,False,True,False,True,True,5:00 AM to 9:00 PM,5:00 AM,9:00 PM,5:00 AM to 9:00 PM,5:00 AM,9:00 PM,5:00 AM to 9:00 PM,5:00 AM,9:00 PM,5:00 AM to 9:00 PM,5:00 AM,9:00 PM,5:00 AM to 9:00 PM,5:00 AM,9:00 PM,5:00 AM to 9:00 PM,5:00 AM,9:00 PM,5:00 AM to 9:00 PM,5:00 AM,9:00 PM,READY,True
48024-260945,1015598,Westheimer & Falcon Landing,CO,25015 Westheimer Parkway,Katy,TX,77494,US,29.74491,-95.79327,+1 346-306-7203,True,False,False,Open until 9:00 PM,Open today from 5:00 AM - 9:00 PM,westheimer-falcon-landing-25015-westheimer-parkway-katy-tx-774947255-us,GMT-05:00 America/Chicago,2.6194,True,True,True,True,True,False,True,False,True,True,5:00 AM to 9:00 PM,5:00 AM,9:00 PM,5:00 AM to 9:00 PM,5:00 AM,9:00 PM,5:00 AM to 9:00 PM,5:00 AM,9:00 PM,5:00 AM to 9:00 PM,5:00 AM,9:00 PM,5:00 AM to 9:00 PM,5:00 AM,9:00 PM,5:00 AM to 9:00 PM,5:00 AM,9:00 PM,5:00 AM to 9:00 PM,5:00 AM,9:00 PM,READY,True
23710-232708,1009335,Randalls Houston 2671,LS,525 South Fry Rd,Houston,TX,77450,US,29.77956,-95.71713,+1 281-579-3890,True,False,False,Open until 8:00 PM,Open today from 6:00 AM - 8:00 PM,randalls-houston-2671-525-south-fry-rd-houston-tx-77450-us,GMT-05:00 America/Chicago,2.8387,True,False,False,True,True,False,True,False,True,False,6:00 AM to 8:00 PM,6:00 AM,8:00 PM,6:00 AM to 8:00 PM,6:00 AM,8:00 PM,6:00 AM to 8:00 PM,6:00 AM,8:00 PM,6:00 AM to 8:00 PM,6:00 AM,8:00 PM,6:00 AM to 8:00 PM,6:00 AM,8:00 PM,6:00 AM to 8:00 PM,6:00 AM,8:00 PM,6:00 AM to 8:00 PM,6:00 AM,8:00 PM,NOT_ELIGIBLE,False
17692-174324,91118,Fry & Seven Meadows,CO,23010 Seven Meadows Parkway,Katy,TX,77494,US,29.71503,-95.7783,+1 281-574-2051,True,False,False,Open until 9:00 PM,Open today from 5:00 AM - 9:00 PM,fry-seven-meadows-23010-seven-meadows-parkway-katy-tx-774940867-us,GMT-05:00 America/Chicago,2.9531,True,True,True,True,True,False,True,False,True,True,5:00 AM to 9:00 PM,5:00 AM,9:00 PM,5:00 AM to 9:00 PM,5:00 AM,9:00 PM,5:00 AM to 9:00 PM,5:00 AM,9:00 PM,5:00 AM to 9:00 PM,5:00 AM,9:00 PM,5:00 AM to 9:00 PM,5:00 AM,9:00 PM,5:00 AM to 9:00 PM,5:00 AM,9:00 PM,5:00 AM to 9:00 PM,5:00 AM,9:00 PM,READY,True
76154-88885,12105,Target Houston 907,LS,19955 Katy Fwy,Houston,TX,77094,US,29.7826,-95.71638,+1 281-647-9191,False,False,False,Opens Thursday at 8:00 AM,Open today from 8:00 AM - 8:00 PM,target-houston-907-19955-katy-fwy-houston-tx-770941019-us,GMT-05:00 America/Chicago,3.0232,True,False,False,True,False,False,True,False,True,False,8:00 AM to 8:00 PM,8:00 AM,8:00 PM,8:00 AM to 8:00 PM,8:00 AM,8:00 PM,8:00 AM to 8:00 PM,8:00 AM,8:00 PM,8:00 AM to 8:00 PM,8:00 AM,8:00 PM,8:00 AM to 8:00 PM,8:00 AM,8:00 PM,8:00 AM to 8:00 PM,8:00 AM,8:00 PM,8:00 AM to 8:00 PM,8:00 AM,8:00 PM,NOT_ELIGIBLE,False
6383-22701,13469,Fry & Park,CO,19914 Park Row,Katy,TX,77449,US,29.79058,-95.72059,+1 281-398-5680,True,False,False,Open until 9:00 PM,Open today from 4:30 AM - 9:00 PM,fry-park-19914-park-row-katy-tx-774494915-us,GMT-05:00 America/Chicago,3.3125,True,True,True,True,True,False,True,False,True,True,4:30 AM to 9:00 PM,4:30 AM,9:00 PM,4:30 AM to 9:00 PM,4:30 AM,9:00 PM,5:00 AM to 9:00 PM,5:00 AM,9:00 PM,5:00 AM to 9:00 PM,5:00 AM,9:00 PM,4:30 AM to 9:00 PM,4:30 AM,9:00 PM,4:30 AM to 9:00 PM,4:30 AM,9:00 PM,4:30 AM to 9:00 PM,4:30 AM,9:00 PM,READY,True
64755-294984,1031158,Westpark Tollway & Mason Rd,CO,20529 Farm to Market 1093,Richmond,TX,77407,US,29.70215,-95.74116,+1 832-905-8266,True,False,False,Open until 9:00 PM,Open today from 5:00 AM - 9:00 PM,westpark-tollway-mason-rd-20529-farm-to-market-1093-richmond-tx-774076000-us,GMT-05:00 America/Chicago,3.3484,True,True,True,True,True,True,True,True,True,True,5:00 AM to 9:00 PM,5:00 AM,9:00 PM,5:00 AM to 9:00 PM,5:00 AM,9:00 PM,5:00 AM to 8:30 PM,5:00 AM,8:30 PM,5:00 AM to 8:30 PM,5:00 AM,8:30 PM,5:00 AM to 9:00 PM,5:00 AM,9:00 PM,5:00 AM to 9:00 PM,5:00 AM,9:00 PM,5:00 AM to 9:00 PM,5:00 AM,9:00 PM,READY,True
19797-169925,1005244,I-10 & Greenhouse,CO,19235 Katy Freeway,Houston,TX,77094,US,29.78428,-95.70541,+1 281-578-2062,True,False,False,Open until 9:00 PM,Open today from 4:30 AM - 9:00 PM,i-10-greenhouse-19235-katy-freeway-100-houston-tx-770941036-us,GMT-05:00 America/Chicago,3.5724,True,True,True,True,True,False,True,False,True,True,4:30 AM to 9:00 PM,4:30 AM,9:00 PM,4:30 AM to 9:00 PM,4:30 AM,9:00 PM,4:30 AM to 9:00 PM,4:30 AM,9:00 PM,5:00 AM to 9:00 PM,5:00 AM,9:00 PM,4:30 AM to 9:00 PM,4:30 AM,9:00 PM,4:30 AM to 9:00 PM,4:30 AM,9:00 PM,4:30 AM to 9:00 PM,4:30 AM,9:00 PM,READY,True
29813-248913,1015108,Mason & Franz,CO,2015 Mason Rd.,Katy,TX,77449,US,29.80307,-95.75239,+1 832-773-4626,True,False,False,Open until 9:00 PM,Open today from 4:30 AM - 9:00 PM,mason-franz-2015-mason-rd-katy-tx-774496882-us,GMT-05:00 America/Chicago,3.6696,True,True,True,True,True,False,True,False,True,True,4:30 AM to 9:00 PM,4:30 AM,9:00 PM,4:30 AM to 9:00 PM,4:30 AM,9:00 PM,5:00 AM to 9:00 PM,5:00 AM,9:00 PM,5:00 AM to 9:00 PM,5:00 AM,9:00 PM,4:30 AM to 9:00 PM,4:30 AM,9:00 PM,4:30 AM to 9:00 PM,4:30 AM,9:00 PM,4:30 AM to 9:00 PM,4:30 AM,9:00 PM,READY,True
47264-251404,1019174,Kroger Katy 121,LS,9806 Gaston Road,Katy,TX,77494,US,29.73655,-95.81006,+1 346-307-3054,True,False,False,Open until 9:00 PM,Open today from 6:00 AM - 9:00 PM,kroger-katy-121-9806-gaston-road-katy-tx-77494-us,GMT-05:00 America/Chicago,3.721,True,False,True,True,False,False,True,False,True,False,6:00 AM to 9:00 PM,6:00 AM,9:00 PM,6:00 AM to 9:00 PM,6:00 AM,9:00 PM,6:00 AM to 9:00 PM,6:00 AM,9:00 PM,6:00 AM to 9:00 PM,6:00 AM,9:00 PM,6:00 AM to 9:00 PM,6:00 AM,9:00 PM,6:00 AM to 9:00 PM,6:00 AM,9:00 PM,6:00 AM to 9:00 PM,6:00 AM,9:00 PM,READY,False
10980-101854,17750,I 10 & Katy Mills,CO,1998 Katy Mills Blvd.,Katy,TX,77494,US,29.78377,-95.80763,+1 281-392-9250,True,False,False,Open until 9:00 PM,Open today from 4:30 AM - 9:00 PM,i-10-katy-mills-1998-katy-mills-blvd-a-katy-tx-774944101-us,GMT-05:00 America/Chicago,4.1703,True,True,True,True,True,False,True,False,True,True,4:30 AM to 9:00 PM,4:30 AM,9:00 PM,4:30 AM to 9:00 PM,4:30 AM,9:00 PM,5:00 AM to 9:00 PM,5:00 AM,9:00 PM,5:00 AM to 9:00 PM,5:00 AM,9:00 PM,4:30 AM to 9:00 PM,4:30 AM,9:00 PM,4:30 AM to 9:00 PM,4:30 AM,9:00 PM,4:30 AM to 9:00 PM,4:30 AM,9:00 PM,READY,True
49336-254298,1016369,Kroger Katy 122,LS,2700 W Grand Pkwy N,Katy,TX,77449,US,29.81278,-95.77028,+1 346-307-3084,True,False,False,Open until 9:00 PM,Open today from 6:00 AM - 9:00 PM,kroger-katy-122-2700-w-grand-pkwy-n-katy-tx-77449-us,GMT-05:00 America/Chicago,4.5049,True,False,True,True,True,False,True,False,True,False,6:00 AM to 9:00 PM,6:00 AM,9:00 PM,6:00 AM to 9:00 PM,6:00 AM,9:00 PM,6:00 AM to 9:00 PM,6:00 AM,9:00 PM,6:00 AM to 9:00 PM,6:00 AM,9:00 PM,6:00 AM to 9:00 PM,6:00 AM,9:00 PM,6:00 AM to 9:00 PM,6:00 AM,9:00 PM,6:00 AM to 9:00 PM,6:00 AM,9:00 PM,READY,False
50627-260964,1024148,Barker Cypress & Park Row,CO,18002 PARK ROW DRIVE,Houston,TX,77084,US,29.78918,-95.68889,+1 832-584-9887,True,False,False,Open until 9:00 PM,Open today from 4:30 AM - 9:00 PM,barker-cypress-park-row-18002-park-row-drive-100-houston-tx-770847728-us,GMT-05:00 America/Chicago,4.5564,True,True,True,True,True,False,True,False,True,True,4:30 AM to 9:00 PM,4:30 AM,9:00 PM,4:30 AM to 9:00 PM,4:30 AM,9:00 PM,4:30 AM to 9:00 PM,4:30 AM,9:00 PM,4:30 AM to 9:00 PM,4:30 AM,9:00 PM,4:30 AM to 9:00 PM,4:30 AM,9:00 PM,4:30 AM to 9:00 PM,4:30 AM,9:00 PM,4:30 AM to 9:00 PM,4:30 AM,9:00 PM,READY,True
52399-281708,1026329,Grand Parkway & Morton Ranch,CO,2941 W Grand Pkwy N,Katy,TX,77449,US,29.81654,-95.7727,+1 281-723-9711,True,False,False,Open until 11:00 PM,Open today from 4:00 AM - 11:00 PM,grand-parkway-morton-ranch-2941-w-grand-pkwy-n-katy-tx-774491991-us,GMT-05:00 America/Chicago,4.7948,True,True,True,True,True,True,True,True,True,True,4:00 AM to 11:00 PM,4:00 AM,11:00 PM,4:00 AM to 11:00 PM,4:00 AM,11:00 PM,4:00 AM to 10:00 PM,4:00 AM,10:00 PM,4:00 AM to 10:00 PM,4:00 AM,10:00 PM,4:00 AM to 11:00 PM,4:00 AM,11:00 PM,4:00 AM to 11:00 PM,4:00 AM,11:00 PM,4:00 AM to 11:00 PM,4:00 AM,11:00 PM,READY,True
82174-308581,1053419,Katy Fort Bend and Franz,CO,2155 Katy Fort Bend Road,Katy,TX,77493,US,29.80326,-95.8026,+1 713-955-5803,True,False,False,Open until 10:30 PM,Open today from 4:30 AM - 10:30 PM,katy-fort-bend-and-franz-2155-katy-fort-bend-road-katy-tx-77493-us,GMT-05:00 America/Chicago,4.8469,True,True,True,True,True,True,True,True,True,True,4:30 AM to 10:30 PM,4:30 AM,10:30 PM,4:30 AM to 10:30 PM,4:30 AM,10:30 PM,4:30 AM to 10:30 PM,4:30 AM,10:30 PM,4:30 AM to 10:30 PM,4:30 AM,10:30 PM,4:30 AM to 10:30 PM,4:30 AM,10:30 PM,4:30 AM to 10:30 PM,4:30 AM,10:30 PM,4:30 AM to 10:30 PM,4:30 AM,10:30 PM,READY,True
22655-201085,1006958,FM 1464 & Bellaire,CO,7027 FM 1464,Richmond,TX,77407,US,29.70248,-95.68721,+1 281-240-8691,True,False,False,Open until 9:30 PM,Open today from 5:00 AM - 9:30 PM,fm-1464-bellaire-7027-fm-1464-richmond-tx-774079542-us,GMT-05:00 America/Chicago,4.9974,True,True,True,True,True,True,True,True,True,True,5:00 AM to 9:30 PM,5:00 AM,9:30 PM,5:00 AM to 9:30 PM,5:00 AM,9:30 PM,5:00 AM to 10:00 PM,5:00 AM,10:00 PM,5:00 AM to 10:00 PM,5:00 AM,10:00 PM,5:00 AM to 9:30 PM,5:00 AM,9:30 PM,5:00 AM to 9:30 PM,5:00 AM,9:30 PM,5:00 AM to 9:30 PM,5:00 AM,9:30 PM,READY,True
16988-169086,113322,Kroger Houston 38,LS,25050 FM 1093 Rd,Richmond,TX,77494,US,29.70039,-95.81149,+1 832-586-7375,True,False,False,Open until 8:00 PM,Open today from 6:00 AM - 8:00 PM,kroger-houston-38-25050-fm-1093-rd-richmond-tx-77494-us,GMT-05:00 America/Chicago,5.036,True,False,True,True,True,False,True,False,True,False,6:00 AM to 8:00 PM,6:00 AM,8:00 PM,6:00 AM to 8:00 PM,6:00 AM,8:00 PM,6:00 AM to 8:00 PM,6:00 AM,8:00 PM,6:00 AM to 8:00 PM,6:00 AM,8:00 PM,6:00 AM to 8:00 PM,6:00 AM,8:00 PM,6:00 AM to 8:00 PM,6:00 AM,8:00 PM,6:00 AM to 8:00 PM,6:00 AM,8:00 PM,READY,False
29494-253986,1021918,Spring Green & Westpark,CO,9333 Spring Green Blvd,Katy,TX,77494,US,29.69829,-95.81376,+1 346-242-4639,True,False,False,Open until 9:30 PM,Open today from 4:30 AM - 9:30 PM,spring-green-westpark-9333-spring-green-blvd-b-katy-tx-774943849-us,GMT-05:00 America/Chicago,5.2346,True,True,True,True,True,False,True,False,True,True,4:30 AM to 9:30 PM,4:30 AM,9:30 PM,4:30 AM to 9:30 PM,4:30 AM,9:30 PM,5:00 AM to 9:00 PM,5:00 AM,9:00 PM,5:00 AM to 9:00 PM,5:00 AM,9:00 PM,4:30 AM to 9:30 PM,4:30 AM,9:30 PM,4:30 AM to 9:30 PM,4:30 AM,9:30 PM,4:30 AM to 9:30 PM,4:30 AM,9:30 PM,READY,True
23257-218065,1007621,I-10 & 1463,CO,801 FM 1463,Katy,TX,77494,US,29.77631,-95.83256,+1 281-636-8917,True,False,False,Open until 9:30 PM,Open today from 4:00 AM - 9:30 PM,i-10-1463-801-fm-1463-100-katy-tx-774947925-us,GMT-05:00 America/Chicago,5.275,True,True,True,True,True,False,True,False,True,True,4:00 AM to 9:30 PM,4:00 AM,9:30 PM,4:00 AM to 9:30 PM,4:00 AM,9:30 PM,4:30 AM to 9:30 PM,4:30 AM,9:30 PM,5:00 AM to 9:30 PM,5:00 AM,9:30 PM,4:00 AM to 9:30 PM,4:00 AM,9:30 PM,4:00 AM to 9:30 PM,4:00 AM,9:30 PM,4:00 AM to 9:30 PM,4:00 AM,9:30 PM,READY,True
26003-235305,1013227,Kroger Katy 146,LS,1712 Spring Green Blvd,Katy,TX,77494,US,29.76288,-95.84372,+1 281-769-4360,True,False,False,Open until 9:00 PM,Open today from 6:00 AM - 9:00 PM,kroger-katy-146-1712-spring-green-blvd-katy-tx-77494-us,GMT-05:00 America/Chicago,5.6916,True,False,True,True,True,False,True,False,True,False,6:00 AM to 9:00 PM,6:00 AM,9:00 PM,6:00 AM to 9:00 PM,6:00 AM,9:00 PM,6:00 AM to 9:00 PM,6:00 AM,9:00 PM,6:00 AM to 9:00 PM,6:00 AM,9:00 PM,6:00 AM to 9:00 PM,6:00 AM,9:00 PM,6:00 AM to 9:00 PM,6:00 AM,9:00 PM,6:00 AM to 9:00 PM,6:00 AM,9:00 PM,READY,False
22044-211217,1008844,Grand Parkway & W Bellfort,CO,7770 W. Grand Parkway S,Richmond,TX,77406,US,29.66395,-95.7453,+1 832-595-8069,True,False,False,Open until 8:00 PM,Open today from 5:00 AM - 8:00 PM,grand-parkway-w-bellfort-7770-w-grand-parkway-s-suite-a-richmond-tx-7740658,GMT-05:00 America/Chicago,5.9522,True,True,True,True,True,True,True,True,True,True,5:00 AM to 8:00 PM,5:00 AM,8:00 PM,5:00 AM to 8:00 PM,5:00 AM,8:00 PM,5:00 AM to 8:00 PM,5:00 AM,8:00 PM,5:00 AM to 8:00 PM,5:00 AM,8:00 PM,5:00 AM to 8:00 PM,5:00 AM,8:00 PM,5:00 AM to 8:00 PM,5:00 AM,8:00 PM,5:00 AM to 8:00 PM,5:00 AM,8:00 PM,READY,True
3936-146425,18743,Kroger Richmond 397,LS,8011 W Grand Pkwy S,Richmond,TX,77407,US,29.66361,-95.73829,+1 281-341-2760,True,False,False,Open until 8:00 PM,Open today from 6:00 AM - 8:00 PM,kroger-richmond-397-8011-w-grand-pkwy-s-richmond-tx-774078600-us,GMT-05:00 America/Chicago,6.0102,True,False,True,True,False,False,True,False,True,False,6:00 AM to 8:00 PM,6:00 AM,8:00 PM,6:00 AM to 8:00 PM,6:00 AM,8:00 PM,6:00 AM to 8:00 PM,6:00 AM,8:00 PM,6:00 AM to 8:00 PM,6:00 AM,8:00 PM,6:00 AM to 8:00 PM,6:00 AM,8:00 PM,6:00 AM to 8:00 PM,6:00 AM,8:00 PM,6:00 AM to 8:00 PM,6:00 AM,8:00 PM,READY,False
9578-96918,8213,Hwy 6 & Memorial,CO,803 Highway 6 South,Houston,TX,77079,US,29.77528,-95.64347,+1 281-496-1468,True,False,False,Open until 8:00 PM,Open today from 4:30 AM - 8:00 PM,hwy-6-memorial-803-highway-6-south-houston-tx-770794040-us,GMT-05:00 America/Chicago,6.624,True,True,True,True,True,False,True,False,True,True,4:30 AM to 8:00 PM,4:30 AM,8:00 PM,4:30 AM to 8:00 PM,4:30 AM,8:00 PM,5:00 AM to 8:00 PM,5:00 AM,8:00 PM,5:00 AM to 8:00 PM,5:00 AM,8:00 PM,4:30 AM to 8:00 PM,4:30 AM,8:00 PM,4:30 AM to 8:00 PM,4:30 AM,8:00 PM,4:30 AM to 8:00 PM,4:30 AM,8:00 PM,READY,True
54151-286397,1023916,Grand Parkway and Harlem,CO,10203 W GRAND PARKWAY S,Richmond,TX,77407,US,29.6585,-95.71328,+1 281-389-5813,True,False,False,Open until 9:00 PM,Open today from 5:00 AM - 9:00 PM,grand-parkway-and-harlem-10203-w-grand-parkway-s-101-richmond-tx-774072381-,GMT-05:00 America/Chicago,6.6951,True,True,True,True,True,True,True,True,True,True,5:00 AM to 9:00 PM,5:00 AM,9:00 PM,5:00 AM to 9:00 PM,5:00 AM,9:00 PM,5:00 AM to 9:00 PM,5:00 AM,9:00 PM,5:00 AM to 9:00 PM,5:00 AM,9:00 PM,5:00 AM to 9:00 PM,5:00 AM,9:00 PM,5:00 AM to 9:00 PM,5:00 AM,9:00 PM,5:00 AM to 9:00 PM,5:00 AM,9:00 PM,READY,True
50772-275767,1020154,Target Richmond 2868,LS,10241 West Grand Parkway South,Richmond,TX,77407,US,29.6582,-95.71016,+1 832-586-7614,False,False,False,Opens Thursday at 8:00 AM,Open today from 8:00 AM - 8:00 PM,target-richmond-2868-10241-west-grand-parkway-south-richmond-tx-77407-u,GMT-05:00 America/Chicago,6.7785,True,False,False,True,False,False,True,False,True,False,8:00 AM to 8:00 PM,8:00 AM,8:00 PM,8:00 AM to 8:00 PM,8:00 AM,8:00 PM,8:00 AM to 8:00 PM,8:00 AM,8:00 PM,8:00 AM to 8:00 PM,8:00 AM,8:00 PM,8:00 AM to 8:00 PM,8:00 AM,8:00 PM,8:00 AM to 8:00 PM,8:00 AM,8:00 PM,8:00 AM to 8:00 PM,8:00 AM,8:00 PM,NOT_ELIGIBLE,False
24853-239184,1014751,FM1463 & Westpark,CO,6440 FM 1463 Rd.,Fulshear,TX,77441,US,29.69827,-95.84672,+1 832-684-6682,True,False,False,Open until 9:00 PM,Open today from 5:00 AM - 9:00 PM,fm-1463-westpark-6440-fm-1463-rd-fulshear-tx-774413878-us,GMT-05:00 America/Chicago,6.8158,True,True,True,True,True,False,True,False,True,True,5:00 AM to 9:00 PM,5:00 AM,9:00 PM,5:00 AM to 9:00 PM,5:00 AM,9:00 PM,5:00 AM to 9:00 PM,5:00 AM,9:00 PM,5:00 AM to 9:00 PM,5:00 AM,9:00 PM,5:00 AM to 9:00 PM,5:00 AM,9:00 PM,5:00 AM to 9:00 PM,5:00 AM,9:00 PM,5:00 AM to 9:00 PM,5:00 AM,9:00 PM,READY,True
74560-81026,12778,Randalls Houston 2672,LS,18322 Clay Road,Houston,TX,77084,US,29.83259,-95.68398,+1 281-855-9774,True,False,False,Open until 8:00 PM,Open today from 6:00 AM - 8:00 PM,randalls-houston-2672-18322-clay-road-houston-tx-770843916-us,GMT-05:00 America/Chicago,6.9451,True,False,False,True,True,False,True,False,True,False,6:00 AM to 8:00 PM,6:00 AM,8:00 PM,6:00 AM to 8:00 PM,6:00 AM,8:00 PM,6:00 AM to 8:00 PM,6:00 AM,8:00 PM,6:00 AM to 8:00 PM,6:00 AM,8:00 PM,6:00 AM to 8:00 PM,6:00 AM,8:00 PM,6:00 AM to 8:00 PM,6:00 AM,8:00 PM,6:00 AM to 8:00 PM,6:00 AM,8:00 PM,NOT_ELIGIBLE,False
72942-86584,14237,Kroger Houston 349,LS,1520 Eldridge Pkwy,Houston,TX,77077,US,29.75729,-95.62732,+1 281-496-6063,True,False,False,Open until 8:00 PM,Open today from 6:00 AM - 8:00 PM,kroger-houston-349-1520-eldridge-pkwy-houston-tx-770771759-us,GMT-05:00 America/Chicago,7.3761,True,False,True,True,False,False,True,False,True,False,6:00 AM to 8:00 PM,6:00 AM,8:00 PM,6:00 AM to 8:00 PM,6:00 AM,8:00 PM,6:00 AM to 8:00 PM,6:00 AM,8:00 PM,6:00 AM to 8:00 PM,6:00 AM,8:00 PM,6:00 AM to 8:00 PM,6:00 AM,8:00 PM,6:00 AM to 8:00 PM,6:00 AM,8:00 PM,6:00 AM to 8:00 PM,6:00 AM,8:00 PM,READY,False
76973-137484,10715,Target Houston Far West 2419,LS,2700 Eldridge Pkwy,Houston,TX,77082,US,29.73259,-95.62745,+1 281-810-5251,False,False,False,Opens Thursday at 8:00 AM,Open today from 8:00 AM - 8:00 PM,target-houston-far-west-2419-2700-eldridge-pkwy-houston-tx-770826870-us,GMT-05:00 America/Chicago,7.4498,True,False,False,True,False,False,True,False,True,False,8:00 AM to 8:00 PM,8:00 AM,8:00 PM,8:00 AM to 8:00 PM,8:00 AM,8:00 PM,8:00 AM to 8:00 PM,8:00 AM,8:00 PM,8:00 AM to 8:00 PM,8:00 AM,8:00 PM,8:00 AM to 8:00 PM,8:00 AM,8:00 PM,8:00 AM to 8:00 PM,8:00 AM,8:00 PM,8:00 AM to 8:00 PM,8:00 AM,8:00 PM,NOT_ELIGIBLE,False
11378-103800,17411,Briar Forest & Eldridge,CO,1535 Eldridge Pkwy,Houston,TX,77077,US,29.75578,-95.62459,+1 281-596-8895,True,False,False,Open until 9:00 PM,Open today from 5:00 AM - 9:00 PM,briar-forest-eldridge-1535-eldridge-pkwy-200-houston-tx-770772430-us,GMT-05:00 America/Chicago,7.5333,True,True,True,True,True,False,True,False,True,True,5:00 AM to 9:00 PM,5:00 AM,9:00 PM,5:00 AM to 9:00 PM,5:00 AM,9:00 PM,5:00 AM to 9:00 PM,5:00 AM,9:00 PM,5:00 AM to 9:00 PM,5:00 AM,9:00 PM,5:00 AM to 8:00 PM,5:00 AM,8:00 PM,5:00 AM to 8:00 PM,5:00 AM,8:00 PM,5:00 AM to 8:00 PM,5:00 AM,8:00 PM,READY,True
20229-197304,1005806,West Little York & Fry,CO,6137 North Fry Road,Katy,TX,77449,US,29.86361,-95.721,+1 281-858-0711,True,False,False,Open until 10:00 PM,Open today from 4:30 AM - 10:00 PM,west-little-york-fry-6137-north-fry-road-katy-tx-774495563-us,GMT-05:00 America/Chicago,8.0399,True,True,True,True,True,True,True,True,True,True,4:30 AM to 10:00 PM,4:30 AM,10:00 PM,4:30 AM to 10:00 PM,4:30 AM,10:00 PM,5:00 AM to 10:00 PM,5:00 AM,10:00 PM,5:00 AM to 10:00 PM,5:00 AM,10:00 PM,4:30 AM to 10:00 PM,4:30 AM,10:00 PM,4:30 AM to 10:00 PM,4:30 AM,10:00 PM,4:30 AM to 10:00 PM,4:30 AM,10:00 PM,READY,True
10651-96583,17824,Hwy 6 & Bissonnet,CO,9315 Hwy 6 S,Houston,TX,77083,US,29.67795,-95.64308,+1 281-530-7446,True,False,False,Open until 10:30 PM,Open today from 5:00 AM - 10:30 PM,hwy-6-bissonnet-9315-hwy-6-s-houston-tx-770836381-us,GMT-05:00 America/Chicago,8.1209,True,True,True,True,True,True,True,True,True,True,5:00 AM to 10:30 PM,5:00 AM,10:30 PM,5:00 AM to 10:30 PM,5:00 AM,10:30 PM,5:00 AM to 10:30 PM,5:00 AM,10:30 PM,5:00 AM to 10:30 PM,5:00 AM,10:30 PM,5:00 AM to 10:30 PM,5:00 AM,10:30 PM,5:00 AM to 10:30 PM,5:00 AM,10:30 PM,5:00 AM to 10:30 PM,5:00 AM,10:30 PM,READY,True
71245-301393,1038550,Target Katy North T-2882,LS,22165 FM 529,Katy,TX,77493,US,29.87292,-95.75863,+1 281-505-3382,False,False,False,Opens Thursday at 8:00 AM,Open today from 8:00 AM - 8:00 PM,target-katy-north-t-2882-22165-fm-529-katy-tx-77493-us,GMT-05:00 America/Chicago,8.5087,True,False,False,True,True,False,True,False,False,False,8:00 AM to 8:00 PM,8:00 AM,8:00 PM,8:00 AM to 8:00 PM,8:00 AM,8:00 PM,8:00 AM to 8:00 PM,8:00 AM,8:00 PM,8:00 AM to 8:00 PM,8:00 AM,8:00 PM,8:00 AM to 8:00 PM,8:00 AM,8:00 PM,8:00 AM to 8:00 PM,8:00 AM,8:00 PM,8:00 AM to 8:00 PM,8:00 AM,8:00 PM,NOT_ELIGIBLE,False
6309-2684,18549,Memorial & Dairy Ashford,CO,14607 Memorial Dr,Houston,TX,77079,US,29.76985,-95.60716,+1 281-496-1598,True,False,False,Open until 9:00 PM,Open today from 5:00 AM - 9:00 PM,memorial-dairy-ashford-14607-memorial-dr-houston-tx-770797501-us,GMT-05:00 America/Chicago,8.6767,True,True,True,True,True,False,True,False,True,True,5:00 AM to 9:00 PM,5:00 AM,9:00 PM,5:00 AM to 9:00 PM,5:00 AM,9:00 PM,5:00 AM to 9:00 PM,5:00 AM,9:00 PM,5:00 AM to 9:00 PM,5:00 AM,9:00 PM,5:00 AM to 9:00 PM,5:00 AM,9:00 PM,5:00 AM to 9:00 PM,5:00 AM,9:00 PM,5:00 AM to 9:00 PM,5:00 AM,9:00 PM,READY,True
74603-85963,12918,Randalls Houston 1011,LS,14610 Memorial Dr & Dairy As,Houston,TX,77079,US,29.77171,-95.6074,+1 281-497-0630,True,False,False,Open until 8:00 PM,Open today from 6:00 AM - 8:00 PM,randalls-houston-1011-14610-memorial-dr-dairy-as-houston-tx-770797502-us,GMT-05:00 America/Chicago,8.6837,True,False,False,True,True,False,True,False,True,False,6:00 AM to 8:00 PM,6:00 AM,8:00 PM,6:00 AM to 8:00 PM,6:00 AM,8:00 PM,6:00 AM to 8:00 PM,6:00 AM,8:00 PM,6:00 AM to 8:00 PM,6:00 AM,8:00 PM,6:00 AM to 8:00 PM,6:00 AM,8:00 PM,6:00 AM to 8:00 PM,6:00 AM,8:00 PM,6:00 AM to 8:00 PM,6:00 AM,8:00 PM,NOT_ELIGIBLE,False
27887-230685,1015353,Westheimer & Dairy Ashford Rd,CO,12555 Westheimer Road,Houston,TX,77077,US,29.73571,-95.60455,+1 281-753-6506,True,False,False,Open until 9:00 PM,Open today from 5:00 AM - 9:00 PM,westheimer-dairy-ashford-rd-12555-westheimer-road-houston-tx-770775867-us,GMT-05:00 America/Chicago,8.7814,True,True,True,True,True,False,True,False,True,True,5:00 AM to 9:00 PM,5:00 AM,9:00 PM,5:00 AM to 9:00 PM,5:00 AM,9:00 PM,5:00 AM to 9:00 PM,5:00 AM,9:00 PM,5:00 AM to 9:00 PM,5:00 AM,9:00 PM,5:00 AM to 9:00 PM,5:00 AM,9:00 PM,5:00 AM to 9:00 PM,5:00 AM,9:00 PM,5:00 AM to 9:00 PM,5:00 AM,9:00 PM,READY,True
74559-81024,12779,Randalls Houston 2670,LS,1890 FM 359,Richmond,TX,77469,US,29.62215,-95.74247,+1 281-238-8231,True,False,False,Open until 8:00 PM,Open today from 6:00 AM - 8:00 PM,randalls-houston-2670-1890-fm-359-richmond-tx-77469-us,GMT-05:00 America/Chicago,8.8451,True,False,False,True,True,False,True,False,True,False,6:00 AM to 8:00 PM,6:00 AM,8:00 PM,6:00 AM to 8:00 PM,6:00 AM,8:00 PM,6:00 AM to 8:00 PM,6:00 AM,8:00 PM,6:00 AM to 8:00 PM,6:00 AM,8:00 PM,6:00 AM to 8:00 PM,6:00 AM,8:00 PM,6:00 AM to 8:00 PM,6:00 AM,8:00 PM,6:00 AM to 8:00 PM,6:00 AM,8:00 PM,NOT_ELIGIBLE,False
11561-102283,18329,Hwy 6 & Loch Katrine,CO,4751 Hwy 6,Houston,TX,77084,US,29.84515,-95.64613,+1 281-345-1591,True,False,False,Open until 10:00 PM,Open today from 5:00 AM - 10:00 PM,hwy-6-loch-katrine-4751-hwy-6-houston-tx-770842714-us,GMT-05:00 America/Chicago,9.0558,True,True,True,True,False,True,True,True,True,True,5:00 AM to 10:00 PM,5:00 AM,10:00 PM,5:00 AM to 10:00 PM,5:00 AM,10:00 PM,5:00 AM to 10:00 PM,5:00 AM,10:00 PM,5:00 AM to 10:00 PM,5:00 AM,10:00 PM,5:00 AM to 10:00 PM,5:00 AM,10:00 PM,5:00 AM to 10:00 PM,5:00 AM,10:00 PM,5:00 AM to 10:00 PM,5:00 AM,10:00 PM,READY,True
72823-93398,13758,Kroger Sugarland 375,LS,11565 S Hwy 6,Sugar Land,TX,77498,US,29.64791,-95.6497,+1 281-340-1500,True,False,False,Open until 9:00 PM,Open today from 6:00 AM - 9:00 PM,kroger-sugarland-375-11565-s-hwy-6-sugar-land-tx-774984932-us,GMT-05:00 America/Chicago,9.2732,True,False,True,True,False,False,True,False,True,False,6:00 AM to 9:00 PM,6:00 AM,9:00 PM,6:00 AM to 9:00 PM,6:00 AM,9:00 PM,6:00 AM to 9:00 PM,6:00 AM,9:00 PM,6:00 AM to 9:00 PM,6:00 AM,9:00 PM,6:00 AM to 9:00 PM,6:00 AM,9:00 PM,6:00 AM to 9:00 PM,6:00 AM,9:00 PM,6:00 AM to 9:00 PM,6:00 AM,9:00 PM,READY,False
48019-260950,1017874,Fry & Rustic Lake,CO,7702 Fry Rd,Cypress,TX,77433,US,29.89082,-95.71792,+1 832-773-8869,True,False,False,Open until 10:00 PM,Open today from 4:30 AM - 10:00 PM,fry-rustic-lake-7702-fry-rd-cypress-tx-774336893-us,GMT-05:00 America/Chicago,9.9179,True,True,True,True,True,True,True,True,True,True,4:30 AM to 10:00 PM,4:30 AM,10:00 PM,4:30 AM to 10:00 PM,4:30 AM,10:00 PM,5:00 AM to 10:00 PM,5:00 AM,10:00 PM,5:00 AM to 10:00 PM,5:00 AM,10:00 PM,4:30 AM to 9:00 PM,4:30 AM,9:00 PM,4:30 AM to 9:00 PM,4:30 AM,9:00 PM,4:30 AM to 9:00 PM,4:30 AM,9:00 PM,READY,True
6484-301275,15164,Westheimer and Crescent Park D,CO,11700 Westheimer Rd,Houston,TX,77077,US,29.73717,-95.58476,+1 281-556-8382,True,False,False,Open until 8:00 PM,Open today from 5:00 AM - 8:00 PM,westheimer-and-crescent-park-d-11700-westheimer-rd-ste-a-houston-tx-770776884-us,GMT-05:00 America/Chicago,9.9524,True,True,True,True,True,False,True,False,True,True,5:00 AM to 8:00 PM,5:00 AM,8:00 PM,5:00 AM to 8:00 PM,5:00 AM,8:00 PM,5:00 AM to 9:00 PM,5:00 AM,9:00 PM,5:00 AM to 9:00 PM,5:00 AM,9:00 PM,5:00 AM to 8:00 PM,5:00 AM,8:00 PM,5:00 AM to 8:00 PM,5:00 AM,8:00 PM,5:00 AM to 8:00 PM,5:00 AM,8:00 PM,READY,True
9614-97485,9591,I-10 & Kirkwood,CO,11611 Katy Freeway,Houston,TX,77079,US,29.78387,-95.58861,+1 281-584-9063,True,False,False,Open until 8:00 PM,Open today from 4:00 AM - 8:00 PM,i-10-kirkwood-11611-katy-freeway-houston-tx-770791801-us,GMT-05:00 America/Chicago,9.9585,True,True,True,True,True,False,True,False,True,True,4:00 AM to 8:00 PM,4:00 AM,8:00 PM,4:00 AM to 8:00 PM,4:00 AM,8:00 PM,4:30 AM to 8:00 PM,4:30 AM,8:00 PM,4:30 AM to 8:00 PM,4:30 AM,8:00 PM,4:00 AM to 8:00 PM,4:00 AM,8:00 PM,4:00 AM to 8:00 PM,4:00 AM,8:00 PM,4:00 AM to 8:00 PM,4:00 AM,8:00 PM,READY,True
50930-266026,1021672,Memorial Dr. & Wycliffe,CO,13211 Memorial Dr,Houston,TX,77079,US,29.77237,-95.57469,+1 832-470-1954,True,False,False,Open until 9:00 PM,Open today from 5:00 AM - 9:00 PM,memorial-dr-wycliffe-13211-memorial-dr-houston-tx-770793537-us,GMT-05:00 America/Chicago,10.6281,True,True,True,True,True,False,True,False,True,True,5:00 AM to 9:00 PM,5:00 AM,9:00 PM,5:00 AM to 9:00 PM,5:00 AM,9:00 PM,5:00 AM to 9:00 PM,5:00 AM,9:00 PM,5:00 AM to 9:00 PM,5:00 AM,9:00 PM,5:00 AM to 9:00 PM,5:00 AM,9:00 PM,5:00 AM to 9:00 PM,5:00 AM,9:00 PM,5:00 AM to 9:00 PM,5:00 AM,9:00 PM,READY,True
76342-95727,14468,Target Copperfield 993,LS,6955 Hwy 6 N,Houston,TX,77084,US,29.87775,-95.64743,+1 281-550-8955,False,False,False,Opens Thursday at 8:00 AM,Open today from 8:00 AM - 8:00 PM,target-copperfield-993-6955-hwy-6-n-houston-tx-770841313-us,GMT-05:00 America/Chicago,10.7573,True,False,False,True,True,False,True,False,True,False,8:00 AM to 8:00 PM,8:00 AM,8:00 PM,8:00 AM to 8:00 PM,8:00 AM,8:00 PM,8:00 AM to 8:00 PM,8:00 AM,8:00 PM,8:00 AM to 8:00 PM,8:00 AM,8:00 PM,8:00 AM to 8:00 PM,8:00 AM,8:00 PM,8:00 AM to 8:00 PM,8:00 AM,8:00 PM,8:00 AM to 8:00 PM,8:00 AM,8:00 PM,NOT_ELIGIBLE,False
76647-100225,16955,Target Houston 75,LS,10801 Westheimer Rd,Houston,TX,77042,US,29.73533,-95.56789,+1 713-782-9950,False,False,False,Opens Thursday at 8:00 AM,Open today from 8:00 AM - 8:00 PM,target-houston-75-10801-westheimer-rd-houston-tx-770423293-us,GMT-05:00 America/Chicago,10.9719,True,False,False,True,False,False,True,False,True,False,8:00 AM to 8:00 PM,8:00 AM,8:00 PM,8:00 AM to 8:00 PM,8:00 AM,8:00 PM,8:00 AM to 8:00 PM,8:00 AM,8:00 PM,8:00 AM to 8:00 PM,8:00 AM,8:00 PM,8:00 AM to 8:00 PM,8:00 AM,8:00 PM,8:00 AM to 8:00 PM,8:00 AM,8:00 PM,8:00 AM to 8:00 PM,8:00 AM,8:00 PM,NOT_ELIGIBLE,False
71297-306265,1040855,Spencer Hwy and Glen Chase Dr,CO,15518 FM 529,Houston,TX,77095,US,29.87962,-95.64139,+1 346-586-4003,True,False,False,Open until 10:00 PM,Open today from 4:00 AM - 10:00 PM,spencer-hwy-and-glen-chase-dr-15518-fm-529-houston-tx-770952704-us,GMT-05:00 America/Chicago,11.0725,True,True,True,True,True,True,True,True,True,True,4:00 AM to 10:00 PM,4:00 AM,10:00 PM,4:00 AM to 10:00 PM,4:00 AM,10:00 PM,5:00 AM to 10:00 PM,5:00 AM,10:00 PM,5:00 AM to 10:00 PM,5:00 AM,10:00 PM,4:00 AM to 10:00 PM,4:00 AM,10:00 PM,4:00 AM to 10:00 PM,4:00 AM,10:00 PM,4:00 AM to 10:00 PM,4:00 AM,10:00 PM,READY,True
76418-96282,9560,Target Baytown 887,LS,4510 Garth Rd,Baytown,TX,77521,US,29.77195,-94.97628,+1 281-427-0265,False,False,False,Opens Thursday at 8:00 AM,Open today from 8:00 AM - 8:00 PM,target-baytown-887-4510-garth-rd-baytown-tx-775212124-us,GMT-05:00 America/Chicago,2.0795,True,False,False,True,False,False,True,False,True,False,8:00 AM to 8:00 PM,8:00 AM,8:00 PM,8:00 AM to 8:00 PM,8:00 AM,8:00 PM,8:00 AM to 8:00 PM,8:00 AM,8:00 PM,8:00 AM to 8:00 PM,8:00 AM,8:00 PM,8:00 AM to 8:00 PM,8:00 AM,8:00 PM,8:00 AM to 8:00 PM,8:00 AM,8:00 PM,8:00 AM to 8:00 PM,8:00 AM,8:00 PM,NOT_ELIGIBLE,False
7943-95796,8960,Garth Rd & West Baker,CO,4557 Garth Rd,Baytown,TX,77521,US,29.77402,-94.97813,+1 281-422-7239,True,False,False,Open until 10:30 PM,Open today from 4:00 AM - 10:30 PM,garth-rd-west-baker-4557-garth-rd-baytown-tx-775212123-us,GMT-05:00 America/Chicago,2.1154,True,True,True,True,True,False,True,False,True,True,4:00 AM to 10:30 PM,4:00 AM,10:30 PM,4:00 AM to 10:30 PM,4:00 AM,10:30 PM,4:00 AM to 10:30 PM,4:00 AM,10:30 PM,4:00 AM to 10:30 PM,4:00 AM,10:30 PM,4:00 AM to 10:00 PM,4:00 AM,10:00 PM,4:00 AM to 10:00 PM,4:00 AM,10:00 PM,4:00 AM to 10:00 PM,4:00 AM,10:00 PM,READY,True
29831-247784,1014502,Kroger Baytown 150,LS,6231 Garth Rd,Baytown,TX,77251,US,29.79262,-94.98384,+1 346-216-4154,True,False,False,Open until 9:00 PM,Open today from 6:00 AM - 9:00 PM,kroger-baytown-150-6231-garth-rd-baytown-tx-77251-us,GMT-05:00 America/Chicago,3.1001,True,False,True,True,True,False,True,False,True,False,6:00 AM to 9:00 PM,6:00 AM,9:00 PM,6:00 AM to 9:00 PM,6:00 AM,9:00 PM,6:00 AM to 9:00 PM,6:00 AM,9:00 PM,6:00 AM to 9:00 PM,6:00 AM,9:00 PM,6:00 AM to 9:00 PM,6:00 AM,9:00 PM,6:00 AM to 9:00 PM,6:00 AM,9:00 PM,6:00 AM to 9:00 PM,6:00 AM,9:00 PM,READY,False
10619-101322,7978,I 10 & Garth,CO,5017 Interstate 10,Baytown,TX,77521,US,29.80518,-94.98295,+1 281-421-2408,True,False,False,Open until 10:00 PM,Open today from 4:00 AM - 10:00 PM,i-10-garth-5017-interstate-10-baytown-tx-775218367-us,GMT-05:00 America/Chicago,3.9473,True,True,True,True,True,False,True,False,True,True,4:00 AM to 10:00 PM,4:00 AM,10:00 PM,4:00 AM to 10:00 PM,4:00 AM,10:00 PM,4:00 AM to 10:00 PM,4:00 AM,10:00 PM,4:00 AM to 10:00 PM,4:00 AM,10:00 PM,4:00 AM to 10:00 PM,4:00 AM,10:00 PM,4:00 AM to 10:00 PM,4:00 AM,10:00 PM,4:00 AM to 10:00 PM,4:00 AM,10:00 PM,READY,True
65137-297481,1032074,Hwy 146 & W Main St,CO,117 Hwy 146 S,La Porte,TX,77571,US,29.66449,-95.02846,+1 346-699-1109,True,False,False,Open until 10:00 PM,Open today from 4:00 AM - 10:00 PM,hwy-146-w-main-st-117-hwy-146-s-la-porte-tx-775714800-us,GMT-05:00 America/Chicago,6.1501,True,True,True,True,True,False,True,False,True,True,4:00 AM to 10:00 PM,4:00 AM,10:00 PM,4:00 AM to 10:00 PM,4:00 AM,10:00 PM,4:00 AM to 10:00 PM,4:00 AM,10:00 PM,4:00 AM to 10:00 PM,4:00 AM,10:00 PM,4:00 AM to 9:00 PM,4:00 AM,9:00 PM,4:00 AM to 9:00 PM,4:00 AM,9:00 PM,4:00 AM to 9:00 PM,4:00 AM,9:00 PM,READY,True
17414-107536,90542,Kroger LaPorte 319,LS,1300 W Fairmont Parkway,La Porte,TX,77346,US,29.65353,-95.03235,+1 281-842-1020,True,False,False,Open until 8:00 PM,Open today from 6:00 AM - 8:00 PM,kroger-la-porte-319-1300-w-fairmont-parkway-la-porte-tx-77346-us,GMT-05:00 America/Chicago,6.9424,True,False,True,True,True,False,True,False,True,False,6:00 AM to 8:00 PM,6:00 AM,8:00 PM,6:00 AM to 8:00 PM,6:00 AM,8:00 PM,6:00 AM to 8:00 PM,6:00 AM,8:00 PM,6:00 AM to 8:00 PM,6:00 AM,8:00 PM,6:00 AM to 8:00 PM,6:00 AM,8:00 PM,6:00 AM to 8:00 PM,6:00 AM,8:00 PM,6:00 AM to 8:00 PM,6:00 AM,8:00 PM,READY,False
58901-291754,1034192,I-10 and Hwy 146,CO,8535 TX Hwy 146,Baytown,TX,77523,US,29.81517,-94.90147,+1 346-472-3339,True,False,False,Open until 10:00 PM,Open today from 4:30 AM - 10:00 PM,i-10-and-hwy-146-8535-tx-hwy-146-ste-110-baytown-tx-775237592-us,GMT-05:00 America/Chicago,7.4288,True,True,True,True,True,True,True,True,True,True,4:30 AM to 10:00 PM,4:30 AM,10:00 PM,4:30 AM to 10:00 PM,4:30 AM,10:00 PM,4:30 AM to 10:00 PM,4:30 AM,10:00 PM,5:00 AM to 10:00 PM,5:00 AM,10:00 PM,4:30 AM to 10:00 PM,4:30 AM,10:00 PM,4:30 AM to 10:00 PM,4:30 AM,10:00 PM,4:30 AM to 10:00 PM,4:30 AM,10:00 PM,READY,True
13724-108180,6484,Center & Pasadena,CO,3705 Center Street,Deer Park,TX,77536,US,29.67773,-95.12277,+1 281-476-9853,True,False,False,Open until 10:00 PM,Open today from 4:30 AM - 10:00 PM,center-pasadena-3705-center-street-deer-park-tx-775366103-us,GMT-05:00 America/Chicago,8.9,True,True,True,True,True,False,True,False,True,True,4:30 AM to 10:00 PM,4:30 AM,10:00 PM,4:30 AM to 10:00 PM,4:30 AM,10:00 PM,5:00 AM to 10:00 PM,5:00 AM,10:00 PM,5:00 AM to 10:00 PM,5:00 AM,10:00 PM,4:30 AM to 9:00 PM,4:30 AM,9:00 PM,4:30 AM to 9:00 PM,4:30 AM,9:00 PM,4:30 AM to 9:00 PM,4:30 AM,9:00 PM,READY,True
22389-180846,1008762,Spencer Hwy & College Park,CO,8075 Spencer Hwy,Deer Park,TX,77536,US,29.6641,-95.11439,+1 281-479-7971,True,False,False,Open until 10:00 PM,Open today from 4:30 AM - 10:00 PM,spencer-hwy-college-park-8075-spencer-hwy-deer-park-tx-775366516-us,GMT-05:00 America/Chicago,9.0748,True,True,True,True,True,False,True,False,True,True,4:30 AM to 10:00 PM,4:30 AM,10:00 PM,4:30 AM to 10:00 PM,4:30 AM,10:00 PM,4:30 AM to 10:00 PM,4:30 AM,10:00 PM,5:00 AM to 10:00 PM,5:00 AM,10:00 PM,4:30 AM to 10:00 PM,4:30 AM,10:00 PM,4:30 AM to 10:00 PM,4:30 AM,10:00 PM,4:30 AM to 10:00 PM,4:30 AM,10:00 PM,READY,True
10411-100318,7192,Hwy 90 & FM 2100,CO,2123 Hwy 90,Crosby,TX,77532,US,29.88608,-95.06362,+1 281-328-7368,True,False,False,Open until 10:00 PM,Open today from 4:00 AM - 10:00 PM,hwy-90-fm-2100-2123-hwy-90-crosby-tx-775326681-us,GMT-05:00 America/Chicago,10.1463,True,True,True,True,True,False,True,False,True,True,4:00 AM to 10:00 PM,4:00 AM,10:00 PM,4:00 AM to 10:00 PM,4:00 AM,10:00 PM,4:00 AM to 10:00 PM,4:00 AM,10:00 PM,4:30 AM to 10:00 PM,4:30 AM,10:00 PM,4:00 AM to 10:00 PM,4:00 AM,10:00 PM,4:00 AM to 10:00 PM,4:00 AM,10:00 PM,4:00 AM to 10:00 PM,4:00 AM,10:00 PM,READY,True
65153-296325,1033504,I-10 & Eagle Dr,CO,9209 Eagle Dr,Mont Belvieu,TX,77523,US,29.82905,-94.84804,+1 346-567-3900,True,False,False,Open until 10:00 PM,Open today from 4:00 AM - 10:00 PM,i-10-eagle-dr-9209-eagle-dr-100-mont-belvieu-tx-775235619-us,GMT-05:00 America/Chicago,10.6236,True,True,True,True,True,False,True,True,True,True,4:00 AM to 10:00 PM,4:00 AM,10:00 PM,4:00 AM to 10:00 PM,4:00 AM,10:00 PM,4:30 AM to 10:00 PM,4:30 AM,10:00 PM,4:30 AM to 10:00 PM,4:30 AM,10:00 PM,4:00 AM to 10:00 PM,4:00 AM,10:00 PM,4:00 AM to 10:00 PM,4:00 AM,10:00 PM,4:00 AM to 10:00 PM,4:00 AM,10:00 PM,READY,True
6737-270585,1020333,Fairmont Pkwy & Rhodes,CO,6451 Fairmont Pkwy,Pasadena,TX,77505,US,29.65067,-95.13856,+1 281-991-8339,True,False,False,Open until 10:00 PM,Open today from 4:30 AM - 10:00 PM,fairmont-pkwy-rhodes-6451-fairmont-pkwy-pasadena-tx-775054220-us,GMT-05:00 America/Chicago,10.7822,True,True,True,True,True,True,True,True,True,True,4:30 AM to 10:00 PM,4:30 AM,10:00 PM,4:30 AM to 10:00 PM,4:30 AM,10:00 PM,5:00 AM to 10:00 PM,5:00 AM,10:00 PM,5:00 AM to 10:00 PM,5:00 AM,10:00 PM,4:30 AM to 10:00 PM,4:30 AM,10:00 PM,4:30 AM to 10:00 PM,4:30 AM,10:00 PM,4:30 AM to 10:00 PM,4:30 AM,10:00 PM,READY,True
14459-106886,10605,Beltway 8 & Wallisville,CO,15252 Wallisville Rd,Houston,TX,77049,US,29.80715,-95.16753,+1 713-330-0635,True,False,False,Open until 11:00 PM,Open today from 4:00 AM - 11:00 PM,beltway-8-wallisville-15252-wallisville-rd-b-houston-tx-770494633-us,GMT-05:00 America/Chicago,10.7948,True,True,True,True,True,False,True,False,True,True,4:00 AM to 11:00 PM,4:00 AM,11:00 PM,4:00 AM to 11:00 PM,4:00 AM,11:00 PM,4:30 AM to 11:00 PM,4:30 AM,11:00 PM,5:00 AM to 11:00 PM,5:00 AM,11:00 PM,4:00 AM to 11:00 PM,4:00 AM,11:00 PM,4:00 AM to 11:00 PM,4:00 AM,11:00 PM,4:00 AM to 11:00 PM,4:00 AM,11:00 PM,READY,True
6308-252264,1017397,Spencer Hwy & Beltway 8,CO,5510 Spencer Hwy,Pasadena,TX,77505,US,29.66523,-95.15638,+1 713-944-0980,True,False,False,Open until 11:00 PM,Open today from 4:30 AM - 11:00 PM,spencer-hwy-beltway-8-5510-spencer-hwy-pasadena-tx-775051518-us,GMT-05:00 America/Chicago,11.0624,True,True,True,True,True,True,True,True,True,True,4:30 AM to 11:00 PM,4:30 AM,11:00 PM,4:30 AM to 11:00 PM,4:30 AM,11:00 PM,5:00 AM to 11:00 PM,5:00 AM,11:00 PM,5:00 AM to 11:00 PM,5:00 AM,11:00 PM,4:30 AM to 11:00 PM,4:30 AM,11:00 PM,4:30 AM to 11:00 PM,4:30 AM,11:00 PM,4:30 AM to 11:00 PM,4:30 AM,11:00 PM,READY,True
67496-299918,1038160,I-10 and Uvalde Rd,CO,1216 Uvalde Rd,Houston,TX,77015,US,29.77241,-95.18685,+1 832-917-5935,True,False,False,Open until 10:30 PM,Open today from 4:00 AM - 10:30 PM,i-10-and-uvalde-rd-1216-uvalde-rd-houston-tx-770153708-us,GMT-05:00 America/Chicago,11.3137,True,True,True,True,True,False,True,False,True,True,4:00 AM to 10:30 PM,4:00 AM,10:30 PM,4:00 AM to 10:30 PM,4:00 AM,10:30 PM,4:30 AM to 10:30 PM,4:30 AM,10:30 PM,5:00 AM to 10:30 PM,5:00 AM,10:30 PM,4:00 AM to 10:30 PM,4:00 AM,10:30 PM,4:00 AM to 10:30 PM,4:00 AM,10:30 PM,4:00 AM to 10:30 PM,4:00 AM,10:30 PM,READY,True
72680-64242,11796,Target Pasadena 1396,LS,5757 Fairmont Pkwy,Pasadena,TX,77505,US,29.6504,-95.15222,+1 281-504-0143,False,False,False,Opens Thursday at 8:00 AM,Open today from 8:00 AM - 8:00 PM,target-pasadena-1396-5757-fairmont-pkwy-pasadena-tx-775053905-us,GMT-05:00 America/Chicago,11.4376,True,False,False,True,True,False,True,False,True,False,8:00 AM to 8:00 PM,8:00 AM,8:00 PM,8:00 AM to 8:00 PM,8:00 AM,8:00 PM,8:00 AM to 8:00 PM,8:00 AM,8:00 PM,8:00 AM to 8:00 PM,8:00 AM,8:00 PM,8:00 AM to 8:00 PM,8:00 AM,8:00 PM,8:00 AM to 8:00 PM,8:00 AM,8:00 PM,8:00 AM to 8:00 PM,8:00 AM,8:00 PM,NOT_ELIGIBLE,False
10653-100310,8455,Fairmont & Mickey Gilley Blvd,CO,5118 Fairmont Pkwy,Pasadena,TX,77505,US,29.6493,-95.16393,+1 281-487-2967,True,False,False,Open until 10:00 PM,Open today from 5:00 AM - 10:00 PM,fairmont-mickey-gilley-blvd-5118-fairmont-pkwy-pasadena-tx-775053728-us,GMT-05:00 America/Chicago,12.0502,True,True,True,True,True,False,True,False,True,True,5:00 AM to 10:00 PM,5:00 AM,10:00 PM,5:00 AM to 10:00 PM,5:00 AM,10:00 PM,5:00 AM to 10:00 PM,5:00 AM,10:00 PM,5:00 AM to 10:00 PM,5:00 AM,10:00 PM,5:00 AM to 10:00 PM,5:00 AM,10:00 PM,5:00 AM to 10:00 PM,5:00 AM,10:00 PM,5:00 AM to 10:00 PM,5:00 AM,10:00 PM,READY,True
67482-300175,1040148,Beltway 8 and Tidwell Rd,CO,13515 Tidwell Rd,Houston,TX,77044,US,29.85368,-95.18959,+1 832-917-6113,True,False,False,Open until 10:00 PM,Open today from 4:30 AM - 10:00 PM,beltway-8-and-tidwell-rd-13515-tidwell-rd-houston-tx-770441546-us,GMT-05:00 America/Chicago,13.436,True,True,True,True,True,False,True,False,True,True,4:30 AM to 10:00 PM,4:30 AM,10:00 PM,4:30 AM to 10:30 PM,4:30 AM,10:30 PM,4:30 AM to 10:30 PM,4:30 AM,10:30 PM,4:30 AM to 10:00 PM,4:30 AM,10:00 PM,4:30 AM to 10:00 PM,4:30 AM,10:00 PM,4:30 AM to 10:00 PM,4:30 AM,10:00 PM,4:30 AM to 10:00 PM,4:30 AM,10:00 PM,READY,True
66478-300478,1033386,Spencer Hwy and Westside Dr,CO,2536 Spencer Hwy,Pasadena,TX,77504,US,29.66449,-95.20371,+1 281-324-0099,True,False,False,Open until 10:00 PM,Open today from 4:00 AM - 10:00 PM,spencer-hwy-and-westside-dr-2536-spencer-hwy-pasadena-tx-775041016-us,GMT-05:00 America/Chicago,13.5779,True,True,True,True,True,True,True,False,True,True,4:00 AM to 10:00 PM,4:00 AM,10:00 PM,4:00 AM to 10:00 PM,4:00 AM,10:00 PM,4:00 AM to 10:00 PM,4:00 AM,10:00 PM,4:00 AM to 10:00 PM,4:00 AM,10:00 PM,4:00 AM to 10:00 PM,4:00 AM,10:00 PM,4:00 AM to 10:00 PM,4:00 AM,10:00 PM,4:00 AM to 10:00 PM,4:00 AM,10:00 PM,READY,True
72973-86566,11564,Kroger Houston 300,LS,1950 El Dorado,Houston,TX,77062,US,29.57779,-95.12063,+1 281-480-2678,True,False,False,Open until 8:00 PM,Open today from 6:00 AM - 8:00 PM,kroger-houston-300-1950-el-dorado-houston-tx-770623621-us,GMT-05:00 America/Chicago,13.9294,True,False,True,True,True,False,True,False,True,False,6:00 AM to 8:00 PM,6:00 AM,8:00 PM,6:00 AM to 8:00 PM,6:00 AM,8:00 PM,6:00 AM to 8:00 PM,6:00 AM,8:00 PM,6:00 AM to 8:00 PM,6:00 AM,8:00 PM,6:00 AM to 8:00 PM,6:00 AM,8:00 PM,6:00 AM to 8:00 PM,6:00 AM,8:00 PM,6:00 AM to 8:00 PM,6:00 AM,8:00 PM,READY,False
75218-82428,12780,Kemah Boardwalk,LS,301 Kipp Ave,Kemah,TX,77565,US,29.5466,-95.01767,+1 281-538-0100,False,False,False,Opens Thursday at 7:00 AM,Open today from 7:00 AM - 7:00 PM,kemah-boardwalk-301-kipp-ave-kemah-tx-77565-us,GMT-05:00 America/Chicago,14.0936,True,False,True,True,True,False,True,False,True,False,7:00 AM to 7:00 PM,7:00 AM,7:00 PM,7:00 AM to 9:00 PM,7:00 AM,9:00 PM,7:00 AM to 10:00 PM,7:00 AM,10:00 PM,7:00 AM to 9:00 PM,7:00 AM,9:00 PM,7:00 AM to 8:00 PM,7:00 AM,8:00 PM,7:00 AM to 8:00 PM,7:00 AM,8:00 PM,7:00 AM to 8:00 PM,7:00 AM,8:00 PM,NOT_READY,False
72659-64939,13219,Target Clear Lake Shores 1377,LS,255 Marina Bay Dr,Clear Lake Shores,TX,77565,US,29.53892,-95.02248,+1 281-538-7626,False,False,False,Opens Thursday at 8:00 AM,Open today from 8:00 AM - 8:00 PM,target-clear-lake-shores-1377-255-marina-bay-dr-clear-lake-shores-tx-775652671-u,GMT-05:00 America/Chicago,14.6466,True,False,False,True,True,False,True,False,True,False,8:00 AM to 8:00 PM,8:00 AM,8:00 PM,8:00 AM to 8:00 PM,8:00 AM,8:00 PM,8:00 AM to 8:00 PM,8:00 AM,8:00 PM,8:00 AM to 8:00 PM,8:00 AM,8:00 PM,8:00 AM to 8:00 PM,8:00 AM,8:00 PM,8:00 AM to 8:00 PM,8:00 AM,8:00 PM,8:00 AM to 8:00 PM,8:00 AM,8:00 PM,NOT_ELIGIBLE,False
67183-298932,1032908,Hwy 146 & FM 518 East,CO,255 FM 518,Kemah,TX,77565,US,29.53607,-95.02006,+1 713-352-2691,True,False,False,Open until 9:00 PM,Open today from 4:30 AM - 9:00 PM,hwy-146-fm-518-east-255-fm-518-kemah-tx-775653219-us,GMT-05:00 America/Chicago,14.8301,True,True,True,True,True,True,True,True,True,True,4:30 AM to 9:00 PM,4:30 AM,9:00 PM,4:30 AM to 9:00 PM,4:30 AM,9:00 PM,5:00 AM to 9:00 PM,5:00 AM,9:00 PM,5:00 AM to 9:00 PM,5:00 AM,9:00 PM,4:30 AM to 9:00 PM,4:30 AM,9:00 PM,4:30 AM to 9:00 PM,4:30 AM,9:00 PM,4:30 AM to 9:00 PM,4:30 AM,9:00 PM,READY,True
74526-57179,13111,Randalls League City 2051,LS,20905 Southshore Blvd.,League City,TX,77573,US,29.53913,-95.06332,+1 281-538-2500,True,False,False,Open until 8:00 PM,Open today from 6:00 AM - 8:00 PM,randalls-league-city-2051-20905-southshore-blvd-league-city-tx-77573-us,GMT-05:00 America/Chicago,15.0577,True,False,False,True,True,False,True,False,True,False,6:00 AM to 8:00 PM,6:00 AM,8:00 PM,6:00 AM to 8:00 PM,6:00 AM,8:00 PM,6:00 AM to 8:00 PM,6:00 AM,8:00 PM,6:00 AM to 8:00 PM,6:00 AM,8:00 PM,6:00 AM to 8:00 PM,6:00 AM,8:00 PM,6:00 AM to 8:00 PM,6:00 AM,8:00 PM,6:00 AM to 8:00 PM,6:00 AM,8:00 PM,NOT_ELIGIBLE,False
6398-29475,15524,Nasa Road 1 & Nassau Bay,CO,1400 NASA Rd. 1,Nassau Bay,TX,77058,US,29.548,-95.09784,+1 281-335-0885,True,False,False,Open until 9:00 PM,Open today from 4:30 AM - 9:00 PM,nasa-road-1-nassau-bay-1400-nasa-rd-1-nassau-bay-tx-770583192-us,GMT-05:00 America/Chicago,15.143,True,True,True,True,True,True,True,False,True,True,4:30 AM to 9:00 PM,4:30 AM,9:00 PM,4:30 AM to 9:00 PM,4:30 AM,9:00 PM,5:00 AM to 9:00 PM,5:00 AM,9:00 PM,5:00 AM to 9:00 PM,5:00 AM,9:00 PM,4:30 AM to 9:00 PM,4:30 AM,9:00 PM,4:30 AM to 9:00 PM,4:30 AM,9:00 PM,4:30 AM to 9:00 PM,4:30 AM,9:00 PM,READY,True
14389-117424,18649,Hwy 3 & Clear Lake City,CO,13914 Galveston Road,Webster,TX,77598,US,29.57828,-95.15697,+1 281-461-6281,True,False,False,Open until 9:00 PM,Open today from 4:30 AM - 9:00 PM,hwy-3-clear-lake-city-13914-galveston-road-suite-100-webster-tx-77598160,GMT-05:00 America/Chicago,15.1521,True,True,True,True,True,True,True,False,True,True,4:30 AM to 9:00 PM,4:30 AM,9:00 PM,4:30 AM to 9:00 PM,4:30 AM,9:00 PM,4:30 AM to 9:00 PM,4:30 AM,9:00 PM,4:30 AM to 9:00 PM,4:30 AM,9:00 PM,4:30 AM to 9:00 PM,4:30 AM,9:00 PM,4:30 AM to 9:00 PM,4:30 AM,9:00 PM,4:30 AM to 9:00 PM,4:30 AM,9:00 PM,READY,True
6426-26988,12457,Bay Area & Seawolf,CO,515 Bay Area Blvd,Houston,TX,77058,US,29.55178,-95.12614,+1 281-488-9800,True,False,False,Open until 10:00 PM,Open today from 4:30 AM - 10:00 PM,bay-area-seawolf-515-bay-area-blvd-ste-100-houston-tx-770582666-us,GMT-05:00 America/Chicago,15.6506,True,True,True,True,True,True,True,False,True,True,4:30 AM to 10:00 PM,4:30 AM,10:00 PM,4:00 AM to 10:00 PM,4:00 AM,10:00 PM,4:30 AM to 10:00 PM,4:30 AM,10:00 PM,5:00 AM to 10:00 PM,5:00 AM,10:00 PM,4:30 AM to 10:00 PM,4:30 AM,10:00 PM,4:30 AM to 10:00 PM,4:30 AM,10:00 PM,4:30 AM to 10:00 PM,4:30 AM,10:00 PM,READY,True
6501-207304,1009990,FM 2094 & Davis,CO,2454 FM 2094,League City,TX,77573,US,29.52894,-95.07327,+1 281-538-6988,True,False,False,Open until 8:00 PM,Open today from 4:30 AM - 8:00 PM,fm-2094-davis-2454-fm-2094-league-city-tx-775732734-us,GMT-05:00 America/Chicago,15.8949,True,True,True,True,True,True,True,True,True,True,4:30 AM to 8:00 PM,4:30 AM,8:00 PM,4:30 AM to 8:00 PM,4:30 AM,8:00 PM,5:00 AM to 8:00 PM,5:00 AM,8:00 PM,5:00 AM to 8:00 PM,5:00 AM,8:00 PM,4:30 AM to 8:00 PM,4:30 AM,8:00 PM,4:30 AM to 8:00 PM,4:30 AM,8:00 PM,4:30 AM to 8:00 PM,4:30 AM,8:00 PM,READY,True
25210-189308,1012073,El Dorado & Gatebrook,CO,225 El Dorado Blvd,Webster,TX,77598,US,29.55649,-95.14978,+1 281-381-4687,True,False,False,Open until 10:00 PM,Open today from 4:30 AM - 10:00 PM,el-dorado-gatebrook-225-el-dorado-blvd-webster-tx-775982204-us,GMT-05:00 America/Chicago,16.1135,True,True,True,True,True,True,True,False,True,True,4:30 AM to 10:00 PM,4:30 AM,10:00 PM,4:30 AM to 10:00 PM,4:30 AM,10:00 PM,4:30 AM to 10:00 PM,4:30 AM,10:00 PM,5:00 AM to 10:00 PM,5:00 AM,10:00 PM,4:30 AM to 10:00 PM,4:30 AM,10:00 PM,4:30 AM to 10:00 PM,4:30 AM,10:00 PM,4:30 AM to 10:00 PM,4:30 AM,10:00 PM,READY,True
14307-114144,10751,I 45 & Rowlett,CO,11404 Gulf Freeway,Houston,TX,77034,US,29.63163,-95.23406,+1 713-518-1817,True,False,False,Open until 10:00 PM,Open today from 4:00 AM - 10:00 PM,i-45-rowlett-11404-gulf-freeway-houston-tx-770343549-us,GMT-05:00 America/Chicago,16.256,True,True,True,True,True,True,True,True,True,True,4:00 AM to 10:00 PM,4:00 AM,10:00 PM,4:00 AM to 10:00 PM,4:00 AM,10:00 PM,4:00 AM to 10:00 PM,4:00 AM,10:00 PM,4:00 AM to 10:00 PM,4:00 AM,10:00 PM,4:00 AM to 10:00 PM,4:00 AM,10:00 PM,4:00 AM to 10:00 PM,4:00 AM,10:00 PM,4:00 AM to 10:00 PM,4:00 AM,10:00 PM,READY,True
69731-302986,1039629,HCA Clear Lake Hospital,LS,500 Medical Center Blvd,Webster,TX,77598,US,29.54051,-95.12842,+1 281-724-1399,True,False,False,Open until 9:00 PM,Open today from 5:00 AM - 9:00 PM,hca-clear-lake-hospital-500-medical-center-blvd-webster-tx-77598-us,GMT-05:00 America/Chicago,16.4004,True,False,True,True,True,False,True,False,False,False,5:00 AM to 9:00 PM,5:00 AM,9:00 PM,5:00 AM to 9:00 PM,5:00 AM,9:00 PM,5:00 AM to 9:00 PM,5:00 AM,9:00 PM,5:00 AM to 9:00 PM,5:00 AM,9:00 PM,5:00 AM to 9:00 PM,5:00 AM,9:00 PM,5:00 AM to 9:00 PM,5:00 AM,9:00 PM,5:00 AM to 9:00 PM,5:00 AM,9:00 PM,READY,False
72765-78321,13237,Kroger Houston 746,LS,11701 E Sam Houston Pkwy,Houston,TX,77089,US,29.60301,-95.21476,+1 281-484-7754,True,False,False,Open until 9:00 PM,Open today from 6:00 AM - 9:00 PM,kroger-houston-746-11701-e-sam-houston-pkwy-houston-tx-770894764-us,GMT-05:00 America/Chicago,16.412,True,False,True,True,True,False,True,False,True,False,6:00 AM to 9:00 PM,6:00 AM,9:00 PM,6:00 AM to 9:00 PM,6:00 AM,9:00 PM,6:00 AM to 9:00 PM,6:00 AM,9:00 PM,6:00 AM to 9:00 PM,6:00 AM,9:00 PM,6:00 AM to 9:00 PM,6:00 AM,9:00 PM,6:00 AM to 9:00 PM,6:00 AM,9:00 PM,6:00 AM to 9:00 PM,6:00 AM,9:00 PM,NOT_READY,False
13478-107190,6485,I-45 & Monroe,CO,8515 Gulf Freeway,Houston,TX,77017,US,29.66988,-95.26201,+1 713-946-1399,True,False,False,Open until 10:30 PM,Open today from 4:00 AM - 10:30 PM,i-45-monroe-8515-gulf-freeway-houston-tx-770175003-us,GMT-05:00 America/Chicago,16.6694,True,True,True,True,True,True,True,True,True,True,4:00 AM to 10:30 PM,4:00 AM,10:30 PM,4:00 AM to 10:30 PM,4:00 AM,10:30 PM,4:00 AM to 10:30 PM,4:00 AM,10:30 PM,4:00 AM to 10:30 PM,4:00 AM,10:30 PM,4:00 AM to 10:30 PM,4:00 AM,10:30 PM,4:00 AM to 10:30 PM,4:00 AM,10:30 PM,4:00 AM to 10:30 PM,4:00 AM,10:30 PM,READY,True
71401-305637,1042136,W Lake Houston & Summer Lake R,CO,14433 West Lake Houston Pkwy,Houston,TX,77044,US,29.93644,-95.17662,+1 346-301-9666,True,False,False,Open until 10:00 PM,Open today from 4:00 AM - 10:00 PM,w-lake-houston-summer-lake-r-14433-west-lake-houston-pkwy-100-houston-tx-77044-,GMT-05:00 America/Chicago,16.6728,True,True,True,True,True,False,True,False,True,True,4:00 AM to 10:00 PM,4:00 AM,10:00 PM,4:00 AM to 10:00 PM,4:00 AM,10:00 PM,4:00 AM to 10:00 PM,4:00 AM,10:00 PM,4:00 AM to 10:00 PM,4:00 AM,10:00 PM,4:00 AM to 9:00 PM,4:00 AM,9:00 PM,4:00 AM to 9:00 PM,4:00 AM,9:00 PM,4:00 AM to 9:00 PM,4:00 AM,9:00 PM,NOT_READY,False
72559-102569,17955,Kroger League City 398,LS,2750 E. League City Parkway,League City,TX,77573,US,29.50775,-95.0414,+1 281-521-2560,True,False,False,Open until 9:00 PM,Open today from 6:00 AM - 9:00 PM,kroger-league-city-398-2750-e-league-city-parkway-league-city-tx-77573335,GMT-05:00 America/Chicago,16.9215,True,False,True,True,False,False,True,False,True,False,6:00 AM to 9:00 PM,6:00 AM,9:00 PM,6:00 AM to 9:00 PM,6:00 AM,9:00 PM,6:00 AM to 9:00 PM,6:00 AM,9:00 PM,6:00 AM to 9:00 PM,6:00 AM,9:00 PM,6:00 AM to 9:00 PM,6:00 AM,9:00 PM,6:00 AM to 9:00 PM,6:00 AM,9:00 PM,6:00 AM to 9:00 PM,6:00 AM,9:00 PM,READY,False
19881-173505,1006913,Woodson & W. Lake Houston Pkwy,CO,12661 W Lake Houston Pkwy,Houston,TX,77044,US,29.92546,-95.19711,+1 281-459-1679,True,False,False,Open until 10:30 PM,Open today from 4:00 AM - 10:30 PM,woodson-w-lake-houston-pkwy-12661-w-lake-houston-pkwy-suite-a-houston-tx-77044,GMT-05:00 America/Chicago,16.9272,True,True,True,True,True,False,True,False,True,True,4:00 AM to 10:30 PM,4:00 AM,10:30 PM,4:00 AM to 10:30 PM,4:00 AM,10:30 PM,4:30 AM to 10:00 PM,4:30 AM,10:00 PM,4:30 AM to 10:00 PM,4:30 AM,10:00 PM,4:00 AM to 10:30 PM,4:00 AM,10:30 PM,4:00 AM to 10:30 PM,4:00 AM,10:30 PM,4:00 AM to 10:30 PM,4:00 AM,10:30 PM,READY,True
6950-74049,13756,Baybrook Mall,CO,500 Baybrook Mall,Friendswood,TX,77546,US,29.54151,-95.14882,+1 281-286-5155,False,False,False,Opens Thursday at 8:30 AM,Open today from 8:30 AM - 8:30 PM,baybrook-mall-500-baybrook-mall-suite-1172-friendswood-tx-775462,GMT-05:00 America/Chicago,16.9521,True,False,True,True,False,False,True,False,True,True,8:30 AM to 8:30 PM,8:30 AM,8:30 PM,8:30 AM to 9:30 PM,8:30 AM,9:30 PM,8:30 AM to 9:30 PM,8:30 AM,9:30 PM,9:30 AM to 6:30 PM,9:30 AM,6:30 PM,8:30 AM to 8:30 PM,8:30 AM,8:30 PM,8:30 AM to 8:30 PM,8:30 AM,8:30 PM,8:30 AM to 8:30 PM,8:30 AM,8:30 PM,NOT_READY,True
20144-186530,1006633,Hwy 96 & S. Shore Harbor,CO,2560 E League City Pkwy,League City,TX,77573,US,29.50451,-95.0437,+1 281-334-6561,True,False,False,Open until 10:00 PM,Open today from 4:30 AM - 10:00 PM,hwy-96-s-shore-harbor-2560-e-league-city-pkwy-league-city-tx-775736459-u,GMT-05:00 America/Chicago,17.1636,True,True,True,True,True,True,True,True,True,True,4:30 AM to 10:00 PM,4:30 AM,10:00 PM,4:30 AM to 10:00 PM,4:30 AM,10:00 PM,4:30 AM to 10:00 PM,4:30 AM,10:00 PM,4:30 AM to 10:00 PM,4:30 AM,10:00 PM,4:30 AM to 10:00 PM,4:30 AM,10:00 PM,4:30 AM to 10:00 PM,4:30 AM,10:00 PM,4:30 AM to 10:00 PM,4:30 AM,10:00 PM,READY,True
47262-248786,1015574,Kroger Houston 128,LS,14221 E Sam Houston Pkwy N,Houston,TX,77044,US,29.92472,-95.20363,+1 281-670-2057,True,False,False,Open until 9:00 PM,Open today from 6:00 AM - 9:00 PM,kroger-houston-128-14221-e-sam-houston-pkwy-n-houston-tx-77044-us,GMT-05:00 America/Chicago,17.1663,True,False,True,True,True,False,True,False,True,False,6:00 AM to 9:00 PM,6:00 AM,9:00 PM,6:00 AM to 9:00 PM,6:00 AM,9:00 PM,6:00 AM to 9:00 PM,6:00 AM,9:00 PM,6:00 AM to 9:00 PM,6:00 AM,9:00 PM,6:00 AM to 9:00 PM,6:00 AM,9:00 PM,6:00 AM to 9:00 PM,6:00 AM,9:00 PM,6:00 AM to 9:00 PM,6:00 AM,9:00 PM,READY,False
6345-230684,1014222,Bay Area & Glenwest,CO,1735 W Bay Area Blvd,Webster,TX,77598,US,29.5374,-95.15226,+1 281-338-0480,True,False,False,Open until 10:00 PM,Open today from 4:30 AM - 10:00 PM,bay-area-glenwest-1735-w-bay-area-blvd-ste-b-webster-tx-775983414-us,GMT-05:00 America/Chicago,17.3024,True,True,True,True,True,True,True,False,True,True,4:30 AM to 10:00 PM,4:30 AM,10:00 PM,4:30 AM to 10:00 PM,4:30 AM,10:00 PM,5:00 AM to 10:00 PM,5:00 AM,10:00 PM,5:00 AM to 10:00 PM,5:00 AM,10:00 PM,4:30 AM to 10:00 PM,4:30 AM,10:00 PM,4:30 AM to 10:00 PM,4:30 AM,10:00 PM,4:30 AM to 10:00 PM,4:30 AM,10:00 PM,READY,True
76120-88886,12773,Target Webster 1837,LS,1801 W Bay Area Blvd,Webster,TX,77598,US,29.5368,-95.15164,+1 281-332-7019,False,False,False,Opens Thursday at 8:00 AM,Open today from 8:00 AM - 8:00 PM,target-webster-1837-1801-w-bay-area-blvd-webster-tx-775983403-us,GMT-05:00 America/Chicago,17.318,True,False,False,True,False,False,True,False,True,False,8:00 AM to 8:00 PM,8:00 AM,8:00 PM,8:00 AM to 8:00 PM,8:00 AM,8:00 PM,8:00 AM to 8:00 PM,8:00 AM,8:00 PM,8:00 AM to 8:00 PM,8:00 AM,8:00 PM,8:00 AM to 8:00 PM,8:00 AM,8:00 PM,8:00 AM to 8:00 PM,8:00 AM,8:00 PM,8:00 AM to 8:00 PM,8:00 AM,8:00 PM,NOT_ELIGIBLE,False
10087-98926,7426,FM 518 & Hwy 3,CO,100 E Main,League City,TX,77573,US,29.50797,-95.09504,+1 281-554-7416,True,False,False,Open until 8:00 PM,Open today from 4:30 AM - 8:00 PM,fm-518-hwy-3-100-e-main-league-city-tx-775733747-us,GMT-05:00 America/Chicago,17.67,True,True,True,True,True,True,True,True,True,True,4:30 AM to 8:00 PM,4:30 AM,8:00 PM,4:30 AM to 8:00 PM,4:30 AM,8:00 PM,4:30 AM to 8:00 PM,4:30 AM,8:00 PM,4:30 AM to 8:00 PM,4:30 AM,8:00 PM,4:30 AM to 8:00 PM,4:30 AM,8:00 PM,4:30 AM to 8:00 PM,4:30 AM,8:00 PM,4:30 AM to 8:00 PM,4:30 AM,8:00 PM,READY,True
82803-310415,1053992,HOU PRESECURITY Near Checkpoin,LS,7800 Airport Blvd,Houston,TX,77061,US,29.65435,-95.27675,,True,False,False,Open until 7:00 PM,Open today from 5:00 AM - 7:00 PM,hou-presecurity-near-checkpoin-7800-airport-blvd-houston-tx-77061-us,GMT-05:00 America/Chicago,17.8758,True,False,True,True,True,False,True,False,True,False,5:00 AM to 7:00 PM,5:00 AM,7:00 PM,5:00 AM to 7:00 PM,5:00 AM,7:00 PM,5:00 AM to 7:00 PM,5:00 AM,7:00 PM,5:00 AM to 7:00 PM,5:00 AM,7:00 PM,5:00 AM to 7:00 PM,5:00 AM,7:00 PM,5:00 AM to 7:00 PM,5:00 AM,7:00 PM,5:00 AM to 7:00 PM,5:00 AM,7:00 PM,READY,False
67532-301081,1039370,I-45 and Woodridge Rd,CO,7013 Gulf Freeway,Houston,TX,77087,US,29.70157,-95.29332,+1 346-998-0336,True,False,False,Open until 10:00 PM,Open today from 4:00 AM - 10:00 PM,i-45-and-woodridge-rd-7013-gulf-freeway-houston-tx-770878012-us,GMT-05:00 America/Chicago,17.9148,True,True,True,True,True,True,True,True,True,True,4:00 AM to 10:00 PM,4:00 AM,10:00 PM,4:00 AM to 10:00 PM,4:00 AM,10:00 PM,4:00 AM to 10:00 PM,4:00 AM,10:00 PM,4:00 AM to 10:00 PM,4:00 AM,10:00 PM,4:00 AM to 10:00 PM,4:00 AM,10:00 PM,4:00 AM to 10:00 PM,4:00 AM,10:00 PM,4:00 AM to 10:00 PM,4:00 AM,10:00 PM,READY,True
27535-247229,1013395,HOU Gate 45,LS,7800 Airport Blvd.,Houston,TX,77061,US,29.65266,-95.27741,+1 832-266-7211,True,False,False,Open until 9:00 PM,Open today from 4:00 AM - 9:00 PM,hou-gate-45-7800-airport-blvd-houston-tx-77061-us,GMT-05:00 America/Chicago,17.9561,True,False,True,True,True,False,True,False,True,False,4:00 AM to 9:00 PM,4:00 AM,9:00 PM,4:00 AM to 9:00 PM,4:00 AM,9:00 PM,4:00 AM to 9:00 PM,4:00 AM,9:00 PM,4:00 AM to 9:00 PM,4:00 AM,9:00 PM,4:00 AM to 9:00 PM,4:00 AM,9:00 PM,4:00 AM to 9:00 PM,4:00 AM,9:00 PM,4:00 AM to 9:00 PM,4:00 AM,9:00 PM,READY,False
85447-312820,8544700,HOU West Gate 1,LS,7800 Airport Blvd,Houston,TX,77061,US,29.65488,-95.27879,,True,False,False,Open until 9:00 PM,Open today from 5:00 AM - 9:00 PM,hou-west-gate-1-7800-airport-blvd-houston-tx-77061-us,GMT-05:00 America/Chicago,17.9761,True,False,True,True,True,False,True,False,True,False,5:00 AM to 9:00 PM,5:00 AM,9:00 PM,5:00 AM to 9:00 PM,5:00 AM,9:00 PM,5:00 AM to 9:00 PM,5:00 AM,9:00 PM,5:00 AM to 9:00 PM,5:00 AM,9:00 PM,5:00 AM to 9:00 PM,5:00 AM,9:00 PM,5:00 AM to 9:00 PM,5:00 AM,9:00 PM,5:00 AM to 9:00 PM,5:00 AM,9:00 PM,READY,False
3444-83420,12515,Loop 610 & I-45,CO,1450 Gulfgate Center,Houston,TX,77087,US,29.69776,-95.29769,+1 713-454-0832,True,False,False,Open until 10:00 PM,Open today from 4:00 AM - 10:00 PM,loop-610-i-45-1450-gulfgate-center-houston-tx-770873032-us,GMT-05:00 America/Chicago,18.2231,True,True,True,True,True,True,True,True,True,True,4:00 AM to 10:00 PM,4:00 AM,10:00 PM,4:00 AM to 10:00 PM,4:00 AM,10:00 PM,4:00 AM to 10:00 PM,4:00 AM,10:00 PM,4:00 AM to 10:00 PM,4:00 AM,10:00 PM,4:00 AM to 10:00 PM,4:00 AM,10:00 PM,4:00 AM to 10:00 PM,4:00 AM,10:00 PM,4:00 AM to 10:00 PM,4:00 AM,10:00 PM,READY,True
68627-303472,1040389,Beltway 8 and Blackhawk Blvd,CO,9291 S. Sam Houston Pkwy,Houston,TX,77075,US,29.60133,-95.25193,+1 346-998-0296,True,False,False,Open until 10:00 PM,Open today from 4:30 AM - 10:00 PM,beltway-8-and-blackhawk-blvd-9291-s-sam-houston-pkwy-ste-100-houston-tx-7707549,GMT-05:00 America/Chicago,18.2823,True,True,True,True,True,True,True,True,True,True,4:30 AM to 10:00 PM,4:30 AM,10:00 PM,4:30 AM to 10:00 PM,4:30 AM,10:00 PM,5:00 AM to 10:00 PM,5:00 AM,10:00 PM,5:00 AM to 10:00 PM,5:00 AM,10:00 PM,4:30 AM to 10:00 PM,4:30 AM,10:00 PM,4:30 AM to 10:00 PM,4:30 AM,10:00 PM,4:30 AM to 10:00 PM,4:30 AM,10:00 PM,READY,True
72766-78304,16239,Kroger Friendswood 744,LS,3135 FM 528,Friendswood,TX,77546,US,29.52128,-95.16002,+1 281-557-4563,True,False,False,Open until 8:00 PM,Open today from 6:00 AM - 8:00 PM,kroger-friendswood-744-3135-fm-528-friendswood-tx-775465016-us,GMT-05:00 America/Chicago,18.4956,True,False,True,True,False,False,True,False,True,False,6:00 AM to 8:00 PM,6:00 AM,8:00 PM,6:00 AM to 8:00 PM,6:00 AM,8:00 PM,6:00 AM to 8:00 PM,6:00 AM,8:00 PM,6:00 AM to 8:00 PM,6:00 AM,8:00 PM,6:00 AM to 8:00 PM,6:00 AM,8:00 PM,6:00 AM to 8:00 PM,6:00 AM,8:00 PM,6:00 AM to 8:00 PM,6:00 AM,8:00 PM,READY,False
23831-230764,1009469,FM 518 & Hobbs,CO,2045 W. Main Street,League City,TX,77573,US,29.50195,-95.11774,+1 281-753-2513,True,False,False,Open until 10:00 PM,Open today from 4:30 AM - 10:00 PM,fm-518-hobbs-2045-w-main-street-league-city-tx-775733545-us,GMT-05:00 America/Chicago,18.5402,True,True,True,True,True,True,True,True,True,True,4:30 AM to 10:00 PM,4:30 AM,10:00 PM,4:30 AM to 10:00 PM,4:30 AM,10:00 PM,4:30 AM to 10:00 PM,4:30 AM,10:00 PM,4:30 AM to 10:00 PM,4:30 AM,10:00 PM,4:30 AM to 10:00 PM,4:30 AM,10:00 PM,4:30 AM to 10:00 PM,4:30 AM,10:00 PM,4:30 AM to 10:00 PM,4:30 AM,10:00 PM,READY,True
10652-100416,7977,Hwy 69 & Hwy 365,CO,3610 Highway 365,Nederland,TX,77627,US,29.94778,-93.99316,+1 409-722-1504,True,False,False,Open until 10:00 PM,Open today from 3:30 AM - 10:00 PM,hwy-69-hwy-365-3610-highway-365-nederland-tx-776277835-us,GMT-05:00 America/Chicago,20.5827,True,True,True,True,True,True,True,True,True,True,3:30 AM to 10:00 PM,3:30 AM,10:00 PM,3:30 AM to 10:00 PM,3:30 AM,10:00 PM,4:00 AM to 10:00 PM,4:00 AM,10:00 PM,4:00 AM to 10:00 PM,4:00 AM,10:00 PM,3:30 AM to 10:00 PM,3:30 AM,10:00 PM,3:30 AM to 10:00 PM,3:30 AM,10:00 PM,3:30 AM to 10:00 PM,3:30 AM,10:00 PM,READY,True
76147-88883,8873,Target Port Arthur 1877,LS,3100 Hwy 365 Ste 90,Port Arthur,TX,77642,US,29.94632,-93.98903,+1 409-729-3201,False,False,False,Opens Thursday at 8:00 AM,Open today from 8:00 AM - 8:00 PM,target-port-arthur-1877-3100-hwy-365-ste-90-port-arthur-tx-776427796-us,GMT-05:00 America/Chicago,20.7022,True,False,False,True,False,False,True,False,True,False,8:00 AM to 8:00 PM,8:00 AM,8:00 PM,8:00 AM to 8:00 PM,8:00 AM,8:00 PM,8:00 AM to 8:00 PM,8:00 AM,8:00 PM,8:00 AM to 8:00 PM,8:00 AM,8:00 PM,8:00 AM to 8:00 PM,8:00 AM,8:00 PM,8:00 AM to 8:00 PM,8:00 AM,8:00 PM,8:00 AM to 8:00 PM,8:00 AM,8:00 PM,NOT_ELIGIBLE,False
27687-246827,1017209,Lamar University Library,LS,121 Redbird Lane,Beaumont,TX,77710,US,30.04246,-94.07496,+1 409-880-8730,False,False,False,Opens Thursday at 7:00 AM,Open today from 7:00 AM - 6:00 PM,lamar-university-library-121-redbird-lane-beaumont-tx-77710-us,GMT-05:00 America/Chicago,22.7652,True,False,True,True,True,False,True,False,True,False,7:00 AM to 6:00 PM,7:00 AM,6:00 PM,7:00 AM to 3:00 PM,7:00 AM,3:00 PM,Closed,,,Closed,,,7:00 AM to 6:00 PM,7:00 AM,6:00 PM,7:00 AM to 6:00 PM,7:00 AM,6:00 PM,7:00 AM to 6:00 PM,7:00 AM,6:00 PM,NOT_READY,False
66999-294192,1032895,Twin City Hwy & 39th St,CO,3990 Twin City Hwy,Groves,TX,77619,US,29.93436,-93.93061,+1 409-977-2169,True,False,False,Open until 10:00 PM,Open today from 3:30 AM - 10:00 PM,twin-city-hwy-39th-st-3990-twin-city-hwy-groves-tx-776192859-us,GMT-05:00 America/Chicago,22.9925,True,True,True,True,True,True,True,True,True,True,3:30 AM to 10:00 PM,3:30 AM,10:00 PM,3:30 AM to 10:00 PM,3:30 AM,10:00 PM,3:30 AM to 10:00 PM,3:30 AM,10:00 PM,3:30 AM to 10:00 PM,3:30 AM,10:00 PM,3:30 AM to 10:00 PM,3:30 AM,10:00 PM,3:30 AM to 10:00 PM,3:30 AM,10:00 PM,3:30 AM to 10:00 PM,3:30 AM,10:00 PM,READY,True
26035-228124,1013229,"I-10 & College, Beaumont",CO,3850 College St,Beaumont,TX,77701,US,30.06873,-94.13351,+1 409-659-3237,True,False,False,Open until 10:00 PM,Open today from 4:00 AM - 10:00 PM,i-10-college-beaumont-3850-college-st-beaumont-tx-777014677-us,GMT-05:00 America/Chicago,23.1008,True,True,True,True,True,True,True,False,True,True,4:00 AM to 10:00 PM,4:00 AM,10:00 PM,4:00 AM to 10:00 PM,4:00 AM,10:00 PM,4:30 AM to 10:00 PM,4:30 AM,10:00 PM,4:30 AM to 10:00 PM,4:30 AM,10:00 PM,4:00 AM to 10:00 PM,4:00 AM,10:00 PM,4:00 AM to 10:00 PM,4:00 AM,10:00 PM,4:00 AM to 10:00 PM,4:00 AM,10:00 PM,READY,True
67531-299920,1039965,S ML King Jr Pkwy and Shannon,CO,3114 S MLK Jr Pkwy,Beaumont,TX,77705,US,30.05681,-94.08515,+1 409-767-9219,True,False,False,Open until 10:00 PM,Open today from 3:30 AM - 10:00 PM,s-ml-king-jr-pkwy-and-shannon-3114-s-mlk-jr-pkwy-beaumont-tx-777052512-us,GMT-05:00 America/Chicago,23.3852,True,True,True,True,True,True,True,True,True,True,3:30 AM to 10:00 PM,3:30 AM,10:00 PM,3:30 AM to 10:00 PM,3:30 AM,10:00 PM,4:00 AM to 10:00 PM,4:00 AM,10:00 PM,4:00 AM to 10:00 PM,4:00 AM,10:00 PM,3:30 AM to 9:00 PM,3:30 AM,9:00 PM,3:30 AM to 9:00 PM,3:30 AM,9:00 PM,3:30 AM to 9:00 PM,3:30 AM,9:00 PM,READY,True
77834-307699,1043866,Veterans Dr and Odea St,CO,2207 Veterans Memorial Dr,Abbeville,LA,70510,US,29.97992,-92.10985,+1 337-301-8516,True,False,False,Open until 8:00 PM,Open today from 5:00 AM - 8:00 PM,veterans-dr-and-odea-st-2207-veterans-memorial-dr-abbeville-la-705104004-u,GMT-05:00 America/Chicago,17.1955,True,True,True,True,True,True,True,True,True,True,5:00 AM to 8:00 PM,5:00 AM,8:00 PM,5:00 AM to 8:00 PM,5:00 AM,8:00 PM,5:00 AM to 8:00 PM,5:00 AM,8:00 PM,5:00 AM to 8:00 PM,5:00 AM,8:00 PM,5:00 AM to 8:00 PM,5:00 AM,8:00 PM,5:00 AM to 8:00 PM,5:00 AM,8:00 PM,5:00 AM to 8:00 PM,5:00 AM,8:00 PM,READY,True
13737-108146,6896,Admiral Doyle & Lewis,CO,1103 East Admiral Doyle,New Iberia,LA,70560,US,29.9849,-91.81896,+1 337-365-5168,True,False,False,Open until 8:00 PM,Open today from 5:00 AM - 8:00 PM,admiral-doyle-lewis-1103-east-admiral-doyle-new-iberia-la-705606301-us,GMT-05:00 America/Chicago,19.5212,True,True,True,True,True,True,True,True,True,True,5:00 AM to 8:00 PM,5:00 AM,8:00 PM,5:00 AM to 8:00 PM,5:00 AM,8:00 PM,5:00 AM to 8:00 PM,5:00 AM,8:00 PM,5:00 AM to 8:00 PM,5:00 AM,8:00 PM,5:00 AM to 8:00 PM,5:00 AM,8:00 PM,5:00 AM to 8:00 PM,5:00 AM,8:00 PM,5:00 AM to 8:00 PM,5:00 AM,8:00 PM,READY,True
9298-95916,15768,Martin Luther King & Corporate,CO,1731 Martin Luther King Blvd.,Houma,LA,70360,US,29.61236,-90.75631,+1 985-857-3179,True,False,False,Open until 9:00 PM,Open today from 4:30 AM - 9:00 PM,martin-luther-king-corporate-1731-martin-luther-king-blvd-houma-la-703602896-us,GMT-05:00 America/Chicago,18.0876,True,True,True,True,True,True,True,True,True,True,4:30 AM to 9:00 PM,4:30 AM,9:00 PM,4:30 AM to 9:00 PM,4:30 AM,9:00 PM,4:30 AM to 9:00 PM,4:30 AM,9:00 PM,4:30 AM to 9:00 PM,4:30 AM,9:00 PM,4:30 AM to 9:00 PM,4:30 AM,9:00 PM,4:30 AM to 9:00 PM,4:30 AM,9:00 PM,4:30 AM to 9:00 PM,4:30 AM,9:00 PM,READY,True
62199-296179,1027914,Target Houma 1450,LS,1727 Martin King Luther Jr Blvd,Houma,LA,70360,US,29.61065,-90.75722,+1 985-223-2575,False,False,False,Opens Thursday at 8:00 AM,Open today from 8:00 AM - 8:00 PM,target-houma-1450-1727-martin-king-luther-jr-blvd-houma-la-70360-us,GMT-05:00 America/Chicago,18.1964,True,False,False,True,True,False,True,False,False,False,8:00 AM to 8:00 PM,8:00 AM,8:00 PM,8:00 AM to 8:00 PM,8:00 AM,8:00 PM,8:00 AM to 8:00 PM,8:00 AM,8:00 PM,8:00 AM to 8:30 PM,8:00 AM,8:30 PM,8:00 AM to 8:00 PM,8:00 AM,8:00 PM,8:00 AM to 8:00 PM,8:00 AM,8:00 PM,8:00 AM to 8:00 PM,8:00 AM,8:00 PM,NOT_ELIGIBLE,False
10596-101381,10261,Canal & Glenwild,CO,612 N Canal Blvd,Thibodaux,LA,70301,US,29.81157,-90.8154,+1 985-447-4107,True,False,False,Open until 8:00 PM,Open today from 5:00 AM - 8:00 PM,canal-glenwild-612-n-canal-blvd-thibodaux-la-703018054-us,GMT-05:00 America/Chicago,19.3865,True,True,True,True,True,True,True,True,True,True,5:00 AM to 8:00 PM,5:00 AM,8:00 PM,5:00 AM to 8:00 PM,5:00 AM,8:00 PM,5:00 AM to 8:00 PM,5:00 AM,8:00 PM,5:00 AM to 8:00 PM,5:00 AM,8:00 PM,5:00 AM to 8:00 PM,5:00 AM,8:00 PM,5:00 AM to 8:00 PM,5:00 AM,8:00 PM,5:00 AM to 8:00 PM,5:00 AM,8:00 PM,READY,True
13253-106320,17285,Jefferson Hwy & Upstream St,CO,9301 Jefferson Hwy,River Ridge,LA,70123,US,29.95151,-90.21401,+1 504-738-3373,True,False,False,Open until 8:00 PM,Open today from 4:30 AM - 8:00 PM,jefferson-hwy-upstream-st-9301-jefferson-hwy-river-ridge-la-701232805-us,GMT-05:00 America/Chicago,22.081,True,True,True,True,True,True,True,False,True,True,4:30 AM to 8:00 PM,4:30 AM,8:00 PM,4:30 AM to 8:00 PM,4:30 AM,8:00 PM,4:30 AM to 8:00 PM,4:30 AM,8:00 PM,4:30 AM to 8:00 PM,4:30 AM,8:00 PM,4:30 AM to 8:00 PM,4:30 AM,8:00 PM,4:30 AM to 8:00 PM,4:30 AM,8:00 PM,4:30 AM to 8:00 PM,4:30 AM,8:00 PM,READY,True
54221-286365,1026682,MSY Concourse B Gate 10,LS,1 Terminal Drive,Kenner,LA,70062,US,29.99379,-90.25687,+1 504-221-7044,True,False,False,Open until 9:00 PM,Open today from 3:30 AM - 9:00 PM,msy-concourse-b-gate-10-1-terminal-drive-kenner-la-70062-us,GMT-05:00 America/Chicago,22.2693,True,False,True,True,True,False,True,False,False,False,3:30 AM to 9:00 PM,3:30 AM,9:00 PM,3:30 AM to 9:00 PM,3:30 AM,9:00 PM,3:30 AM to 9:00 PM,3:30 AM,9:00 PM,3:30 AM to 9:00 PM,3:30 AM,9:00 PM,3:30 AM to 9:00 PM,3:30 AM,9:00 PM,3:30 AM to 9:00 PM,3:30 AM,9:00 PM,3:30 AM to 9:00 PM,3:30 AM,9:00 PM,READY,False
56942-289375,1025114,MSY Main Food Court,LS,1 Terminal Drive,Kenner,LA,70062,US,29.99557,-90.25636,+1 504-221-7040,True,False,False,Open until 9:00 PM,Open today from 3:30 AM - 9:00 PM,msy-main-food-court-1-terminal-drive-kenner-la-70062-us,GMT-05:00 America/Chicago,22.3823,True,False,True,True,True,False,True,False,False,False,3:30 AM to 9:00 PM,3:30 AM,9:00 PM,3:30 AM to 9:00 PM,3:30 AM,9:00 PM,3:30 AM to 9:00 PM,3:30 AM,9:00 PM,3:30 AM to 9:00 PM,3:30 AM,9:00 PM,3:30 AM to 9:00 PM,3:30 AM,9:00 PM,3:30 AM to 9:00 PM,3:30 AM,9:00 PM,3:30 AM to 9:00 PM,3:30 AM,9:00 PM,READY,False
56944-289376,1025197,MSY Concourse C Gate 8,LS,1 Terminal Drive,Kenner,LA,70062,US,29.99389,-90.25379,+1 504-221-7050,True,False,False,Open until 9:00 PM,Open today from 3:30 AM - 9:00 PM,msy-concourse-c-gate-8-1-terminal-drive-kenner-la-70062-us,GMT-05:00 America/Chicago,22.3956,True,False,True,True,True,False,True,False,False,False,3:30 AM to 9:00 PM,3:30 AM,9:00 PM,3:30 AM to 9:00 PM,3:30 AM,9:00 PM,3:30 AM to 9:00 PM,3:30 AM,9:00 PM,3:30 AM to 9:00 PM,3:30 AM,9:00 PM,3:30 AM to 9:00 PM,3:30 AM,9:00 PM,3:30 AM to 9:00 PM,3:30 AM,9:00 PM,3:30 AM to 9:00 PM,3:30 AM,9:00 PM,READY,False
66521-301099,1039684,"Hwy 51, Laplace",CO,4309 Highway 51,Laplace,LA,70068,US,30.08631,-90.44432,+1 985-287-3769,True,False,False,Open until 8:00 PM,Open today from 4:00 AM - 8:00 PM,hwy-51-laplace-4309-highway-51-laplace-la-700685922-us,GMT-05:00 America/Chicago,23.4748,True,True,True,True,True,False,True,False,False,False,4:00 AM to 8:00 PM,4:00 AM,8:00 PM,4:00 AM to 8:00 PM,4:00 AM,8:00 PM,4:00 AM to 8:00 PM,4:00 AM,8:00 PM,4:00 AM to 8:00 PM,4:00 AM,8:00 PM,4:00 AM to 8:00 PM,4:00 AM,8:00 PM,4:00 AM to 8:00 PM,4:00 AM,8:00 PM,4:00 AM to 8:00 PM,4:00 AM,8:00 PM,READY,True
6418-9172,11303,Chateau and W. Esplanade,CO,817 W Esplanade Ave,Kenner,LA,70065,US,30.02115,-90.25793,+1 504-472-6190,True,False,False,Open until 9:00 PM,Open today from 4:30 AM - 9:00 PM,chateau-and-w-esplanade-817-w-esplanade-ave-suite-a-kenner-la-700656287-us,GMT-05:00 America/Chicago,23.6912,True,True,True,True,True,True,True,True,True,True,4:30 AM to 9:00 PM,4:30 AM,9:00 PM,4:30 AM to 9:00 PM,4:30 AM,9:00 PM,4:30 AM to 9:00 PM,4:30 AM,9:00 PM,4:30 AM to 9:00 PM,4:30 AM,9:00 PM,4:30 AM to 9:00 PM,4:30 AM,9:00 PM,4:30 AM to 9:00 PM,4:30 AM,9:00 PM,4:30 AM to 9:00 PM,4:30 AM,9:00 PM,READY,True
15777-157133,65465,Target Kenner 2534,LS,1401 W Esplanade Ave,Kenner,LA,70065,US,30.01639,-90.2482,+1 504-617-4859,False,False,False,Opens Thursday at 8:00 AM,Open today from 8:00 AM - 8:00 PM,target-kenner-2534-1401-w-esplanade-ave-kenner-la-700652845-us,GMT-05:00 America/Chicago,23.7974,True,False,False,True,False,False,True,False,True,False,8:00 AM to 8:00 PM,8:00 AM,8:00 PM,8:00 AM to 8:00 PM,8:00 AM,8:00 PM,8:00 AM to 8:00 PM,8:00 AM,8:00 PM,8:00 AM to 8:00 PM,8:00 AM,8:00 PM,8:00 AM to 8:00 PM,8:00 AM,8:00 PM,8:00 AM to 8:00 PM,8:00 AM,8:00 PM,8:00 AM to 8:00 PM,8:00 AM,8:00 PM,NOT_ELIGIBLE,False
6304-1899,15499,Elmwood,CO,5161 Citrus Blvd,Harahan,LA,70123,US,29.96409,-90.18684,+1 504-818-0633,True,False,False,Open until 9:00 PM,Open today from 4:30 AM - 9:00 PM,elmwood-5161-citrus-blvd-3000-harahan-la-701232346-us,GMT-05:00 America/Chicago,23.8945,True,True,True,True,True,True,True,True,True,True,4:30 AM to 9:00 PM,4:30 AM,9:00 PM,4:30 AM to 9:00 PM,4:30 AM,9:00 PM,4:30 AM to 9:00 PM,4:30 AM,9:00 PM,4:30 AM to 9:00 PM,4:30 AM,9:00 PM,4:30 AM to 7:00 PM,4:30 AM,7:00 PM,4:30 AM to 9:00 PM,4:30 AM,9:00 PM,4:30 AM to 9:00 PM,4:30 AM,9:00 PM,READY,True
13760-107636,7740,Veterans & Massachusetts,CO,2705 Veterans Memorial Blvd,Kenner,LA,70062,US,30.00538,-90.23049,+1 504-466-1534,True,False,False,Open until 9:00 PM,Open today from 4:30 AM - 9:00 PM,veterans-massachusetts-2705-veterans-memorial-blvd-suite-a-kenner-la-7006,GMT-05:00 America/Chicago,23.9176,True,True,True,True,True,True,True,True,True,True,4:30 AM to 9:00 PM,4:30 AM,9:00 PM,4:30 AM to 9:00 PM,4:30 AM,9:00 PM,4:30 AM to 9:00 PM,4:30 AM,9:00 PM,4:30 AM to 9:00 PM,4:30 AM,9:00 PM,4:30 AM to 9:00 PM,4:30 AM,9:00 PM,4:30 AM to 9:00 PM,4:30 AM,9:00 PM,4:30 AM to 9:00 PM,4:30 AM,9:00 PM,READY,True
