id,name,phone,customerConcernEmail,latitude,longitude,postcode,town,address_line1,address_line2,country,status,isOpen,region_id,region_name,delivery_charge
28469,London - West Kensington,0203 805 4608,westkensington.customercare@delmonpizza.com,51.493201,-0.2088,W14 0SJ,London,13 To 15 Northend Parade,Fulham,United Kingdom,Online,True,6,London Region,3.49
28666,Penzance,01736 36 00 03,,50.120036,-5.534451,TR18 2LG,Penzance,93 Market Jew Street,,United Kingdom,Online,True,2,The South,2.99
28890,Helston,01326 56 33 33,,50.100798,-5.276118,TR13 8ER,Helston,23 Coinagehall Street,,United Kingdom,Online,True,2,The South,2.99
28925,Hayle,01736 759999,,50.185326,-5.42106,TR27 4BQ,Hayle,14 Penpol Terrace,,United Kingdom,Online,True,2,The South,2.99
28754,Redruth,01209 61 07 10 ,,50.225283,-5.277013,TR15 3ET,Redruth,Unit A Cooks Corner,"Dudnance Lane, Pool",United Kingdom,Online,True,2,The South,2.99
28522,Falmouth,01326 31 13 13,,50.154291,-5.073233,TR11 3PP,Falmouth,40 Killigrew Street,9 The Moor,United Kingdom,Online,True,2,The South,2.99
28669,Truro,01872 27 27 27,,50.263436,-5.045535,TR1 1QB,Truro,Waterloo,,United Kingdom,Online,True,2,The South,2.99
28613,Newquay,01637 87 47 47,,50.415588,-5.075365,TR7 2ND,Newquay,28 Cliff Road,,United Kingdom,Online,True,2,The South,2.99
28480,St Austell,01726 63 99 99,,50.334181,-4.778338,PL25 4RS,St Austell,80 Southbourne Road,,United Kingdom,Online,True,2,The South,2.99
28891,Bodmin,0120 87 75 54,,50.472446,-4.720928,PL31 2LJ,Cornwall,9 Dennison Road,Bodmin,United Kingdom,Online,True,2,The South,2.99
29014,Liskeard,01579 348989,,50.45507,-4.465488,PL14 6AF,Liskeard,Royal Buildings,The Parade,United Kingdom,Online,True,2,The South,2.99
29327,Saltash,01752 423344,CustomerService@DominosPizzaWestcountry.com,50.416777,-4.234197,PL12 6FH,Saltash,"Unit 3, Burley Court",Pilmere Drive,United Kingdom,Online,True,2,The South,2.99
28440,Plymouth - St Budeaux,01752 366866,CustomerService@DominosPizzaWestcountry.com,50.401749,-4.185567,PL5 1TE,Plymouth,616 Wolseley Road,St Budeaux,United Kingdom,Online,True,2,The South,2.99
29304,Launceston,01566 700800,,50.62872647738933,-4.373004854269547,PL15 7ED,Launceston,Unit 1 Douglas Business Park,Pennygillam Way,United Kingdom,Online,True,2,The South,2.99
28788,Plymouth - City Centre,01752 253000,CustomerService@DominosPizzaWestcountry.com,50.37183,-4.133587,PL4 0AH,Plymouth,65-67 Exeter Street,,United Kingdom,Online,True,2,The South,2.99
28118,Plymouth - Mutley Plain,01752 252526,CustomerService@DominosPizzaWestcountry.com,50.381904149669644,-4.134047244194015,PL4 6NA,Plymouth,36 Mutley Plain,,United Kingdom,Online,True,2,The South,2.99
28805,Plymouth - Roborough,01752 696966,CustomerService@DominosPizzaWestcountry.com,50.43538,-4.10721,PL6 7RF,Plymouth,Unit A Woolwell Crescent,,United Kingdom,Online,True,2,The South,2.99
28700,Plympton,01752 336677,CustomerService@DominosPizzaWestcountry.com,50.387117,-4.023556,PL7 2XS,Plymouth,Unit 5 Chaddlewood District  Centre,"Glen Road, Plympton",United Kingdom,Online,True,2,The South,2.99
28280,Paignton,01803 666632,CustomerService@DominosPizzaWestcountry.com,50.44662,-3.559335,TQ3 2EU,Paignton,288/290 Torquay Road,,United Kingdom,Online,True,2,The South,2.99
28308,Newton Abbot,01626 366662,CustomerService@DominosPizzaWestcountry.com,50.531044,-3.602632,TQ12 2BN,Newton Abbot,121 Queen Street,,United Kingdom,Online,True,2,The South,2.99
28992,Torquay - Sea Front,01803 201010,CustomerService@DominosPizzaWestcountry.com,50.462174,-3.52598,TQ2 5DZ,Torquay,Unit 10h Winter Gardens,Fleet Walk Shopping Centre,United Kingdom,Online,True,2,The South,2.99
28200,Torquay,01803 313444,CustomerService@DominosPizzaWestcountry.com,50.477515,-3.527503,TQ1 3HW,Torquay,114 St Marychurch Road,,United Kingdom,Online,True,2,The South,2.99
29299,Bovey Tracey,01626 915555,dominosbovey@gmail.com,50.59136,-3.67868,TQ13 9AN,Bovey Tracey,Station Road,,United Kingdom,Online,True,1,East Anglia,2.49
28659,Exmouth,01395 27 77 76,,50.620535,-3.414839,EX8 1BY,Exmouth,19 Imperial Road,,United Kingdom,Online,True,2,The South,2.99
28833,Exeter - St Thomas,01392 42 11 17,,50.717486,-3.540888,EX4 1DG,Exeter,3 & 4 St Thomas Centre,Cowick Street,United Kingdom,Online,True,2,The South,2.99
28187,Exeter - Sidwell Street,01392 42 52 52,,50.727615,-3.523572,EX4 6NS,Exeter,49 & 50 Sidwell Street,,United Kingdom,Online,True,2,The South,2.99
28861,Exeter - Honiton Road,01392 44 43 77 ,,50.723937,-3.473158,EX1 3RU,Exeter,Unit 2 Philip House,Honiton Road,United Kingdom,Online,True,2,The South,2.99
28931,Weymouth - Wyke Regis,01305 789111,,50.592639,-2.474683,DT4 9AD,Weymouth,112 Portland Road,,United Kingdom,Online,True,2,The South,2.99
28353,Weymouth,01305 77 77 57,,50.614542,-2.45379,DT4 7BH,Weymouth,5 King Street,,United Kingdom,Online,True,2,The South,2.99
28647,Dorchester,01305 26 50 07,,50.710953,-2.442416,DT1 1RD,Dorchester,The Station Building,Great Western Industrial  Centre,United Kingdom,Online,True,2,The South,2.99
28122,Poole - Parkstone,01202 737737,,50.729159,-1.941254,BH14 0AA,Poole,426-430 Ashley Road,,United Kingdom,Online,True,2,The South,3.29
28449,Bournemouth - Lansdowne,01202 316666,,50.722459,-1.865514,BH8 8AD,Bournemouth,6 Holdenhurst Road,,United Kingdom,Online,True,2,The South,3.29
29122,Shanklin (Isle of Wight),01983 863777,s29122@dominos.co.uk,50.629882,-1.178003,PO37 7AF,Shanklin,5 Regent Street,,United Kingdom,Online,True,2,The South,2.99
28653,Newport (Isle of Wight),01983 522700,s28653@dominos.co.uk,50.697988,-1.295026,PO30 1LG,Newport,40-41 St James Street,,United Kingdom,Online,True,2,The South,2.99
28623,Ryde,01983 616211,s28623@dominos.co.uk,50.73025,-1.162415,PO33 2LE,Isle Of Wight,36 Union Street,Ryde,United Kingdom,Online,True,2,The South,2.99
29397,Bude,01288 272737,,50.830089,-4.5425,EX23 8EF,Bude,Burn View,,United Kingdom,Online,True,2,The South,2.99
29087,Bideford,01237 422229,concern@dpsw.co.uk,51.00943,-4.238989,EX39 3FR,Bideford,Atlantic Park Way,,United Kingdom,Online,True,2,The South,2.99
28578,Barnstaple,01271 326111,concern@dpsw.co.uk,51.077764,-4.064419,EX31 2BN,Barnstaple,6b Anchorwood Retail Park,,United Kingdom,Online,True,2,The South,2.99
28787,Tiverton,01884 25 00 05,,50.905025,-3.485881,EX16 6BJ,Tiverton,2 William Street,,United Kingdom,Online,True,2,The South,2.99
29357,Honiton,01404 511333,,50.79954,-3.18935,EX14 1JN,Honiton,86 High Street,,United Kingdom,Online,True,2,The South,2.99
29451,Wellington,01823 215151,,50.979804,-3.205938,TA21 9FF,Wellington,Westpark,Chelston,United Kingdom,Online,True,2,The South,2.99
28911,Chard,01460 66 17 1,,50.873434,-2.960353,TA20 1EP,Chard,East Street,,United Kingdom,Online,True,2,The South,2.99
28961,Bridport,01308 458 885,,50.733526,-2.762205,DT6 3TP,Bridport,Unit 5 Tannery Road,,United Kingdom,Online,True,2,The South,2.99
28974,Crewkerne,01460 77778,,50.880796,-2.78883,TA18 8AD,Crewkerne,145 South Street,,United Kingdom,Online,True,2,The South,2.99
28839,Taunton - East Reach,01823 353637,CustomerService@DominosPizzaWestcountry.com,51.014912,-3.095704,TA1 3HT,Taunton,145-147 East Reach,,United Kingdom,Online,True,2,The South,2.99
28147,Taunton,01823 259999,CustomerService@DominosPizzaWestcountry.com,51.020601,-3.10377,TA1 1NX,Taunton,68 Station Road,,United Kingdom,Online,True,2,The South,2.99
28209,Yeovil,01935 41 13 11,,50.942926,-2.625307,BA20 1JJ,Yeovil,5 Wyndham Street,,United Kingdom,Online,True,2,The South,2.99
29105,Blandford Forum,01258 459999,,50.856216,-2.162911,DT11 7DR,Blandford Forum,48 East Street,,United Kingdom,Online,True,2,The South,2.99
28959,Upton and Hamworthy,01202 621 000,,50.73893,-2.030306,BH16 5PG,Poole,3 The Triangle,,United Kingdom,Online,True,2,The South,3.29
28455,Poole - Waterloo Road,01202 658 666,,50.743661,-1.986307,BH17 7LG,Poole,Unit B3 Waterloo Road,,United Kingdom,Online,True,2,The South,3.29
28711,Bournemouth - Kinson,01202 331886,,50.768881,-1.903016,BH11 9AD,Bournemouth,1500 Wimborne Road,Kinson,United Kingdom,Online,True,2,The South,3.29
28121,Bournemouth - Winton,01202 521666,,50.744839,-1.878588,BH9 2EX,Bournemouth,532 Wimborne Road,Winton,United Kingdom,Online,True,2,The South,3.29
29026,Shaftesbury,01747 858598,,51.010479,-2.192067,SP7 8DS,Shaftesbury,Unit A Ivy Cross,,United Kingdom,Online,True,2,The South,2.99
28281,Ferndown,01202 890790,,50.803886,-1.890688,BH22 9JS,Ferndown,Unit 2 Ground Floor,120-122 Victoria Road,United Kingdom,Online,True,2,The South,3.29
29333,Gillingham - Dorset,01747442222,,51.037399,-2.273498,SP8 4AG,Gillingham,Sydenham House,High Street,United Kingdom,Online,True,2,The South,2.99
28194,Christchurch - Barrack Road,01202 489898,,50.740031,-1.792159,BH23 2AW,Christchurch,113 Barrack Road,,United Kingdom,Online,True,2,The South,3.5
28764,Christchurch - Somerford Road,01202 481800 ,,50.737411,-1.752828,BH23 3PP,Christchurch,77 Somerford Road,,United Kingdom,Online,True,2,The South,3.5
29259,Ringwood,01425 700700,,50.847,-1.791,BH24 1HY,Ringwood,24 Southampton Road,,United Kingdom,Online,True,2,The South,3.29
29267,New Milton,01425 333666,,50.754,-1.656,BH25 6JX,New Milton,32 Station Road,,United Kingdom,Online,True,2,The South,3.5
29022,Lymington,01590 610001,,50.757026,-1.54741,SO41 9NB,Lymington,15 St Thomas Street,,United Kingdom,Online,True,2,The South,3.5
28432,Southampton - Totton,02380 862288,,50.919747,-1.491611,SO40 3HX,Southampton,35 Salisbury Road,Totton,United Kingdom,Online,True,2,The South,3.5
28195,Salisbury,01722 33 33 63,,51.069541,-1.79993,SP2 7RB,Salisbury,46 Fisherton Street,,United Kingdom,Online,True,2,The South,2.99
28571,Southampton - Hythe,02380 848877,,50.870085,-1.399569,SO45 6AJ,Hythe,Unit 5 The Marsh,,United Kingdom,Online,True,2,The South,2.99
29207,Southampton - Romsey Road,02380 787766,,50.931136,-1.44922,SO16 4HW,Southampton,54 Mercator Close,,United Kingdom,Online,True,2,The South,2.99
28393,Southampton - Shirley,02380 777333,,50.917676,-1.427073,SO15 3HW,Southampton,313 Shirley High Street,Shirley,United Kingdom,Online,True,2,The South,2.99
28712,Romsey,01794 522227,,50.987446,-1.498873,SO51 8PJ,Romsey,Units 2-4 Dukes Mill,Broadwater Road,United Kingdom,Online,True,2,The South,2.99
29076,Southampton - Weston,02380 445566,,50.889382,-1.367529,SO19 9GR,Southampton,Unit B Weston Lane Parade,,United Kingdom,Online,True,2,The South,2.99
28070,Southampton - The Avenue,02380 233633,,50.919145,-1.404506,SO17 1XS,Southampton,65 The Avenue,,United Kingdom,Online,True,2,The South,2.99
28035,Southampton - Bitterne,023 8043 7743,,50.91468,-1.357933,SO18 5EE,Southampton,447 Bitterne Road,Bitterne Village,United Kingdom,Online,True,2,The South,2.99
29243,Fareham - Park Gate,01489 589888,,50.872372,-1.267996,SO31 7GH,Southampton,15-17 Middle Road,Park Gate,United Kingdom,Online,True,2,The South,3.29
28859,Southampton - Burgess Road,02381 650050 ,,50.938219,-1.392435,SO16 3AY,Southampton,208 Burgess Road,,United Kingdom,Online,True,2,The South,2.99
28753,Fareham - Stubbington,01329663322,,50.825192,-1.214683,PO14 2JQ,Fareham,1 Stubbington Green,,United Kingdom,Online,True,2,The South,2.99
28638,Southampton - Hedge End,01489 787070,,50.913284,-1.304308,SO30 4QU,Southampton,Unit 6 St Johns Centre,"Upper Northam Road, Hedge End",United Kingdom,Online,True,2,The South,2.99
28211,Fareham - Whiteley,01489 565756,,50.879578,-1.241586,PO15 7AL,Fareham,Unit A 3500 Solent Business  Park,Parkway,United Kingdom,Online,True,2,The South,3.29
28231,Alverstoke,02392 511544,,50.792664,-1.14999,PO12 2JR,Gosport,2 & 6 The Avenue,Alverstoke,United Kingdom,Online,True,2,The South,2.99
28123,Fareham - Central,01329 822666,,50.85274,-1.184997,PO16 0EF,Fareham,183 West Street,,United Kingdom,Online,True,2,The South,2.99
28158,Eastleigh,02380 644888,,50.969242,-1.353193,SO50 5LA,Eastleigh,39 Leigh Road/2c High Street,,United Kingdom,Online,True,2,The South,2.99
28848,Eastleigh - Chandler's Ford,02381 650020,,50.987316,-1.376482,SO53 2GG,Eastleigh,93b Winchester Road,Chandlers Ford,United Kingdom,Online,True,2,The South,2.99
29365,Eastleigh - Fair Oak,02380 016666,,50.964162,-1.297406,SO50 7ZH,Eastleigh,2-3 Botley Road,Fair Oak,United Kingdom,Online,True,2,The South,2.99
29208,Portchester,02392 383444,,50.84623,-1.124244,PO16 9UZ,Fareham,12 West Street,Portchester,United Kingdom,Online,True,2,The South,2.99
29189,Portsmouth - City,02392 877677,,50.795057,-1.088544,PO1 2GH,Portsmouth,Unit 1 Illustrious House,Winston Churchill Avenue,United Kingdom,Online,True,2,The South,2.99
28134,Portsmouth - South,02392 291291,,50.798375,-1.077121,PO1 5AE,Portsmouth,63 Fratton Road,,United Kingdom,Online,True,2,The South,2.99
28130,Portsmouth - North,02392 666600,,50.814827,-1.079977,PO2 0BH,Portsmouth,53 London Road,North End,United Kingdom,Online,True,2,The South,3.5
29197,Portsmouth - Milton,02392 875800,,50.797611,-1.060964,PO4 8SY,Portsmouth,"Unit 7, 10 Rodney Road",Southsea,United Kingdom,Online,True,2,The South,2.99
28514,Portsmouth - Cosham,02392 388558,,50.844253,-1.067523,PO6 3AG,Portsmouth,48d High Street,Cosham,United Kingdom,Online,True,2,The South,3.5
28135,Waterlooville,02392 230000,,50.877917,-1.033874,PO7 7HB,Waterlooville,226/228 London Road,,United Kingdom,Online,True,2,The South,2.99
29363,Hayling Island,023 94373737,,50.7887,-0.97722,PO11 9EA,Hayling Island,31 Elm Grove,,United Kingdom,Online,True,2,The South,2.49
28216,Winchester,01962 890808,,51.063746,-1.312874,SO23 8DG,Winchester,Unit 2 49 Upper Brook Street,,United Kingdom,Online,True,2,The South,2.99
29170,Winchester - North,01962 870870,,51.073944,-1.336321,SO22 6EW,Winchester,73 Stoney Lane,,United Kingdom,Online,True,2,The South,2.99
29142,Waterlooville - Cowplain,02392 233533,,50.89404,-1.018808,PO8 8UJ,Waterlooville,51 London Road,Cowplain,United Kingdom,Online,True,2,The South,2.99
28228,Havant,02392 455525,,50.85264,-0.984926,PO9 1LA,Havant,39 West Street,,United Kingdom,Online,True,2,The South,2.49
28277,Chichester,01243 780990,customerservices@fullhouse.uk.com,50.830476,-0.785108,PO19 8EL,Chichester,5 Chichester Gate,Terminus Road,United Kingdom,Online,True,2,The South,2.99
28299,Bognor Regis,01243 828890,,50.785843,-0.675936,PO21 1QD,Bognor Regis,19 Station Road,,United Kingdom,Online,True,2,The South,3.5
28549,Petersfield,01730 268833,customerservices@fullhouse.uk.com,51.005752,-0.939195,GU32 3EL,Petersfield,25 Lavant Street,,United Kingdom,Online,True,3,Home Counties,2.99
28328,Littlehampton,01903 725726,,50.819524,-0.544642,BN17 7JQ,Littlehampton,9 Wick Parade,Wick Street,United Kingdom,Online,True,2,The South,2.99
28955,Rustington,01903 788883,,50.809966,-0.504941,BN16 2NE,Littlehampton,9 Broadmark Parade,"Broadmark Lane, Rustington",United Kingdom,Online,True,2,The South,2.99
28699,Goring-by-Sea,01903 244777,,50.812448,-0.420914,BN12 4PE,Worthing,276 Goring Road,Goring-by-sea,United Kingdom,Online,True,2,The South,2.99
28265,Worthing,01903 233499,,50.829151,-0.374978,BN14 9DB,Worthing,10 Cricketers Parade,Broadwater Street West,United Kingdom,Online,True,2,The South,2.99
29402,Storrington,01903 201111,,50.918407,-0.451903,RH20 4NQ,Pulborough,Old Mill Square,Storrington,United Kingdom,Online,True,2,The South,3.49
28870,Pulborough,01798 879218,,50.9575,-0.503543,RH20 2BL,Pulborough,18 Lower Street,,United Kingdom,Online,True,2,The South,3.49
28990,Lancing,01903 755500,,50.82841,-0.322154,BN15 9AB,Lancing,44 North Road,,United Kingdom,Online,True,2,The South,2.99
28588,Shoreham-By-Sea,01273 464444,,50.832228,-0.278022,BN43 5DE,Shoreham-by-sea,75-77 High Street,,United Kingdom,Online,True,2,The South,2.99
28835,Haslemere,01428 748328,concerns@dsdominos.com,51.087811,-0.727118,GU27 1HN,Haslemere,65 Wey Hill,,United Kingdom,Online,True,3,Home Counties,3.99
28863,Portslade,01273 418000,,50.835108,-0.205898,BN3 5TD,Hove,84 Boundary Road,,United Kingdom,Online,True,2,The South,3.5
28563,Bordon,01420 475757,concerns@dsdominos.com,51.111666,-0.862909,GU35 0TQ,Bordon,6 Chalet Hill,,United Kingdom,Online,True,3,Home Counties,3.99
28312,Hove,01273 208 209,,50.839171,-0.178444,BN3 7AQ,Hove,93 Old Shoreham Road,,United Kingdom,Online,True,2,The South,3.5
28763,Hindhead,01428 605555,concerns@dsdominos.com,51.122389,-0.753716,GU26 6NR,Hindhead,2 Hampton Terrace,Beacon Hill Road,United Kingdom,Online,True,3,Home Counties,3.99
28999,Horsham - Southwater,01403 734000,customerservices@fullhouse.uk.com,51.024905,-0.351291,RH13 9LA,Southwater,1 Lintot Square,Fairbank Road,United Kingdom,Online,True,3,Home Counties,2.99
28102,Brighton - St Georges Place (Closed),01273 688444,,50.827811,-0.135691,BN1 4GB,Brighton,16/17 St Georges Place,,United Kingdom,Offline,False,2,The South,3.5
28668,Brighton - London Road,01273 675676,,50.832569,-0.137805,BN1 4JE,Brighton,56 London Road,,United Kingdom,Online,True,2,The South,3.5
29274,Brighton - Whitehawk,01273 077777,,50.81722,-0.10712,BN2 5TB,Brighton,53 Arundel Road,,United Kingdom,Online,True,2,The South,3.5
28667,Brighton - Patcham,01273 556001,,50.863941,-0.144951,BN1 8TA,Brighton,41 Ladies Mile Road,Patcham,United Kingdom,Online,True,2,The South,3.5
29265,Brighton - Moulsecoomb,01273 916200,,50.852,-0.104,BN2 4PB,Brighton,77 Moulsecoomb Way,,United Kingdom,Online,True,2,The South,3.5
29277,Brighton - Saltdean,01273 077555,,50.807,-0.042,BN2 8FB,Brighton,116 Lustrells Vale,Saltdean,United Kingdom,Online,True,2,The South,3.5
28266,Peacehaven,01273 587070,,50.789093,0.011631,BN10 8SL,Peacehaven,94 South Coast Road,,United Kingdom,Online,True,2,The South,3.5
28491,Burgess Hill,01444 25 88 25,,50.954838,-0.128036,RH15 8DN,Burgess Hill,9 Mill Road,,United Kingdom,Online,True,3,Home Counties,2.99
28775,Lewes,01273 812666,,50.872992,0.010523,BN7 1XE,Lewes,50 High Street,,United Kingdom,Online,True,2,The South,3.5
28841,Seaford,01323 898090 ,,50.773007,0.102665,BN25 1QU,Seaford,6 Sutton Park Road,,United Kingdom,Online,True,2,The South,3.5
28168,Haywards Heath,01444 44 09 99,,51.00584,-0.102949,RH16 1DW,Haywards Heath,3 Commercial Square,,United Kingdom,Online,True,3,Home Counties,2.99
28072,Horsham,01403 275553,customerservices@fullhouse.uk.com,51.065068,-0.330499,RH12  2PG,Horsham,45-47 Springfield Road,,United Kingdom,Online,True,3,Home Counties,2.99
28601,Uckfield,01825 76 44 44,,50.971154,0.096172,TN22 1AP,Uckfield,57 High Street,,United Kingdom,Online,True,3,Home Counties,2.99
29075,Eastbourne - Freshwater Square,01323 500222,town@dominospizzaeastbourne.eu,50.80693,0.252859,BN22 0PR,Eastbourne,3-4 Freshwater Square,,United Kingdom,Online,True,2,The South,2.99
28221,Eastbourne - Town,01323 411221,town@dominospizzaeastbourne.eu,50.76901,0.28739,BN21 3QA,Eastbourne,1 Langney Road,,United Kingdom,Online,True,2,The South,2.99
28289,Eastbourne - Langney,01323 766333,langney@dominospizzaeastbourne.eu,50.803337,0.303922,BN23 7RT,Eastbourne,"114 Kingfisher Drive, Langney Shopping Centre",Langney Rise,United Kingdom,Online,True,2,The South,2.99
28736,Hailsham,01323 848000,hailsham@dominospizzaeastbourne.eu,50.862344,0.260673,BN27 2PY,Halisham,1 Market Street,,United Kingdom,Online,True,2,The South,2.99
28921,Heathfield,01435 866606 ,customerservices@dsgroups.co.uk,50.970947,0.248754,TN21 8JD,Heathfield,80 High Street,,United Kingdom,Online,True,2,The South,3.5
28489,Bexhill on Sea,01424 224544,customerservices@dsgroups.co.uk,50.840332,0.476994,TN40 1ED,Bexhill On Sea,18 Sea Road,,United Kingdom,Online,True,2,The South,3.5
28566,Crowborough,01892 613131,customerservices@fullhouse.uk.com,51.058459,0.161951,TN6 1DL,Crowborough,11 Croft Road,,United Kingdom,Online,True,3,Home Counties,2.99
28275,Hastings,01424 433333,,50.85722,0.576961,TN34 1EB,Hastings,Cornwallis Terrace,,United Kingdom,Online,True,2,The South,3.49
28923,Hastings - Ore,01424 717772,,50.872555,0.608568,TN35 5BG,Hastings,464 Old London Road,,United Kingdom,Online,True,2,The South,3.49
28304,East Grinstead,01342 311315,,51.1264,-0.008478,RH19 3DJ,East Grinstead,10 The Atrium,King Street,United Kingdom,Online,True,3,Home Counties,3.5
28973,Crawley - Pound Hill,01293 516 615,,51.117727,-0.153738,RH10 7EA,Crawley,7 Pound Hill Parade,,United Kingdom,Online,True,3,Home Counties,2.99
28100,Crawley,01293 51 99 99,,51.116083,-0.189523,RH10 1BA,Crawley,97 High Street,Northgate,United Kingdom,Online,True,3,Home Counties,2.99
29281,Cranbrook,01580 237111,,51.096,0.534,TN17 3EE,Cranbrook,33 High Street,,United Kingdom,Online,True,2,The South,3.49
29367,Tenterden,01580 231999,,51.06925,0.68891,TN30 6AP,Tenterden,6 High Street,,United Kingdom,Online,True,2,The South,3.49
29329,New Romney,01797 333303,,50.98605,0.94083,TN28 8AH,New Romney,53 High Street,,United Kingdom,Online,True,2,The South,2.99
29073,Ashford - South,01233 500008,weissdominos@aol.com,51.123231,0.865253,TN23 3LU,Ashford,Unit 1 Moatfield Meadow,Kingsnorth,United Kingdom,Online,True,2,The South,2.99
28336,Folkestone,01303 270707,weissdominos@aol.com,51.086169,1.152556,CT19 4AX,Folkestone,235-241 Cheriton Road,,United Kingdom,Online,True,2,The South,2.99
28755,Dover,01304 213000 ,,51.127582,1.312436,CT16 1BW,Dover,24 Pencester Road,,United Kingdom,Online,True,2,The South,3.49
29216,Porthcawl,01656771117,concern@dpsw.co.uk,51.478671,-3.702873,CF36 3XB,Porthcawl,1 The Portway,,United Kingdom,Online,True,9,Wales,2.99
29361,Llantwit Major - Boverton Rd ,01446 502233,,51.408527,-3.48246,CF61 1XZ,Llantwit Major,9 Boverton Road,,United Kingdom,Online,True,9,Wales,2.5
28310,Barry,01446 420042,concern@dpsw.co.uk,51.404503,-3.271484,CF63 4HA,Barry,15/17 Holton Road,,United Kingdom,Online,True,9,Wales,2.99
28348,Bridgwater,01278 452727,concern@dpsw.co.uk,51.13007,-3.00648,TA6 3FQ,Bridgwater,Unit 1 Northgate Yard,Mount Street,United Kingdom,Online,True,2,The South,2.99
28970,Bridgend - Parc Plaza,01656 661555,concern@dpsw.co.uk,51.49433,-3.559409,CF31 3XX,Bridgend,Unit 4 Parc Plaza,Waterton Road,United Kingdom,Online,True,9,Wales,2.99
29223,Burnham-on-Sea,01278 554949,concern@dpsw.co.uk,51.238408,-2.997434,TA8 1AN,Burnham On Sea,33 Victoria Street,,United Kingdom,Online,True,2,The South,2.99
28206,Bridgend - Tremains Road,01656 668877,concern@dpsw.co.uk,51.504104,-3.57046,CF31 1TZ,Bridgend,Unit 1 Tremains Road,,United Kingdom,Online,True,9,Wales,2.99
28834,Cardiff - Penarth,02920 350111,,51.438158,-3.174019,CF64 2AB,Penarth,5b Stanwell Road,,United Kingdom,Online,True,9,Wales,2.99
28309,Weston Super Mare - Central,01934 633 888,concern@dpsw.co.uk,51.33823,-2.96252,BS23 3YY,Weston Super Mare,3b Gallagher Retail Park,Marchfields Way,United Kingdom,Online,True,2,The South,2.99
28559,Glastonbury,01458 83 08 08,,51.142878,-2.728871,BA6 9XE,Glastonbury,Unit 3 Wirral Park,,United Kingdom,Online,True,2,The South,2.99
28587,Weston Super Mare - Locking Castle,01934 529090,concern@dpsw.co.uk,51.353797,-2.913042,BS24 7FN,Weston Super Mare,Unit 2 Locking Castle  District Centre,Bransby Way,United Kingdom,Online,True,2,The South,2.99
28301,Cardiff - Cardiff Bay,02920 451851,,51.463914,-3.166193,CF10 5BZ,Cardiff,17a Mermaid Quay,,United Kingdom,Online,True,9,Wales,2.99
28966,Cardiff - Ely,02920 599992,,51.474895,-3.250946,CF5 5TD,Cardiff,"Unit 4 Homes House, 253  Cowbridge Road West",,United Kingdom,Online,True,9,Wales,2.99
28181,Cardiff - Canton,02920 232000,,51.482004,-3.204119,CF5 1GX,Cardiff,200 Cowbridge Road East,Canton,United Kingdom,Online,True,9,Wales,2.99
29072,Cardiff - City Centre,02920 440550,,51.48514,-3.165796,CF24 0AB,Cardiff,Eastgate House,35-43 Newport Road,United Kingdom,Online,True,9,Wales,2.99
28124,Cardiff - Cathays,02920 229977,,51.495223,-3.177414,CF24 4NN,Cardiff,62 Crwys Road,,United Kingdom,Online,True,9,Wales,2.99
28707,Cardiff - Llandaff,02920 566696,,51.498924,-3.23497,CF5 2BF,Llandaff,Unit 4 Llantrisant Road  Retail Park,Llantrisant Road,United Kingdom,Online,True,9,Wales,2.99
28865,Clevedon,01275 87 51 11,,51.435829,-2.854375,BS21 6NN,Clevedon,32 Old Church Road,,United Kingdom,Online,True,2,The South,2.99
28476,Cardiff - Rumney Hill,02920 796699,,51.508839,-3.132492,CF3 4AJ,Cardiff,759 Newport Road,Rumney Hill,United Kingdom,Online,True,9,Wales,2.99
29242,Cardiff - Whitchurch,02920 221212,,51.512,-3.218,CF14 1DD,Cardiff,53 Merthyr Road,Whitchurch,United Kingdom,Online,True,9,Wales,2.99
28467,Cardiff - Maes Y Coed,02920 616 222,,51.520001,-3.195561,CF14 4HE,Cardiff,Unit 1 Maes Y Coed Road,Maes Y Coed,United Kingdom,Online,True,9,Wales,2.99
29001,Shepton Mallet,01749 347878,,51.190279,-2.546947,BA4 5AN,Shepton Mallet,8 High Street,,United Kingdom,Online,True,2,The South,2.99
28737,Cardiff - Pentwyn,02920 549000 ,,51.523078,-3.139356,CF23 7XH,Pentwyn,Unit 4 Pentwyn Retail Park,Pentwyn Road,United Kingdom,Online,True,9,Wales,2.99
28674,Bristol - Nailsea,01275 85 88 85,,51.432296,-2.759394,BS48 1RE,Nailsea,Unit 16 Crown Glass Place,,United Kingdom,Online,True,2,The South,2.99
28243,Midsomer Norton,01761 41 55 77,,51.288296,-2.478429,BA3 2DQ,Midsomer Norton,70 - 71 High Street,,United Kingdom,Online,True,2,The South,2.99
28199,Frome,01373 45 45 11,,51.227276,-2.322009,BA11 1JF,Frome,2 Keyford,,United Kingdom,Online,True,2,The South,2.99
28963,Bristol - Imperial Park,01275 831522 ,,51.415253,-2.600215,BS13 7TJ,Bristol,Unit 14a Imperial Retail Park,,United Kingdom,Online,True,2,The South,2.99
28792,Bristol - Bedminster,01179 66 36 66,,51.443857,-2.59395,BS3 4HL,Bristol,92 Bedminster Parade,Bedminster,United Kingdom,Online,True,2,The South,2.99
28610,Bristol - Brislington,01173 00 93 33,,51.431837,-2.546558,BS4 5BN,Bristol,8 West Town Lane,Brislington,United Kingdom,Online,True,2,The South,2.99
28636,Bristol - Keynsham,01179 86 66 60,,51.413641,-2.482389,BS31 1SX,Bristol,Boystown Ashmead Road,Keynsham,United Kingdom,Online,True,2,The South,2.99
28783,Bristol - City Centre,01179 27 77 99,,51.453536,-2.595908,BS1 1NA,Bristol,11 Baldwin Street,,United Kingdom,Online,True,2,The South,2.99
28953,Bath - Oldfield Park,01225 444544,dominos@pizzaconcerns.co.uk,51.377012,-2.37829,BA2 3PN,Bath,40 Moorland Road,,United Kingdom,Online,True,2,The South,2.49
28169,Bristol - Whiteladies,01179 73 34 00,,51.464716,-2.609327,BS8 2PL,Bristol,119 Whiteladies Road,Clifton,United Kingdom,Online,True,2,The South,2.99
29010,Portishead,01275 390000,,51.484864,-2.768835,BS20 6EN,Portishead,26 High Street,,United Kingdom,Online,True,2,The South,2.99
29009,Bristol - Redfield,01179 414 444,,51.459467,-2.551907,BS5 9HX,Bristol,Unit 2 178 Church Road,Redfield,United Kingdom,Online,True,2,The South,2.99
28951,Bristol - Stoke Bishop,0117 968 6000 ,,51.486265,-2.642063,BS9 2DP,Bristol,4 Trymwood Parade,Shirehampton Road,United Kingdom,Online,True,2,The South,2.99
28734,Warminster,01985 21 11 10 ,,51.205439,-2.183433,BA12 9AQ,Warminster,43-45 High Street,,United Kingdom,Online,True,4,The Midlands,2.99
28092,Bath - London Road,01225 421421,dominos@pizzaconcerns.co.uk,51.390977,-2.355122,BA1 5NL,Bath,"Long Acre, London Road",Walcot,United Kingdom,Online,True,2,The South,2.49
28139,Bristol - Kingswood,01179 61 61 11,,51.462811,-2.511071,BS15 8JS,Bristol,10-12 Regent Street,Kingswood,United Kingdom,Online,True,2,The South,2.99
28241,Bristol - Gloucester Road,01179 51 27 77,,51.485103,-2.585893,BS7 8TZ,Bristol,439 Gloucester Road,Horfield,United Kingdom,Online,True,2,The South,2.99
28981,Bristol - Westbury on Trym,0117 962 2525,,51.4931,-2.61817,BS9 3AA,Bristol,Unit 1 68 Westbury Hill,,United Kingdom,Online,True,2,The South,2.99
28930,Bradford-on-Avon,01225 866866,,51.336727,-2.252052,BA15 2AZ,Bradford-on-avon,Unit 3 Elms Cross Shopping  Centre,Rowden Lane,United Kingdom,Online,True,2,The South,2.99
28866,Bristol - Fishponds,01179 65 67 77,,51.481959,-2.52632,BS16 2LA,Bristol,7-8 Straits Parade,Fishponds Road,United Kingdom,Online,True,2,The South,2.99
28940,Bristol - Filton,01179 691666,,51.502061,-2.579474,BS7 0SH,Bristol,Unit 3 - 4 Cabot Court,29 Gloucester Road North,United Kingdom,Online,True,2,The South,2.99
28192,Trowbridge,01225 77 77 31,,51.317424,-2.207174,BA14 8FS,Trowbridge,Unit 4 Cradle Bridge Retail Park,County Way,United Kingdom,Online,True,2,The South,2.99
28656,Melksham,01225 70 43 33,,51.375753,-2.139355,SN12 6LP,Melksham,23-25 Bath Road,,United Kingdom,Online,True,2,The South,2.99
28849,Corsham,01249 71 29 69,,51.431827,-2.187679,SN13 0BH,Corsham,2-3 Abacus House,Newlands Road,United Kingdom,Online,True,2,The South,2.99
28553,Devizes,01380 72 80 60,,51.351961,-1.990107,SN10 1LY,Devizes,121 Southbroom Road,,United Kingdom,Online,True,2,The South,2.99
28322,Bristol - Emerson's Green,01179 56 68 89,,51.492566,-2.474854,BS16 7AE,Bristol,Unit 6 Emerson's Green Retail  Park,Emerson's Green,United Kingdom,Online,True,2,The South,2.99
28516,Amesbury,01980 62 22 55,,51.17164,-1.779945,SP4 7HD,Amesbury,44 Salisbury Street,,United Kingdom,Online,True,3,Home Counties,2.99
28186,Chippenham,01249 46 22 66,,51.462318,-2.11806,SN15 1HJ,Chippenham,16/17 New Road,,United Kingdom,Online,True,2,The South,2.99
28704,Calne,01249 81 60 00,,51.439856,-2.004088,SN11 8JQ,Calne,87 The Pippin,,United Kingdom,Online,True,2,The South,2.99
28663,Tidworth,01980 84 75 00,,51.234408,-1.66087,SP9 7PS,Tidworth,Unit 5 Garrison Row,Station Road,United Kingdom,Online,True,2,The South,2.99
28125,Andover,01264 36 33 33,,51.2057,-1.47973,SP10 1BE,Andover,23-25 Bridge Street,,United Kingdom,Online,True,2,The South,2.99
28978,Overton,01256 770808,,51.244,-1.2631,RG25 3HS,Overton,10 Winchester Street,,United Kingdom,Online,True,2,The South,2.99
28546,Basingstoke - Brighton Hill,01256 81 00 36,,51.245013,-1.114162,RG22 4EH,Basingstoke,Unit 6 Brighton Hill Centre,Brighton Hill,United Kingdom,Online,True,2,The South,2.99
28082,Newbury,01635 529529,dominos@pizzaconcerns.co.uk,51.405204,-1.325017,RG14 1AS,Newbury,5 The Broadway,,United Kingdom,Online,True,3,Home Counties,3.49
28073,Basingstoke - Town Centre,01256 81 00 00,,51.262254,-1.09019,RG21 8EW,Basingstoke,6 Winton Square,,United Kingdom,Online,True,2,The South,2.99
29078,Thatcham,01635 866999,dominos@pizzaconcerns.co.uk,51.403519,-1.248201,RG18 4GE,Thatcham,3 London Road,,United Kingdom,Online,True,3,Home Counties,3.49
28670,Tadley,01189 81 66 66,,51.354971,-1.141475,RG26 3JE,Tadley,28 Mulfords Hill,,United Kingdom,Online,True,3,Home Counties,2.99
28366,Basingstoke - Chineham,01256 81 00 30,,51.284694,-1.060076,RG24 8BQ,Basingstoke,Unit 20 Chineham Shopping Centre,Chineham,United Kingdom,Online,True,2,The South,2.99
28500,Alton,01420 544888,,51.149326,-0.974662,GU34 1AW,Alton,17 High Street,,United Kingdom,Online,True,3,Home Counties,3.5
29071,Hook,01256 678300,concerns@dsdominos.com,51.275043,-0.977842,RG27 9JL,Hook,Oaklands,Hook Common,United Kingdom,Online,True,3,Home Counties,3.99
28149,Farnham,01252 717000,,51.215986,-0.796698,GU9 7RX,Farnham,13 East Street,,United Kingdom,Online,True,3,Home Counties,3.5
29218,Church Crookham,01252 313111,concerns@dsdominos.com,51.264405,-0.840211,GU52 6NY,Church Crookham,Unit 1 Ridgeway Parade,The Verne,United Kingdom,Online,True,3,Home Counties,3.99
28047,Fleet,01252 812813,concerns@dsdominos.com,51.278505,-0.845664,GU51 4BX,Fleet,254/256 Fleet Road,,United Kingdom,Online,True,3,Home Counties,3.99
28300,Aldershot,01252 344455,concerns@dsdominos.com,51.248275,-0.76313,GU11 1JE,Aldershot,2 Townstead House,111-113 Victoria Road,United Kingdom,Online,True,3,Home Counties,3.99
28074,Farnborough - Central,01252 378090,concerns@dsdominos.com,51.29353,-0.75593,GU14 7NY,Farnborough,22c Victoria Road,,United Kingdom,Online,True,3,Home Counties,3.99
28782,Godalming,01483 41 99 90 ,,51.18472,-0.616594,GU7 1AF,Godalming,143 High Street,,United Kingdom,Online,True,2,The South,2.99
29383,Ash Vale,01252 560421,concerns@dsdominos.com,51.2575,-0.72034,GU12 5AZ,Aldershot,10 The Parade,Wharf Road,United Kingdom,Online,True,3,Home Counties,3.99
29433,Cranleigh,01483 982 982,customerservices@fullhouse.uk.com,51.142582,-0.494294,GU6 8RL,Cranleigh,222 High Street,,United Kingdom,Online,True,3,Home Counties,2.99
29167,Guildford - Stoughton,01483 457457,customerservices@fullhouse.uk.com,51.248967,-0.586912,GU2 9AD,Guildford,53 Woodbridge Hill,,United Kingdom,Online,True,3,Home Counties,2.99
28081,Guildford,01483 458000,customerservices@fullhouse.uk.com,51.244959,-0.576691,GU1 1DY,Guildford,25 Woodbridge Road,,United Kingdom,Online,True,3,Home Counties,2.99
28718,Frimley,01252 834200 ,concerns@dsdominos.com,51.301975,-0.726801,GU16 6NL,Camberley,17 Guildford Road,Frimley Green,United Kingdom,Online,True,3,Home Counties,3.99
28741,Farnborough - Fernhill,01276 34488 ,concerns@dsdominos.com,51.313166,-0.774315,GU14 9BL,Farnborough,98 Chapel Lane,,United Kingdom,Online,True,3,Home Counties,3.99
29146,Guildford - Merrow,01483 565111,customerservices@fullhouse.uk.com,51.245921,-0.530571,GU1 2RB,Guildford,207 Epsom Road,,United Kingdom,Online,True,3,Home Counties,2.99
29090,Camberley,01276 686886,,51.338777,-0.744996,GU15 3RS,Camberley,28 High Street,,United Kingdom,Online,True,3,Home Counties,3.5
28085,Sandhurst,01252 890891,,51.3456038,-0.801153,GU47 9DT,Camberley,6 Yorktown Road,Sandhurst,United Kingdom,Online,True,3,Home Counties,3.5
28404,Knaphill,01483 522221,customerservices@fullhouse.uk.com,51.317493,-0.617916,GU21 2DR,Woking,15 Broadway,Knaphill,United Kingdom,Online,True,3,Home Counties,2.99
28044,Woking,01483 760761,customerservices@fullhouse.uk.com,51.318085,-0.555933,GU22 7AH,Woking,5-7 Oriental Road,,United Kingdom,Online,True,3,Home Counties,2.99
28450,Bagshot,01276 479879,,51.361853,-0.692335,GU19 5AH,Bagshot,61 High Street,,United Kingdom,Online,True,3,Home Counties,3.5
29293,Bracknell - Birch Hill,01344 233222,customerservices@fullhouse.uk.com,51.39211,-0.75207,RG12 7DE,Bracknell,96 Liscombe,Birch Hill Shopping Centre,United Kingdom,Online,True,3,Home Counties,2.99
29392,West Byfleet,01932 629900,customerservices@fullhouse.uk.com,51.336444,-0.505831,KT14 6LF,West Byfleet,73 Old Woking Road,,United Kingdom,Online,True,3,Home Counties,2.99
28496,Sunningdale,01344 870000,customerservices@fullhouse.uk.com,51.392947,-0.629284,SL5 0DJ,Sunningdale,109 London Road,,United Kingdom,Online,True,3,Home Counties,2.99
28045,Wokingham,01189 774477,,51.4114,-0.830256,RG40 1XH,Wokingham,62 Peach Street,,United Kingdom,Online,True,3,Home Counties,2.99
28132,Bracknell,01344 300900,customerservices@fullhouse.uk.com,51.416507,-0.748257,RG12 1LL,Bracknell,22 High Street,,United Kingdom,Online,True,3,Home Counties,2.99
28269,Dorking,01306 883311,customerservices@fullhouse.uk.com,51.233942,-0.327633,RH4 1QT,Dorking,292/294 High Street,,United Kingdom,Online,True,3,Home Counties,2.99
28503,Horley,01293 78 22 22,,51.172036,-0.162392,RH6 7BB,Horley,1 Consort Way East,,United Kingdom,Online,True,3,Home Counties,2.99
28936,Reigate,01737 249999,customerservices@fullhouse.uk.com,51.235842,-0.20451,RH2 7AQ,Reigate,57 Bell Street,,United Kingdom,Online,True,3,Home Counties,2.99
28068,Leatherhead,01372 379000,customerservices@fullhouse.uk.com,51.292081,-0.337182,KT22 9AL,Leatherhead,2 Sunmead Parade,,United Kingdom,Online,True,3,Home Counties,2.99
28177,Redhill,01737 773737,customerservices@fullhouse.uk.com,51.238973,-0.169232,RH1 1RX,Redhill,37 High Street,,United Kingdom,Online,True,3,Home Counties,2.99
29112,Cobham,01932 868100,customerservices@fullhouse.uk.com,51.330653,-0.411223,KT11 2LW,London,19 Anyards Road,Cobham,United Kingdom,Online,True,3,Home Counties,2.99
28107,London - Epsom,01372 727273,epsom.customercare@delmonpizza.com,51.334294,-0.263459,KT17 4QY,Epsom,7 Upper High Street,,United Kingdom,Online,True,3,Home Counties,3.49
28824,London - Banstead,01737362000,banstead.customerconcerns@delmonpizza.com,51.322723,-0.201737,SM7 2NL,London,57 High Street,Banstead,United Kingdom,Online,True,3,Home Counties,3.49
28495,Caterham,01883 342888,amin@topacio.co.uk,51.284358,-0.078761,CR3 6QD,Caterham,66- 68 Croydon Road,,United Kingdom,Online,True,6,London Region,3.49
28120,Weybridge,01932 856999,customerservices@fullhouse.uk.com,51.373521,-0.456993,KT13 8BL,Weybridge,56 High Street,,United Kingdom,Online,True,3,Home Counties,2.99
28723,Addlestone,01932 829669 ,customerservices@fullhouse.uk.com,51.371883,-0.48587,KT15 2BE,Addlestone,144 Station Road,,United Kingdom,Online,True,3,Home Counties,2.99
28933,London - Coulsdon,0208 668 8666,amin@topacio.co.uk,51.322323,-0.135905,CR5 2NG,Coulsdon,119 Brighton Road,,United Kingdom,Online,True,6,London Region,3.49
28435,Thames Ditton,0208 398 6666,customerservices@fullhouse.uk.com,51.384507,-0.346683,KT7 0LX,Thames Ditton,4 The Broadway,Hampton Court Way,United Kingdom,Online,True,3,Home Counties,2.99
28037,London - Tolworth,0208 390 3800,amin@topacio.co.uk,51.379433,-0.281511,KT6 7HT,Tolworth,126 The Broadway,,United Kingdom,Online,True,6,London Region,3.49
28624,London - Sutton South,0208 642 2252,,51.358327,-0.191338,SM2 5BQ,Sutton,12-13 Regent Parade,Brighton Road,United Kingdom,Online,True,6,London Region,3.49
29177,Walton-on-Thames,01932 501999,customerservices@fullhouse.uk.com,51.3917,-0.41243,KT12 2SG,London,99 Terrace Road,Walton On Thames,United Kingdom,Online,True,3,Home Counties,2.99
28827,London - Worcester Park,0203 4371111,worcesterpark.customercare@delmonpizza.com,51.378717,-0.242381,KT4 8DY,London,119 Central Road,Worcester Park,United Kingdom,Online,True,6,London Region,3.49
28759,Edenbridge,01732 866663,customerservices@fullhouse.uk.com,51.196358,0.065319,TN8 5AP,Edenbridge,65a High Street,,United Kingdom,Online,True,2,The South,2.99
28115,Tunbridge Wells,01892 525825,customerservices@dsgroups.co.uk,51.135689,0.260516,TN4 8AU,Tunbridge Wells,34/36 Mount Ephraim,,United Kingdom,Online,True,3,Home Counties,3.5
29130,Southborough,01892 535399,customerservices@dsgroups.co.uk,51.160309,0.257603,TN4 0PA,Tunbridge Wells,69a London Road,Southborough,United Kingdom,Online,True,3,Home Counties,3.5
28305,Tonbridge,01732 351512,weissdominos@aol.com,51.19299,0.27241,TN9 1EJ,Tonbridge,20 High Street,,United Kingdom,Online,True,2,The South,2.99
28592,Biggin Hill,01959 574400,customerservices@fullhouse.uk.com,51.308989,0.037355,TN16 3BB,Biggin Hill,172 Main Road,,United Kingdom,Online,True,2,The South,2.99
28539,Sevenoaks,01732 455507,weissdominos@aol.com,51.287364,0.194843,TN13 3PE,Sevenoaks,119 St John's Hill,,United Kingdom,Online,True,2,The South,2.99
29107,London - New Addington,01689 844822,ravii@mcjosephgroup.com,51.341302,-0.014257,CR0 0JD,Croydon,40 Central Parade,New Addington,United Kingdom,Online,True,6,London Region,3.49
28780,London - Selsdon,0208 6515566,amin@topacio.co.uk,51.344581,-0.060018,CR2 8LD,Croydon,220 Addington Road,Selsdon,United Kingdom,Online,True,6,London Region,3.49
28089,London - Purley,0208 668 3000,amin@topacio.co.uk,51.339469,-0.117193,CR8 2LA,Purley,18 Russell Hill Road,,United Kingdom,Online,True,6,London Region,3.49
28868,Paddock Wood,01892 837777,customerservices@dsgroups.co.uk,51.181263,0.389741,TN12 6EZ,Tonbridge,2a Church Road,Paddock Wood,United Kingdom,Online,True,3,Home Counties,3.5
29098,Borough Green,01732 883388,customerservices@dsgroups.co.uk,51.292751,0.302805,TN15 8AH,Sevenoaks,68 Western Road,Borough Green,United Kingdom,Online,True,3,Home Counties,3.5
28474,London - West Wickham,0208 777 3887,ravii@mcjosephgroup.com,51.375777,-0.015922,BR4 0LP,London,27 High Street,West Wickham,United Kingdom,Online,True,6,London Region,3.49
28004,London - Croydon Central,0208 681 2344,,51.370928,-0.100015,CR0 1QF,London,87 - 89 High Street,Croydon,United Kingdom,Online,True,6,London Region,3.49
28109,London - Orpington,01689 836836,customerservices@dsgroups.co.uk,51.374634,0.098244,BR6 0NF,Orpington,296 High Street,,United Kingdom,Online,True,6,London Region,3.5
29187,London - Carshalton,020 8669 0669,,51.365221,-0.161737,SM5 3AP,London,21 High Street,Carshalton,United Kingdom,Online,True,6,London Region,3.49
29176,London - Addiscombe,020 8656 6866,,51.382008,-0.068966,CR0 7AE,London,282-284 Lower Addiscombe Road,Croydon,United Kingdom,Online,True,6,London Region,3.49
28642,London - Croydon - West,0208 665 9000,,51.38415,-0.108431,CR0 2TJ,Croydon,334 London Road,,United Kingdom,Online,True,6,London Region,3.49
28922,London - Bromley South,020 8466 6664,amin@topacio.co.uk,51.39578,0.025606,BR2 9HW,Bromley,161 Masons Hill,,United Kingdom,Online,True,6,London Region,3.49
28010,London - Sutton North,0208 770 0088,,51.369888,-0.195178,SM1 1LW,Sutton,331 High Street,,United Kingdom,Online,True,6,London Region,3.49
28597,Kings Hill,01732 873311,customerservices@dsgroups.co.uk,51.272363,0.400529,ME19 4DA,West Malling,Unit 1c Liberty Square,"17 Queens Street, Kings Hill",United Kingdom,Online,True,2,The South,3.5
28952,Maidstone - Loose,01622 747900,customerservices@dsgroups.co.uk,51.252749,0.527695,ME15 9QD,Maidstone,6 Boughton Parade,Loose Road,United Kingdom,Online,True,2,The South,3.5
28472,Maidstone - Barming,01622 728000,customerservices@dsgroups.co.uk,51.272139,0.483292,ME16 9NZ,Maidstone,Unit 5 & 6 Hermitage Walk,Hermitage Lane,United Kingdom,Online,True,2,The South,3.5
28106,Maidstone - Central,01622 761122,customerservices@dsgroups.co.uk,51.273148,0.52904,ME14 5BH,Maidstone,2 Ashford Road,,United Kingdom,Online,True,2,The South,3.5
29164,Snodland,01634 244442,customerservices@dsgroups.co.uk,51.330041,0.443265,ME6 5AF,Snodland,21 High Street,,United Kingdom,Online,True,2,The South,3.5
29173,Walderslade,01634 869999,s29173@dominos.co.uk,51.340341,0.526565,ME5 9LL,Chatham,371-373 Walderslade Road,,United Kingdom,Online,True,2,The South,2.99
28131,Chatham,01634 849999,s28131@dominos.co.uk,51.377113,0.539438,ME5 7AN,Chatham,80 Chatham Hill,,United Kingdom,Online,True,2,The South,2.99
28690,Gillingham - Rainham,01634 260046,s28690@dominos.co.uk,51.368218,0.584839,ME8 6YX,Gillingham,28 London Road,Rainham,United Kingdom,Online,True,2,The South,2.99
28233,Strood,01634 716655,s28233@dominos.co.uk,51.395756,0.493242,ME2 4TJ,Strood,143 High Street,,United Kingdom,Online,True,2,The South,2.99
28146,Ashford,01233 666600,weissdominos@aol.com,51.150736,0.875922,TN24 8EJ,Ashford,Fanfare House Somerset Road,,United Kingdom,Online,True,2,The South,2.99
28735,Longfield,01474 707066,s28735@dominos.co.uk,51.398291,0.300026,DA3 7QD,Longfield,12 Station Road,,United Kingdom,Online,True,3,Home Counties,2.99
28584,Gillingham,01634 575859,s28584@dominos.co.uk,51.395107,0.556586,ME7 1FP,Gillingham,Unit 4 Liberty Quays,Blake Avenue,United Kingdom,Online,True,2,The South,2.99
28260,Sittingbourne,01795 429111 ,customerservices@dsgroups.co.uk,51.345516,0.732734,ME10 2GZ,Sittingbourne,Unit 1 Mill Way,,United Kingdom,Online,True,3,Home Counties,3.5
28696,Swanley,01322 666099,s28696@dominos.co.uk,51.395393,0.177828,BR8 8AE,Swanley,15 High Street,,United Kingdom,Online,True,6,London Region,2.99
28914,Gravesend - East,01474 321111,s28914@dominos.co.uk,51.434789,0.390955,DA12 2HU,Gravesend,125 Rochester Road,,United Kingdom,Online,True,3,Home Counties,2.99
29342,Hoo,01634 560111,s29342@dominos.co.uk,51.429097,0.556815,ME3 9JX,Hoo,1  Fourwents Road,,United Kingdom,Online,True,2,The South,2.99
28272,Northfleet,01474 535999,s28272@dominos.co.uk,51.443173,0.336609,DA11 9EX,Gravesend,39 The Hill,Northfleet,United Kingdom,Online,True,3,Home Counties,2.99
28621,London - St Paul's Cray,0208 300 4888,customerservices@dsgroups.co.uk,51.404233,0.105343,BR5 2RA,Orpington,91 Cotmandene Crescent,St Paul's Cray,United Kingdom,Online,True,6,London Region,3.5
28188,London - Dartford,01322 224222,s28188@dominos.co.uk,51.442799,0.242052,DA2 6AN,Dartford,62 London Road,Stone,United Kingdom,Online,True,6,London Region,2.99
28807,Faversham,01795 537774,s28807@dominos.co.uk,51.313007,0.890372,ME13 8PQ,Faversham,1 & 2 Limes Place,Preston Street,United Kingdom,Online,True,2,The South,2.99
28429,Canterbury,01227 789666,weissdominos@aol.com,51.282319,1.088355,CT1 1LU,Canterbury,64a Military Road,,United Kingdom,Online,True,2,The South,2.99
28510,Whitstable,01227 264431,customerservices@dsgroups.co.uk,51.363548,1.044078,CT5 2AN,Whitstable,138 Tankerton Road,,United Kingdom,Online,True,2,The South,3.5
28862,Herne Bay,01227 366646,customerservices@dsgroups.co.uk,51.371092,1.12508,CT6 5LE,Herne Bay,80 High Street,,United Kingdom,Online,True,2,The South,3.5
28684,Sheerness,01795 583000,customerservices@dsgroups.co.uk,51.440676,0.759318,ME12 1NZ,Sheerness,19 Victory Street,,United Kingdom,Online,True,3,Home Counties,3.5
28703,Deal - Kent,01304 380333,,51.223104,1.401358,CT14 6ET,Deal,24-26 Queen Street,,United Kingdom,Online,True,2,The South,3.49
29115,Birchington,01843 841114,customerservices@dsgroups.co.uk,51.37449,1.306228,CT7 9DJ,Birchington,11 Station Road,,United Kingdom,Online,True,2,The South,3.5
28551,Shoeburyness,01702 291001,,51.531402,0.782485,SS3 9DG,Shoeburyness,78-80 Ness Road,,United Kingdom,Online,True,1,East Anglia,3.5
28694,Ramsgate,01843 851800,,51.337031,1.401288,CT11 0QW,Ramsgate,27 High Street,St Lawrence,United Kingdom,Online,True,2,The South,3.49
28278,Margate,01843 229200,customerservices@dsgroups.co.uk,51.3867893,1.3763956,CT9 1XJ,Margate,34 Marine Terrace,,United Kingdom,Online,True,2,The South,3.5
29148,Neyland,01646 600666,customerservices@fullhouse.uk.com,51.718359,-4.956869,SA73 1SE,Neyland,Unit 2 Honeyborough Industrial Estate,,United Kingdom,Online,True,9,Wales,2.99
29210,Haverfordwest,01437 768668,customerservices@fullhouse.uk.com,51.803681,-4.967887,SA61 2LJ,Haverfordwest,Unit 2 Riverside Quay,,United Kingdom,Online,True,9,Wales,2.99
29158,Tenby,01834 844022,customerservices@fullhouse.uk.com,51.671794,-4.701553,SA70 7DG,Tenby,"Units B,C,D The Delphi",South Parade,United Kingdom,Online,True,9,Wales,2.99
28437,Llanelli,01554 755889,,51.683928,-4.159183,SA15 3LG,Llanelli,Unit 3 Crown Parade,Bridge Street,United Kingdom,Online,True,9,Wales,2.5
29119,Swansea - Mumbles,01792 404999,,51.586691,-4.001054,SA3 5JD,Swansea,14 Alderwood Road,West Cross,United Kingdom,Online,True,9,Wales,3.29
28641,Gorseinon,01792 899006,customerservices@fullhouse.uk.com,51.667763,-4.024583,SA4 4DQ,Gorseinon,"Unit C,Junction 47 Retail Park",Gorseinon Road,United Kingdom,Online,True,9,Wales,2.99
28924,Swansea - Fforest-fach,01792 581818 ,,51.644899,-3.982865,SA5 4EE,Swansea,Unit 2 White City Road,Fforest-fach,United Kingdom,Online,True,9,Wales,3.29
28144,Swansea - Marina,01792 464647,,51.618467,-3.949758,SA1 4AE,Swansea,10 Dillwyn Street,,United Kingdom,Online,True,9,Wales,3.29
28532,Swansea - Morriston,01792 791862,,51.66329,-3.925791,SA6 8BA,Swansea,83/84 Woodfield Street,Morriston,United Kingdom,Online,True,9,Wales,3.29
28732,Carmarthen,01267 233380,customerservices@fullhouse.uk.com,51.848329,-4.31106,SA31 2NG,Carmarthen,Myrtle Hill,,United Kingdom,Online,True,9,Wales,2.99
29082,Cross Hands,01269 841114,customerservices@fullhouse.uk.com,51.79782,-4.086698,SA14 6SY,Llanelli,Unit 9 Parc Maes Yr Eithin,Cross Hands,United Kingdom,Online,True,9,Wales,2.99
28864,Swansea - Clydach,01792 845000,,51.69623,-3.890752,SA6 5LW,Swansea,5 Capel Buildings,Clydach,United Kingdom,Online,True,9,Wales,3.29
28222,Briton Ferry,01639 822742,comments28756@hotmail.com,51.635203,-3.817975,SA11 2BX,Briton Ferry,159 Neath Road,,United Kingdom,Online,True,9,Wales,2.99
29083,Ammanford,01269 594443,customerservices@fullhouse.uk.com,51.793074307268256,-3.988775461498712,SA18 3AL,Ammanford,9 Cross Inn Buildings,College Street,United Kingdom,Online,True,9,Wales,2.99
28756,Port Talbot,01639 890008 ,comments28756@hotmail.com,51.592904,-3.780944,SA13 1NN,Port Talbot,21 Station Road,,United Kingdom,Online,True,9,Wales,2.99
28968,Neath,01639 637777,comments28756@hotmail.com,51.66253,-3.805766,SA11 1DF,Neath,31 Green Street,,United Kingdom,Online,True,9,Wales,2.99
28985,Maesteg,01656 737377,concern@dpsw.co.uk,51.608952,-3.659622,CF34 9BT,Maesteg,9 Talbot Street,,United Kingdom,Online,True,9,Wales,2.99
29042,Tondu,01656 723232,concern@dpsw.co.uk,51.54352,-3.59898,CF32 9GP,Bridgend,Unit 2 Pentre Felin Retail  Park,Tondu,United Kingdom,Online,True,9,Wales,2.99
29174,Treorchy,01443 777888,,51.659743,-3.505233,CF42 6AE,Treorchy,11 High Street,,United Kingdom,Online,True,9,Wales,2.5
28657,Tonypandy,01443 441888,,51.6217337,-3.4539761,CF40 1AL,Tonypandy,36 Dunraven Street,,United Kingdom,Online,True,9,Wales,2.5
29341,Trebanog,01443 803030,,51.600173,-3.422228,CF39 9DU,Porth,Trebanog Road,Trebanog,United Kingdom,Online,True,9,Wales,2.5
28629,Pontyclun,01443 229966,,51.522006,-3.392876,CF72 9EE,Pontyclun,Unit 2 Cowbridge Road,,United Kingdom,Online,True,9,Wales,2.5
28456,Aberdare,01685 877244,concern@dpsw.co.uk,51.702039,-3.42038,CF44 0AH,Aberdare,Unit 3b Riverside Retail Park,Ffordd Tirwaun,United Kingdom,Online,True,9,Wales,2.99
28321,Pontypridd,01443 480680,concern@dpsw.co.uk,51.5949836,-3.3251637,CF37 1DB,Pontypridd,Broadway,,United Kingdom,Online,True,9,Wales,2.99
29401,Pontypridd - Nantgarw,01443 808899,,51.566151,-3.281906,CF37 5UR,Pontypridd,2 Main Avenue,Treforest Industrial Estate,United Kingdom,Online,True,9,Wales,2.99
29147,Caerphilly - Castle View,02920 887798,concern@dpsw.co.uk,51.570627,-3.241196,CF83 1SN,Caerphilly,Unit 8 Castle View Shopping  Centre,Cae Meillion,United Kingdom,Online,True,9,Wales,2.99
28850,Nelson (Wales),01443 453339,concern@dpsw.co.uk,51.649962,-3.283558,CF46 6PD,Treharris,Dynevor Terrace,Nelson,United Kingdom,Online,True,9,Wales,2.99
28225,Caerphilly,02920 882223,concern@dpsw.co.uk,51.578977,-3.218589,CF83 1PB,Caerphilly,Unit 2 Piccadilly Square,,United Kingdom,Online,True,9,Wales,2.99
28488,Merthyr Tydfil,01685 374448,concern@dpsw.co.uk,51.743725,-3.375771,CF47 8DU,Merthyr Tydfil,Unit 1 Glove And Shears House,Court Street,United Kingdom,Online,True,9,Wales,2.99
28391,Blackwood,01495 231133,concern@dpsw.co.uk,51.670962,-3.194996,NP12 1FG,Blackwood,Unit 3 North Court,High Street,United Kingdom,Online,True,9,Wales,2.99
28603,Risca,01633 619800,concern@dpsw.co.uk,51.6082,-3.10108,NP11 6BW,Newport,Unit 2 43 Tredegar Street,Risca,United Kingdom,Online,True,9,Wales,2.99
29150,Tredegar,01495 718718,,51.773773,-3.246251,NP22 3DW,Tredegar,100 Commercial Street,,United Kingdom,Online,True,9,Wales,2.5
28399,Ebbw Vale,01495 308020,,51.776007,-3.206892,NP23 6DL,Ebbw Vale,Unit 8 The Walk Retail Centre,,United Kingdom,Online,True,9,Wales,2.5
29251,Newport - Maesglas,01633 222278,concern@dpsw.co.uk,51.570633,-3.00045,NP20 2SA,Newport,Unit 2 Newport West Food Park,Port Road,United Kingdom,Online,True,9,Wales,2.99
28382,Newport - Malpas Road,01633 852222,concern@dpsw.co.uk,51.609832,-3.006659,NP20 6WB,Newport,Unit 7 Malpas Road Retail Development,401 Malpas Road,United Kingdom,Online,True,9,Wales,2.99
28349,Cwmbran,01633 833811,concern@dpsw.co.uk,51.655161,-3.020831,NP44 1PP,Cwmbran,3 Caradoc Road,,United Kingdom,Online,True,9,Wales,2.99
28203,Newport - Chepstow Road,01633 280011,concern@dpsw.co.uk,51.588025,-2.967362,NP19 8JH,Newport,356 Chepstow Road,,United Kingdom,Online,True,9,Wales,2.99
29249,Pontypool,01495 364761,concern@dpsw.co.uk,51.691073,-3.016527,NP4 0SW,Pontypool,Units 1-2 Ard Business Park,"Polo Grounds, New Inn",United Kingdom,Online,True,9,Wales,2.99
29125,Caldicot,01291 422422,concern@dpsw.co.uk,51.590694,-2.752351,NP26 4LY,Caldicot,11 Wesley Buildings,Newport Road,United Kingdom,Online,True,9,Wales,2.99
28846,Abergavenny,01873 851117,,51.823825,-3.01789,NP7 5SE,Abergavenny,1 Lions Works,King Street,United Kingdom,Online,True,9,Wales,2.5
28620,Chepstow,01291 622422,concern@dpsw.co.uk,51.631018,-2.674193,NP16 5JW,Chepstow,Unit 3a Bridge Court,51/55 Bulwark Road,United Kingdom,Online,True,9,Wales,2.99
28251,Bristol - Bradley Stoke,01454 20 11 00,,51.535742,-2.549913,BS32 8BS,Bradley Stoke,The Willow Brook Centre,Savages Wood Road,United Kingdom,Online,True,2,The South,2.99
28910,Thornbury,01454 41 42 12,,51.608812,-2.526223,BS35 2AQ,Bristol,"The Old Fire Station, High  Street",Thornbury,United Kingdom,Online,True,2,The South,2.99
28337,Yate,01454 312222 ,dominos@pizzaconcerns.co.uk,51.540844,-2.414759,BS37 4AX,Yate,"Unit C, 32-34 West Walk",,United Kingdom,Online,True,2,The South,3.49
29283,Dursley,01453 701000,,51.688697,-2.36154,GL11 4EJ,Dursley,12-14 Kingshill Road,,United Kingdom,Online,True,2,The South,2.99
28436,Stroud,01453 75 66 99,,51.746461,-2.218831,GL5 1RR,Stroud,Unit E Merrywalks Centre,Merrywalks,United Kingdom,Online,True,2,The South,2.99
29252,Royal Wootton Bassett,01793 882222,dominos@pizzaconcerns.co.uk,51.542,-1.904,SN4 7BH,Royal Wootton Bassett,135 High Street,,United Kingdom,Online,True,2,The South,3.49
28356,Gloucester - Quedgeley,01452 88 38 33,,51.826038,-2.275266,GL2 4NF,Gloucester,Unit 1 Phase 5 Quedgeley  District Centre,Quedgeley,United Kingdom,Online,True,4,The Midlands,2.99
28856,Cirencester,01285 64 2444,,51.706565,-1.959448,GL7 1QU,Cirencester,Unit 7 Bridge Road,,United Kingdom,Online,True,2,The South,2.99
28029,Swindon - West,01793 877585,dominos@pizzaconcerns.co.uk,51.558288,-1.828902,SN5 7DL,Swindon,4 Town Square,West Swindon District Centre,United Kingdom,Online,True,2,The South,3.49
28324,Swindon - Taw Hill,01793 701888,dominos@pizzaconcerns.co.uk,51.594362,-1.824636,SN25 1UH,Swindon,"17 Aiken Road, Taw Hill Village Centre",Haydon,United Kingdom,Online,True,2,The South,3.49
29457,Monmouth,01600 731731,,51.812831,-2.724536,NP25 5AU,Monmouth,Unit 3 Rockfield Road,,United Kingdom,Offline,True,9,Wales,2.99
28682,Gloucester - Brockworth,01452 61 05 00,,51.847937,-2.171517,GL3 4BJ,Gloucester,"Unit 3 Whittle Way,  Gloucester Business Park",,United Kingdom,Online,True,4,The Midlands,2.99
28918,Gloucester - Barnwood,01452 30 33 33,,51.862538,-2.215266,GL4 3BU,Gloucester,Northbrook Road,Eastern Avenue,United Kingdom,Online,True,4,The Midlands,2.99
28103,Gloucester - Central,01452 50 00 33,,51.873299,-2.246604,GL1 2UE,Gloucester,Unit 3b St Oswald's Park,St Oswald's Road,United Kingdom,Online,True,4,The Midlands,2.99
28032,Swindon - Old Town,01793 488400,dominos@pizzaconcerns.co.uk,51.551791,-1.773715,SN1 3EG,Swindon,Unit 1 17 - 21 High Street,Old Town,United Kingdom,Online,True,2,The South,3.49
28797,Swindon - East,01793 831999 ,dominos@pizzaconcerns.co.uk,51.588591,-1.755901,SN3 4UA,Swindon,Unit 1 Windbrook Meadow,,United Kingdom,Online,True,2,The South,3.49
29268,Faringdon - Oxfordshire,01367 625777,s29268@dominos.co.uk,51.6587,-1.58338,SN7 7HL,Faringdon,8 Market Place,,United Kingdom,Online,True,3,Home Counties,2.49
28648,Carterton,01993 84 20 08,,51.759571,-1.59485,OX18 3AG,Carterton,5 Burford Road,,United Kingdom,Online,True,3,Home Counties,2.99
28715,Wantage,01235 77 27 77,,51.5880868,-1.4259914,OX12 8BU,Wantage,5-7 Newbury Street,,United Kingdom,Online,True,3,Home Counties,2.99
28832,Cheltenham - Bath Road,01242 22 25 54,,51.889677,-2.079064,GL53 7LU,Cheltenham,155 Bath Road,,United Kingdom,Online,True,2,The South,2.99
28937,Cheltenham - Gloucester Road,01242 515133,,51.898041,-2.098715,GL51 8NR,Cheltenham,264 Gloucester Road,,United Kingdom,Online,True,2,The South,2.99
28075,Cheltenham,01242 23 00 30,,51.903335,-2.079463,GL50 3HW,Cheltenham,317 & 319 High Street,,United Kingdom,Online,True,2,The South,2.99
28049,Didcot,01235 51 19 99,,51.60646,-1.24395,OX11 8RN,Didcot,194 The Broadway,,United Kingdom,Online,True,3,Home Counties,2.99
28048,Abingdon,01235 52 33 83,,51.669489,-1.291673,OX14 5DL,Abingdon,135 Ock Street,,United Kingdom,Online,True,3,Home Counties,2.99
28414,Witney,01993 86 66 66,,51.7921,-1.46493,OX28 1UD,Witney,"Shop 1 Neighbourhood Centre,  Madley Park",Northfield Farm Lane,United Kingdom,Online,True,3,Home Counties,2.99
28884,Wallingford,01491 83 30 00,,51.600999,-1.125857,OX10 0BX,Wallingford,68 High Street,,United Kingdom,Online,True,3,Home Counties,2.99
28160,Oxford - Park End Street,01865 20 02 22,,51.752501,-1.268819,OX1 1HU,Oxford,18 & 19 Park End Street,,United Kingdom,Online,True,3,Home Counties,2.99
28028,Oxford - Cowley,01865 77 71 37,,51.732407,-1.217143,OX4 3LR,Oxford,57 Between Towns Road,Cowley,United Kingdom,Online,True,3,Home Counties,2.99
28579,Reading - Tilehurst,01189 410111,,51.458486,-1.040471,RG31 5AW,Reading,76a School Road,Tilehurst,United Kingdom,Online,True,3,Home Counties,3.5
28050,Oxford - Headington,01865 74 2020,,51.760197,-1.210245,OX3 9ED,Oxford,126 London Road,Headington,United Kingdom,Online,True,4,The Midlands,2.99
28498,Oxford - Kidlington,01865 37 76 66,,51.823778,-1.288052,OX5 2DN,Oxford,67 High Street,Kidlington,United Kingdom,Online,True,3,Home Counties,2.99
28105,Reading - Oxford Road,01189 567555,,51.456826,-0.99683,RG30 1HA,Reading,427 Oxford Road,,United Kingdom,Online,True,3,Home Counties,3.5
28821,Reading - Caversham,01189 474444,,51.483086,-0.962435,RG4 8XU,Reading,8 Cavendish Road,Caversham,United Kingdom,Online,True,3,Home Counties,3.5
28986,Reading - Christchurch Road,01189 758889,,51.442773,-0.955828,RG2 7AZ,Reading,64 Christchurch Road,,United Kingdom,Online,True,3,Home Counties,3.5
28046,Reading - Earley,01189 351777,,51.448509,-0.936703,RG6 1LH,Reading,95 Wokingham Road,,United Kingdom,Online,True,3,Home Counties,3.5
28330,Reading - Lower Earley,01189 758888,,51.42343,-0.93342,RG6 5HJ,Reading,"Part Unit 5 The Square,  Chalfont Way",Lower Earley,United Kingdom,Online,True,3,Home Counties,3.5
28569,Henley-on-Thames,01491 57 76 66,,51.539349,-0.905839,RG9 2BG,Henley-on-thames,55 Bell Street,,United Kingdom,Online,True,3,Home Counties,2.99
28844,Reading - Woodley,01189 691500,,51.453364,-0.906252,RG5 3JP,Reading,145 Crockhamwell Road,Woodley,United Kingdom,Online,True,3,Home Counties,3.5
28781,Marlow,01628 47 77 11,,51.571114,-0.777808,SL7 2LS,Marlow,25 West Street,,United Kingdom,Online,True,3,Home Counties,2.99
28889,Thame,01844 26 08 88,,51.74841,-0.980071,OX9 2BZ,Thame,19-19a High Street,,United Kingdom,Online,True,4,The Midlands,2.99
29245,High Wycombe - Cressex,01494 358777,,51.617,-0.783,HP12 4RQ,High Wycombe,197-199 New Road,Cressex,United Kingdom,Online,True,3,Home Counties,3.5
28079,Maidenhead,01628 77 77 00,,51.524033,-0.709029,SL6 8NA,Maidenhead,127 Bridge Road,,United Kingdom,Online,True,3,Home Counties,2.99
28096,High Wycombe - Central,01494 539539,,51.629674,-0.748561,HP13 6RG,High Wycombe,24/26 Castle Street,,United Kingdom,Online,True,3,Home Counties,3.5
28939,Princes Risborough,01844 344244,,51.723724,-0.830939,HP27 0AX,Princes Risborough,46 High Street,,United Kingdom,Online,True,3,Home Counties,3.5
28633,High Wycombe - Loudwater,01494 522800,,51.610324,-0.699635,HP10 9TB,High Wycombe,909 London Road,Loudwater,United Kingdom,Online,True,3,Home Counties,3.5
28681,High Wycombe - Hazlemere,01494 716666,,51.651453,-0.71352,HP15 7LQ,High Wycombe,1 Market Parade,Hazlemere,United Kingdom,Online,True,3,Home Counties,3.5
28860,Burnham,01628 66 66 63 ,,51.532686,-0.657992,SL1 7JH,Slough,6-8 High Street,Burnham,United Kingdom,Online,True,3,Home Counties,2.99
28238,Windsor,01753 853322,,51.477789,-0.640784,SL4 4JN,Windsor,181 Dedworth Road,,United Kingdom,Online,True,6,London Region,3.29
28062,Slough,01753 552525,,51.512298,-0.612967,SL1 3UW,Slough,115 Bath Road,,United Kingdom,Online,True,3,Home Counties,2.99
28650,Langley,01753 580022,,51.504354,-0.542937,SL3 8HJ,Langley,1 & 1a Harrow Market,Station Road,United Kingdom,Online,True,3,Home Counties,2.99
28271,Egham,01784 471144,,51.431681,-0.551689,TW20 9DT,Egham,19 & 17a High Street,,United Kingdom,Online,True,6,London Region,2.99
28224,Chalfont St. Peter,01753 888899,,51.606531,-0.559934,SL9 9DU,Chalfont St. Peter,26 Market Place,,United Kingdom,Online,True,3,Home Counties,3.5
28069,London - Staines,01784 449090,,51.428483,-0.49468,TW18 1AT,Staines-upon-thames,13 The Broadway,Kingston Road,United Kingdom,Online,True,6,London Region,2.99
29103,London - West Drayton,01895 44 11 44,,51.507202,-0.470908,UB7 7LT,London,107 Station Road,West Drayton,United Kingdom,Online,True,6,London Region,2.99
28433,Amersham,01494 729999,,51.677964,-0.605795,HP6 5DR,Amersham,72 Sycamore Road,,United Kingdom,Online,True,3,Home Counties,3.5
28078,London - Hillingdon,01895 237070,,51.530077,-0.448016,UB10 0PE,Hillingdon,1 Hillingdon Parade,Uxbridge Road,United Kingdom,Online,True,6,London Region,2.99
28408,London - Ickenham,01895 632222 ,,51.568888,-0.439869,UB10 8LH,Ickenham,83 High Road,,United Kingdom,Online,True,6,London Region,2.99
28757,London - Ashford,01784 244442,customer.service@dominosgb.co.uk,51.422152,-0.440759,TW15 1RP,Ashford,339 Staines Road West,,United Kingdom,Online,True,6,London Region,2.99
28497,Rickmansworth,01923 777 999,,51.636532,-0.483444,WD3 7BQ,Rickmansworth,2 Moneyhill Parade,Uxbridge Road,United Kingdom,Online,True,6,London Region,3.29
28364,London - Cranford,0208 990 9999,,51.479726,-0.41202,TW5 9TY,Cranford,758 Bath Road,,United Kingdom,Online,True,6,London Region,2.99
28156,London - Feltham,0208 831 9595,customer.service@dominosgb.com,51.442384,-0.41247,TW13 4HE,London,5/5a Cavendish Terrace,Feltham,United Kingdom,Online,True,6,London Region,2.99
28595,London - Southall,0208 5666444,,51.528409,-0.372702,UB1 2NN,Southall,436-438 Lady Margaret Road,,United Kingdom,Online,True,6,London Region,2.99
28094,London - Isleworth,0208 560 6003,isleworth.customercare@delmonpizza.com,51.474245,-0.344446,TW7 4EP,London,558 London Road,Isleworth,United Kingdom,Online,True,6,London Region,3.49
28173,London - West Ealing,0208 579 9000,,51.509975,-0.327345,W13 0TL,London,140 Broadway,,United Kingdom,Online,True,6,London Region,2.99
29192,London - Whitton,0208 167 9999,twickenham.customercare@delmonpizza.com,51.451277,-0.358281,TW2 7LS,Twickenham,72 High Street,Whitton,United Kingdom,Online,True,6,London Region,3.49
28713,London - Greenford Road,020 8423 5777,customer.service@dominosgb.co.uk,51.551021,-0.339067,UB6 0HL,London,1322 Greenford Road,Greenford,United Kingdom,Online,True,6,London Region,2.99
28583,London - Twickenham,0208 744 2211,twickenham.customercare@delmonpizza.com,51.445314,-0.333131,TW1 4BW,Twickenham,70 Heath Road,,United Kingdom,Online,True,6,London Region,3.49
29114,London - Ruislip,01895 622999,,51.572037,-0.412602,HA4 0AH,London,52 Victoria Road,Ruislip,United Kingdom,Online,True,6,London Region,2.99
27543,London - Ealing Common,0208 993 0915,customer.service@dominosgb.co.uk,51.508426,-0.281736,W3 9RH,London,365 Uxbridge Road,Acton,United Kingdom,Online,True,6,London Region,3.49
27544,London - Rayners Lane,0208 866 1122,CustomerCare@dominoslacl.com,51.573248,-0.371636,HA2 9SG,"Harrow, London",417 Alexandra Avenue,Rayners Lane,United Kingdom,Online,True,6,London Region,3.49
28060,London - Teddington,0208 977 7722,teddington.customercare@delmonpizza.com,51.431717,-0.345354,TW11 8UE,Teddington,190 Stanley Road,,United Kingdom,Online,True,6,London Region,3.49
28193,London - Wembley,0208 900 8444,customer.service@dominosgb.co.uk,51.553763,-0.291394,HA9 6AH,London,418 High Road,Wembley,United Kingdom,Online,True,6,London Region,2.99
29185,London - Harrow,0208 863 3344,CustomerCare@dominoslacl.com,51.579258,-0.333676,HA1 2DE,Harrow,376 Station Road,,United Kingdom,Online,True,6,London Region,3.49
28708,London - North Acton,020 87520000,CustomerCare@dominoslacl.com,51.522988,-0.260474,W3 6BW,London,192 Victoria Road,North Acton,United Kingdom,Online,True,6,London Region,3.49
28080,London - East Sheen,0208 878 5656,eastsheen.customercare@delmonpizza.com,51.465143,-0.263336,SW14 8AN,London,188 Upper Richmond Road,East Sheen,United Kingdom,Online,True,6,London Region,3.49
28426,London - Chiswick,0208 995 4555,,51.492728,-0.252447,W4 2EF,London,95 Chiswick High Road,,United Kingdom,Online,True,6,London Region,3.49
28709,London - Preston Road,02089081111,CustomerCare@dominoslacl.com,51.571075,-0.294569,HA9 8PB,London,218 Preston Road,Wembley,United Kingdom,Online,True,6,London Region,3.49
28717,London - Pinner,0208 8669766,CustomerCare@dominoslacl.com,51.598204,-0.393296,HA5 2AF,London,5 Pinner Green,Pinner,United Kingdom,Online,True,6,London Region,3.49
28316,London - Northwood,01923 822 228,,51.600989,-0.40913,HA6 1NZ,Northwood Hills,47 Joel Street,,United Kingdom,Online,True,3,Home Counties,2.99
29211,London - Hammersmith,0203 773 4163,,51.49296,-0.23235,W6 0QU,London,138-140 King Street,,United Kingdom,Online,True,6,London Region,3.49
27541,London - Shepherds Bush,0208 743 8900,,51.506076,-0.228402,W12 7JA,London,244 Uxbridge Road,Shepherds Bush,United Kingdom,Online,True,6,London Region,3.49
28066,London - Kingston-Upon-Thames,0208 974 5666,kingston.customercare@delmonpizza.com,51.414069,-0.286786,KT2 7NH,Kingston Upon Thames,12 Kingston Hill,,United Kingdom,Online,True,6,London Region,3.49
27538,London - Belmont,0208 909 3666,CustomerCare@dominoslacl.com,51.600693,-0.317429,HA3 8RZ,Harrow,397 Kenton Lane,Belmont,United Kingdom,Online,True,6,London Region,3.49
28675,London - Willesden,0208 4514144,CustomerCare@dominoslacl.com,51.547178,-0.227881,NW10 2SU,London,87-89 High Road,Willesden,United Kingdom,Online,True,6,London Region,3.49
29228,London - Surbiton,02083907200,amin@topacio.co.uk,51.393452,-0.303109,KT6 4PJ,Surbiton,1 Central Parade,St Marks Hill,United Kingdom,Online,True,6,London Region,3.49
28064,London - Putney,0208 780 0777,putney.customercare@delmonpizza.com,51.460099,-0.213057,SW15 2SW,London,142 Upper Richmond Road,Putney,United Kingdom,Online,True,6,London Region,3.49
28043,London - Fulham,0203 805 4601,fulham.customercare@delmonpizza.com,51.480015,-0.198223,SW6 5UQ,London,613 Fulham Road,Fulham,United Kingdom,Online,True,6,London Region,3.49
28018,London - Bayswater,0203 805 4609,bayswater.customercare@delmonpizza.com,51.518749,-0.197228,W2 5QL,London,129 Westbourne Park Road,Bayswater,United Kingdom,Online,True,6,London Region,3.49
28731,London - Stanmore,0203 4377770 ,CustomerCare@dominoslacl.com,51.616615,-0.313431,HA7 4AH,Stanmore,54 Church Road,,United Kingdom,Online,True,6,London Region,3.49
28012,London - Maida Vale,0207 266 3311,CustomerCare@dominoslacl.com,51.527449,-0.197461,W9 2AD,London,120 Chippenham Road,Maida Vale,United Kingdom,Online,True,6,London Region,3.49
28876,London - New Malden,020 8949 8777,amin@topacio.co.uk,51.402674,-0.25671,KT3 4BY,London,15 High Street,New Malden,United Kingdom,Online,True,6,London Region,3.49
27537,London - Edgware,0208 905 7577,CustomerCare@dominoslacl.com,51.611034,-0.279313,HA8 7HE,Edgware,7/8 Boot Parade,High Street,United Kingdom,Online,True,6,London Region,3.49
29077,London - Parsons Green,0203 805 4606,parsonsgreen.customercare@delmonpizza.com,51.467593,-0.190344,SW6 2TZ,London,330 Wandsworth Bridge Road,,United Kingdom,Online,True,6,London Region,3.49
28014,London - Hendon,0208 202 4722,CustomerCare@dominoslacl.com,51.582935,-0.227712,NW4 3JS,London,7 Central Circus,Hendon,United Kingdom,Online,True,6,London Region,3.49
28594,Bushey Heath,0208 950 7774,,51.634823,-0.343078,WD23 1EE,Bushey,37 High Road,Bushey Heath,United Kingdom,Online,True,3,Home Counties,2.99
28015,London - West End Lane,0207 431 0045,CustomerCare@dominoslacl.com,51.551657,-0.191642,NW6 1LJ,London,262 West End Lane,West Hampstead,United Kingdom,Online,True,6,London Region,3.49
28196,London - Greenwich,0208 858 3222,s28196@dominos.co.uk,51.485741,0.006289,SE10 9EQ,London,201 Trafalgar Road,Greenwich,United Kingdom,Online,True,6,London Region,2.99
29172,London - Canning Town,0207 0555 455,hassaniqbal110@hotmail.com,51.516452,0.010455,E16 1EH,London,Unit H Rathbone Market,Canning Town,United Kingdom,Online,True,6,London Region,2.99
28185,London - Docklands,02075 17 94 94,,51.511031,-0.027968,E14 8JA,London,2 To 8 West India Dock Road,Isle Of Dogs,United Kingdom,Online,True,6,London Region,2.99
29244,London - Charlton,0203 9555554,s29244@dominos.co.uk,51.49087,0.04017,SE7 8LW,London,757 Woolwich Road,,United Kingdom,Online,True,6,London Region,2.99
29168,London - Surrey Quays,0207 064 4644,s29168@dominos.co.uk,51.492183,-0.045554,SE16 2UN,London,168 Lower Road,,United Kingdom,Online,True,6,London Region,2.99
28381,London - Bow,02089 80 69 99,,51.532233,-0.034056,E3 5LX,London,473 Roman Road,Bow,United Kingdom,Online,True,6,London Region,2.99
28596,London - New Cross,0207 639 4444,s28596@dominos.co.uk,51.476419,-0.049333,SE14 5BA,London,92 New Cross Road,,United Kingdom,Online,True,6,London Region,2.99
28686,London - Wapping,02074 88 93 93,,51.509177,-0.063281,E1W 2BG,London,50 The Highway,Wapping,United Kingdom,Online,True,6,London Region,2.99
28176,London - East Ham,0208 503 4646,hassaniqbal110@hotmail.com,51.531167,0.044577,E6 3BD,London,136 Barking Road,East Ham,United Kingdom,Online,True,6,London Region,2.99
28727,London - Stratford,0208 519 5522,hassaniqbal110@hotmail.com,51.542103,0.006576,E15 4BZ,London,50 Romford Road,Stratford,United Kingdom,Online,True,6,London Region,2.99
28769,London - Woolwich,0208 855 8888,customerservices@dsgroups.co.uk,51.489131,0.066332,SE18 6JR,London,9-11 Old Stable Row,Woolwich,United Kingdom,Online,True,6,London Region,3.5
29002,London - Bethnal Green,0207 7291999,comments@dominospizzalondon.uk,51.52655,-0.065974,E2 6AH,London,269 Bethnal Green Road,,United Kingdom,Online,True,6,London Region,2.99
29120,London - Beckton,0208 507 7666,hassaniqbal110@hotmail.com,51.521424,0.071062,E6 6LG,Beckton,Unit 4a Gateway Retail Park,8 Claps Gate Lane,United Kingdom,Online,True,6,London Region,2.99
28154,London - Eltham,0208 850 9500,customerservices@dsgroups.co.uk,51.458614,0.049573,SE9 6SX,"Eltham, London",9 Tudor Parade,Well Hall Road,United Kingdom,Online,True,6,London Region,3.5
28691,London - Bermondsey,0207 231 2333,s28691@dominos.co.uk,51.492205,-0.082281,SE1 5UT,London,145 Old Kent Road,Bermondsey,United Kingdom,Online,True,6,London Region,2.99
29108,London - Hither Green,0208 698 7778,customerservices@dsgroups.co.uk,51.447956,-0.001196,SE13 6TT,London,252 Hither Green Lane,,United Kingdom,Online,True,6,London Region,3.5
28038,London - Catford,0208 695 56 65,customerservices@dsgroups.co.uk,51.445786,-0.0181,SE6 2EJ,London,2 Brownhill Road,Catford,United Kingdom,Online,True,6,London Region,3.5
28454,London - Hackney,0208 986 2777,comments@dominospizzalondon.uk,51.543778,-0.055093,E8 3RB,London,222 Mare Street,,United Kingdom,Online,True,6,London Region,2.99
28392,London - Thamesmead,0208 836 9955,customerservices@dsgroups.co.uk,51.49873,0.089685,SE28 0NY,London,Unit 1 Gallions Reach,Thamesmead,United Kingdom,Online,True,6,London Region,3.5
29123,London - Honor Oak,0208 699 9991,customerservices@dsgroups.co.uk,51.449509,-0.043811,SE23 1DY,London,56 Honor Oak Park,,United Kingdom,Online,True,6,London Region,3.5
29193,London - Hoxton,0207 033 4000,comments@dominospizzalondon.uk,51.531363,-0.080394,N1 6PJ,London,167 Hoxton Street,,United Kingdom,Online,True,6,London Region,2.99
28317,London - Queen Street,02072 36 66 62,,51.511647,-0.092974,EC4R 1BR,London,30 Queen Street,,United Kingdom,Online,True,6,London Region,2.99
29253,London - Leyton Mills,0208 137 0777,hassaniqbal110@hotmail.com,51.5605,-0.00921,E10 5PW,London,306 High Road,Leyton,United Kingdom,Online,True,6,London Region,2.99
28971,London - Clapton,0208 510 9988,comments@dominospizzalondon.uk,51.552245,-0.052626,E5 0NP,London,113 Lower Clapton Road,,United Kingdom,Online,True,6,London Region,2.99
28165,London - East Dulwich,0207 737 7171,,51.46179,-0.080562,SE22 8EF,London,8/16 Grove Vale,East Dulwich,United Kingdom,Online,True,6,London Region,3.49
29088,London - Old Street,0207 336 6665,comments@dominospizzalondon.uk,51.523915,-0.096489,EC1V 9AE,London,40 Old Street,,United Kingdom,Online,True,6,London Region,2.99
28273,London - Barking,0208 594 4404,dominosdirect999@aol.co.uk,51.539741,0.08221,IG11 8RU,Barking,Unit 1a Longbridge Road,,United Kingdom,Online,True,6,London Region,2.99
28226,London - Elephant and Castle,02077 93 77 70,,51.490923,-0.103517,SE11 4RN,London,146-148 Newington Butts,Elephant And Castle,United Kingdom,Online,True,6,London Region,2.99
29209,London - Avery Hill,0208 859 1819,customerservices@dsgroups.co.uk,51.45024,0.082084,SE9 2PH,London,194 Bexley Road,,United Kingdom,Online,True,6,London Region,3.5
28808,London - Islington Green,0207 359 9996,comments@dominospizzalondon.uk,51.539502,-0.09741,N1 8LX,London,144 Essex Road,Islington,United Kingdom,Online,True,6,London Region,2.99
29201,London - Stoke Newington,0207 241 1511,comments@dominospizzalondon.uk,51.558947,-0.073995,N16 7PA,London,84 Stoke Newington High Street,,United Kingdom,Online,True,6,London Region,2.99
28087,London - Leyton Bakers Arms,0208 558 5588,hassaniqbal110@hotmail.com,51.574653,-0.011141,E10 6AE,London,814 High Road,Leyton,United Kingdom,Online,True,6,London Region,2.99
28110,London - Islington,0207 713 0707,comments@dominospizzalondon.uk,51.532915,-0.109378,N1 9PP,London,72 White Lion Street,Islington,United Kingdom,Online,True,6,London Region,2.99
29129,London - Brixton,0207 737 0000,,51.463013,-0.108205,SW9 8QH,London,328 Coldharbour Lane,,United Kingdom,Online,True,6,London Region,3.49
28108,London - Welling,0208 301 0888,customerservices@dsgroups.co.uk,51.462879,0.108292,DA16 3AA,Welling,9/9b Upper Wickham Lane,,United Kingdom,Online,True,6,London Region,3.5
28995,London - Wanstead,020 8530 8881,,51.575643,0.027622,E11 2RJ,Wanstead,72 High Street,,United Kingdom,Online,True,6,London Region,2.99
28533,London - Mottingham,0208 8517895,customerservices@dsgroups.co.uk,51.427453,0.046099,SE9 4DZ,London,3 Cranley Parade,Mottingham,United Kingdom,Online,True,6,London Region,3.5
28560,London - High Holborn,02072 40 50 60,,51.516387,-0.125139,WC1V 7AA,London,178 High Holborn,,United Kingdom,Online,True,6,London Region,2.99
28561,London - Lambeth,02076 22 14 14,,51.476692,-0.130656,SW8 2LA,London,180a Wandsworth Road,Lambeth,United Kingdom,Online,True,6,London Region,2.99
28189,London - Stamford Hill,0208 802 4646,comments@dominospizzalondon.uk,51.573816,-0.072023,N16 6TT,London,234 Stamford Hill,,United Kingdom,Offline,True,6,London Region,2.99
29137,London - Victoria,0203 805 4607,victoria.customercare@delmonpizza.com,51.492549,-0.139314,SW1V 1QT,London,17 Warwick Way,,United Kingdom,Online,True,6,London Region,3.49
28055,London - Gants Hill,02085 50 55 66,,51.57882,0.06384,IG2 6XQ,Ilford,34 Woodford Avenue,Gants Hill,United Kingdom,Online,True,6,London Region,2.99
28375,London - Highbury,0207 700 3666,comments@dominospizzalondon.uk,51.556239,-0.110878,N7 7NN,London,92 Hornsey Road,Highbury,United Kingdom,Online,True,6,London Region,2.99
28413,London - Foley Street,02074 36 90 00,,51.519221,-0.139927,W1W 7TN,London,37 Foley Street,,United Kingdom,Online,True,6,London Region,2.99
28227,London - Sidcup,0208 3023399,customerservices@dsgroups.co.uk,51.435288,0.101915,DA15 7AA,Sidcup,147 Station Road,,United Kingdom,Online,True,3,Home Counties,3.5
28202,London - Penge,0208 676 8888,,51.414026,-0.052047,SE20 7EU,London,150 High Street,Penge,United Kingdom,Online,True,6,London Region,3.49
29012,London - Bexleyheath,0208 301 1116,customerservices@dsgroups.co.uk,51.457807,0.133194,DA6 8DT,Bexleyheath,309a Broadway,,United Kingdom,Online,True,6,London Region,3.5
29191,London - Camden,02030587070,CustomerCare@dominoslacl.com,51.5354,-0.139019,NW1 0JH,London,38 Camden High Street,,United Kingdom,Online,True,6,London Region,3.49
28065,London - Bromley,0208 466 9000,amin@topacio.co.uk,51.406311,0.012818,BR1 1PQ,Bromley,228 High Street,,United Kingdom,Online,True,6,London Region,3.49
29314,Chadwell St Mary,01375 801444,,51.48189,0.36981,RM16 4JW,Chadwell St Mary,Linford Road,,United Kingdom,Online,True,3,Home Counties,3.5
28490,Corringham,01375 679000,,51.524393,0.446423,SS17 7LP,Corringham,Unit 13 Grover Walk,,United Kingdom,Online,True,3,Home Counties,3.5
28350,Grays,01375 372737,,51.484065,0.335732,RM17 5NH,Grays,Unit 1 22a/28 Southend Road,,United Kingdom,Online,True,3,Home Counties,3.5
28909,Basildon - Laindon,01268 54 44 49,,51.561591,0.421201,SS16 6BH,Basildon,"Unit 6 The Triangle, High Road",Langdon Hills,United Kingdom,Online,True,3,Home Counties,2.99
29079,South Ockendon,01708 853333,,51.509759,0.281748,RM15 5EF,Lakeside,1 Derwent Parade,South Ockendon,United Kingdom,Online,True,3,Home Counties,2.99
28760,Basildon - Pitsea,01268 55 65 55,,51.564275,0.504172,SS13 3BG,Basildon,26-28 Station Lane,,United Kingdom,Online,True,3,Home Counties,2.99
28612,London - Upminster,01708 228495,,51.553847,0.248214,RM14 2AJ,Upminster,71 Corbetts Tey Road,,United Kingdom,Online,True,6,London Region,3.49
28882,Benfleet,01268 669769,customerservices@dsgroups.co.uk,51.567221967807015,0.5518672704718343,SS7 5SQ,Essex,128 London Road,Benfleet,United Kingdom,Online,True,3,Home Counties,3.5
28346,Canvey Island,01268 699999,,51.52296,0.596076,SS8 7RD,Canvey Island,55-57 High Street,,United Kingdom,Online,True,1,East Anglia,2.99
28716,Billericay,01277 65 33 22,,51.627988,0.418986,CM12 9BE,Billericay,3 High Street,,United Kingdom,Online,True,3,Home Counties,2.99
28505,London - Elm Park,01708 470707,,51.549595,0.199873,RM12 5AS,Hornchurch,18-19 Tadworth Parade,Elm Park,United Kingdom,Online,True,6,London Region,3.49
28170,Wickford,01268 734000,,51.611637,0.520369,SS12 9AT,Wickford,58 High Street,,United Kingdom,Online,True,6,London Region,3.5
28136,Brentwood,01277 219999,,51.619827,0.299249,CM14 4RX,Brentwood,113 High Street,,United Kingdom,Online,True,3,Home Counties,3.29
28915,Hutton,01277 20 33 33,,51.633391,0.355846,CM13 1PN,Brentwood,198-202 Rayleigh Road,Hutton,United Kingdom,Online,True,3,Home Counties,3.29
28473,London - Erith,01322 333 888,customerservices@dsgroups.co.uk,51.48064,0.180635,DA8 1SH,Erith,Unit 12 Riverside Shopping  Centre,1 Bexley Road,United Kingdom,Online,True,6,London Region,3.5
28581,London - Harold Park,01708 373333,,51.603202,0.247975,RM3 0AQ,Romford,5 The Parade,"Colchester Road, Harold Park",United Kingdom,Online,True,3,Home Counties,2.99
28172,Hadleigh,01702 555503,customerservices@dsgroups.co.uk,51.552437,0.610286,SS7 2DE,Hadleigh,248 London Road,,United Kingdom,Online,True,3,Home Counties,3.5
28524,London - Crayford,01322 220976,s28524@dominos.co.uk,51.449608,0.186769,DA1 4AW,Crayford,71b Crayford Road,,United Kingdom,Online,True,6,London Region,2.99
28095,London - Gidea Park,01708 444422,,51.574757,0.205,RM2 5TA,Romford,286 Brentwood Road,Gidea Park,United Kingdom,Online,True,6,London Region,3.49
28616,Rayleigh,01268 742000,customerservices@dsgroups.co.uk,51.584829,0.60641,SS6 7JE,Rayleigh,41 Eastwood Road,,United Kingdom,Online,True,3,Home Counties,3.5
29224,London - Dagenham Heathway,0208 570 3399,dominosdirect999@aol.co.uk,51.543,0.148,RM9 5AQ,London,301 Heathway,Dagenham,United Kingdom,Online,True,6,London Region,2.99
28036,London - Chadwell Heath,0208 503 8222,dominosdirect999@aol.co.uk,51.572166,0.137909,RM6 6NL,Chadwell Heath,161 High Road,,United Kingdom,Online,True,6,London Region,2.99
28678,London - Collier Row,01708 765500,dominosdirect999@aol.co.uk,51.598923,0.160815,RM5 3PA,Romford,58 Collier Row Road,,United Kingdom,Online,True,6,London Region,2.99
28820,London - Bexley,0208 302 9000,customerservices@dsgroups.co.uk,51.435837,0.126788,DA5 3HG,London,54 Steynton Avenue,Bexley,United Kingdom,Online,True,3,Home Counties,3.5
28671,Hockley,01702 201200 ,,51.601511,0.656165,SS5 4PH,Hockley,38a Spa Road,,United Kingdom,Online,True,2,The South,3.49
29366,Westcliff-on-Sea,01702 880900,,51.54115,0.69867,SS0 7BX,Westcliff-on-sea,297 London Road,,United Kingdom,Online,True,1,East Anglia,2.99
28111,Southend,01702 391191,,51.556144,0.700894,SS2 6NW,Southend On Sea,4/5 Earls Hall Parade,,United Kingdom,Online,True,1,East Anglia,2.99
28617,South Woodham Ferrers,01245 42 90 00,,51.645081,0.621372,CM3 5XB,South Woodham Ferrers,Unit 3 Bloomsbury Court,55 Brickfields Road,United Kingdom,Online,True,3,Home Counties,2.99
28979,Burnham on Crouch,01621 787400,,51.626695,0.815434,CM0 8HJ,Burnham On Crouch,158 Station Road,,United Kingdom,Online,True,1,East Anglia,3.5
28589,Maldon,01621 843388,,51.736288,0.679926,CM9 4LE,Maldon,Unit 2 The Old Ironworks,Fullbridge,United Kingdom,Online,True,3,Home Counties,3.5
28665,Chelmsford - South,01245 471444,,51.714087,0.488433,CM2 8YX,Chelmsford,7 Purbeck Court,Great Baddow,United Kingdom,Online,True,1,East Anglia,3.5
28098,Chelmsford - Central,01245 357777,,51.735543,0.46034,CM1 2QS,Chelmsford,75 Rainsford Lane,,United Kingdom,Online,True,1,East Anglia,3.5
28395,Witham,01376 509009,,51.801085,0.629834,CM8 2HJ,Witham,Unit 3 Highfield Road,,United Kingdom,Online,True,3,Home Counties,3.5
29036,Chelmsford - Beaulieu Square,01245890000,,51.759835,0.499557,CM1 6AU,Chelmsford,9 Centenary Way,Springfield,United Kingdom,Online,True,1,East Anglia,3.5
28526,Clacton,01255 426352,rukshan@fabricainv.co.uk,51.789398,1.150423,CO15 1JA,Clacton,37 Jackson Road,,United Kingdom,Online,True,3,Home Counties,2.99
29127,Great Clacton,01255 426666,rukshan@fabricainv.co.uk,51.805463,1.155439,CO15 4DD,Great Clacton,30 North Road,,United Kingdom,Online,True,3,Home Counties,2.99
28652,Colchester - University Quays,01206 86 89 89,,51.879245,0.932271,CO2 8FR,Colchester,30 Lightship Way,The Hythe,United Kingdom,Online,True,3,Home Counties,2.99
29374,Brecon,01874 644000,,51.945128,-3.388291,LD3 7EH,Brecon,5 Rich Way,,United Kingdom,Online,True,4,The Midlands,3.5
28354,Hereford,01432 275511,,52.046321,-2.724221,HR2 7JR,Hereford,Unit 3 109-111 Belmont Road,,United Kingdom,Online,True,4,The Midlands,2.99
28948,Ross on Wye,01989 769 800,,51.913805,-2.582317,HR9 5BS,Ross On Wye,33 Gloucester Road,,United Kingdom,Online,True,4,The Midlands,3.29
28247,Malvern,01684 577788,s28247@dominos.co.uk,52.126692,-2.31601,WR14 1SS,Malvern,124 Worcester Road,Malvern Link,United Kingdom,Online,True,4,The Midlands,2.99
28695,Tewkesbury,01684 27 33 37,,51.995103,-2.15631,GL20 5JZ,Tewkesbury,102 High Street,,United Kingdom,Online,True,2,The South,2.99
29287,Bishops Cleeve,01242 500888,,51.952,-2.068,GL52 7AH,Bishops Cleeve,Unit 2 The Cleevelands Centre,Sapphire Road,United Kingdom,Online,True,2,The South,2.99
29384,Worcester - South,01905 673999,,52.176124,-2.213932,WR5 3ES,Worcester,270 Bath Road,,United Kingdom,Online,True,4,The Midlands,3.5
28171,Worcester,01905 731000,,52.186803,-2.23552,WR2 5AG,Worcester,81-83 St Johns,,United Kingdom,Online,True,4,The Midlands,3.5
28836,Worcester - Warndon,01905 612221,,52.203262,-2.190283,WR4 9DA,Worcester,75 Ambleside Drive,,United Kingdom,Online,True,4,The Midlands,3.5
28471,Evesham,01386 443446,concerns@dsdominos.com,52.094606,-1.947152,WR11 4DN,Evesham,71-73 High Street,,United Kingdom,Online,True,4,The Midlands,3.99
28554,Droitwich,01905 827168,concerns@dsdominos.com,52.267533,-2.153919,WR9 8QX,Droitwich,31 Ombersley Street East,,United Kingdom,Online,True,4,The Midlands,3.99
28575,Stratford Upon Avon,01789 41 77 72,,52.20185,-1.716861,CV37 0BF,Stratford Upon Avon,Unit 1 259 Birmingham Road,,United Kingdom,Online,True,4,The Midlands,2.99
29206,Studley,01527 336000,concerns@dsdominos.com,52.272927,-1.894336,B80 7LL,Studley,25a Alcester Road,,United Kingdom,Online,True,4,The Midlands,3.99
28052,Redditch,01527 66777,concerns@dsdominos.com,52.305787,-1.938393,B98 8AE,Redditch,1 The Quadrant,,United Kingdom,Online,True,4,The Midlands,3.99
28071,Banbury,01295 25 25 66,,52.059126,-1.340052,OX16 9AA,Banbury,11 South Bar,,United Kingdom,Online,True,4,The Midlands,2.99
29048,Bicester - Kingsmere,01869 242222,,51.893428,-1.169329,OX26 1EG,Bicester,Unit 3 Whitelands Way,,United Kingdom,Online,True,4,The Midlands,3.5
28242,Bicester,01869 322222,,51.906571,-1.150059,OX26 4HB,Bicester,132 Buckingham Crescent,,United Kingdom,Online,True,4,The Midlands,3.5
28687,Brackley,01280 70 66 69,,52.02946,-1.146946,NN13 7DS,Brackley,22 High Street,,United Kingdom,Online,True,4,The Midlands,2.99
28051,Warwick,01926 41 10 03,,52.28379,-1.581121,CV34 4NE,Warwick,21 St Johns,Coventry Road,United Kingdom,Online,True,4,The Midlands,2.99
29005,Buckingham,01280 822000,,51.999596,-0.987644,MK18 1EL,Buckingham,2 Bridge Street,,United Kingdom,Online,True,3,Home Counties,3.5
28452,Leamington Spa,01926 43 11 44,,52.290438,-1.532885,CV32 4NR,Leamington Spa,118 Regent Street,,United Kingdom,Online,True,4,The Midlands,2.99
29276,Aylesbury - Berryfields,01296 826666,,51.836,-0.851,HP18 1AS,Aylesbury,Unit 5 Concorde Square,,United Kingdom,Online,True,3,Home Counties,3.5
28091,Aylesbury - Cambridge Street,01296 336868,,51.818646,-0.810872,HP20 1RS,Aylesbury,64 Cambridge Street,,United Kingdom,Online,True,3,Home Counties,3.5
28740,Towcester,01327 359505,,52.130931,-0.987819,NN12 6EX,Towcester,1 Richmond Road,,United Kingdom,Online,True,3,Home Counties,3.29
29043,Stony Stratford,01908 567111,,52.0561,-0.850701,MK11 1DZ,Milton Keynes,3 Wolverton Road,Stony Stratford,United Kingdom,Online,True,4,The Midlands,3.5
28492,Milton Keynes - Oxley Park,01908 336888,,52.007546,-0.804217,MK4 4TB,Milton Keynes,Unit 8 Redgrave Drive,Oxley Park,United Kingdom,Online,True,4,The Midlands,3.5
28855,Aylesbury - Jansel Square,01296485000,,51.805986,-0.784873,HP21 7ES,Aylesbury,1a Jansel Square,,United Kingdom,Online,True,3,Home Counties,3.5
28378,Milton Keynes - Wolverton,01908 322221,,52.060915,-0.810462,MK12 5DG,Milton Keynes,Unit 2 The Square,Wolverton,United Kingdom,Online,True,4,The Midlands,3.5
29248,Newton Leys,01908 365000,,51.974362,-0.732638,MK3 5QW,Milton Keynes,3 Islay Court,Newton Leys Bletchley,United Kingdom,Online,True,4,The Midlands,3.5
28008,Milton Keynes - Oldbrook,01908 667766,,52.02924,-0.76131,MK6 2RX,Milton Keynes,15 Duckworth Court,Oldbrook,United Kingdom,Online,True,4,The Midlands,3.5
28257,Milton Keynes - Bletchley,01908 375737,,51.997571,-0.733629,MK2 2QG,Milton Keynes,11 Dukes Drive,Bletchley,United Kingdom,Online,True,4,The Midlands,3.5
28212,Leighton Buzzard,01525 382838,,51.917121,-0.663157,LU7 1DH,Leighton Buzzard,Unit 23 Waterbourne Walk,,United Kingdom,Online,True,4,The Midlands,3.5
28335,Milton Keynes - Kingston,01908 282882,,52.03684,-0.691106,MK10 0BA,Milton Keynes,"Unit B Kingston Centre, Winchester Circle",Kingston,United Kingdom,Online,True,4,The Midlands,3.5
28009,Newport Pagnell,01908 610202,,52.084174,-0.728656,MK16 0JW,Milton Keynes,2 The Green,Newport Pagnell,United Kingdom,Online,True,4,The Midlands,3.5
29203,Milton Keynes - Brooklands,01908 533 111,,52.046689,-0.678466,MK10 7NF,Milton Keynes,6 Brooklands Road,Brooklands,United Kingdom,Online,True,4,The Midlands,3.5
28402,Northampton - Wootton,01604 761110,,52.201737,-0.892793,NN4 0JN,Northampton,Blackymore Lane,Wootton,United Kingdom,Online,True,4,The Midlands,3.29
28293,Daventry,01327 300 345,customersupport@dominosppc.co.uk,52.25655,-1.16174,NN11 4DR,Daventry,Unit 1 The Regal Centre,Bowen Square,United Kingdom,Online,True,4,The Midlands,3.49
29169,Northampton - Duston,01604 588288	,,52.236,-0.945,NN5 4GF,Northampton,Unit 5 Upton Place,Latchet Lane Upton,United Kingdom,Online,True,4,The Midlands,3.29
28020,Northampton - Central,01604 636622,,52.23575,-0.90068,NN1 1TB,Northampton,35 Horseshoe Street,,United Kingdom,Online,True,4,The Midlands,3.29
29323,Chesham,01494 414999,,51.72163,-0.61651,HP5 2DA,Chesham,13 Greenway,,United Kingdom,Online,True,3,Home Counties,3.5
29295,Houghton Regis,01582 227777,feedback@akmpizza.com,51.910673,-0.540722,LU5 6TW,Houghton Regis,Unit 3,52 Collie Place,United Kingdom,Online,True,3,Home Counties,3.99
28431,Northampton - Kingsthorpe,01604 715599,,52.2636697,-0.8996149,NN2 7SH,Northampton,65 Harborough Road,Kingsthorpe,United Kingdom,Online,True,4,The Midlands,3.29
28345,Berkhamsted,01442 875 975,,51.762889,-0.571625,HP4 1HT,Berkhamsted,346 High Street,,United Kingdom,Online,True,3,Home Counties,3.29
28557,Northampton - Weston Favell,01604 411007,,52.256634,-0.837456,NN3 8JL,Weston Favell,Unit 8 The Boulevard,Octagon Way,United Kingdom,Online,True,4,The Midlands,3.29
28230,Dunstable,01582 661444,feedback@akmpizza.com,51.8857274,-0.5180915,LU5 4RU,Dunstable,20-22 Church Street,,United Kingdom,Online,True,3,Home Counties,3.99
29257,Northampton - Moulton,01604 495 000  ,,52.272963,-0.865155,NN3 6RW,Northampton,27 Darnell Way,,United Kingdom,Online,True,4,The Midlands,3.29
29195,Dunstable - Katherine Drive,01582 227 888 ,feedback@akmpizza.com,51.892803,-0.497912,LU5 4NP,Dunstable,63 Katherine Drive,,United Kingdom,Online,True,3,Home Counties,3.99
28441,Luton - North,01582 505055 ,feedback@akmpizza.com,51.916103,-0.469748,LU3 3BH,Luton,12 Sundon Park Parade,Sundon Park,United Kingdom,Online,True,3,Home Counties,3.99
28548,Flitwick,01525 720777,,52.002658,-0.496125,MK45 1QY,Flitwick,17 Russell Centre,Coniston Road,United Kingdom,Online,True,4,The Midlands,3.5
29159,Luton - Riddy Lane,01582 561562,feedback@akmpizza.com,51.906464,-0.424812,LU3 2AD,Luton,5c Riddy Lane,,United Kingdom,Online,True,3,Home Counties,3.99
28007,Luton - Central,01582 451155,feedback@akmpizza.com,51.883047,-0.420139,LU1 1HS,Luton,Shop 3 & 4 Crystal House,New Bedford Road,United Kingdom,Online,True,3,Home Counties,3.99
29060,Stewartby,01234 905111,,52.074417,-0.509844,MK43 9SU,Stewartby,Unit 3 Hansons Local Centre,Clay Avenue,United Kingdom,Online,True,4,The Midlands,3.5
28090,Hemel Hempstead - Central,01442 217000,feedback@akmpizza.com,51.750443,-0.473519,HP1 1ED,Hemel Hempstead,97 Waterhouse Street,,United Kingdom,Online,True,3,Home Counties,3.99
28917,Luton - Wigmore Lane,01582 488222,feedback@akmpizza.com,51.897744,-0.389399,LU2 8AB,Luton,76 Wigmore Lane,,United Kingdom,Online,True,3,Home Counties,3.99
28795,Hemel Hempstead - East,01442 269999 ,feedback@akmpizza.com,51.75365,-0.437461,HP2 4FQ,Hemel Hempstead,Unit 2 Kier Park,Maylands Avenue,United Kingdom,Online,True,3,Home Counties,3.99
28389,Bedford - Kempston,01234 855588,,52.11734,-0.496012,MK42 8PP,Bedford,"Unit 1 Saxon Centre, 232  Bedford Road",Kempston,United Kingdom,Online,True,4,The Midlands,3.5
28660,Harpenden,01582 769666,,51.815214,-0.353177,AL5 4SE,Harpenden,30 Station Road,,United Kingdom,Online,True,3,Home Counties,3.5
28483,Abbots Langley,01923 261261,,51.698598,-0.425441,WD5 0LA,Abbots Langley,21 School Mead,,United Kingdom,Online,True,3,Home Counties,2.99
28164,Bedford - Central,01234 330030,dominospizzabedford@hotmail.co.uk,52.135783,-0.473035,MK40 1QH,Bedford,70 Midland Road,,United Kingdom,Online,True,4,The Midlands,3.49
28822,Shefford,01462 810007,,52.038301,-0.335266,SG17 5DG,Bedfordshire,30 High Street,Shefford,United Kingdom,Online,True,3,Home Counties,3.5
28076,St Albans,01727 848565,,51.750468,-0.337033,AL1 1LE,St Albans,3a Canberra House,London Road,United Kingdom,Online,True,3,Home Counties,2.99
28640,Hitchin,01462 440440,S28640@dominos.co.uk,51.952829,-0.275882,SG5 1LL,Hitchin,56-58 Bancroft Road,,United Kingdom,Online,True,3,Home Counties,2.99
28159,Stevenage - Old Town,01438 751000,,51.909648,-0.206888,SG1 3HS,Stevenage,107/109 High Street,,United Kingdom,Online,True,3,Home Counties,3.5
28190,Letchworth,01462 676677,S28190@DOMINOS.CO.UK,51.978961,-0.22545,SG6 3EQ,Letchworth,44 Leys Avenue,,United Kingdom,Online,True,3,Home Counties,2.99
28837,Stevenage - East,01438 727666 ,,51.913866,-0.171126,SG2 0HY,Stevenage,85 Mobbsbury Way,,United Kingdom,Online,True,3,Home Counties,3.5
28166,Welwyn Garden City,01707 323235,feedback@akmpizza.com,51.800221,-0.206095,AL8 6NS,Welwyn Garden City,51 Fretherne Road,,United Kingdom,Online,True,3,Home Counties,3.99
29443,Stotfold,01462 419499,,52.014007,-0.227232,SG5 4LD,Hitchin,53 High Street,Stotfold,United Kingdom,Offline,True,3,Home Counties,0.0
28484,Hatfield,01707 259999,feedback@akmpizza.com,51.763665,-0.240844,AL10 9RQ,Hatfield,1 Parkhouse Court,Tamblin Way,United Kingdom,Online,True,3,Home Counties,3.99
29301,London Colney,01727 221212,,51.731,-0.306,AL2 1DL,St Albans,Unit C7a,"Albert Bygrave Retail Park, North Orbital Road",United Kingdom,Online,True,3,Home Counties,2.99
28842,Biggleswade,01767 314 441,,52.087193,-0.26019,SG18 0LA,Biggleswade,97 High Street,,United Kingdom,Online,True,3,Home Counties,3.5
29155,Radlett,01923 859777,comments@dominospizzalondon.uk,51.679851,-0.330706,WD7 8NE,Radlett,1 Battlers Green Drive,,United Kingdom,Online,True,6,London Region,2.99
28191,Hertford,01992 53 88 88,,51.797808,-0.075184,SG14 1BB,Hertford,"7,8,9 & 10 Warren Place",Railway Street,United Kingdom,Online,True,3,Home Counties,2.99
28024,Watford,01923 255811,,51.6693,-0.398069,WD24 5BH,Watford,187-189 St Albans Road,,United Kingdom,Online,True,3,Home Counties,2.99
29275,Sandy,01767 433333,,52.129,-0.287,SG19 1JA,Sandy,22a Market Square,Sandy,United Kingdom,Online,True,3,Home Counties,3.5
28248,Potters Bar,01707 662256,CustomerCare@dominoslacl.com,51.696694,-0.191606,EN6 1AZ,Potters Bar,9a Darkes Lane,Metropolitan House,United Kingdom,Online,True,3,Home Counties,3.49
29151,Bedford - Elms Parc,01234 330330,dominospizzabedford@hotmail.co.uk,52.145125,-0.421016,MK41 0DX,Bedford,Unit 3 Goldington Road,,United Kingdom,Online,True,4,The Midlands,3.49
28749,Ware,01920 48 47 77,,51.810233,-0.028752,SG12 9BX,Ware,12a High Street,,United Kingdom,Online,True,3,Home Counties,2.99
28376,Borehamwood,0208 207 0555,comments@dominospizzalondon.uk,51.657835,-0.271939,WD6 1AT,Borehamwood,203 Shenley Road,,United Kingdom,Online,True,6,London Region,2.99
29199,Cuffley,01707 938980,concerns@dsdominos.com,51.707726,-0.112593,EN6 4HT,Potters Bar,20 Station Road,Cuffley,United Kingdom,Online,True,3,Home Counties,3.99
28367,Bishop's Stortford,01279 506000,,51.873258,0.158971,CM23 2ET,Bishop's Stortford,9/11 Northgate End,,United Kingdom,Online,True,3,Home Counties,3.5
29052,Stansted,01279 812777,,51.904979,0.194572,CM24 8BZ,Stansted,22 Cambridge Road,,United Kingdom,Online,True,3,Home Counties,3.5
29324,Sawbridgeworth,01279 218555,,51.815826,0.14834,CM21 9JP,Sawbridgeworth,1 Cambridge Road,,United Kingdom,Online,True,1,East Anglia,3.5
28296,Hoddesdon,01992 448880,CustomerCare@dominoslacl.com,51.759978,-0.0117,EN11 8ET,Hoddesdon,Unit 3 78 High Street,,United Kingdom,Online,True,3,Home Counties,3.49
28679,Harlow - Old Town,01279 411111,,51.782233,0.132882,CM17 0DA,Harlow,31 London Road,Old Harlow,United Kingdom,Online,True,1,East Anglia,3.5
28791,Royston,01763 242666 ,,52.048042,-0.023193,SG8 7BP,Royston,11 Melbourn Street,,United Kingdom,Online,True,1,East Anglia,3.5
29035,Harlow - Great Parndon,01279 432222,,51.753209,0.092,CM18 7PJ,Harlow,Unit 6 Staple Tye Shopping  Centre,Southern Way,United Kingdom,Online,True,1,East Anglia,3.5
28867,Saffron Walden,01799 522249,,52.0233106,0.2424462,CB10 1EH,Saffron Walden,12 Hill Street,,United Kingdom,Online,True,3,Home Counties,3.5
28198,Cheshunt,01992 631100,concerns@dsdominos.com,51.702438,-0.035843,EN8 9NU,Waltham Cross,17 Newnham Parade,"College Road, Cheshunt",United Kingdom,Online,True,3,Home Counties,3.99
28779,Waltham Abbey,01992 717444 ,concerns@dsdominos.com,51.687065,-0.000637,EN9 1EQ,Waltham Abbey,20-22 Darby Drive,,United Kingdom,Online,True,3,Home Counties,3.99
28710,Epping,01992 57 71 11,,51.697635,0.109072,CM16 4BD,Epping,95 High Street,,United Kingdom,Online,True,6,London Region,2.99
28829,Great Dunmow,01371 875533,,51.868503,0.366878,CM6 1XD,Great Dunmow,Station House,"Station Yard Industrial  Estate, Station Road",United Kingdom,Online,True,3,Home Counties,3.5
28282,London - Enfield Wash,0208 805 3436,s28282@dominos.co.uk,51.670513,-0.041021,EN3 5TD,Enfield Wash,630 Hertford Road,,United Kingdom,Online,True,6,London Region,2.99
28676,London - Enfield,0208 364 6000,s28676@dominos.co.uk,51.66408,-0.082319,EN2 0JN,Enfield,97-99 Lancaster Road,,United Kingdom,Online,True,6,London Region,2.99
28934,Cambridge - Sawston,01223 833330,,52.121743,0.169637,CB22 3HJ,Sawston,76-78 High Street,,United Kingdom,Online,True,1,East Anglia,3.5
28586,London - Loughton,02085 08 12 12,,51.650048,0.057091,IG10 1RB,Loughton,276 High Road,,United Kingdom,Online,True,6,London Region,2.99
28104,London - Winchmore Hill,0208 364 2222,s28104@dominos.co.uk,51.636829,-0.082039,N21 2AX,Winchmore Hill,6 Avenue Parade,Ridge Avenue,United Kingdom,Online,True,6,London Region,3.49
28140,London - Barnet,0208 440 7666,s28140@dominos.co.uk,51.652724,-0.198809,EN5 5RU,Barnet,42 High Street,,United Kingdom,Online,True,6,London Region,3.49
28719,London - Edmonton,0208 884 4444 ,s28719@dominos.co.uk,51.624859,-0.05923,N9 0TY,London,Unit 16a The Concourse,Edmonton Green Shopping Centre,United Kingdom,Online,True,6,London Region,2.99
28285,London - Chingford,02085 29 94 00,,51.619541,-0.016909,E4 6ST,London,81-83 Old Church Road,Chingford,United Kingdom,Online,True,6,London Region,2.99
28338,London - Southgate,0208 211 3999,s28338@dominos.co.uk,51.63227,-0.142407,N14 5JP,London,"11 Hampden Square, Osidge Lane",Southgate,United Kingdom,Online,True,6,London Region,3.49
29156,London - Chigwell,0208 5000 086,,51.618637,0.074505,IG7 6PE,Chigwell,1 & 1a Brook Parade,High Road,United Kingdom,Online,True,6,London Region,2.99
28529,London - Palmers Green,0208 882 9688,s28529@dominos.co.uk,51.619479,-0.106724,N13 5TW,London,324 Green Lanes,Palmers Green,United Kingdom,Online,True,6,London Region,2.99
28162,London - Woodford Green,02084 98 99 44,,51.60799,0.0370412,IG8 7HU,London,1 Rex Parade Snakes Lane,Woodford Green,United Kingdom,Online,True,6,London Region,2.99
28180,London - Tottenham,0208 885 6644,comments@dominospizzalondon.uk,51.606131,-0.068359,N17 8ER,London,811 High Road,Tottenham,United Kingdom,Online,True,6,London Region,2.99
28927,London - Bowes Park,0208 888 8989,comments@dominospizzalondon.uk,51.609482,-0.110273,N13 4TN,London,43 Green Lanes,,United Kingdom,Online,True,6,London Region,2.99
29303,Great Notley,01376 312444,,51.857071,0.522628,CM77 7WT,Great Notley,"Unit 1, 2 The Square",Notley Green,United Kingdom,Online,True,3,Home Counties,3.5
28197,Braintree,01376 553000,,51.880437,0.562842,CM7 9EL,Braintree,196 Coggeshall Road,,United Kingdom,Online,True,3,Home Counties,3.5
28721,Halstead,01787 475588,,51.944558,0.637323,CO9 2AA,Halstead,39 High Street,,United Kingdom,Online,True,3,Home Counties,3.5
28527,Haverhill,01440 76 48 88,,52.088315,0.410363,CB9 7GN,Haverhill,"3 Grove Court, Brybank Way",Hanchett Village,United Kingdom,Online,True,1,East Anglia,2.99
28576,Sudbury,01787 88 80 02,,52.040654,0.729924,CO10 1RB,Sudbury,26 North Street,,United Kingdom,Online,True,1,East Anglia,2.99
28908,Colchester - Stanway,01206 57 00 88,,51.878314,0.844356,CO3 0LS,Colchester,Unit 2 Stanway Retail Park,Peartree Road,United Kingdom,Offline,True,3,Home Counties,2.99
28127,Colchester,01206 54 50 00,,51.894437,0.896266,CO1 1RE,Colchester,3 Century House,North Station Road,United Kingdom,Online,True,3,Home Counties,2.99
28811,Cambridge - Cherry Hinton,01223 243334,,52.187838,0.173737,CB1 9HU,Cherry Hinton,Unit 1 11-13 Rectory Terrace,High Street,United Kingdom,Online,True,1,East Anglia,3.5
28101,Cambridge - Central,01223 355155,,52.197271,0.129019,CB2 1LA,Cambridge,34 Hills Road,,United Kingdom,Online,True,1,East Anglia,3.5
28508,Newmarket,01638 66 98 00,,52.244453,0.4047872,CB8 8EQ,Newmarket,8b The Guineas,Guineas Shopping Centre,United Kingdom,Online,True,1,East Anglia,2.99
28205,Ipswich - Bramford Road,01473 21 77 77,,52.062903,1.138929,IP1 2LL,Ipswich,86 Bramford Road,,United Kingdom,Online,True,1,East Anglia,2.99
28128,Ipswich - Felixstowe Road,01473 71 72 72,,52.048788,1.178302,IP3 8DZ,Ipswich,105 & 107 Felixstowe Road,,United Kingdom,Online,True,1,East Anglia,2.99
28907,Harwich,01255 55 33 55 ,,51.941158,1.258086,CO12 4EN,Harwich,Unit 1b Harwich Gateway Retail Park,"Freshfields Road, Parkeston",United Kingdom,Online,True,1,East Anglia,2.99
28777,Stowmarket,01449 61 33 11,,52.186624,0.997238,IP14 1AD,Stowmarket,52 Ipswich Street,,United Kingdom,Online,True,1,East Anglia,2.99
28422,Ipswich - Kesgrave,01473 33 33 34,,52.067706,1.259047,IP5 2PX,Ipswich,309a Main Road,Kesgrave,United Kingdom,Online,True,1,East Anglia,2.99
28643,Felixstowe,01394 67 24 44,,51.958718,1.346407,IP11 2AD,Felixstowe,73-75 Undercliff Road West,,United Kingdom,Online,True,1,East Anglia,2.99
28427,Bury St Edmunds,01284 76 98 69,,52.250383,0.71158,IP33 1TB,Bury St Edmunds,40 Tayfen Road,,United Kingdom,Online,True,1,East Anglia,2.99
28649,Aberystwyth,01970 612111,,52.414772,-4.081163,SY23 1LN,Aberystwyth,Unit 1 The Barn Centre,Alexandra Road,United Kingdom,Online,True,9,Wales,3.5
29297,Newtown,01686 213111,concern@dpsw.co.uk,52.51372,-3.31281,SY16 1BD,Newtown,Domino's Pizza,Straight Lines House New Road,United Kingdom,Online,True,9,Wales,2.99
29347,Ludlow,01584 700900,,52.364851,-2.695126,SY8 1XF,Ludlow,Unit 1,Ludlow Business Park,United Kingdom,Online,True,4,The Midlands,2.99
28899,Stourport-on-Severn,01299 660019,concerns@dsdominos.com,52.340309,-2.278857,DY13 8BX,Stourport-on-severn,48 High Street,,United Kingdom,Online,True,4,The Midlands,3.99
28314,Kidderminster,01562 740110,contact@garchainvestments.co.uk,52.389566,-2.247002,DY10 2DY,Kidderminster,Unit 2 Tower Buildings,Blackwell Street,United Kingdom,Online,True,4,The Midlands,2.99
28608,Telford - South,01952 684000,,52.63575,-2.450369,TF7 5BD,Telford,Unit 9 Anstice Square,Madeley,United Kingdom,Online,True,4,The Midlands,3.49
28412,Shrewsbury,01743 353355,,52.707604,-2.756049,SY1 1HS,Shrewsbury,22 Shoplatch,,United Kingdom,Online,True,4,The Midlands,1.99
29310,Telford - Lawley,01952 913888,,52.676836,-2.481796,TF3 5BZ,Telford,Unit 5 Birchfield Way Lawley,,United Kingdom,Online,True,4,The Midlands,3.49
28219,Stourbridge,01384 374666,contact@garchainvestments.co.uk,52.459397,-2.146416,DY8 1JN,Stourbridge,Block L Bay 4,"Stourbridge Industrial  Estate, Mill Race Lane",United Kingdom,Online,True,4,The Midlands,2.99
28525,Bromsgrove,01527 577100,concerns@dsdominos.com,52.336839,-2.058523,B61 8AE,Bromsgrove,Unit 2 133 High Street,,United Kingdom,Online,True,4,The Midlands,3.99
28428,Birmingham - Rubery,0121 457 9995,feedback@akmpizza.com,52.393814,-2.016391,B45 9JA,Rubery,200 New Road,,United Kingdom,Online,True,4,The Midlands,3.99
28552,Kingswinford,01384 403030,S28552@dominos.co.uk,52.508106,-2.155069,DY6 7LE,Kingswinford,Unit 2 Stallings Lane,,United Kingdom,Online,True,4,The Midlands,2.99
29432,Cradley Heath,01384 888 886,contact@garchainvestments.co.uk,52.470543,-2.08486,B64 6AG,Dudley,74 Cradley Road,Cradley Heath,United Kingdom,Online,True,4,The Midlands,2.99
28373,Halesowen,0121 550 5560,contact@garchainvestments.co.uk,52.453063,-2.061444,B63 3UD,Halesowen,175 Stourbridge Road,,United Kingdom,Online,True,4,The Midlands,2.99
28466,Dudley,01384 458 666,contact@garchainvestments.co.uk,52.509524,-2.083861,DY1 1PS,Dudley,51 High Street,,United Kingdom,Online,True,4,The Midlands,2.99
29133,Birmingham - Northfield,0121 476 6000,feedback@akmpizza.com,52.413612,-1.972511,B31 2PA,Birmingham,859 Bristol Road South,Northfield,United Kingdom,Online,True,4,The Midlands,3.99
28954,Rowley Regis,0121 559 9665,contact@garchainvestments.co.uk,52.488954,-2.03316,B65 9JG,Rowley Regis,51 Throne Road,,United Kingdom,Online,True,4,The Midlands,2.99
28182,Birmingham - Oldbury,0121 422 4666,S28182@dominos.co.uk,52.463355,-1.998184,B68 0BS,Birmingham,552 Hagley Road West,Oldbury,United Kingdom,Online,True,4,The Midlands,2.99
28830,Wolverhampton - Penn,01902 331133,,52.559998,-2.153637,WV4 5QF,Wolverhampton,331 Penn Road,,United Kingdom,Online,True,4,The Midlands,3.5
28815,Wolverhampton - Coseley,01902 663333,,52.540422,-2.087914,WV14 9DP,Wolverhampton,21-23 Castle Street,Coseley,United Kingdom,Online,True,4,The Midlands,3.5
28854,Birmingham - Kings Norton,0121 459 5550,feedback@akmpizza.com,52.415993,-1.929674,B30 3AS,Birmingham,1890 Pershore Road,Kings Norton,United Kingdom,Online,True,4,The Midlands,3.99
28898,Birmingham - Selly Oak,0121 471 2221,feedback@akmpizza.com,52.44537,-1.93223,B29 6BD,Selly Oak,546-548 Bristol Road,,United Kingdom,Online,True,4,The Midlands,3.99
29149,Birmingham - Smethwick,0121 558 0005,feedback@akmpizza.com,52.486093,-1.956511,B66 4PH,Smethwick,3 Cape Hill Retail Centre,Cape Hill,United Kingdom,Online,True,4,The Midlands,3.99
28023,Wolverhampton - Tettenhall Road,01902 759911,,52.596012,-2.158284,WV6 0LE,Wolverhampton,287 Tettenhall Road,,United Kingdom,Online,True,4,The Midlands,3.5
29093,Birmingham - Maypole,0121 430 5000,feedback@akmpizza.com,52.410689,-1.886743,B14 5HH,Birmingham,802 Alcester Road South,,United Kingdom,Online,True,4,The Midlands,3.99
28295,Birmingham - Edgbaston,0121 455 7644,feedback@akmpizza.com,52.473176,-1.922131,B16 8SU,Birmingham,Unit 14 Broadway Plaza,Edgbaston,United Kingdom,Online,True,4,The Midlands,3.99
28813,Birmingham - Wednesbury,0121 505 5003 ,,52.555068,-2.022945,WS10 7HS,Wednesbury,20 Trouse Lane,,United Kingdom,Online,True,4,The Midlands,3.5
29280,Codsall & Bilbrook,01902 539111,,52.6267605,-2.1796636,WV8 1JB,Wolverhampton,2 Pendeford Mill Lane,Codsall,United Kingdom,Online,True,4,The Midlands,3.5
28577,Willenhall,01902 603700,contact@garchainvestments.co.uk,52.583989,-2.053992,WV13 1PB,Willenhall,Unit 1 Upper Lichfield Street,,United Kingdom,Online,True,4,The Midlands,2.99
28677,Birmingham - Central,0121 233 3000,feedback@akmpizza.com,52.487851,-1.905612,B19 3JS,Birmingham,110 Constitution Hill,,United Kingdom,Online,True,4,The Midlands,3.99
28520,Wolverhampton - Blackhalve Lane,01902 721777,,52.613348,-2.098477,WV11 1BQ,Wolverhampton,Unit 1 Blackhalve Lane,Cannock Road,United Kingdom,Online,True,4,The Midlands,3.5
28447,Birmingham - Hall Green,0121 778 4448,feedback@akmpizza.com,52.438336,-1.847398,B28 8AE,Birmingham,1144 Stratford Road,Hall Green,United Kingdom,Online,True,4,The Midlands,3.99
28175,Birmingham - Shirley,0121 745 5444,feedback@akmpizza.com,52.41371,-1.82881,B90 3BD,Birmingham,152 Stratford Road,Shirley,United Kingdom,Online,True,4,The Midlands,3.99
28929,Walsall - Broadway,01922 633335,,52.56822,-1.979562,WS1 3HH,Walsall,206 Broadway,,United Kingdom,Online,True,4,The Midlands,3.5
29089,Birmingham - Great Barr,0121 3577757,customersupport@dominosppc.co.uk,52.545201,-1.933484,B42 1TQ,Great Barr,Units 962 & 964 Scott Arms Shopping Centre,Walsall Road,United Kingdom,Online,True,4,The Midlands,3.49
28116,Walsall,01922 646060,,52.591689,-1.98549,WS2 8EA,Walsall,180 Stafford Street,,United Kingdom,Online,True,4,The Midlands,3.5
28155,Telford - North,01952 616868,,52.689622,-2.447559,TF2 6DW,Telford,"The Greyhound, Holyhead Road",Oakengates,United Kingdom,Online,True,4,The Midlands,3.49
29003,Birmingham - Solihull Central,0121 704 4777,feedback@akmpizza.com,52.414643,-1.78165,B91 3RX,Solihull,46 Station Road,,United Kingdom,Online,True,4,The Midlands,3.99
28093,Birmingham - Yardley,0121 785 2121,feedback@akmpizza.com,52.46596,-1.80962,B25 8UX,Birmingham,108 Church Road,Yardley,United Kingdom,Online,True,4,The Midlands,3.99
28776,Telford - Wellington,01952 252999,,52.696546,-2.500544,TF1 2NJ,Telford,Watling Street,Wellington,United Kingdom,Online,True,4,The Midlands,3.49
28531,Birmingham - Sheldon,0121 742 3472,feedback@akmpizza.com,52.443238,-1.784884,B92 8JJ,Solihull,67 Hobs Moat Road,,United Kingdom,Online,True,4,The Midlands,3.99
29359,Birmingham - Marston Green,0121 661 8300,customersupport@dominosppc.co.uk,52.46754,-1.75255,B37 7AB,Birmingham,37 Station Road,,United Kingdom,Online,True,4,The Midlands,3.49
29053,Balsall Common,01676 530099,,52.392195,-1.649556,CV7 7FE,Coventry,209 Station Road,Balsall Common,United Kingdom,Online,True,4,The Midlands,3.5
29100,Birmingham - Erdington,0121 3509000,customersupport@dominosppc.co.uk,52.521389,-1.844456,B23 6BA,Birmingham,154 Gravelly Hill North,Erdington,United Kingdom,Online,True,4,The Midlands,3.49
28517,Birmingham - Castle Bromwich,0121 7482800,customersupport@dominosppc.co.uk,52.500997,-1.771504,B34 7EH,Castle Bromwich,Units 34 & 36 Castle Bromwich  Shopping Centre,Timberley Lane,United Kingdom,Online,True,4,The Midlands,3.49
28053,Wylde Green,0121 350 6060,customersupport@dominosppc.co.uk,52.536346,-1.827197,B72 1YH,Sutton Coldfield,364 - 366 Birmingham Road,Wylde Green,United Kingdom,Online,True,4,The Midlands,3.49
28320,Birmingham - Kingstanding,0121 355 6226,customersupport@dominosppc.co.uk,52.552637,-1.885516,B44 9RT,Birmingham,840 Kingstanding Road,Kingstanding,United Kingdom,Online,True,4,The Midlands,3.49
28689,Kenilworth,01926 85 68 88,,52.347226,-1.558664,CV8 2DE,Kenilworth,37 Leyes Lane,,United Kingdom,Online,True,2,The South,2.99
28097,Coventry - Fletchamstead Highway,02476 717111,,52.403769,-1.559558,CV4 9BY,Coventry,505 Fletchamstead Highway,,United Kingdom,Online,True,4,The Midlands,3.5
28845,Coventry - Cheylesmore,02476 501555,,52.394484,-1.505393,CV3 5HF,Coventry,171 Daventry Road,Cheylesmore,United Kingdom,Online,True,4,The Midlands,3.5
29047,Coventry - Holyhead Road,02476 595 555,,52.41616,-1.536865,CV5 8LH,Coventry,320 Holyhead Road,,United Kingdom,Online,True,4,The Midlands,3.5
28738,Coventry - City Centre,02476 220099 ,,52.407765,-1.495187,CV1 5EA,Coventry,120 Far Gosford Street,,United Kingdom,Online,True,4,The Midlands,3.5
28530,Coventry - Ernesford Grange,02476 440500,,52.393836,-1.456345,CV3 2JU,Coventry,2 Quorn Way,Binley,United Kingdom,Online,True,4,The Midlands,3.5
28279,Coventry - Jubilee Crescent,02476 599599,,52.430008,-1.517145,CV6 3ES,Coventry,142 Jubilee Crescent,Radford,United Kingdom,Online,True,4,The Midlands,3.5
29041,Coventry - Henley Road,024 7668 5555,,52.43614,-1.474079,CV2 1LP,Coventry,10 Henley Road,,United Kingdom,Online,True,4,The Midlands,3.5
28574,Bedworth,02476 643733,,52.47963,-1.472401,CV12 8LP,Bedworth,5 All Saints Square,,United Kingdom,Online,True,4,The Midlands,2.99
28157,Rugby,01788 565566,,52.36498,-1.29599,CV22 7JF,Rugby,210 - 216 Frobisher Road,,United Kingdom,Online,True,4,The Midlands,3.5
28895,Rugby - Junction One Retail Park,01788 573331,,52.386032,-1.258536,CV21 1RW,Rugby,"Retail Pod Unit 2, Junction  One",Leicester Road,United Kingdom,Online,True,4,The Midlands,3.5
29099,Nuneaton - Whitestone,02476 328999,,52.505116,-1.434572,CV11 6PX,Nuneaton,Lutterworth Road,,United Kingdom,Online,True,4,The Midlands,2.99
28054,Nuneaton - Central,02476 375353,,52.523805,-1.470707,CV11 5BT,Nuneaton,23 A&b Abbey Street,,United Kingdom,Online,True,4,The Midlands,2.99
29264,Rugby - Hillmorton,01788 593555,,52.358,-1.218,CV21 4EG,Rugby,69 High Street,Hillmorton,United Kingdom,Online,True,4,The Midlands,3.5
28825,Nuneaton - Tuttle Hill,02476 351000,,52.532701,-1.493362,CV10 0HS,Nuneaton,Tuttle Hill,,United Kingdom,Online,True,4,The Midlands,2.99
28294,Hinckley,01455 23 00 99,,52.53937,-1.37551,LE10 0QD,Hinckley,Unit 1 14a Rugby Road,,United Kingdom,Online,True,4,The Midlands,2.99
28913,Lutterworth,01455 557777,,52.45499,-1.2004,LE17 4AD,Lutterworth,14 High Street,,United Kingdom,Online,True,4,The Midlands,3.5
29121,Tamworth - Dosthill,01827 838888,dominospizzaconcerns@gmail.com,52.600026,-1.68378,B77 1LF,Tamworth,12 High Street,Dosthill,United Kingdom,Online,True,4,The Midlands,3.5
29238,Polesworth,01827 230797 ,dominospizzaconcerns@gmail.com,52.61656,-1.61689,B78 1HW,Polesworth,14 Market Street,,United Kingdom,Online,True,4,The Midlands,3.5
29362,Broughton Astley,0116 2165165,,52.53432,-1.22997,LE9 6RD,Leicester,48 Main Street,Broughton Astley,United Kingdom,Online,True,4,The Midlands,2.99
28602,Market Harborough,01858 466677,,52.483393,-0.898462,LE16 7XY,Market Harborough,Unit B Trimbush Way,Rockingham Road,United Kingdom,Online,True,4,The Midlands,3.5
29278,Desborough,01536 605555,,52.442999,-0.819079,NN14 2RL,Desborough,41 Station Road,,United Kingdom,Online,True,4,The Midlands,3.5
28960,Leicester - Blaby,0116 278 1078 ,,52.574902,-1.163984,LE8 4DJ,Leicester,11 Johns Court,Blaby,United Kingdom,Online,True,4,The Midlands,2.99
28900,Earl Shilton,01455 84 41 00,,52.575895,-1.317099,LE9 7ND,Earl Shilton,30 Wood Street,,United Kingdom,Online,True,4,The Midlands,2.99
28380,Leicester - Wigston,01162 92 00 01,,52.588129,-1.105006,LE18 1NR,Leicester,73 Leicester Road,Wigston,United Kingdom,Online,True,4,The Midlands,2.99
28235,Wellingborough,01933 674111,S28142@DOMINOS.CO.UK,52.317483,-0.704601,NN8 4UF,Wellingborough,Unit 3 Redhill Farm Development,,United Kingdom,Online,True,4,The Midlands,2.99
28964,Leicester - Oadby,0116 271 1777,,52.594728,-1.071124,LE2 5UH,Leicester,83 Highcroft Avenue,Oadby,United Kingdom,Online,True,4,The Midlands,2.99
28142,Kettering,01536 484444,S28142@DOMINOS.CO.UK,52.404321,-0.726506,NN16 8JT,Kettering,58 Rockingham Road,,United Kingdom,Online,True,4,The Midlands,2.99
29081,Wellingborough - South,01933 276333,S29081@DOMINOS.CO.UK,52.294034,-0.682911,NN8 2DP,Wellingborough,49a London Road,,United Kingdom,Online,True,4,The Midlands,2.99
28179,Leicester - Narborough Road,01162 99 66 11,,52.622485,-1.154636,LE3 2AP,Leicester,240 Narborough Road,,United Kingdom,Online,True,4,The Midlands,2.99
29212,Burton Latimer,01536 662966,S29212@DOMINOS.CO.UK,52.364067,-0.679335,NN15 5RU,Kettering,18 Churchill Way,Burton Latimer,United Kingdom,Online,True,4,The Midlands,2.99
29222,Great Oakley,01536 909500,customersupport@dominosppc.co.uk,52.458517,-0.735017,NN18 8TJ,Corby,Unit 3 Southern Gateway Retail Park,29b Little Colliers Field,United Kingdom,Online,True,4,The Midlands,3.49
28919,Leicester - De Montfort,01162 55 11 00,,52.628573,-1.143248,LE2 7HN,Leicester,31 Western Boulevard,,United Kingdom,Online,True,4,The Midlands,2.99
28077,Leicester - London Road,01162 99 66 00,,52.62691,-1.118814,LE2 1ED,Leicester,148a London Road,,United Kingdom,Online,True,4,The Midlands,2.99
28416,Rushden,01933 411661,lisaramage76@yahoo.co.uk,52.288097,-0.597946,NN10 0QU,Rushden,3 The Precinct,High Street South,United Kingdom,Online,True,4,The Midlands,2.49
29008,Thrapston,01832 733300,,52.396843,-0.536983,NN14 4JH,Thrapston,50 High Street,,United Kingdom,Online,True,1,East Anglia,2.99
28504,Corby,01536 264444,customersupport@dominosppc.co.uk,52.50846,-0.705218,NN17 4BH,Corby,"Unit 1 The Food Pod,  Rockingham Park",1 Princewood Road,United Kingdom,Online,True,4,The Midlands,3.49
28253,St Neots,01480 47 37 73,,52.229298,-0.265829,PE19 1BL,St Neots,13 Huntingdon Street,,United Kingdom,Online,True,4,The Midlands,2.99
28888,Oakham,01572 72 22 44,,52.670808,-0.73348,LE15 6AY,Oakham,34 Melton Road,,United Kingdom,Online,True,4,The Midlands,2.99
28256,Huntingdon,01480 45 47 00 ,,52.331869,-0.183828,PE29 3LF,Huntingdon,1 Grammar School Walk,,United Kingdom,Online,True,1,East Anglia,2.99
28892,Leicester - Uppingham Road,01162 76 75 75,,52.641986,-1.090518,LE5 4DG,Leicester,237a Uppingham Road,,United Kingdom,Online,True,4,The Midlands,2.99
28598,St Ives,01480 49 40 00,,52.322737,-0.068732,PE27 5BW,St Ives,Unit 1 Library Row,Station Road,United Kingdom,Online,True,1,East Anglia,2.99
28628,Cambourne,01954 715222,,52.218573,-0.070179,CB23 6JN,Great Cambourne,Unit 1a Caxton House,Broad Street,United Kingdom,Online,True,1,East Anglia,3.5
29353,Ramsey,01480 776999,,52.448892,-0.106471,PE26 1HG,Huntingdon,11 Great Whyte,Ramsey,United Kingdom,Online,True,1,East Anglia,3.5
28627,Peterborough - Hampton,01733 24 22 55,,52.532825,-0.276856,PE7 8FH,Peterborough,Unit 1 Four Chimneys Crescent,Hampton Vale Centre,United Kingdom,Online,True,1,East Anglia,2.99
28319,Peterborough - South,01733 89 63 96,,52.562537,-0.261345,PE2 9QB,Peterborough,Unit E Valley Park Centre,Sugar Way,United Kingdom,Online,True,1,East Anglia,2.99
28945,Peterborough - East,01733 568 000 ,,52.56958,-0.24221,PE1 1DY,Peterborough,94 Bridge Street,,United Kingdom,Online,True,1,East Anglia,2.99
28002,Peterborough - Central,01733 26 66 46,,52.590683,-0.283078,PE3 8DN,Peterborough,Unit P10 Bretton Shopping Park,Bretton Way,United Kingdom,Online,True,1,East Anglia,2.99
29235,Whittlesey,01733 839333,,52.55691645557123,-0.12831128132274208,PE7 1AY,Peterborough,6 Queen Street Whittlesey,,United Kingdom,Online,True,1,East Anglia,1.99
28632,Cambridge - North,01223 359333,,52.217343,0.110889,CB4 3JD,Cambridge,113 Histon Road,,United Kingdom,Online,True,1,East Anglia,3.5
28419,Peterborough - North,01733 57 78 87,,52.620877,-0.272147,PE4 6NB,Peterborough,Unit 7a Skaters Way,,United Kingdom,Online,True,1,East Anglia,2.99
28774,Stamford,01780 765556,saroopan@fabricainv.co.uk,52.653471,-0.47586,PE9 2BE,Stamford,6 St Paul's Street,,United Kingdom,Online,True,1,East Anglia,2.99
28618,Ely,01353 772775,,52.398961,0.258794,CB7 4EY,Ely,52 - 54 St Mary's Street,,United Kingdom,Online,True,1,East Anglia,3.5
29034,Soham,01353 722722,,52.334475,0.337151,CB7 5DR,Soham,6 Churchgate Street,,United Kingdom,Online,True,1,East Anglia,3.5
28725,March,01354 65 57 05,,52.550566,0.087778,PE15 8TG,March,14-16 Broad Street,,United Kingdom,Online,True,2,The South,2.99
28001,Mildenhall,01638 716888,,52.342982,0.511142,IP28 7EF,Mildenhall,23 Market Place,,United Kingdom,Online,True,1,East Anglia,3.5
29343,Downham Market,01366 310800,rukshan@fabricainv.co.uk,52.60291,0.37336,PE38 9DW,Downham Market,69 Bridge Street,,United Kingdom,Online,True,1,East Anglia,2.99
28434,Wisbech,01945 582222,saroopan@fabricainv.co.uk,52.667724,0.161771,PE13 3DA,Wisbech,12 Lynn Road,,United Kingdom,Online,True,1,East Anglia,2.99
29316,Brandon,01842770800,,52.447925,0.623832,IP27 0AL,Brandon,10-12 High St,,United Kingdom,Online,True,1,East Anglia,3.5
28962,Market Deeping,01778 345555,,52.675362,-0.316505,PE6 8EA,Market Deeping,23 Market Place,,United Kingdom,Online,True,1,East Anglia,2.99
28637,Thetford,01842764445,,52.413113,0.749533,IP24 2BL,Thetford,18/18a Well Street,,United Kingdom,Online,True,1,East Anglia,3.5
29266,Watton,01953 773555,,52.570388,0.857531,IP25 6XU,Thetford,2 Vulcan Place,Watton,United Kingdom,Online,True,1,East Anglia,3.5
29302,Swaffham,01760 650000,iuliana@fabricainv.co.uk,52.648671,0.688806,PE37 7AQ,Swaffham,61 Market Place,,United Kingdom,Online,True,1,East Anglia,2.99
29348,Diss,01379 771555,,52.37464,1.1091,IP22 4AD,Diss,27 Mere Street,,United Kingdom,Online,True,1,East Anglia,3.5
29271,Attleborough,01953 773333 ,,52.517,1.016,NR17 2AB,Attleborough,Former Lloyds Bank Exchange Street,,United Kingdom,Online,True,1,East Anglia,3.5
29377,Long Stratton,01508 501111,,52.485671,1.233162,NR15 2XW,Norwich,Unit 1 And 2 The Street,Long Stratton,United Kingdom,Online,True,1,East Anglia,3.5
28928,Wymondham,01953 600054,,52.569439,1.114905,NR18 0AW,Wymondham,27 Fairland Street,,United Kingdom,Online,True,1,East Anglia,3.5
28770,Dereham,01362 853853 ,iuliana@fabricainv.co.uk,52.682529,0.935098,NR19 2DL,Dereham,52 Swaffham Road,,United Kingdom,Online,True,1,East Anglia,2.99
29351,Norwich - Bowthorpe,01603 515373,,52.637373,1.216694,NR5 9HA,Norwich,Unit 7 Bowthorpe Main Centre,Wendene,United Kingdom,Online,True,1,East Anglia,3.5
28565,Norwich - West,01603 455666,,52.621928,1.262319,NR4 7EH,Norwich,88 Colman Road,,United Kingdom,Online,True,1,East Anglia,3.5
28949,Beccles,01502 717717,,52.456239,1.565153,NR34 9TB,Beccles,23 Blyburgate,,United Kingdom,Online,True,1,East Anglia,2.99
28287,Norwich - North,01603 622977,,52.639322,1.290876,NR3 3BE,Norwich,29 St Augustine's Gate,Waterloo Road,United Kingdom,Online,True,1,East Anglia,3.5
28747,Norwich - East,01603 700400,,52.636604,1.326019,NR1 4AB,Norwich,181 Plumstead Road,,United Kingdom,Online,True,1,East Anglia,3.5
29038,Norwich - Drayton,01603 866666,,52.676322,1.223198,NR8 6PW,Norwich,4a Fakenham Road,Drayton,United Kingdom,Online,True,1,East Anglia,3.5
28464,Lowestoft,01502 51 88 88,,52.482028,1.752528,NR32 1QE,Lowestoft,90 St Peter's Street,,United Kingdom,Online,True,1,East Anglia,2.99
28926,Gorleston,01493 60 01 01,,52.57972,1.728375,NR31 6RF,Great Yarmouth,97-98 High Street,Gorleston,United Kingdom,Online,True,1,East Anglia,2.99
28634,Great Yarmouth,01493 85 95 55,,52.605311,1.728644,NR30 2PA,Great Yarmouth,149-150 King Street,,United Kingdom,Online,True,1,East Anglia,2.99
29039,Shrewsbury - Battlefield,01743 464464,,52.74001,-2.722685,SY1 4AB,Shrewsbury,4ab 5 Battlefield Road,,United Kingdom,Online,True,4,The Midlands,1.99
28477,Wrexham,01978 26 65 66,,53.045177,-2.998831,LL13 7LW,Wrexham,Unit 14a Island Green Shopping Centre,Pentre Felin,United Kingdom,Online,True,9,Wales,2.99
29290,Whitchurch - Shropshire,01948 805805,s29290@dominos.co.uk,52.96943,-2.68415,SY13 1AU,Whitchurch - Shropshire,30 - 32 High Street,,United Kingdom,Online,True,7,Scotland,2.99
29404,Ruthin,01824 731111,,53.113681,-3.306577,LL15 1AF,Ruthin,57 Well Street,,United Kingdom,Online,True,4,The Midlands,3.5
29386,Telford - Trench,01952 951111,,52.71389,-2.45348,TF2 7DP,Telford,"Unit 6, 107 Telford Road",,United Kingdom,Online,True,4,The Midlands,3.49
29349,Newport - Shropshire,01952 456666,,52.76932,-2.37915,TF10 7AU,Newport,77 High Street,,United Kingdom,Online,True,4,The Midlands,3.49
29134,Market Drayton,01630 656656,s29134@Dominos.co.uk,52.905298,-2.484834,TF9 1PS,Market Drayton,24 Queen Street,,United Kingdom,Online,True,4,The Midlands,2.99
28956,Nantwich,01270 621777,concern@dpsw.co.uk,53.0686,-2.521285,CW5 5LJ,Nantwich,38-40 Beam Street,,United Kingdom,Online,True,5,The North,2.99
28236,Stafford,01785 220444,customerservices@fullhouse.uk.com,52.803513,-2.117848,ST16 2EZ,Stafford,133a Newport Road,,United Kingdom,Online,True,4,The Midlands,2.99
29007,Stafford - Weeping Cross,01785 663111,customerservices@fullhouse.uk.com,52.791746,-2.078908,ST17 0EA,Stafford,"Unit 1b Former Lynton Tavern, Bodmin Avenue",Weeping Cross,United Kingdom,Online,True,4,The Midlands,2.99
28207,Cannock,01543 500303,customerservices@fullhouse.uk.com,52.688906,-2.032894,WS11 1GR,Cannock,14 High Green Court,Newhall Street,United Kingdom,Online,True,4,The Midlands,2.99
29332,Great Wyrley,01922 662222,customerservices@fullhouse.uk.com,52.65786,-2.0166,WS6 6DY,Walsall,The Davy Lamp Wardles Lane,Great Wyrley,United Kingdom,Online,True,4,The Midlands,2.99
28932,Staffordshire - Stone,01785 812222,customerservices@fullhouse.uk.com,52.901781,-2.145813,ST15 8AJ,Stone,15 High Street,,United Kingdom,Online,True,4,The Midlands,2.99
28705,Rugeley,01889 585585,customerservices@fullhouse.uk.com,52.751774,-1.940848,WS15 1NN,Rugeley,Unit 1 The Pear Tree Shopping Centre,Queensway,United Kingdom,Online,True,4,The Midlands,2.99
28635,Burntwood,01543 670444,,52.681296,-1.934172,WS7 3XJ,Burntwood,269 High Street,Chasetown,United Kingdom,Online,True,4,The Midlands,2.99
29311,Walsall - Brownhills,01922 666999,,52.646065,-1.931287,WS8 6HL,Walsall,93-95 High Street Brownhills,,United Kingdom,Online,True,4,The Midlands,3.5
28448,Aldridge,01922 745 855,,52.60422,-1.918155,WS9 8QP,Aldridge,1 To 3 Anchor Parade,Aldridge Shopping Centre,United Kingdom,Online,True,4,The Midlands,3.5
28706,Stoke-On-Trent - Trent Vale,01782 844111,customerservices@fullhouse.uk.com,52.987777,-2.204061,ST4 6NS,Stoke-on-trent,66-68 Newcastle Road,Trent Vale,United Kingdom,Online,True,4,The Midlands,2.99
28357,Newcastle-Under-Lyme,01782 660440,customerservices@fullhouse.uk.com,53.011429,-2.223479,ST5 1AW,Newcastle-under-lyme,Unit 3 Barracks Road,,United Kingdom,Online,True,4,The Midlands,2.99
29269,Stoke-on-Trent - Sandon Road,01782 433511,,52.9770021,-2.1047452,ST3 7DL,Stoke-on-trent,"Unit 1, 24 Sandon Road",,United Kingdom,Online,True,4,The Midlands,3.5
28026,Stoke-on-Trent - Meir Hay,01782 599155,,52.991567,-2.121402,ST3 1LD,Stoke-on-trent,Unit 1 Amison Street,"Meir Hay, Longton",United Kingdom,Online,True,4,The Midlands,3.5
28302,Lichfield,01543 251900,customersupport@dominosppc.co.uk,52.68182,-1.828631,WS13 6NU,Lichfield,13b St Johns Street,,United Kingdom,Online,True,4,The Midlands,3.49
28351,Stoke-on-Trent - Hanley,01782 26 22 02,,53.019754,-2.16182,ST1 3NQ,Stoke-on-trent,624-626 Leek Road,Hanley,United Kingdom,Online,True,4,The Midlands,2.99
28562,Mere Green,0121 308 3222,customersupport@dominosppc.co.uk,52.587196,-1.830431,B74 2XH,Sutton Coldfield,285 Lichfield Road,,United Kingdom,Online,True,4,The Midlands,3.49
29338,Lichfield - Trent Valley,01543 222200,customersupport@dominosppc.co.uk,52.689852,-1.799274,WS13 8FT,Lichfield,Unit 3 Streethay Local Centre,,United Kingdom,Online,True,4,The Midlands,3.49
28765,Stoke-on-Trent - Abbey Hulton,01782 54 40 40,,53.033862,-2.145216,ST2 8BW,Stoke-on-trent,1349 Leek Road,Abbey Hulton,United Kingdom,Online,True,4,The Midlands,2.99
28145,Tamworth,01827 314500 ,dominospizzaconcerns@gmail.com,52.636335,-1.68849,B79 7HU,Tamworth,45 Victoria Road,,United Kingdom,Online,True,4,The Midlands,3.5
28880,Uttoxeter,01889 566655,,52.898396,-1.863148,ST14 8HP,Uttoxeter,G2-g5 Lion Building,8 Market Place,United Kingdom,Online,True,4,The Midlands,3.5
28126,Burton-Upon-Trent,01283 515666,,52.803613,-1.631977,DE14 1DL,Burton-upon-trent,184 - 185 Station Street,,United Kingdom,Online,True,4,The Midlands,3.5
29225,Burton-Upon-Trent - Horninglow,01283753111 ,,52.821536,-1.641441,DE13 0SW,Burton-upon-trent,51-52 Horninglow Road North,,United Kingdom,Online,True,4,The Midlands,3.5
28369,Swadlincote,01283 222214,concerns@dsdominos.com,52.775771,-1.554925,DE11 8JU,Swadlincote,Unit 2 Belmont Street,,United Kingdom,Online,True,4,The Midlands,3.99
29282,Ashby-de-la-Zouch,01503 770960,concerns@dsdominos.com,52.746724355639444,-1.472419203596174,LE65 1AL,Ashby-de-la-zouch,24 Market Street,,United Kingdom,Online,True,4,The Midlands,3.99
28290,Coalville,01530 815845,concerns@dsdominos.com,52.723236,-1.374521,LE67 3WD,Coalville,8 Marlborough Square,,United Kingdom,Online,True,4,The Midlands,3.99
28938,Derby - Hilton,01283 733600,,52.871462,-1.628967,DE65 5JR,Derby,7 Witham Close,Hilton,United Kingdom,Online,True,4,The Midlands,3.5
29313,Derby - Chellaston,01332 978222,,52.86845,-1.43797,DE73 6UA,Derby,3 Swarkestone Road,Chellaston,United Kingdom,Online,True,4,The Midlands,3.5
28329,Derby - Stenson Road,01332 776666,,52.893111,-1.495717,DE23 1HF,Derby,254b & 254c Stenson Road,Littleover,United Kingdom,Online,True,4,The Midlands,3.5
29050,Derby - Mickleover,01332 512999,,52.904164,-1.544296,DE3 0DA,Derby,15 Uttoxeter Road,Mickleover,United Kingdom,Online,True,4,The Midlands,3.5
29049,Castle Donington,01332 404555,,52.841662,-1.340375,DE74 2NS,Derby,10 Bondgate,Castle Donington,United Kingdom,Online,True,4,The Midlands,3.5
28031,Derby - Alvaston,01332 757875,,52.896589,-1.427743,DE24 0JG,Derby,17 Shardlow Road,Alvaston,United Kingdom,Online,True,4,The Midlands,3.5
28786,Derby - Chaddesden,01332 544433 ,,52.923691,-1.43813,DE21 6PF,Derby,492 Nottingham Road,Chaddesden,United Kingdom,Online,True,4,The Midlands,3.5
28039,Loughborough,01509 211200,,52.77727,-1.216841,LE11 5HJ,Loughborough,153 Derby Road,,United Kingdom,Online,True,4,The Midlands,3.5
29051,Loughborough - South,01509211777,,52.75899,-1.20722,LE11 2BX,Loughborough,83-85 Lansdowne Drive,,United Kingdom,Online,True,4,The Midlands,3.5
28059,Derby - Allestree,01332 557777,,52.944112,-1.496913,DE22 2QN,Derby,Unit E2 Park Farm Centre,Allestree,United Kingdom,Online,True,4,The Midlands,3.5
28920,Leicester - Glenfield,0116 287 2277 ,,52.645791,-1.193849,LE3 8FB,Leicester,Unit 1 The Dominion Dominion  Road,Glenfield,United Kingdom,Online,True,4,The Midlands,2.99
28013,Nottingham - Long Eaton,0115 946 8555,,52.892508,-1.290692,NG10 3RJ,Nottingham,Unit 4 Cranfleet Way,Long Eaton,United Kingdom,Online,True,4,The Midlands,3.5
28944,Mountsorrel,0116 230 4646,,52.731928,-1.143381,LE12 7AT,Loughborough,56 Loughborough Road,Mountsorrel,United Kingdom,Online,True,4,The Midlands,2.99
28401,Leicester - Belgrave Boulevard,01162 92 00 11,,52.666101,-1.137826,LE4 2JD,Leicester,13 Belgrave Boulevard,,United Kingdom,Online,True,4,The Midlands,2.99
28542,Melton Mowbray,01664 566006,,52.764452,-0.884412,LE13 1XJ,Melton Mowbray,30 Sherrard Street,,United Kingdom,Online,True,4,The Midlands,2.99
28858,Nottingham - Silverdale,0115 981 6667,,52.918807,-1.153226,NG2 7RS,Nottingham,1 Compton Acres Shopping Centre,West Bridgford,United Kingdom,Online,True,4,The Midlands,3.5
29056,Nottingham - Stapleford,0115 939 1010,,52.927256,-1.278803,NG9 7AS,Nottingham,109 Derby Road,Stapleford,United Kingdom,Online,True,4,The Midlands,3.5
28042,Nottingham - Beeston,0115 943 6363,,52.939221,-1.217286,NG9 2TJ,Nottingham,2 Derby Road,Beeston,United Kingdom,Online,True,4,The Midlands,3.5
28232,Nottingham - West Bridgford,0115 982 5577,,52.938066,-1.132584,NG2 5FF,Nottingham,21 Radcliffe Road,West Bridgford,United Kingdom,Online,True,4,The Midlands,3.5
28622,Nottingham - City Centre,0115 978 5222,,52.955999,-1.18306,NG7 3NY,Nottingham,9 Midland Way,,United Kingdom,Online,True,4,The Midlands,3.5
28857,Nottingham - Carlton Hill,0115 987 7666,,52.965814,-1.112342,NG4 1JA,Nottingham,390 Carlton Hill,,United Kingdom,Online,True,4,The Midlands,3.5
28022,Nottingham - Nuthall Road,0115 924 9999,,52.977324,-1.190934,NG8 5DB,Nottingham,409 Nuthall Road,,United Kingdom,Online,True,4,The Midlands,3.5
28386,Ilkeston,01159 304222,customerservices@fullhouse.uk.com,52.978163,-1.3096,DE7 8FH,Ilkeston,185 Bath Street,(On The Corner Of Heanor Road),United Kingdom,Online,True,5,The North,2.99
28084,Nottingham - Mapperley,0115 969 1007,,52.985431,-1.120157,NG3 5JU,Nottingham,41d/E Plains Road,Mapperley,United Kingdom,Online,True,4,The Midlands,3.5
29239,Bingham,01949 323333,,52.95216,-0.95046,NG13 8QS,Nottingham,Dominos Unit 1 The Chesterfield,Church Street Bingham,United Kingdom,Online,True,4,The Midlands,3.5
28869,Nottingham - Arnold,0115 920 6666,,53.003797,-1.128913,NG5 7DX,Nottingham,2 Croft Road,Arnold,United Kingdom,Online,True,4,The Midlands,3.5
28333,Grantham,01476 565765,,52.904273,-0.635452,NG31 6JW,Grantham,Unit 2 3 Bridge End Road,,United Kingdom,Online,True,4,The Midlands,3.5
29279,Bourne,01778 789789,,52.767556,-0.375333,PE10 9LX,Bourne,"Unit 5, 18 Abbey Road",,United Kingdom,Online,True,4,The Midlands,3.29
28513,Newark,01636 706373,,53.074384,-0.808132,NG24 1TN,Newark,Unit 3 23 London Road,,United Kingdom,Online,True,4,The Midlands,3.5
28804,Sleaford,01529 419444,,53.007313,-0.417211,NG34 8AD,Sleaford,Unit 4 Lincoln Road,,United Kingdom,Online,True,4,The Midlands,2.99
28274,Spalding,01775 72 03 10,,52.787156,-0.155839,PE11 1EG,Spalding,7 Winsover Road,,United Kingdom,Online,True,1,East Anglia,2.99
29378,Kirton,01205 600000,saroopan@fabricainv.co.uk,52.923499,-0.053296,PE20 1QR,Boston,Unit 8 Avalon Business Park,Avalon Road Kirton,United Kingdom,Online,True,1,East Anglia,2.99
29270,Long Sutton,01406 843000,iuliana@fabricainv.co.uk,52.78433,0.12042,PE12 9BN,Long Sutton,6 West Street,,United Kingdom,Online,True,1,East Anglia,2.99
28692,Boston,01205 369966,saroopan@fabricainv.co.uk,52.971695,-0.018374,PE21 6AQ,Boston,Unit 2 Skirbeck Road Retail  Development,Skirbeck Road,United Kingdom,Online,True,1,East Anglia,2.99
29315,Tattershall,01526 592100,ra2047gb@gmail.com,53.104284,-0.190795,LN4 4LQ,Lincoln,11 Market Place,Tattershall,United Kingdom,Online,True,1,East Anglia,1.49
28573,King's Lynn,01553 777228,iuliana@fabricainv.co.uk,52.762152,0.399571,PE30 2HW,Kings Lynn,Unit 8 St Nicholas Retail Park,Edward Beneffer Way,United Kingdom,Online,True,1,East Anglia,2.99
29217,King's Lynn - Hardwick,01553 401711,rukshan@fabricainv.co.uk,52.74095,0.41184,PE30 4HX,King's Lynn,Unit 4 Pier Point Retail Park,"Hansa Road, Hardwick Industrial Estate",United Kingdom,Online,True,1,East Anglia,2.99
29322,Llangefni,01248 661666,,53.256471,-4.31089,LL77 7DU,Llangefni,24 Church Street,,United Kingdom,Online,True,9,Wales,3.5
29346,Bangor - Caernarfon Road,01248 666500,,53.207468,-4.152293,LL57 4SU,Bangor,Caernarfon Road,,United Kingdom,Online,True,9,Wales,3.5
28606,Bangor (Wales),01248 351900,,53.222501,-4.132685,LL57 1NL,Bangor,2 High Street,,United Kingdom,Online,True,9,Wales,3.5
29453,Llandudno Junction,01492 554555,,53.283992,-3.805708,LL31 9ND,Llandudno Junction,144 Conway Road,,United Kingdom,Offline,True,9,Wales,0.0
28828,Colwyn Bay,01492 530022 ,enquiries@akscheshire.com,53.295356,-3.726805,LL29 8BU,Colwyn Bay,12 Station Road,,United Kingdom,Online,True,9,Wales,3.99
29358,Denbigh,01745 777077,enquiries@akscheshire.com,53.1868,-3.41213,LL16 3BS,Denbigh,Unit 7 Vale Street,Denbigh Retail Park,United Kingdom,Online,True,9,Wales,3.5
28726,Rhyl,01745 356355,enquiries@akscheshire.com,53.319418,-3.48979,LL18 1AU,Rhyl,28 Bodfor Street,,United Kingdom,Online,True,9,Wales,3.99
29139,Prestatyn,01745 88 88 50,enquiries@akscheshire.com,53.335478,-3.404923,LL19 9AH,Prestatyn,39- 41 High Street,,United Kingdom,Online,True,9,Wales,3.5
29095,Mold,01352 755777,,53.166353,-3.142652,CH7 1AP,Mold,Units 2 & 3 Daniel Owen Centre,,United Kingdom,Online,True,9,Wales,2.99
29288,Flint,01352 871188,,53.251,-3.139,CH6 5GB,Flint,Unit G2 Flintshire Retail Park,Holywell Road,United Kingdom,Online,True,9,Wales,2.99
28493,Queensferry,01244 82 29 44,,53.206371,-3.023143,CH5 1SX,Queensferry,24 Station Road,,United Kingdom,Online,True,9,Wales,2.99
29080,Neston,01513361361,concern@dpsw.co.uk,53.289311,-3.063034,CH64 9TZ,Neston,31 High Street,,United Kingdom,Online,True,5,The North,2.99
28208,Heswall,0151 342 2000,concern@dpsw.co.uk,53.329023,-3.09964,CH60 7SG,Heswall,246a Telegraph Road,,United Kingdom,Online,True,5,The North,2.99
28947,Hoylake,0151 632 2277,concern@dpsw.co.uk,53.391,-3.179159,CH47 2AE,Wirral,2 Market Street,Hoylake,United Kingdom,Online,True,5,The North,2.99
28390,Upton - Wirral,0151 488 5888,concern@dpsw.co.uk,53.383926,-3.09858,CH49 0UB,Upton,17 Arrowe Park Road,,United Kingdom,Online,True,5,The North,2.99
28558,Chester - Saltney,01244 680088,concern@dpsw.co.uk,53.179462,-2.916096,CH4 8BL,Chester,17 Chester Street,Saltney,United Kingdom,Online,True,5,The North,2.99
29369,Prenton,0151 559 8888,concern@dpsw.co.uk,53.37402,-3.04492,CH42 8PQ,Prenton,326 Woodchurch Road,,United Kingdom,Online,True,2,The South,2.99
28215,Chester - Central,01244 311113,concern@dpsw.co.uk,53.191543,-2.883966,CH1 1HB,Chester,96 Foregate Street,,United Kingdom,Online,True,5,The North,2.99
29143,Chester - North,01244 399444,concern@dpsw.co.uk,53.21451,-2.880235,CH2 1QL,Chester,Unit 2 Weston Grove,Upton,United Kingdom,Online,True,5,The North,2.99
29091,Little Sutton,0151 348 1818,concern@dpsw.co.uk,53.283621,-2.945226,CH66 3RB,Ellesmere Port,426b Chester Road,,United Kingdom,Online,True,5,The North,2.99
28331,Ellesmere Port,01513 553344,concern@dpsw.co.uk,53.278666,-2.900907,CH65 0AL,Ellesmere Port,23 Marina Drive,,United Kingdom,Online,True,5,The North,2.99
28153,Bromborough,0151 327 7774,concern@dpsw.co.uk,53.319406,-2.965915,CH62 8HJ,Wirral,Unit 3 Eastham Point,1062 New Chester Road,United Kingdom,Online,True,5,The North,2.99
28654,Birkenhead,0151 647 4900,concern@dpsw.co.uk,53.390876,-3.028179,CH41 6EY,Birkenhead,Unit 3 Wirral Point,132 Claughton Road,United Kingdom,Online,True,5,The North,2.99
29161,Liverpool - Aigburth Road,0151 727 2777,,53.378703,-2.948876,L17 7BR,Liverpool,168 Aigburth Road,,United Kingdom,Online,True,5,The North,2.99
28550,Liverpool - Hunts Cross,0151 486 0000,,53.357912,-2.86671,L24 9GB,Liverpool,Unit 9a Hunts Cross Shopping  Centre,Speke Hall Road,United Kingdom,Online,True,5,The North,2.99
28688,Wallasey,0151 630 4000,concern@dpsw.co.uk,53.420515,-3.04509,CH45 4JG,Wallasey,1 & 3 Liscard Village,,United Kingdom,Online,True,5,The North,2.99
28161,Liverpool - Allerton Road,0151 738 0000,,53.386949,-2.908997,L18 2DA,Liverpool,65/65a Allerton Road,Mossley Hill,United Kingdom,Online,True,5,The North,2.99
28365,Liverpool - London Road,0151 707 7779,,53.410153,-2.968103,L3 8JN,Liverpool,196 London Road,Capital Gate,United Kingdom,Online,True,5,The North,3.5
29040,Liverpool - Great Homer Street,0151 207 0111,,53.424519,-2.979986,L5 5AA,Liverpool,6 Jennifer Avenue,,United Kingdom,Online,True,5,The North,3.5
29234,Liverpool - Belle Vale,0151 459 9955,,53.390575,-2.859918,L25 2RF,Liverpool,4a Belle Vale Shopping Centre,,United Kingdom,Online,True,5,The North,2.99
29160,Runcorn - Old Town,01928 500900,customerservices@fullhouse.uk.com,53.342565,-2.732334,WA7 1LR,Runcorn,38 Church Street,,United Kingdom,Online,True,5,The North,2.99
28631,Liverpool - West Derby,0151 220 3333,customerservices@fullhouse.uk.com,53.424552,-2.890772,L12 9JH,Liverpool,Units 4/5 Honeys Green  Shopping Precinct,"142 Leyfield Road, West Derby",United Kingdom,Online,True,5,The North,2.99
28609,Runcorn,01928 715777,customerservices@fullhouse.uk.com,53.326338,-2.698332,WA7 2FQ,Runcorn,Unit N Trident Retail &  Leisure Park,Halton Lea,United Kingdom,Online,True,5,The North,2.99
29062,Liverpool - Huyton Page Moss,0151 294 5111,,53.421912,-2.862145,L36 3YB,Liverpool,Unit 2 Liverpool Road Retail Park,73 Liverpool Road Huyton,United Kingdom,Online,True,5,The North,3.5
28507,Liverpool - Huyton,0151 449 0449,,53.41304,-2.839459,L36 9YG,Huyton,Unit 29 Cavendish Walk,Derby Road,United Kingdom,Online,True,5,The North,3.5
28384,Liverpool - Rice Lane,0151 525 3777,customerservices@fullhouse.uk.com,53.457261,-2.963104,L9 1GA,Liverpool,Unit B Stoker Way,Off Rice Lane,United Kingdom,Online,True,5,The North,2.99
28388,Widnes,0151 257 7666,customerservices@fullhouse.uk.com,53.366329,-2.728927,WA8 6AX,Widnes,Unit 2 112 Widnes Road,Simms Cross,United Kingdom,Online,True,5,The North,2.99
28969,Liverpool - Stonedale Retail Park,0151 546 7777,customerservices@fullhouse.uk.com,53.456365,-2.916289,L11 9DH,Liverpool,Unit 1 Stonedale Park,East Lancashire Road,United Kingdom,Online,True,5,The North,2.99
28292,Crosby,01519 329500,,53.49075,-3.02688,L23 5RQ,Liverpool,68 Coronation Road,Crosby,United Kingdom,Online,True,5,The North,3.5
29058,Liverpool - Prescot,0151 426 7766,,53.429786,-2.804837,L34 6HG,Prescot,18 High Street,,United Kingdom,Online,True,5,The North,3.5
28644,Winsford,01606 557333,customerservices@fullhouse.uk.com,53.190747,-2.540384,CW7 2LS,Winsford,18 Delamere Street,,United Kingdom,Online,True,5,The North,2.99
28570,Liverpool - Aintree,0151 520 1777,concerns@dsdominos.com,53.48574,-2.948645,L10 2JA,Aintree,3 Molyneux Way,,United Kingdom,Online,True,5,The North,3.99
29188,Northwich - Winnington,01606 663666,customerservices@fullhouse.uk.com,53.266451,-2.538999,CW8 4UD,Northwich,49 Walker Road,,United Kingdom,Online,True,5,The North,2.99
28201,Northwich,01606 350066,customerservices@fullhouse.uk.com,53.243139,-2.519555,CW9 8UW,Northwich,Unit G Kingsmead Square,Kingsmead,United Kingdom,Online,True,5,The North,2.99
28303,Crewe,01270 25 76 00,,53.088924,-2.438027,CW2 6AD,Crewe,Unit A Millennium House,40 Nantwich Road,United Kingdom,Online,True,5,The North,2.99
28729,Sandbach,01270 759800,customerservices@fullhouse.uk.com,53.144288,-2.36654,CW11 4NE,Sandbach,21 Crewe Road,,United Kingdom,Online,True,5,The North,2.99
28941,Alsager,01270 875777,,53.096701,-2.302816,ST7 2AA,Stoke-on-trent,Units 2/3 Lawton Road,Alsager,United Kingdom,Online,True,5,The North,2.99
27553,Stockton Heath,01925 861300,,53.370129,-2.580587,WA4 6LG,Warrington,93 London Road,Stockton Heath,United Kingdom,Online,True,5,The North,3.5
28528,Warrington - Great Sankey,01925 721555,customerservices@fullhouse.uk.com,53.393294,-2.666826,WA5 3LX,Warrington,Unit 3 525 Liverpool Road,Great Sankey,United Kingdom,Online,True,5,The North,2.99
29104,Warrington - Winwick Road,01925 636111,customerservices@fullhouse.uk.com,53.395632,-2.593863,WA2 7DH,Warrington,51-59 Winwick Road,,United Kingdom,Online,True,5,The North,2.99
28967,Knutsford,01565 621 666 ,,53.302313,-2.373234,WA16 0PE,Knutsford,5 Toft Road,,United Kingdom,Online,True,5,The North,3.29
29261,St Helens - South,01744 301111,,53.426978,-2.723339,WA9 4ET,St Helens,278 Mill Lane,,United Kingdom,Online,True,5,The North,3.5
29345,Lymm,01925 971477,,53.381137,-2.477223,WA13 0JB,Lymm,6 Pepper Street,,United Kingdom,Online,True,5,The North,3.5
28361,Stoke-on-Trent - Sandyford,01782 83 99 99,,53.069963,-2.215248,ST6 5EL,Stoke-on-trent,Unit A Rileys Court,High Street,United Kingdom,Online,True,4,The Midlands,2.99
28362,Warrington - Birchwood,01925 824444,customerservices@fullhouse.uk.com,53.414213,-2.529017,WA3 7PQ,Warrington,Unit A2 Benson Road,Birchwood,United Kingdom,Online,True,5,The North,2.99
28614,Congleton,01260 275111,,53.168305,-2.219222,CW12 1LJ,Congleton,Unit 2 Barn Road,,United Kingdom,Online,True,4,The Midlands,3.5
28418,St Helens,01744 733566,,53.455726,-2.740514,WA10 2JP,St Helens,44-46 Duke Street,,United Kingdom,Online,True,5,The North,3.5
29061,Leek,01538 388830,customerservices@dsgroups.co.uk,53.105901,-2.026572,ST13 5DR,Leek,17 St. Edward Street,,United Kingdom,Online,True,5,The North,3.5
28163,Macclesfield,01625 86 98 69,,53.260681,-2.128279,SK11 6AY,Macclesfield,Charles Roe Chambers,"Churchill Way, Chestergate",United Kingdom,Online,True,5,The North,2.99
27555,Wilmslow,01625 549222,,53.326646,-2.236129,SK9 5BB,Wilmslow,68 Water Lane,,United Kingdom,Online,True,5,The North,3.5
29233,Cheadle - Staffordshire,01538 769777 ,,52.988419,-1.98725,ST10 1BG,Stoke On Trent,3a Tape Street,Cheadle,United Kingdom,Online,True,4,The Midlands,1.99
28223,Altrincham - Central,0161 929 1888,,53.387691,-2.348391,WA14 1EJ,Altrincham,30 Stamford New Road,,United Kingdom,Online,True,5,The North,2.99
28902,Manchester - Wythenshawe,0161 437 6000,,53.379904,-2.26087,M22 5RG,Wythenshawe,Unit B 14 Rowlandsway,Civic Centre,United Kingdom,Online,True,5,The North,3.5
28259,Cheadle Hulme,0161 4828555,,53.37346,-2.206117,SK8 6AW,Manchester,Unit A 136 Turves Road,Cheadle Hulme,United Kingdom,Online,True,5,The North,3.5
29305,Poynton,01625 466222,,53.34741,-2.12302,SK12 1LA,Stockport,37-39 London Road South,Poynton,United Kingdom,Online,True,5,The North,3.49
28983,Altrincham - Broadheath,0161 9296666,,53.40098,-2.353042,WA14 5EU,Altrincham,1a Sinderland Road,Broadheath,United Kingdom,Online,True,5,The North,2.99
29380,Manchester - Gatley,0161 388 6000,,53.391422,-2.238066,SK8 4NQ,Gatley,74-76 Church Road,,United Kingdom,Online,True,5,The North,3.5
28315,Manchester - Sale,0161 969 6444,,53.423589,-2.327107,M33 7AB,Manchester,45 Washway Road,Sale,United Kingdom,Online,True,5,The North,3.5
28141,Stockport - South,01614 569999,,53.388958,-2.136816,SK2 7NL,Stockport,331 Buxton Road,Great Moor,United Kingdom,Online,True,5,The North,3.49
28826,Buxton,01298 213444,customerservices@dsgroups.co.uk,53.25986,-1.914208,SK17 6AW,Buxton,9 The Quadrant,,United Kingdom,Online,True,5,The North,3.5
28658,Manchester - Didsbury,0161 438 0005,,53.418543,-2.232019,M20 2DN,Didsbury,684-686 Wilmslow Road,,United Kingdom,Online,True,5,The North,3.5
28761,Stockport - North,0161 4807000,,53.406937,-2.159537,SK1 3RU,Stockport,79 Wellington Road South,,United Kingdom,Online,True,5,The North,3.49
29180,Manchester - Flixton,0161 748 8444,jonnorcross@virginmedia.com,53.444208,-2.384522,M41 6QT,Manchester,446-448 Flixton Road,Urmston,United Kingdom,Online,True,5,The North,3.49
28411,Manchester - Urmston,0161 746 9996,jonnorcross@virginmedia.com,53.448227,-2.35602,M41 5AW,Manchester,25 Flixton Road,Urmston,United Kingdom,Online,True,5,The North,3.49
29325,Ashbourne - Derbyshire,01335 212555,,53.01557,-1.73212,DE6 1BX,Ashbourne,9-11 Compton St,,United Kingdom,Online,True,4,The Midlands,3.5
29186,Matlock,01629 580800,customerservices@fullhouse.uk.com,53.137721797981555,-1.552873228715241,DE4 3AR,Matlock,29 Causeway Lane,,United Kingdom,Online,True,4,The Midlands,2.99
28778,Marple,0161 4499900,,53.394692,-2.062732,SK6 6AY,Stockport,Unit 5 The Hollins,"Stockport Road, Marple",United Kingdom,Online,True,5,The North,2.99
28487,Belper,01773 823744,customerservices@fullhouse.uk.com,53.023464,-1.480353,DE56 1PZ,Belper,Unit 3a King Street,,United Kingdom,Online,True,5,The North,2.99
28672,Glossop,01457 856856 ,,53.443082,-1.948787,SK13 8HS,Glossop,Unit 1 Howard Town Mill,Victoria Street,United Kingdom,Online,True,2,The South,3.49
28344,Manchester - Heaton Chapel,0161 432 7444,,53.429134,-2.178844,SK4 4QG,Manchester,341 Wellington Road North,Heaton Chapel,United Kingdom,Online,True,5,The North,3.29
28916,Manchester - Hyde,0161 351 9991,,53.45246,-2.08134,SK14 2AD,Hyde,17-19 Market Street,,United Kingdom,Online,True,5,The North,3.29
28744,Clay Cross,01246 860070,,53.167975,-1.413077,S45 9NG,Chesterfield,Bridge Street,Clay Cross,United Kingdom,Online,True,4,The Midlands,3.5
28446,Manchester - Denton,0161 336 6667,,53.456438,-2.115845,M34 3LE,Denton,Unit A 34 - 38 Manchester Road,,United Kingdom,Online,True,5,The North,3.29
28625,Alfreton,01773 830830,customerservices@fullhouse.uk.com,53.097792,-1.385862,DE55 7DP,Alfreton,119 High Street,,United Kingdom,Online,True,4,The Midlands,2.99
28318,Chesterfield,01246 551122,,53.233729,-1.423844,S41 7RW,Chesterfield,Unit 3 Lordsmill Gate,26 Lordsmill Street,United Kingdom,Online,True,4,The Midlands,3.5
28407,Heanor,01773 711115,customerservices@fullhouse.uk.com,53.01328,-1.352779,DE75 7EG,Heanor,38 Market Place,,United Kingdom,Online,True,5,The North,2.99
29204,Chesterfield - Whittington Moor,01246 733111,,53.259894,-1.428387,S41 9AQ,Chesterfield,22 - 24 Station Road,Whittington Moor,United Kingdom,Online,True,4,The Midlands,3.5
28339,Sutton in Ashfield,01623 558668,CustomerCare@dominoslacl.com,53.123908,-1.25708,NG17 5FF,Sutton In Ashfield,Unit A Orchard Retail Park,Station Road,United Kingdom,Online,True,4,The Midlands,3.49
29215,Kirkby in Ashfield,01623 756419,CustomerCare@dominoslacl.com,53.09925,-1.246473,NG17 7AQ,Nottingham,21-21a Station Street,Kirkby-in-ashfield,United Kingdom,Online,True,4,The Midlands,3.49
28383,Dronfield,01246 292922,,53.302335,-1.474087,S18 1PX,Dronfield,11 High Street,,United Kingdom,Online,True,5,The North,3.5
29317,Bolsover,01246 384444,,53.229188,-1.291323,S44 6DT,Chesterfield,"Cross Keys Hotel , Town End",,United Kingdom,Online,True,4,The Midlands,3.5
29307,Nottingham - Hucknall - Annesley Rd,0115 704 4000,,53.042681,-1.212568,NG15 7DE,Hucknall,161 Annesley Road,,United Kingdom,Online,True,4,The Midlands,3.5
27560,Mansfield,01623 631100,,53.145004,-1.201249,NG18 1LH,Mansfield,Unit 4 Stockwell Gate,,United Kingdom,Online,True,4,The Midlands,3.5
29030,Mansfield - Woodhouse,01623 622111,,53.15972,-1.189325,NG19 9AH,Mansfield,11 Leeming Lane South,Mansfield Woodhouse,United Kingdom,Online,True,4,The Midlands,3.5
28143,Sheffield - Chesterfield Road,0114 255 2666,,53.343584,-1.478242,S8 0SD,Sheffield,718/720 Chesterfield Road,,United Kingdom,Online,True,5,The North,3.5
28853,Nottingham - Bulwell,0115 975 5000,,53.011928,-1.190619,NG6 8AH,Nottingham,219 Hucknall Lane,,United Kingdom,Online,True,4,The Midlands,3.5
28814,Clowne,01246 811800,,53.275587,-1.263759,S43 4LJ,Chesterfield,Unit 5 8 Mill Green Way,Clowne,United Kingdom,Online,True,4,The Midlands,3.5
28061,Sheffield - Ecclesall Road,0114 266 9988,,53.370461,-1.490899,S11 8PF,Sheffield,371/373 Ecclesall Road,,United Kingdom,Online,True,5,The North,3.5
29306,Sheffield - Manor Top,0114 350 4000,,53.36039,-1.42905,S12 2SS,Sheffield,Units 8-10 Ridgeway Road,,United Kingdom,Online,True,5,The North,3.5
28897,Sheffield - Killamarsh,0114 248 3338,,53.324601,-1.316301,S21 1FY,Sheffield,Unit 6 Parkside Shopping Centre,Killamarsh,United Kingdom,Online,True,4,The Midlands,3.5
28593,Sheffield - City Centre,0114 278 7878,,53.380056,-1.47936,S1 4EW,Sheffield,167 - 169 West Street,,United Kingdom,Online,True,5,The North,3.5
29029,Sheffield - Crookes,0114 268 2222,,53.385032,-1.507996,S10 1TG,Sheffield,190 A & B Crookes,,United Kingdom,Online,True,5,The North,3.5
28809,Sheffield - Handsworth,0114 288 9696,,53.372075,-1.383666,S13 9DD,Sheffield,439 Handsworth Road,,United Kingdom,Online,True,4,The Midlands,3.5
29028,New Ollerton,01623 862222,,53.203947,-1.008473,NG22 9PL,New Ollerton,Forest Road,,United Kingdom,Online,True,4,The Midlands,3.5
28417,Worksop,01909 479777,,53.325891,-1.133119,S81 7AZ,Worksop,Unit H Celtic Point,Raymoth Lane,United Kingdom,Online,True,4,The Midlands,3.5
29037,Dinnington,01909 560005,,53.369071,-1.210143,S25 2PN,Dinnington,91b Laughton Road,,United Kingdom,Online,True,4,The Midlands,3.5
28912,Retford,01777 711113,,53.321208,-0.941174,DN22 6EA,Retford,6 Spa Lane,,United Kingdom,Online,True,4,The Midlands,2.99
29364,Maltby,01709 222888,CustomerCare@dominoslacl.com,53.42338,-1.19781,S66 7BL,Rotherham,"Unit 3, 77-79 High Street",Maltby,United Kingdom,Online,True,5,The North,3.49
28461,Rotherham - Bramley,01709 701888,CustomerCare@dominoslacl.com,53.424519,-1.256578,S66 2TP,Rotherham,197 Unit C Bawtry Road,,United Kingdom,Online,True,5,The North,3.49
28133,Lincoln - South,01522 693366,,53.203804,-0.580156,LN6 7JL,Lincoln,Unit 1b Lindis Retail Park,"Moorland Close, Tritton Road",United Kingdom,Online,True,4,The Midlands,3.29
28582,Lincoln - Central,01522 569988,,53.219908,-0.544641,LN5 7TE,Lincoln,409-410 High Street,,United Kingdom,Online,True,4,The Midlands,3.29
29254,Lincoln - Ermine,01522 519 900,,53.240066,-0.54592,LN1 3LW,Lincoln,169 Burton Road,,United Kingdom,Online,True,4,The Midlands,3.29
28250,Lincoln - North,01522 519933,,53.242187,-0.510885,LN2 4JA,Lincoln,27 Outer Circle Road,,United Kingdom,Online,True,4,The Midlands,3.29
28886,Gainsborough,01427 615999,,53.399699,-0.774611,DN21 2BE,Lincolnshire,8 Market Street,Gainsborough,United Kingdom,Online,True,4,The Midlands,2.99
29214,Doncaster - Harworth,01302 744060,,53.416897,-1.06237,DN11 8JN,Doncaster,67b Scrooby Road,Harworth,United Kingdom,Online,True,5,The North,2.99
29237,Skegness,01754 492500,saroopan@fabricainv.co.uk,53.143542,0.337313,PE25 3LL,Skegness,17 Lumley Road,,United Kingdom,Online,True,1,East Anglia,2.99
28605,Formby,01704 877077,concerns@dsdominos.com,53.557566,-3.059356,L37 3LN,Formby,Unit 10 The Beacons,5 School Lane,United Kingdom,Online,True,5,The North,3.99
28229,Southport,01704 512512,,53.642932,-3.000675,PR8 6RZ,Southport,2-18 Virginia Street,,United Kingdom,Online,True,5,The North,3.5
29016,Liverpool - Maghull,0151 305 2929,concerns@dsdominos.com,53.516681,-2.943035,L31 0AE,Liverpool,Unit 6 Central Square,,United Kingdom,Online,True,5,The North,3.99
29057,Southport - Churchtown,01704 227711,,53.66146,-2.966199,PR9 7LW,Southport,142b Cambridge Road,,United Kingdom,Online,True,5,The North,3.5
28630,Ormskirk,01695 580444,concerns@dsdominos.com,53.5681106,-2.8871163,L39 3AG,Ormskirk,41 Church Street,,United Kingdom,Online,True,5,The North,3.99
28083,Lytham St Anne's,01253 732222,amin@topacio.co.uk,53.740979,-2.993353,FY8 1DA,Lytham St Anne's,53 Woodlands Road,Ansdell,United Kingdom,Online,True,5,The North,2.99
29171,Skelmersdale,01695 555559,customerservices@fullhouse.uk.com,53.550336,-2.7724754,WN8 6LN,Skelmersdale,Atrium Unit The Concourse  Shopping Centre,,United Kingdom,Online,True,5,The North,2.99
29356,Hesketh Bank,01772 288421,concerns@dsdominos.com,53.6977,-2.83795,PR4 6SN,Preston,2 Station Road,,United Kingdom,Online,True,5,The North,3.99
29021,Blackpool - Squires Gate,01253 344440,amin@topacio.co.uk,53.77978,-3.040161,FY4 2PY,Blackpool,Units 1&2 141 Abbey Road,,United Kingdom,Online,True,5,The North,2.99
27551,Blackpool - South Shore,01253 792212,amin@topacio.co.uk,53.802464,-3.027982,FY4 4BW,Blackpool,483 Waterloo Road,South Shore,United Kingdom,Online,True,5,The North,2.99
28568,Haydock,01942 728800,customerservices@fullhouse.uk.com,53.469278,-2.656418,WA11 0LF,Haydock,Unit 2 286 Church Road,,United Kingdom,Online,True,5,The North,2.99
28323,Blackpool - Central,01253 390444,amin@topacio.co.uk,53.815242,-3.036649,FY3 9DA,Blackpool,67 Whitegate Drive / 231 Palatine Road,,United Kingdom,Online,True,5,The North,2.99
28748,Standish,01257 425155 ,customerservices@fullhouse.uk.com,53.586712,-2.662798,WN6 0HW,Wigan,Unit 1 23 Market Street,Standish,United Kingdom,Online,True,5,The North,2.99
29263,Ashton in Makerfield,01942 311 333,customerservices@fullhouse.uk.com,53.485,-2.639,WN4 9PL,Wigan,The Fat Bull 16 Warrington Road,Ashton In Makerfield,United Kingdom,Online,True,5,The North,2.99
28564,Wigan,01942 498989,customerservices@fullhouse.uk.com,53.542319,-2.637991,WN3 4BF,Wigan,Unit 1 Cottonside,Heritage Way,United Kingdom,Online,True,5,The North,2.99
28406,Leigh,01942 269999,customerservices@fullhouse.uk.com,53.499806,-2.518815,WN7 1QR,Leigh,42a Leigh Road,,United Kingdom,Online,True,5,The North,2.99
28284,Bolton - Westhoughton,01942 841717,amin@topacio.co.uk,53.548155,-2.523106,BL5 3AJ,Westhoughton,Unit 5 Pavilion Square,Cricketers Way,United Kingdom,Online,True,5,The North,3.49
28935,Horwich,01204 696966,amin@topacio.co.uk,53.593872,-2.544625,BL6 5NP,Bolton,256 Chorley New Road,Horwich,United Kingdom,Online,True,5,The North,2.99
28204,Chorley,01257 275511,amin@topacio.co.uk,53.653845,-2.630322,PR7 1BY,Chorley,Unit 1 Flat Iron Parade,New Market St,United Kingdom,Online,True,5,The North,2.99
28987,Buckshaw Village,01772 621113,amin@topacio.co.uk,53.675934,-2.654629,PR7 7LJ,Chorley,Unit 3 Lancaster Way,Buckshaw Village,United Kingdom,Online,True,5,The North,2.99
28234,Leyland,01772 622922,amin@topacio.co.uk,53.697601,-2.690705,PR25 3LZ,Leyland,Unit 3 Churchill Way,Chapel Brow,United Kingdom,Online,True,5,The North,2.99
28424,Bolton - Central,01204 522822,amin@topacio.co.uk,53.573345,-2.434181,BL3 6HE,Bolton,33 Derby Street,,United Kingdom,Online,True,5,The North,2.99
28773,Manchester - Walkden,0161 7038452,amin@topacio.co.uk,53.525785,-2.402021,M28 3ZD,Manchester,Unit 11 Ellesmere Shopping Centre,"Bolton Road, Worsley",United Kingdom,Online,True,5,The North,3.49
28468,Manchester - Eccles,0161 707 1777,,53.481234,-2.357671,M30 0QN,Eccles,311 Liverpool Road,,United Kingdom,Online,True,5,The North,2.99
27548,Swinton,0161 794 7929,amin@topacio.co.uk,53.510983,-2.337489,M27 4AA,Manchester,119 Chorley Road,Swinton,United Kingdom,Online,True,5,The North,3.49
29370,Salford - Pendleton,0161 870 0222,,53.48784,-2.28735,M6 5HG,Salford,47-48 Market Way,,United Kingdom,Online,True,5,The North,3.5
29230,Salford - Trafford Road,0161 359 5222,,53.468438,-2.282813,M5 3AW,Salford,29 Trafford Road,,United Kingdom,Online,True,5,The North,3.5
27546,Manchester - Prestwich,0161 773 9137,,53.518568,-2.271583,M25 0LD,Manchester,36 Bury New Road,Prestwich,United Kingdom,Online,True,5,The North,3.5
28543,Manchester - Whitefield,01617 664581,amin@topacio.co.uk,53.553559,-2.296447,M45 7TA,Whitefield,Unit 3 Elms Square,Bury New Road,United Kingdom,Online,True,5,The North,3.49
28270,Manchester - Chorlton,0161 881 9696,,53.442361,-2.279543,M21 9AN,Manchester,613a Wilbraham Road,Chorlton Cum Hardy,United Kingdom,Online,True,5,The North,3.5
28789,Manchester - Arena,0161 831 9000,,53.48817,-2.24668,M3 1NN,Manchester,Ground Floor Tempus Building,9 Mirabel Street,United Kingdom,Online,True,5,The North,3.5
28506,Manchester - All Saints,0161 273 5666,,53.470323,-2.236199,M1 7HE,Manchester,129 Grosvenor Street,,United Kingdom,Online,True,5,The North,3.5
28572,Bolton - North,01204 304400,amin@topacio.co.uk,53.601953,-2.432432,BL1 7AL,Bolton,590-592 Blackburn Road,,United Kingdom,Online,True,5,The North,2.99
28387,Bury,0161 272 0002,,53.592756,-2.311401,BL8 2AH,Bury,89 Bolton Road,,United Kingdom,Online,True,5,The North,2.99
28810,Manchester - Ancoats,0161 272 6663,,53.47925,-2.221949,M4 7DB,Manchester,Unit 2 234 Great Ancoats Street,,United Kingdom,Online,True,5,The North,3.5
29319,Manchester - Harpurhey,0161 383 7111,,53.51265,-2.21192,M9 4DH,Manchester,Unit 14 Harpurhey Shopping Centre,Lee Road,United Kingdom,Online,True,5,The North,3.5
27547,Manchester - Fallowfield,0161 257 3832,,53.444079,-2.218698,M14 6LE,Manchester,224 Wilmslow Road,Fallowfield,United Kingdom,Online,True,5,The North,3.5
28728,Manchester - Middleton,0161 643 9888,,53.550865,-2.195524,M24 1AG,Middleton,11 Old Hall Street,,United Kingdom,Online,True,5,The North,3.5
28607,Manchester - Openshaw,0161 223 0099,,53.473449,-2.177632,M11 2SL,Openshaw,Unit 2 Ashton Old Road,,United Kingdom,Online,True,5,The North,3.29
28661,Heywood,01706364444,,53.593806,-2.224411,OL10 1JP,Heywood,1 Pitt Street,,United Kingdom,Online,True,5,The North,3.5
28793,Manchester - Failsworth,0161 688 8777,,53.508061,-2.163708,M35 0HB,Manchester,Unit 2 292 Oldham Road,Failsworth,United Kingdom,Online,True,5,The North,3.5
28430,Ashton-Under-Lyne,0161 339 5999,,53.486901,-2.095221,OL6 7LP,Ashton-under-lyne,218 Stamford Street,,United Kingdom,Online,True,5,The North,2.99
28615,Oldham,0161 652 1112,,53.546322,-2.091529,OL4 2AH,Oldham,Unit 5 Huddersfield Road,,United Kingdom,Online,True,5,The North,2.99
28420,Rochdale,01706 644448,amin@topacio.co.uk,53.621774,-2.132766,OL16 2US,Rochdale,Unit 3 Mayfield Retail Scheme,Albert Royd's Road,United Kingdom,Online,True,5,The North,2.99
28768,Huddersfield - Honley,01484 666000,customerservices@dsgroups.co.uk,53.604634,-1.788442,HD9 6PE,Huddersfield,1 Huddersfield Road,Honley,United Kingdom,Online,True,5,The North,3.5
28377,Huddersfield - Central,01484 450777,customerservices@dsgroups.co.uk,53.650681,-1.783909,HD1 5AT,Huddersfield,Unit A St Johns Road,,United Kingdom,Online,True,5,The North,3.5
28750,Huddersfield - Wakefield Road,01484 548300,customerservices@dsgroups.co.uk,53.645216,-1.73712,HD5 9XP,Huddersfield,603-605 Wakefield Road,,United Kingdom,Online,True,5,The North,3.5
29256,Todmorden,01706 335522,,53.713522,-2.097083,OL14 5AD,Todmorden,8 Halifax Road,,United Kingdom,Online,True,5,The North,2.49
28374,Halifax,01422 366166,,53.721215,-1.860016,HX1 1DE,Halifax,4 To 5 Southgate House,Wards End,United Kingdom,Online,True,5,The North,3.49
28442,Brighouse,01484 718833,,53.702322,-1.781237,HD6 1AQ,Brighouse,76 Commercial Street,,United Kingdom,Online,True,5,The North,2.99
28989,Sheffield - Fox Valley,0114 288 8882,,53.48313,-1.58835,S36 2AE,"Stocksbridge, Sheffield",1 Harry Brearley House,6 Fox Valley Way,United Kingdom,Online,True,5,The North,2.99
29096,Rawtenstall,01706 215353,amin@topacio.co.uk,53.697695,-2.295038,BB4 6HW,Rawtenstall,Unit 6 Swanney Lodge Road,,United Kingdom,Online,True,5,The North,3.49
28451,Barnsley,01226 731111,,53.55241,-1.48506,S70 2RL,Barnsley,53 Peel Street,,United Kingdom,Online,True,5,The North,2.99
28547,Sheffield - Chapeltown,01142 457 332,CustomerCare@dominoslacl.com,53.463175,-1.465241,S35 2XH,Sheffield,16c Station Road,Chapeltown,United Kingdom,Online,True,5,The North,3.49
29431,Hoyland,01226 395300,CustomerCare@dominoslacl.com,53.501021,-1.438441,S74 9QR,Barnsley,6b Market Street,Hoyland,United Kingdom,Online,True,5,The North,3.49
28379,Sheffield - Wadsley Bridge,0114 232 2232,,53.422304,-1.492072,S6 1LH,Sheffield,Unit 1 Wadsley Precinct,162 Halifax Road,United Kingdom,Online,True,5,The North,3.5
29255,Barnsley - Stairfoot,01226 447744,,53.545687,-1.440082,S70 3PE,Barnsley,522a Doncaster Road,,United Kingdom,Online,True,5,The North,2.99
28685,Wath Upon Dearne,01709 874744,CustomerCare@dominoslacl.com,53.510362,-1.356464,S63 7FN,Wath  Upon Dearne,Unit 6 Onyx Retail Park,Harris Hawk Way,United Kingdom,Online,True,5,The North,3.49
28847,Rotherham - Central,01709 838881,CustomerCare@dominoslacl.com,53.433648,-1.363319,S60 1RF,Rotherham,Unit 2 Greasborough Street,,United Kingdom,Online,True,5,The North,3.49
28217,Wakefield - Horbury Road,01924 374333,comments@dominosyorkshire.com,53.677009,-1.517398,WF2 8UB,Wakefield,Unit 1 Horbury Road,,United Kingdom,Online,True,5,The North,2.99
29200,Mexborough,01709 584422,CustomerCare@dominoslacl.com,53.493524,-1.290813,S64 9AB,Mexborough,49-51 High Street,,United Kingdom,Online,True,5,The North,3.49
28874,Hemsworth,01977 625888,,53.612233,-1.353424,WF9 4JY,Hemsworth,Unit 1 Becca House,Market Street,United Kingdom,Online,True,5,The North,2.99
29020,Wakefield - Chantry Bridge,01924 239999,comments@dominosyorkshire.com,53.67766,-1.489853,WF1 5PL,Wakefield,Unit 4 Triangle House,257 Kirkgate,United Kingdom,Online,True,5,The North,2.99
28567,Heckmondwike,01924 407500,customerservices@dsgroups.co.uk,53.708592,-1.677447,WF16 9QD,Heckmondwike,11 Greenside,,United Kingdom,Online,True,5,The North,3.5
29065,Cleckheaton,01274 864446,,53.724302,-1.713075,BD19 5AF,Cleckheaton,17 Cheapside,,United Kingdom,Online,True,5,The North,2.5
28544,Leeds - Morley,0113 252 9549,,53.744533,-1.59969,LS27 8QG,Leeds,12 Peel Street,Morley,United Kingdom,Online,True,5,The North,3.5
29321,Leeds - Middleton,0113 831 5800,,53.74821,-1.54886,LS10 4LS,Leeds,95 Middleton Park Road,,United Kingdom,Online,True,5,The North,3.5
28838,Doncaster - Scawsby,01302 788777,,53.536898,-1.16812,DN5 8QE,Doncaster,Unit 5 Barnsley Road,Scawsby,United Kingdom,Online,True,5,The North,2.99
28555,Pontefract,01977 701890,customerservices@dsgroups.co.uk,53.693351,-1.306642,WF8 1QD,Pontefract,62 Horsefair Road,,United Kingdom,Online,True,5,The North,3.5
29084,Castleford,01977 555885,customerservices@dsgroups.co.uk,53.71081,-1.34219,WF10 4TA,Castleford,Unit 26a Xscape,Colorado Way,United Kingdom,Online,True,5,The North,3.5
28541,Leeds - Oulton,0113 282 3666,,53.751019,-1.448002,LS26 8HP,Leeds,62 Aberford Road,Oulton,United Kingdom,Online,True,5,The North,3.5
28680,Bradford - Buttershaw,01274 744446,comments@dominosyorkshire.com,53.768448,-1.763099,BD5 8NN,Bradford,1060a Manchester Road,,United Kingdom,Online,True,5,The North,2.99
28261,Doncaster,01302 761200,,53.51656,-1.115374,DN4 5DS,Doncaster,Unit 1 232 Carr House Road,,United Kingdom,Online,True,5,The North,2.99
28313,Leeds - Pudsey,01132 394666,dominos_pudsey@live.com,53.792655,-1.668955,LS28 7RZ,Leeds,19 Chapeltown,Pudsey,United Kingdom,Online,True,5,The North,2.99
29033,Leeds - Wortley,0113 263 0000,,53.795649,-1.620442,LS13 4LS,Leeds,Unit 4 Pudsey Road,,United Kingdom,Online,True,5,The North,3.5
28887,Leeds - Burley Road,0113 245 8889,,53.802337,-1.564948,LS3 1JG,Leeds,Unit 3 The Triangle,2 Burley Road,United Kingdom,Online,True,5,The North,3.5
28893,Doncaster - Dunscroft,01302 352666,,53.58201,-1.012593,DN7 4JS,Doncaster,"Unit 1 The Abbey, Station Road",Dunscroft,United Kingdom,Online,True,5,The North,2.99
29000,Goole,01405 761111,,53.704342,-0.873567,DN14 5DE,Goole,49-51 Boothferry Road,,United Kingdom,Online,True,5,The North,2.49
29067,Selby,01757 600777 ,concerns@dsdominos.com,53.783654,-1.070081,YO8 4QB,Selby,Unit A 4-6 New Lane,,United Kingdom,Online,True,5,The North,3.99
29135,Sherburn in Elmet,01977 600500,concerns@dsdominos.com,53.7969369,-1.2518232,LS25 6BG,Sherburn In Elmet,10 Low Street,,United Kingdom,Online,True,5,The North,3.99
29066,Leeds - Garforth,0113 287 7773,comments@dominosyorkshire.com,53.79484,-1.388031,LS25 1AA,Leeds,42 Main Street,Garforth,United Kingdom,Online,True,5,The North,2.99
28523,Scunthorpe,01724 840111,CustomerCare@dominoslacl.com,53.56689,-0.651187,DN16 2SD,Scunthorpe,275-277 Ashby High Street,,United Kingdom,Online,True,5,The North,3.49
28486,Leeds - Crossgates,0113 264 6666,comments@dominosyorkshire.com,53.808055,-1.454693,LS15 7NL,Leeds,122a Crossgates Road,Crossgates,United Kingdom,Online,True,5,The North,2.99
28872,Hull - Hessle,01482 644445,,53.724424,-0.435856,HU13 9LG,Hessle,1-3 Swinegate,,United Kingdom,Online,True,5,The North,2.99
28444,Hull - County Road South,01482 561100,,53.754905,-0.399474,HU5 5NA,Hull,136 County Road South,,United Kingdom,Online,True,5,The North,2.99
29004,Hull - City Centre,01482 228691,,53.743929,-0.344274,HU1 3QT,Hull,10-14 Paragon Square,,United Kingdom,Online,True,5,The North,2.99
28906,Market Weighton,01430 335377,concerns@dsdominos.com,53.862281,-0.66372,YO43 3BG,Market Weighton,Units 5 & 6 Southgate,,United Kingdom,Online,True,5,The North,3.99
28370,Hull - Beverley Road,01482 478000,,53.767466,-0.354065,HU5 1LX,Hull,Unit 1 Newlands House,Beverley Road,United Kingdom,Online,True,5,The North,2.79
29231,Hull - Kingswood,01482 739688 ,,53.79246,-0.35262,HU7 3DB,Hull,"Unit F, Kingswood Leisure Park Gibraltar Road",Kingswood,United Kingdom,Online,True,5,The North,2.99
28767,Hull - Holderness Road,01482 782111 ,,53.764653,-0.293937,HU8 9AL,Hull,633 Holderness Road,,United Kingdom,Online,True,5,The North,2.99
28521,Grimsby - West,01472 871959,,53.551016,-0.125421,DN34 5NU,Grimsby,470 Laceby Road,,United Kingdom,Online,True,4,The Midlands,2.99
28843,Beverley,01482 871800,,53.845054,-0.431366,HU17 9ET,Beverley,1 Norwood,,United Kingdom,Online,True,5,The North,2.99
28385,Grimsby - Central,01472 348444,,53.570801,-0.081718,DN31 1PS,Grimsby,Unit 3 Palace Court,Victoria Street,United Kingdom,Online,True,4,The Midlands,2.99
29069,Cleethorpes,01472 468 468,,53.559247,-0.031165,DN35 8HF,Cleethorpes,51 St Peters Avenue,,United Kingdom,Online,True,4,The Midlands,2.99
29360,Newry - Warrenpoint Road,028 3001 3222,,54.165454,-6.33343,BT34 2PF,Newry,Greenbank Service Station,Warrenpoint Road,United Kingdom,Online,True,8,Northern Ireland,2.99
28396,Newry - Belfast road,028 3026 8168,,54.193516,-6.333943,BT34 1QA,Newry,Unit 1 50 Belfast Road,,United Kingdom,Online,True,8,Northern Ireland,2.99
29390,Kilkeel,028 4010 3333,,54.06402,-6.003183,BT34 4AF,Newry,21/21a Newcastle Street,Kilkeel,United Kingdom,Online,True,8,Northern Ireland,2.99
29296,Newcastle (NI),028 4305 3555,,54.214413,-5.887361,BT33 0AL,Newcastle,4 Railway Street,,United Kingdom,Online,True,8,Northern Ireland,2.99
28984,Downpatrick,028 4461 2222,,54.326497,-5.715441,BT30 6DW,Downpatrick,32 St. Patricks Avenue,,United Kingdom,Online,True,8,Northern Ireland,2.99
28600,Douglas,01624 662552,comments@dominosyorkshire.com,54.151727,-4.504341,IM2 1DU,Douglas,Groves Road,,United Kingdom,Online,True,5,The North,3.49
29015,IOM - Onchan,01624 662288,comments@dominosyorkshire.com,54.175473,-4.456162,IM3 4EA,Douglas,Unit 24b The Village Walk,Onchan,United Kingdom,Online,True,5,The North,3.49
28499,Barrow-in-Furness - Walney Road,01229 823000,,54.123741,-3.238744,LA14 5UG,Barrow-in-furness,Unit 1 Cocken Valley Leisure  Scheme,Walney Road,United Kingdom,Online,True,5,The North,2.99
29132,Barrow-in-Furness - Roose Road,01229 822266,,54.111741,-3.200862,LA13 0EE,Barrow In Furness,182 Roose Road,,United Kingdom,Online,True,5,The North,2.99
28903,Fleetwood,01253 877767,amin@topacio.co.uk,53.919297,-3.030544,FY7 7LA,Fleetwood,286 Poulton Road,,United Kingdom,Online,True,5,The North,2.99
27554,Blackpool - North Shore,01253 352222,amin@topacio.co.uk,53.832708,-3.04062,FY2 0TN,Blackpool,279 Devonshire Road,North Shore,United Kingdom,Online,True,5,The North,2.99
28117,Thornton Cleveleys,01253 862222,amin@topacio.co.uk,53.875629,-3.012054,FY5 4AF,Blackpool,76 Fleetwood Road North,,United Kingdom,Online,True,5,The North,2.99
29298,Poulton-Le-Fylde,01253 201442,amin@topacio.co.uk,53.848,-2.993,FY6 7BX,Poulton-le-fylde,3-5 Tithebarn Street,,United Kingdom,Online,True,5,The North,2.99
28823,Morecambe,01524 833822,customerservices@dsgroups.co.uk,54.070283,-2.870243,LA4 4DD,Morecambe,Part Unit 2 Hilmore Way,Central Drive,United Kingdom,Online,True,5,The North,3.5
28394,Lancaster,01524 848999,customerservices@dsgroups.co.uk,54.049556,-2.79942,LA1 1NP,Lancaster,20 Church Street,,United Kingdom,Online,True,5,The North,3.5
28693,Preston - West,01772 726700,amin@topacio.co.uk,53.77183,-2.724179,PR2 2DZ,Ashton On Ribble,Unit 1b Tulketh Mill,Blackpool Road,United Kingdom,Online,True,5,The North,2.99
28152,Preston,01772 202222,amin@topacio.co.uk,53.769897,-2.691245,PR1 6LL,Preston,279 Deepdale Road,,United Kingdom,Online,True,5,The North,2.99
29334,Longridge,01772 969696,s29334@dominos.co.uk,53.83242,-2.60526,PR3 3NH,Preston,53-57 Berry Lane,Longridge,United Kingdom,Online,True,1,East Anglia,3.49
28645,Bamber Bridge,01772 337500,amin@topacio.co.uk,53.730166,-2.661612,PR5 6TP,Preston,148 Station Road,Bamber Bridge,United Kingdom,Online,True,5,The North,2.99
28794,Blackburn,01254 689999,amin@topacio.co.uk,53.73673,-2.48866,BB2 3LP,Blackburn,Unit 2 Royal Retail Park,Infirmary Road,United Kingdom,Online,True,5,The North,2.99
28997,Great Harwood,01254 888 845,,53.785973,-2.403023,BB6 7AL,Blackburn,92-98 Queen Street,Great Harwood,United Kingdom,Online,True,5,The North,3.29
28943,Accrington,01254 301 300,,53.7549779,-2.3682638,BB5 1QF,Accrington,1 The Viaduct,Hyndburn Road,United Kingdom,Online,True,5,The North,3.29
28463,Burnley,01282 422 666,,53.792053,-2.239149,BB11 2DL,Burnley,56a Church Street,,United Kingdom,Online,True,5,The North,2.99
28840,Colne,01282 866613,,53.856975,-2.165163,BB8 0HS,Colne,70 Market Street,,United Kingdom,Online,True,5,The North,3.29
28445,Kendal - New Road,01539 722799,,54.328365,-2.7426,LA9 4AY,Kendal,11 New Road,,United Kingdom,Online,True,5,The North,2.99
29194,Skipton,01756 799666,comments@dominosyorkshire.com,53.960149,-2.019174,BD23 1RD,Skipton,34 Swadford Street,,United Kingdom,Online,True,5,The North,2.99
28457,Keighley,01535 690690 ,,53.874529,-1.892907,BD21 4AW,Keighley,251 Bradford Road,,United Kingdom,Online,True,5,The North,2.99
29097,Bingley,01274 566667,,53.848687,-1.8383,BD16 2HT,Bingley,95 Main Street,,United Kingdom,Online,True,5,The North,2.99
28901,Ilkley,01943 600037,,53.924396,-1.819601,LS29 8HD,Ilkley,4 Springs Pavement,Springs Lane,United Kingdom,Online,True,5,The North,3.5
28443,Bradford - Lidget Green,01274 499299,comments@dominosyorkshire.com,53.797375,-1.783963,BD8 9AP,Bradford,Unit A Ingleby Road Retail  Park,Duncombe Street,United Kingdom,Online,True,5,The North,2.99
28178,Bradford - Eccleshill,01274 631111,comments@dominosyorkshire.com,53.81678,-1.734835,BD2 4ST,Bradford,Unit 5 Bolton Road,,United Kingdom,Online,True,5,The North,2.99
28268,Leeds - Guiseley,01943 877785,,53.874112,-1.714198,LS20 8BH,Leeds,119 Otley Road,Guiseley,United Kingdom,Online,True,5,The North,3.5
28458,Leeds - Horsforth,0113 281 8111,,53.833402,-1.648137,LS18 4DR,Leeds,257 New Road Side,,United Kingdom,Online,True,5,The North,3.5
28252,Leeds - Headingley,0113 289 9559,,53.823434,-1.580832,LS6 3NX,Leeds,12 St Annes Road,Headingley,United Kingdom,Online,True,5,The North,3.5
27556,Harrogate - West,01423 873737,concerns@dsdominos.com,53.977663,-1.533806,HG2 8BE,Harrogate,75d Leeds Road,,United Kingdom,Online,True,5,The North,3.99
28540,Leeds - Central,0113 243 0226,,53.8014666,-1.5430997,LS2 8NJ,Leeds,47-49 Wade Lane,,United Kingdom,Online,True,5,The North,3.5
27559,Leeds - Roundhay,0113 266 4488,,53.845002,-1.510885,LS8 2AL,Leeds,88 Street Lane,,United Kingdom,Online,True,5,The North,2.99
28697,Harrogate - East,01423 888001,concerns@dsdominos.com,53.996004,-1.5149,HG2 7LT,Harrogate,55 Knaresborough Road,,United Kingdom,Online,True,5,The North,3.99
29272,Wetherby,01937 221850,concerns@dsdominos.com,53.92899,-1.38722,LS22 6LL,Wetherby,Westgate House,3 Westgate,United Kingdom,Online,True,5,The North,3.99
28958,Ripon,01765 600069,,54.137872,-1.523776,HG4 1DP,Ripon,82 North Street,,United Kingdom,Online,True,5,The North,2.99
28896,York - Acomb,01904 781777,,53.955922,-1.122839,YO24 4LN,York,47 York Road,Acomb,United Kingdom,Online,True,5,The North,3.5
28423,York - Clifton Moor,01904 690000,,53.985506,-1.100798,YO30 4WL,Clifton Moor,Unit 3 Tower Court,Oakdale Road,United Kingdom,Online,True,5,The North,3.5
28991,York - Hull Road,01904 411118,,53.954264,-1.058173,YO10 3JW,York,8 Matmer House,Hull Road,United Kingdom,Online,True,5,The North,3.5
28556,Mobile Unit 1,0,,53.945951,-1.054215,L38 3RB,Crosby,Farm Gorsey Lane,,United Kingdom,Offline,True,4,The Midlands,3.5
29399,York - Haxby,01904 238999,,54.016001,-1.073057,YO32 3SA,York,"3 Ryedale Court, The Village",Haxby,United Kingdom,Offline,True,5,The North,0.0
29017,Driffield,01377 305000,,54.005788,-0.439927,YO25 6AN,Driffield,45 Market Place,,United Kingdom,Online,True,5,The North,2.99
29094,Bridlington,01262 341341,,54.082864,-0.189222,YO15 2PY,Bridlington,19-21 Promenade,,United Kingdom,Online,True,5,The North,2.99
28465,Scarborough,01723 366 996,,54.283842,-0.403692,YO11 1BG,Scarborough,19 Castle Road,,United Kingdom,Online,True,5,The North,2.99
29152,Enniskillen,028 6632 4252,,54.343245,-7.629746,BT74 6HQ,Enniskillen,9 Dublin Road,,United Kingdom,Online,True,8,Northern Ireland,2.99
28536,Omagh,028 8224 3377,,54.602718,-7.308049,BT78 5DR,Omagh,Unit 1 Retail Park,Derry Road,United Kingdom,Online,True,8,Northern Ireland,2.99
28883,Dungannon,028 8772 7774,,54.502252,-6.771512,BT70 1BJ,Dungannon,70 Scotch Street,,United Kingdom,Online,True,8,Northern Ireland,2.99
28599,Armagh,028 3751 1115,,54.347669,-6.649877,BT61 9AJ,Armagh,Unit 8 The Mall West,,United Kingdom,Online,True,8,Northern Ireland,2.99
29403,Coalisland,028 8710 3888,,54.540183,-6.701986,BT71 4LN,Coalisland,44 The Square,,United Kingdom,Online,True,8,Northern Ireland,2.99
28851,Portadown,028 3833 8777,,54.411902,-6.454913,BT62 3DN,Portadown,Units 3-4 111 Armagh Road,,United Kingdom,Online,True,8,Northern Ireland,2.99
28462,Lurgan,028 3832 9000,,54.457295,-6.355456,BT66 8RL,Lurgan,Unit 2 2 Gilpinstown Road,,United Kingdom,Online,True,8,Northern Ireland,2.99
28591,Banbridge,028 4066 0770,,54.34757,-6.27125,BT32 3EA,Banbridge,55 Newry Street,,United Kingdom,Online,True,8,Northern Ireland,2.99
29124,Cookstown,02886 761116,,54.647346,-6.744607,BT80 8AX,Cookstown,33 William Street,,United Kingdom,Online,True,8,Northern Ireland,1.99
29336,Moira,028 3075 6666,,54.494501,-6.20994,BT67 0JW,Craigavon,Glenavy Road,,United Kingdom,Online,True,8,Northern Ireland,2.99
28244,Lisburn,028 9267 6867,Customerservice@dominosireland.com,54.509832,-6.053504,BT28 1TP,Lisburn,Unit 2 48-52 Longstone Street,,United Kingdom,Online,True,8,Northern Ireland,3.5
29389,Ballynahinch,028 9734 3000,,54.40042,-5.89841,BT24 8AG,Ballynahinch,16 Dromore Street,,United Kingdom,Online,True,8,Northern Ireland,2.99
29335,Belfast - Dunmurry,028 9099 8222,Customerservice@dominosireland.com,54.55018,-6.00709,BT17 9SB,Belfast,225 Kingsway,Dunmurry,United Kingdom,Online,True,8,Northern Ireland,3.5
28403,Belfast - West,028 9062 9898,Customerservice@dominosireland.com,54.575623,-5.9767,BT11 9AP,Belfast,Unit 3 Business Park,Kennedy Way,United Kingdom,Online,True,8,Northern Ireland,3.5
28877,Belfast - Saintfield Road,028 9079 6000,Customerservice@dominosireland.com,54.557546,-5.908037,BT8 7HN,Belfast,81 Saintfield Road,,United Kingdom,Online,True,8,Northern Ireland,3.5
28099,Belfast - South,028 9024 4222,Customerservice@dominosireland.com,54.587752,-5.935575,BT9 6AA,Belfast,2 Lisburn Road,,United Kingdom,Online,True,8,Northern Ireland,3.5
28129,Belfast - East,028 9070 3222,Customerservice@dominosireland.com,54.578086,-5.872704,BT5 6QD,Belfast,226/228 Knock Road,,United Kingdom,Online,True,8,Northern Ireland,3.5
28332,Belfast - North,028 9075 7475,Customerservice@dominosireland.com,54.616021,-5.937392,BT15 2GZ,Belfast,235 Antrim Road,,United Kingdom,Online,True,8,Northern Ireland,3.5
28534,Antrim,028 9446 3111,,54.713559,-6.214019,BT41 4BA,Antrim,66-68 Church Street,,United Kingdom,Online,True,8,Northern Ireland,2.99
29331,Belfast - Ballyhackamore,028 96934111,Customerservice@dominosireland.com,54.59492,-5.86411,BT4 3JH,Belfast,311 - 313 Upper Newtownards Rd,,United Kingdom,Online,True,8,Northern Ireland,3.5
29442,Comber,028 9165 0000,,54.551437,-5.748914,BT23 5DY,Comber,61 Castle Street,,United Kingdom,Offline,True,8,Northern Ireland,0.0
29162,Belfast - East Point Entertainment Village,028 9048 9000,Customerservice@dominosireland.com,54.589346,-5.820293,BT16 1YG,Dundonald,Unit 1a East Point  Entertainment Village,Old Dundonald Road,United Kingdom,Online,True,8,Northern Ireland,3.5
28585,Newtownards,028 9181 7300,,54.596072,-5.683474,BT23 7EU,Newtownards,Unit 4 44 - 54 Donaghadee Road,,United Kingdom,Online,True,8,Northern Ireland,2.99
29355,Holywood,02895 313555,,54.645155,-5.816074,BT18 0NE,Holywood,45 Bangor Road,,United Kingdom,Online,True,8,Northern Ireland,2.99
28307,Glengormley,028 9077 8000,Customerservice@dominosireland.com,54.665337,-5.948914,BT36 7QZ,Glengormley,162 Antrim Road,,United Kingdom,Online,True,8,Northern Ireland,3.5
29328,Belfast - Newtownabbey,028 9693 4444,Customerservice@dominosireland.com,54.66534,-5.91245,BT37 9NY,North Belfast,76 Doagh Road,Newtownabbey,United Kingdom,Online,True,8,Northern Ireland,3.5
28183,Bangor - Abbey Street (NI),028 9146 9696,,54.656875,-5.673042,BT20 4JB,Bangor,96 Abbey Street,,United Kingdom,Online,True,8,Northern Ireland,2.99
29292,Bangor - Ashbury (NI),028 9109 3444,,54.64796,-5.63749,BT19 6TH,Bangor,Unit 11 Ashbury Shopping Centre,,United Kingdom,Online,True,8,Northern Ireland,2.99
28651,Carrickfergus,028 9336 4555,Customerservice@dominosireland.com,54.718005,-5.819377,BT38 8HQ,Carrickfergus,Unit 6c Woodburn Road,,United Kingdom,Online,True,8,Northern Ireland,3.5
29059,Whitehaven,01946 696936,,54.550694,-3.587669,CA28 7UZ,Whitehaven,34-35 Tangier Street,,United Kingdom,Online,True,5,The North,2.99
28977,Workington,01900 606909,,54.643503,-3.545923,CA14 3DZ,Workington,Unit S40a Washington Square  Shopping Centre,,United Kingdom,Online,True,5,The North,2.49
29229,Cockermouth,01900 510130,,54.662879,-3.36417,CA13 9QW,Cockermouth,23 Station Street,,United Kingdom,Online,True,5,The North,2.79
29258,Bowness-on-Windermere,01539 445888,,54.363718186369354,-2.920900941448725,LA23 3DE,Bowness-on-windermere,Lake Road,,United Kingdom,Online,True,5,The North,3.99
28894,Penrith - Cornmarket,01768 862226,customerservices@dsgroups.co.uk,54.663679,-2.753432,CA11 7HS,Cumbria,25 Cornmarket,Penrith,United Kingdom,Online,True,5,The North,3.5
28879,Catterick Garrison,01748 833338,,54.376045,-1.723573,DL9 3BA,Catterick Garrison,Unit 15a Princes Gate  Shopping Park,Richmond Road,United Kingdom,Online,True,5,The North,2.99
28980,Northallerton,01609624400,,54.340739,-1.432474,DL6 1ND,Northallerton,Parkway House,East Road,United Kingdom,Online,True,5,The North,2.99
28148,Darlington,01325 250250,,54.528773,-1.552865,DL1 1RL,Darlington,138/140 Northgate,,United Kingdom,Online,True,5,The North,2.99
28771,Bishop Auckland,01388 663399,,54.640208,-1.693492,DL14 9TT,Bishop Auckland,Unit 14 Bishop Auckland Trade  Park,St Helen Auckland,United Kingdom,Online,True,5,The North,2.99
29023,Newton Aycliffe,01325 613333,,54.621195,-1.569479,DL5 4DH,Newton Aycliffe,Unit 3 Greenwell Road,,United Kingdom,Online,True,5,The North,2.99
29236,Ingleby Barwick,01642 039777,,54.527603,-1.292867,TS17 9LN,Stockton On Tees,Unit 2 Fleck Way Teesside Industrial Estate,Thornaby,United Kingdom,Online,True,5,The North,2.99
28515,Stockton on Tees,01642 671555,,54.563978,-1.314892,TS18 1DB,Stockton On Tees,17 Prince Regent Street,,United Kingdom,Online,True,5,The North,2.99
29393,Middlesbrough - Coulby Newham,01642 917444,,54.52299,-1.220906,TS8 0GD,Middlesborough,Unit 2 Hamsterley Way,Coulby Newham,United Kingdom,Online,True,5,The North,2.99
28639,Middlesbrough - Linthorpe Road,01642 213000,,54.572083,-1.237923,TS1 3RB,Middlesbrough,160-162 Linthorpe Road,,United Kingdom,Online,True,5,The North,2.99
29190,Middlesbrough - Ormesby Road,01642 978888,,54.562704,-1.205842,TS3 7FB,Middlesbrough,Unit 2 Park Parade,,United Kingdom,Online,True,5,The North,2.99
29184,Wolviston,01740 481481,,54.628254,-1.305862,TS22 5PZ,Stockton,Wolviston Service Station,Wolviston,United Kingdom,Online,True,5,The North,2.99
29247,Guisborough,01287 852555,,54.5316,-1.056879,TS14 7DL,Guisborough,Unit 2,Cleveland Gate Retail Park,United Kingdom,Online,True,5,The North,2.99
29102,Spennymoor,01388 330330,,54.705957,-1.56636,DH6 5JQ,Durham,Unit 2 Thinford Park,Thinford,United Kingdom,Online,True,5,The North,2.99
29339,Crook,01388 418888,,54.714303,-1.745215,DL15 8NE,Crook,7 South Street,,United Kingdom,Online,True,5,The North,2.99
29232,Hartlepool - Catcote Road,01429 716099,,54.671735,-1.236388,TS25 4HG,Hartlepool,Unit 36a Catcote Road,,United Kingdom,Online,True,5,The North,2.99
28479,Redcar,01642 480 888,,54.60246,-1.075908,TS10 4NY,Redcar,Unit 6 Roseberry Shopping  Centre,Roseberry Road,United Kingdom,Online,True,5,The North,2.99
29246,Skelton,01287 852888,,54.56718,-0.96165,TS12 2ZL,Saltburn-by-the-sea,Unit 3,Pheasant Fields Lane Skelton-in-cleveland,United Kingdom,Online,True,5,The North,2.99
28410,Hartlepool - Central,01429 279999,,54.681359,-1.216323,TS26 9EA,Hartlepool,178 York Road,,United Kingdom,Online,True,5,The North,2.99
29291,Whitby,01947 280222,,54.486,-0.614,YO21 1DH,Whitby,Unit 7a New Quay Road,,United Kingdom,Online,True,5,The North,2.99
29074,Hartlepool - Bishop Cuthbert,01429 716000,,54.707061,-1.248916,TS26 0BF,Hartlepool,Unit 1 Middle Warren Local Centre,Mulberry Rise,United Kingdom,Online,True,5,The North,2.99
29183,Strabane,028 7188 0999,,54.830007,-7.466924,BT82 8EQ,Strabane,Unit 3 The Pavilion Retail Park,41 Railway Street,United Kingdom,Online,True,8,Northern Ireland,1.99
28306,Derry - Londonderry - Spencer Road,028 7131 8788,,54.989047,-7.314773,BT47 2BT,Londonderry,1 Victoria Court,Victoria Road,United Kingdom,Online,True,8,Northern Ireland,2.99
28812,Derry - Londonderry - Strand Road,028 7136 6669,,55.007386,-7.318644,BT48 7PB,Derry,124 Strand Road,,United Kingdom,Online,True,8,Northern Ireland,2.99
29300,Derry - Londonderry - Skeoge,028 7125 3333,,55.037172,-7.330665,BT48 8TE,Derry,Unit 3 Skeoge Neighbourhood Centre,1 Glenabbey Close,United Kingdom,Online,True,8,Northern Ireland,2.99
29441,Maghera,028 7910 3000,,54.844346,-6.674122,BT46 5DA,Maghera,7a Hall Street,,United Kingdom,Online,True,8,Northern Ireland,2.99
28996,Magherafelt,028 7963 3331,,54.755308,-6.610156,BT45 5AN,Magherafelt,Unit 5 Rainey Street Park,,United Kingdom,Online,True,8,Northern Ireland,2.99
29340,Limavady,028 7710 3222,,55.03716,-6.94032,BT49 9EY,Limavady,19 Ballyquin Road,,United Kingdom,Online,True,8,Northern Ireland,2.99
29445,Ahoghill,028 2501 3888,,54.851727,-6.365849,BT42 1JZ,Ballymena,8-10 The Diamond,Ahoghill,United Kingdom,Online,True,8,Northern Ireland,2.99
28334,Ballymena - Central,028 2565 9999,,54.865309,-6.279752,BT43 5HB,Ballymena,1 Smithfield Place,,United Kingdom,Online,True,8,Northern Ireland,2.99
29417,Ballymena - Herbison Square,028 2501 3111,,54.877031,-6.270457,BT43 6HS,Ballymena,3 Herbison Square,,United Kingdom,Online,True,8,Northern Ireland,2.99
29372,Ballymoney,028 2701 3333,,55.070713,-6.503089,BT53 7AB,Ballymoney,2a Ballymena Road,,United Kingdom,Online,True,8,Northern Ireland,2.99
28724,Ballyclare,028 9332 2221,,54.752723,-6.001312,BT39 9BB,Ballyclare,50 The Square,,United Kingdom,Online,True,8,Northern Ireland,2.99
28646,Larne,02828 275555,,54.846644,-5.809521,BT40 1FD,Larne,Unit 3 Port Of Larne Retail &  Leisure Park,Redlands Road,United Kingdom,Online,True,8,Northern Ireland,1.99
29352,Stranraer,01776 744444,,54.90461,-5.02481,DG9 7EB,Stranraer,10/12 St Andrew Street,,United Kingdom,Online,True,7,Scotland,2.49
28475,Dumfries,01387 266466,,55.066421,-3.611102,DG1 2RX,Dumfries,77-79 Whitesand Road,,United Kingdom,Online,True,7,Scotland,2.99
29395,Annan,01461 380500,,54.987435,-3.260092,DG12 6DW,Annan,108-110 High Street,,United Kingdom,Online,True,7,Scotland,2.99
29013,Carlisle - Wigton Road,01228 599588,wigtonroadoffice@gmail.com,54.888086,-2.962039,CA2 7EX,Carlisle,Units 3-4 Old Raffles Parade,,United Kingdom,Online,True,5,The North,2.99
28355,Carlisle - London Road,01228 595955,wigtonroadoffice@gmail.com,54.888497,-2.925366,CA1 2JZ,Carlisle,25a London Road,,United Kingdom,Online,True,5,The North,2.99
29140,Carlisle - Kingstown Road,01228 599511,wigtonroadoffice@gmail.com,54.915468,-2.942421,CA3 0AL,Carlisle,103-105 Kingstown Road,,United Kingdom,Online,True,5,The North,2.99
28746,Consett,01207 588444,,54.852775,-1.833759,DH8 5QE,Consett,54 Middle Street,,United Kingdom,Online,True,5,The North,2.99
29226,Stanley,01207793888,,54.87209,-1.6957,DH9 0AG,Stanley,Unit 2 Agnes Street,,United Kingdom,Online,True,5,The North,2.99
28363,Durham,0191 384 4777,,54.778331,-1.584023,DH1 4SE,Durham,41-43 North Road,,United Kingdom,Online,True,5,The North,2.99
29111,Durham - East,0191 631 0777,,54.776589,-1.541493,DH1 2WP,Durham,Unit 14a Dragonville Retail  Park,Dragon Lane,United Kingdom,Online,True,5,The North,2.99
28720,Chester Le Street,0191 387 5000,,54.859255,-1.575066,DH3 3TF,Chester Le Street,15 North Burns,,United Kingdom,Online,True,5,The North,2.99
29070,Newcastle - Whickham,0191 488 4884,,54.94586,-1.680718,NE16 4JB,Newcastle Upon Tyne,1-2 The Square,"Front Street, Whickham",United Kingdom,Online,True,5,The North,3.29
28873,Blaydon,0191 414 1111,,54.965369,-1.713719,NE21 5BT,Blaydon-on-tyne,36a The Precinct,Wesley Court,United Kingdom,Online,True,5,The North,3.29
28662,Houghton-le-Spring,0191 584 3555,,54.845146,-1.471876,DH4 4AR,Houghton Le Spring,79 Newbottle Street,,United Kingdom,Online,True,5,The North,2.99
27549,Gateshead,0191 420 1100,,54.948751,-1.599431,NE8 4JR,Gateshead,226 Durham Road,Low Fell,United Kingdom,Online,True,5,The North,3.29
28535,Washington,0191 416 3333,,54.91265,-1.523747,NE37 2SY,Washington,7 Victoria Road,,United Kingdom,Online,True,5,The North,2.99
29368,Newcastle - Westerhope,0191 406 6066,,54.999906,-1.694926,NE5 5HL,Newcastle Upon Tyne,Unit 2 Stamfordham Road,,United Kingdom,Online,True,5,The North,3.29
28342,Newcastle - Cowgate,01912 862 020,,54.989794,-1.653177,NE5 3AJ,Newcastle Upon Tyne,Units 7 & 8 Wingrove House,Ponteland Road,United Kingdom,Online,True,5,The North,3.29
28806,Newcastle - University (Closed),(0191) 261 5681,,54.978895,-1.615035,NE1 8QB,Newcastle Upon Tyne,Unit 322 Student Union,Newcastle University,United Kingdom,Offline,False,5,The North,2.49
29018,Newcastle - Kingston,0191 2861100,,55.012441,-1.667048,NE3 2PA,Newcastle-upon-tyne,Unit 6 Belvedere Retail Park,Belvedere Parkway,United Kingdom,Online,True,5,The North,3.29
29312,Peterlee,01918 150000,,54.749169,-1.358495,SR8 1PX,Peterlee,"Unit 4, Passfield Way",,United Kingdom,Online,True,5,The North,2.99
28683,Newcastle - Heaton,01912 24 11 11,,54.987892,-1.577242,NE6 5LQ,Newcastle Upon Tyne,254 & 254a Chillingham Road,Heaton,United Kingdom,Online,True,5,The North,3.29
28086,Newcastle - Gosforth,0191 284 2000,,55.007136,-1.605481,NE3 1QD,Gosforth,1-1a Tenerife Buildings,6 Station Road,United Kingdom,Online,True,5,The North,3.29
28398,Sunderland - South,0191 510 3388,,54.907376,-1.414294,SR4 6NF,Sunderland,58 To 60 St Luke's Terrace,,United Kingdom,Online,True,5,The North,1.99
28796,Jarrow,0191 489 1666,,54.980832,-1.48771,NE32 3LP,Jarrow,7/9 Arndale Arcade,,United Kingdom,Online,True,5,The North,3.29
29068,Newcastle - Forest Hall,0191 215 0550,,55.021744,-1.565691,NE12 7AR,Newcastle Upon Tyne,33 Station Road North,,United Kingdom,Online,True,5,The North,3.29
29144,Seaham,0191 631 0300,,54.836488,-1.330913,SR7 7DR,Seaham,Unit 6a Byron Place Shopping  Centre,,United Kingdom,Online,True,5,The North,2.99
29116,Sunderland - Central,0191 351 0101,,54.907392,-1.385134,SR1 3DP,Sunderland,62-66 High Street West,,United Kingdom,Online,True,5,The North,1.99
28518,Sunderland - North,0191 548 9433,,54.930317,-1.376442,SR6 9EQ,Sunderland,112 Sea Road,Fullwell,United Kingdom,Online,True,5,The North,1.99
28511,South Shields,0191 456 1000,,54.972398,-1.406503,NE34 7LZ,South Shields,367 Prince Edward Road,,United Kingdom,Online,True,5,The North,1.99
28214,Newcastle - North Shields,0191 257 7272,,55.023133,-1.456323,NE29 9QR,North Shields,Units 7 & 8 The Collingwood Centre,Preston North Road,United Kingdom,Online,True,5,The North,3.29
28368,Cramlington,01670 733777,,55.08463,-1.58796,NE23 6UT,Cramlington,Unit 4a South Mall Extension,Manor Walks Shopping Centre,United Kingdom,Online,True,5,The North,2.99
29031,Blyth,01670 351 999,,55.126649,-1.511465,NE24 1DH,Blyth,40 Waterloo Road,,United Kingdom,Online,True,5,The North,2.99
28340,Coleraine,02870 344 344,,55.129254,-6.669886,BT52 1EL,Coleraine,3 Dunmore Street,,United Kingdom,Online,True,8,Northern Ireland,2.99
29145,Portrush,028 7082 2211,,55.204502,-6.651424,BT56 8DX,Portrush,27-29 Eglinton Street,,United Kingdom,Online,True,8,Northern Ireland,2.99
28297,Ayr,01292 288011,,55.468536,-4.628223,KA8 8HD,Ayr,Unit 5 Central Retail Park,Allison Street,United Kingdom,Online,True,7,Scotland,2.99
29219,Prestwick,01292 439599,,55.501809,-4.610698,KA9 1AJ,Prestwick,10-12 The Cross,,United Kingdom,Online,True,7,Scotland,2.99
29444,Cumnock,01290 431111,,55.453707,-4.263905,KA18 1BS,Cumnock,"Unit 5, 49 Glaisnock Street",,United Kingdom,Online,True,7,Scotland,2.99
29326,Hawick,01450 398888,,55.42385,-2.78595,TD9 9BP,Hawick,71 High Street,,United Kingdom,Online,True,7,Scotland,3.5
28831,Ashington,01670 858888,,55.185539,-1.587514,NE63 8QG,Ashington,Unit Adjacent To Aldi,Morpeth Road,United Kingdom,Online,True,5,The North,2.99
29154,Stevenston,01294 553553,,55.648726,-4.73182,KA20 3EG,Stevenston,4a Ashenyards Park,Stevenston Road,United Kingdom,Online,True,7,Scotland,2.99
29330,Troon,01292 431010,,55.5439,-4.663907,KA10 6AA,Troon,1-3 Portland Street,,United Kingdom,Online,True,7,Scotland,2.99
28501,Irvine,01294 313333,,55.617113,-4.666671,KA12 0AA,Irvine,Unit 1 East Road,,United Kingdom,Online,True,7,Scotland,2.99
28905,Kilmarnock - Titchfield Street,01563 544444,,55.604615,-4.496857,KA1 1PH,Kilmarnock,110 Titchfield Street,,United Kingdom,Online,True,7,Scotland,2.99
28237,Kilmarnock - Glasgow Road,01563 534422,,55.63075,-4.483058,KA3 1UT,Kilmarnock,116 Glasgow Road,Unit 1 Western Road Shopping  Centre,United Kingdom,Online,True,7,Scotland,2.99
28733,Johnstone,01505 320000,,55.836674,-4.507237,PA5 8BY,Johnstone,11 Laighcartside Street,,United Kingdom,Online,True,7,Scotland,2.99
29063,Glasgow - Barrhead,0141 880 8008,,55.800796,-4.389305,G78 1SL,Glasgow,158a Main Street,Barrhead,United Kingdom,Online,True,7,Scotland,2.99
29006,Glasgow - Newton Mearns,0141 639 3300,,55.782866,-4.34702,G77 6GR,Glasgow,Unit 7 3 Greenlaw Place,Newton Mearns,United Kingdom,Online,True,7,Scotland,2.99
28459,Glasgow - Darnley,01416 38 48 48,,55.804853,-4.340899,G53 7RH,Glasgow,11 Darnley Mains Road,,United Kingdom,Online,True,7,Scotland,2.99
28255,Paisley,01418 42 13 31,,55.846753,-4.417505,PA1 1EX,Paisley,41 Gauze Street,,United Kingdom,Online,True,7,Scotland,2.99
28119,Glasgow - Giffnock,01416 20 11 11,,55.803108,-4.29527,G46 6XF,Glasgow,162c Fenwick Road,Giffnock,United Kingdom,Online,True,7,Scotland,2.99
29136,East Kilbride - South,01355 228118,,55.750158,-4.180439,G75 0YA,East Kilbride,Stroud Road,,United Kingdom,Online,True,7,Scotland,2.99
28184,East Kilbride - North,01355 276677,,55.779535,-4.163301,G74 3XB,Glasgow,1a Lees Burn Court,East Kilbride,United Kingdom,Online,True,7,Scotland,2.99
28946,Glasgow - Shawlands,0141 632 8888,,55.825637,-4.286005,G43 1TY,Glasgow,228-232 Kilmarnock Road,,United Kingdom,Online,True,7,Scotland,2.99
28421,Glasgow - Battlefield,01416 36 50 00,,55.826037,-4.264991,G42 9JT,Glasgow,166-168 Battlefield Road,Battlefield,United Kingdom,Online,True,7,Scotland,2.99
28138,Hamilton,01698 207777,,55.772123,-4.036369,ML3 7HR,Hamilton,159 Quarry Street,,United Kingdom,Online,True,7,Scotland,2.99
29019,Cambuslang,0141 6411666,,55.819253,-4.167739,G72 7HB,Cambuslang,41 Main Street,,United Kingdom,Online,True,7,Scotland,3.5
28263,Rutherglen,0141 6478888,,55.826549,-4.195703,G73 3BD,Glasgow,172b Hamilton Road,Rutherglen,United Kingdom,Online,True,7,Scotland,3.5
28481,Glasgow - Govan,0141 891 5555,,55.854852,-4.331324,G51 4BH,Glasgow,Unit 3 250 Drumoyne Road,,United Kingdom,Online,True,7,Scotland,2.99
28957,Glasgow - Uddingston,01698 814400,,55.813513,-4.079386,G71 7HA,Uddingston,27b Bothwell Road,,United Kingdom,Online,True,7,Scotland,2.99
29046,Glasgow - Merchant City,0141 5522255,,55.857233,-4.243389,G1 1LX,Glasgow,31 High Street,,United Kingdom,Online,True,7,Scotland,2.99
28881,Motherwell,01698 266 637,,55.782692,-3.979282,ML1 2UA,Motherwell,Unit 2 341 Windmillhill Street,,United Kingdom,Online,True,7,Scotland,2.99
28470,Glasgow - City (Dennistoun),01415 50 10 10,,55.864269,-4.220656,G31 3AD,Glasgow,433 Alexandra Parade,,United Kingdom,Online,True,7,Scotland,2.99
28976,Glasgow - Renfrew,0141 886 3300,,55.878889,-4.385943,PA4 8QL,Renfrew,9 High Street,,United Kingdom,Online,True,7,Scotland,2.99
28113,Glasgow - West End,01413 37 33 79,,55.875878,-4.282689,G12 8EL,Glasgow,524 Great Western Road,,United Kingdom,Online,True,7,Scotland,2.99
28904,Glasgow - Cranhill,01417 74 77 77,,55.863247,-4.172715,G33 3QE,Cranhill,Unit 5 941 Edinburgh Road,,United Kingdom,Online,True,7,Scotland,2.99
28400,Glasgow - Baillieston,01417 71 87 77,,55.85031,-4.113714,G69 6SG,Glasgow,7 To 11 Main Street,Baillieston,United Kingdom,Online,True,7,Scotland,2.99
29153,Glasgow - Knightswood,0141 954 0000,,55.885579,-4.358611,G14 0YU,Glasgow,726a Anniesland Road,Knightswood,United Kingdom,Online,True,7,Scotland,2.99
29113,Wishaw,01698 352727,,55.774567,-3.917181,ML2 8FA,Wishaw,1 Shand Street,,United Kingdom,Online,True,7,Scotland,2.99
29025,Glasgow - Anniesland,0141 959 8888,,55.890144,-4.324714,G13 1HA,Glasgow,828 Crow Road,,United Kingdom,Online,True,7,Scotland,2.99
29109,Carluke,01555 777200,,55.733746,-3.836773,ML8 4AT,Carluke,Unit 4 Rankin Gait,John Street,United Kingdom,Online,True,7,Scotland,2.99
29262,Glasgow - Broomfield Road,0141 428 5555,,55.881348,-4.206332,G21 3HN,Glasgow,582 Broomfield Road,,United Kingdom,Online,True,7,Scotland,3.5
28425,Glasgow - Clydebank,0141 952 8444,,55.904014,-4.402765,G81 2RZ,Clydebank,20b Britannia Way,Clyde Shopping Centre,United Kingdom,Online,True,7,Scotland,2.99
28942,Erskine,0141 812 7711,,55.90373,-4.44826,PA8 7AA,Erskine,9 Bridgewater Shopping Centre,Bridgewater Place,United Kingdom,Online,True,7,Scotland,2.99
29086,Coatbridge,01236 430000,,55.845884,-4.022914,ML5 4RX,Coatbridge,244b Whifflet Street,,United Kingdom,Online,True,7,Scotland,2.99
28519,Glasgow - Bishopbriggs,0141 772 7177,,55.902912,-4.22779,G64 2AB,Glasgow,Unit 2 94 Kirkintilloch Road,,United Kingdom,Online,True,7,Scotland,3.5
28210,Glasgow - Bearsden,01419 31 52 52,,55.920711,-4.334699,G61 3RG,Glasgow,Unit 1 5 Kirk Road,Bearsden,United Kingdom,Online,True,7,Scotland,2.99
28137,Airdrie,01236 749999,,55.868435,-3.984903,ML6 0DT,Airdrie,22a High Street,,United Kingdom,Online,True,7,Scotland,2.99
29240,Heartlands,01501 797976,s29240@dominos.co.uk,55.863068,-3.707798,EH47 0SE,Whitburn,116 Rigghouse View,Heartlands,United Kingdom,Online,True,7,Scotland,2.99
28291,Livingston,01506 436677,,55.886728,-3.511259,EH54 6QU,Livingston,63 Almondside,,United Kingdom,Online,True,7,Scotland,2.99
29032,Penicuik,01968 675555,,55.827372,-3.221225,EH26 8LE,Penicuik,9 Kentigern Mall,,United Kingdom,Online,True,7,Scotland,3.5
28438,Bathgate,01506 635 888,s28438@dominos.co.uk,55.902114,-3.642968,EH48 4PJ,Bathgate,23 North Bridge Street,,United Kingdom,Online,True,7,Scotland,2.99
29273,Edinburgh - Currie,0131 526 5555,,55.895,-3.313,EH14 5NP,Currie,4-5 Pentland View Court,,United Kingdom,Online,True,7,Scotland,3.5
28878,Galashiels,01896 754440,,55.616108,-2.806112,TD1 1BN,Galashiels,101 Channel Street,,United Kingdom,Online,True,7,Scotland,3.5
28988,Edinburgh - Dalkeith,0131 660 0004,,55.892941,-3.072804,EH22 1HF,Dalkeith,10 Eskbank Road,,United Kingdom,Online,True,7,Scotland,3.5
28537,Edinburgh - Gilmerton,0131 672 1188,,55.905604,-3.132476,EH17 8RQ,Edinburgh,33 Drum Street,Gilmerton,United Kingdom,Online,True,7,Scotland,3.5
28409,Edinburgh - Colinton,0131 455 8000,,55.925138,-3.245934,EH14 1LR,Edinburgh,134 - 136 Slateford Road,,United Kingdom,Online,True,7,Scotland,3.5
28817,Edinburgh - Morningside,0131 446 0700,,55.929436,-3.20937,EH10 4AX,Edinburgh,155 Morningside Road,,United Kingdom,Online,True,7,Scotland,3.5
29202,Greenock - Auchmead Road,01475 650772,,55.937894,-4.8142,PA16 0PY,Greenock,Unit 1 Auchmead Road,,United Kingdom,Online,True,7,Scotland,2.99
28288,Greenock,01475 725425,,55.947697,-4.752157,PA15 1EA,Greenock,2 Brymner Street,,United Kingdom,Online,True,7,Scotland,2.99
29371,Helensburgh,01436 641111,,56.00385,-4.734,G84 8TD,Helensburgh,11 West Princes Street,,United Kingdom,Online,True,7,Scotland,2.99
28512,Dumbarton,01389 76 81 83 ,,55.943588,-4.56088,G82 1RB,Dumbarton,Unit 3 Glasgow Road,St James Retail Park,United Kingdom,Online,True,7,Scotland,2.99
28816,Kirkintilloch,0141 776 4222,,55.940968,-4.158396,G66 1HW,Kirkintilloch,15a Cowgate,,United Kingdom,Online,True,7,Scotland,3.5
29175,Cumbernauld - Craigmarloch,01236 737733,,55.955076,-4.022088,G68 0EZ,Glasgow,Unit 6 Auchinbee Way,Cumbernauld,United Kingdom,Online,True,7,Scotland,2.99
28240,Cumbernauld - Town Centre,01236 722211,,55.950069,-3.986038,G67 1AW,Cumbernauld,Unit 3a 2 South Muirhead Court,,United Kingdom,Online,True,7,Scotland,2.99
29024,Bonnybridge,01324 812777,,56.001952,-3.889844,FK4 1DA,Bonnybridge,24 High Street,,United Kingdom,Online,True,7,Scotland,3.5
29308,Stirling - Bannockburn,01786 533333,,56.096809,-3.925276,FK7 0EP,Stirling,"Units 1, 1a & 3 149 Bannockburn Road",,United Kingdom,Online,True,7,Scotland,3.5
28352,Stirling,01786 447777,,56.115365,-3.937213,FK8 2EZ,Stirling,Units 4-5 1-2 Pitt Terrace,Port Street,United Kingdom,Online,True,7,Scotland,3.5
29260,Stenhousemuir,01324 230777,,56.0242363464664,-3.815857992264369,FK5 3BF,Larbert,35 Hallam Road,Stenhousemuir,United Kingdom,Online,True,7,Scotland,3.5
28218,Falkirk,01324 619696,,55.998358,-3.799569,FK1 5HR,Falkirk,Unit 2 Maggie Woods Loan,15/17 Maggie Woods Loan,United Kingdom,Online,True,7,Scotland,3.5
29045,Falkirk - Grangemouth,01324 474000,,56.019677,-3.723437,FK3 8AB,Grangemouth,10-12 Union Road,,United Kingdom,Online,True,7,Scotland,3.5
28626,Linlithgow,01506670700,,55.974945,-3.620094,EH49 7PH,Linlithgow,Unit 2a Aldi Retail  Development,51 Falkirk Road,United Kingdom,Online,True,7,Scotland,3.5
28478,Alloa,01259 211331  ,,56.11424,-3.79055,FK10 1EA,Alloa,26 Candleriggs,,United Kingdom,Online,True,7,Scotland,2.99
28885,Stirling - Bridge of Allan,01786 833888,,56.154283,-3.945799,FK9 4HA,Stirling,84 Henderson Street,Bridge Of Allan,United Kingdom,Online,True,7,Scotland,3.5
29044,Winchburgh,01506 890999,,55.960539,-3.466281,EH52 6FD,Winchburgh,1 Canal Road,Main Street,United Kingdom,Online,True,7,Scotland,3.5
28167,Edinburgh - Corstorphine,0131 334 6600,,55.942088,-3.295477,EH12 8HW,Edinburgh,23 Glasgow Road,Corstorphine,United Kingdom,Online,True,7,Scotland,3.5
28372,Dunfermline,01383 722422,,56.061517,-3.444947,KY11 3AU,Dunfermline,Unit 3 106-114 Hospital Hill,,United Kingdom,Online,True,7,Scotland,3.5
29055,Dalgety Bay,01383 221222,,56.041806,-3.359608,KY11 9AB,Fife,"Unit 2 Ridge Way, Hillend  Industrial Park",Dalgety Bay,United Kingdom,Online,True,7,Scotland,3.5
28509,Edinburgh - Crewe Toll,0131 332 6677,,55.96718,-3.246005,EH4 2TX,Edinburgh,677-679 Ferry Road,,United Kingdom,Online,True,7,Scotland,3.5
29375,Dunfermline - North,01383 668666,,56.08132,-3.404485,KY11 8DZ,Dunfermline,Pittsburgh Retail Park,,United Kingdom,Online,True,7,Scotland,3.5
28327,Edinburgh - Dalry Road,0131 313 3399,,55.942962,-3.220613,EH11 2EA,Edinburgh,131 Dalry Road,,United Kingdom,Online,True,7,Scotland,3.5
28701,Edinburgh - Stockbridge,0131 315 3000,,55.95886,-3.210901,EH4 1HU,Edinburgh,17/17a Raeburn Place,Stockbridge,United Kingdom,Online,True,7,Scotland,3.5
28114,Edinburgh - Southside,0131 667 8666,,55.944743,-3.184152,EH8 9BY,Edinburgh,101 Nicolson Street,,United Kingdom,Online,True,7,Scotland,3.5
28258,Edinburgh - Leith,0131 554 4449,,55.968452,-3.173165,EH6 8NP,Edinburgh,119/121 Leith Walk,,United Kingdom,Online,True,7,Scotland,3.5
29027,Cowdenbeath,01383 511115,,56.109871,-3.342641,KY4 9QJ,Cowdenbeath,323 High Street,,United Kingdom,Online,True,7,Scotland,3.5
28714,Edinburgh - Portobello,0131 652 0005,,55.954945,-3.144512,EH8 7EL,Edinburgh,46a Portobello Road,,United Kingdom,Online,True,7,Scotland,3.5
29385,Edinburgh - Craigmillar,0131 385 8000,,55.933076,-3.134407,EH16 4GP,Edinburgh,Unit 2,Craigmillar Shopping Centre Niddrie Mains Rd,United Kingdom,Online,True,7,Scotland,3.5
28371,Musselburgh,0131 665 5550,,55.944032,-3.061275,EH21 6AP,Musselburgh,193/195 North High Street,,United Kingdom,Online,True,7,Scotland,3.5
28347,Kirkcaldy,01592 646566,,56.11273,-3.164558,KY1 1YQ,Kirkcaldy,4a Bennochy Road,,United Kingdom,Online,True,7,Scotland,3.5
29054,Tranent,01875 615111,,55.944797,-2.954961,EH33 1AQ,Tranent,25 Bridge Street,,United Kingdom,Online,True,7,Scotland,3.5
28276,Glenrothes,01592 76 00 90,,56.19499,-3.1992,KY6 1PA,Glenrothes,Unit 2 Glenwood Court,,United Kingdom,Online,True,7,Scotland,2.99
29110,Leven,01333 422221,,56.19496,-2.995213,KY8 4HL,Leven,12 Mitchell Street,,United Kingdom,Online,True,7,Scotland,2.99
29460,Oban,01631 706600,,56.412486,-5.471766,PA24 5SQ,Oban,5 Airds Place,,United Kingdom,Offline,True,7,Scotland,2.99
28249,Perth,01738 446111,,56.39622,-3.43396,PH2 8NY,Perth,181 South Street,,United Kingdom,Online,True,7,Scotland,2.99
29165,Dundee - Kingsway,01382 818700,johann@joup.uk.com,56.481369,-3.015508,DD2 3WT,Dundee,Unit 2 Angus Court,19 Broomhill Road,United Kingdom,Online,True,7,Scotland,3.49
28239,Dundee - City Quay,01382 220220,johann@joup.uk.com,56.461594,-2.962751,DD1 3JA,Dundee,Unit 1c/D City Quay,"Victoria Docks, Camperdown Street",United Kingdom,Online,True,7,Scotland,3.49
28993,Dundee - Douglasfield,01382 505090,johann@joup.uk.com,56.479732,-2.923605,DD4 8JX,Dundee,Unit 3 Douglasfield,Douglas Road,United Kingdom,Online,True,7,Scotland,3.49
28818,St Andrews,01334 474444,,56.34075,-2.79397,KY16 9NT,St Andrews,54 Market Street,,United Kingdom,Online,True,7,Scotland,2.99
28220,Dundee - Panmurefield Village,01382 732777,johann@joup.uk.com,56.483575,-2.853036,DD5 3TZ,Dundee,144 Lawers Drive,"Panmurefield Village, Broughty Ferry",United Kingdom,Online,True,7,Scotland,3.49
29344,Forfar,01307 496222,johann@joup.uk.com,56.64547,-2.88956,DD8 3AG,Forfar,67-69 Castle Street,,United Kingdom,Online,True,7,Scotland,3.49
28875,Arbroath,01241 434299,johann@joup.uk.com,56.566299,-2.608521,DD11 3EP,Arbroath,5 Condor Drive,,United Kingdom,Online,True,7,Scotland,3.49
29085,Montrose,01674 676786,,56.711729,-2.465207,DD10 8AD,Montrose,Unit 3 New Wynd,,United Kingdom,Online,True,7,Scotland,2.99
28965,Portlethen,01224 781111 ,,57.072966,-2.134921,AB12 4NN,Aberdeen,3 Hillside Court,Portlethen,United Kingdom,Online,True,7,Scotland,2.99
28730,Aberdeen - Cults,01224 869995,,57.117994,-2.174601,AB15 9SD,Aberdeen,Unit 1 The Courtyard,Cults,United Kingdom,Online,True,7,Scotland,2.99
28341,Aberdeen - Torry,01224 894545,,57.129608,-2.091855,AB12 3DP,Aberdeen,67 Wellington Road,Balnagask Retail Park,United Kingdom,Online,True,7,Scotland,2.99
29178,Inverness - South,01463 225225,,57.460712,-4.204248,IV2 4PF,Inverness,Dow's Bar Balloan Road,,United Kingdom,Online,True,7,Scotland,2.99
28397,Inverness - City,01463 226688,,57.488625,-4.220336,IV1 1SN,Inverness,Unit 3b 2 Henderson Road,,United Kingdom,Online,True,7,Scotland,2.99
28852,Aberdeen - Westhill,01224 744412,,57.153758,-2.278503,AB32 6RL,Aberdeen,Westhill Shopping Centre,"Old Skene Road, Westhill",United Kingdom,Online,True,7,Scotland,2.99
28819,Inverurie,01467 622677 ,,57.28659,-2.376809,AB51 4UY,Inverurie,Unit 5 Garioch Centre,Constitution Street,United Kingdom,Online,True,7,Scotland,2.99
29286,Aberdeen - Dyce,01224 898988,,57.199249,-2.18274,AB21 0HZ,Aberdeen,"Unit 1, Burnside Road",Dyce,United Kingdom,Online,True,7,Scotland,2.99
28485,Aberdeen - Lang Stracht,01224 322388,,57.151483,-2.152347,AB15 6TW,Aberdeen,Unit 3 Summerhill Shopping Centre,Lang Stracht,United Kingdom,Online,True,7,Scotland,2.99
28264,Aberdeen - Kittybrewster,01224 482232,,57.1623969,-2.1164604,AB24 4RZ,Aberdeen,"Unit 5-6-7 Kittybrewster  Shopping Centre, Clifton",Kittybrewster,United Kingdom,Online,True,7,Scotland,2.99
28545,Aberdeen - Bridge of Don,01224 824222,,57.19143,-2.121736,AB22 8UR,Aberdeen,Unit 5 Jesmond Drive,Bridge Of Don,United Kingdom,Online,True,7,Scotland,2.99
29398,Peterhead,01779 405555,,57.507511,-1.804578,AB24 2JE,Peterhead,"West Road Customs, West Road",,United Kingdom,Online,True,7,Scotland,2.99
28590,Elgin,01343 547000,,57.649062,-3.317911,IV30 1DW,Elgin,175-177 High Street,,United Kingdom,Online,True,7,Scotland,2.99
