shopCode,shopName,postCode,city,latitude,longitude,comp_within_0.25mi,comp_within_0.5mi,comp_within_1.0mi,comp_within_1.5mi,comp_within_2.0mi,comp_within_3.0mi,comp_within_5.0mi,nearest_competitor_mi
3,"Ashington, 32 Station Rd",NE63 9UJ,Ashington,55.18313335,-1.570977237,0,0,1,1,1,1,2,0.6731922771677615
5,"Benton, 387 Benton Rd",NE7 7EE,Benton,55.00872256,-1.578772975,0,0,0,3,3,4,10,1.0382933203470897
11,"Birtley, 37 Durham Rd",DH3 2QH,Birtley,54.89509159,-1.57780467,0,0,0,0,0,2,4,2.466467961447771
12,"Blaydon, U15 The PCT",NE21 5BT,Blaydon,54.964670690857,-1.712073256587,1,1,1,1,2,4,7,0.08117452454989807
18,"North Shields, 40 Bedford St",NE29 6QA,North Shields,55.00883711,-1.446838811,0,0,0,1,1,3,4,1.0568042414299426
22,"Cramlington, U23 Manor Wlks SC",NE23 6UR,Cramlington,55.08528,-1.58956,1,1,1,1,1,1,3,0.07759329059804239
29,"Darlington, 19 High Row",DL3 7QQ,Darlington,54.5248413,-1.555725615,0,1,1,1,1,1,1,0.29487982722984674
30,"Darlington, 68 Skinnergate",DL3 7LL,Darlington,54.52537946,-1.557327907,0,1,1,1,1,1,1,0.2949575568198496
32,"Cannock, 1 Market Hall St",WS11 1BU,Cannock,52.68935662,-2.030776025,1,1,1,1,1,2,3,0.09400783234755349
36,"Leam Lane, U2 Fewster Sq",NE10 8XQ,Leam Lane,54.94070571,-1.545042379,0,0,0,0,0,2,5,2.114847231336977
37,"Blackheath, 28 Tranquil Vale",SE3 0AX,Blackheath,51.46628134,0.008950364,0,0,0,2,4,9,25,1.3394069984246506
38,"Ferryhill, 17 Market St",DL17 8JN,Ferryhill,54.68907154,-1.556099396,0,0,0,1,1,1,2,1.2365297004846985
39,"Forest Hall, 19 Station Rd",NE12 7AR,Forest Hall,55.02178131,-1.566218784,1,1,1,1,2,3,9,0.021063471406796947
41,"Gateshead, Interchange SC",NE8 1BH,Gateshead,54.962671976753,-1.604236479681,0,0,1,2,2,4,12,0.9805706134700176
43,"Gosforth, 133 High St",NE3 1HA,Gosforth,55.00457923,-1.620373189,0,0,1,1,4,7,10,0.6159778746371876
44,"Guisborough, 39 Westgate",TS14 6BG,Guisborough,54.53525041,-1.053244165,0,1,1,1,1,1,3,0.291291329990438
48,"Hebburn, U21 St James Mall SC",NE31 1LF,Hebburn,54.97308396309,-1.519239024185,0,0,0,1,1,2,9,1.3600306629353036
49,"Hexham, 41 Fore St",NE46 1LU,Hexham,54.970232547218,-2.100956576563,0,0,0,0,0,0,0,13.360010019266625
51,"Jarrow, 17 Bede PCT",NE32 3LW,Jarrow,54.980753090972,-1.489288177413,1,1,1,1,1,1,9,0.06281136205357488
52,"Wallington, 86 Woodcote Rd",SM6 0LY,Wallington,51.35861734,-0.149773318,0,0,1,1,3,7,11,0.6889026466396903
55,"Leeds, 21 Kirkgate",LS2 7JG,Leeds,53.79699851,-1.540556456,0,1,1,2,2,3,9,0.3256969703715677
56,"Low Fell, 487 Durham Rd",NE9 5EX,Low Fell,54.93607816,-1.599405315,0,0,1,1,1,1,8,0.8756189969980157
57,"Spalding, 8 Hall Pl",PE11 1SA,Spalding,52.78736217,-0.152217694,1,1,1,1,1,1,1,0.15199060449441704
59,"Gateshead, Metrocentre, Red Mall",NE11 9YR,Gateshead,54.957640546294,-1.668555247618,0,0,1,1,2,5,9,0.9462780853177213
61,"Houghton Regis, 3 Bedford Sq",LU5 5ES,Houghton Regis,51.9048988,-0.51969151,0,0,1,3,3,4,6,0.9812195975443249
63,"Middlesbrough, 447 Linthorpe Rd",TS5 6HX,Middlesbrough,54.56084473,-1.242906367,0,0,1,2,2,4,5,0.8017472436475421
76,"Newcastle, 3 St Marys Pl",NE1 7PG,Newcastle Upon Tyne,54.97770573,-1.612995808,1,1,1,1,3,5,11,0.11528331276598423
77,"Outlet: Newcastle, 403 Westgate Rd",NE4 6PB,Newcastle Upon Tyne,54.97333767,-1.639174168,0,0,0,2,2,8,10,1.0313654936710213
79,"North Ormesby, 40 Kings Rd",TS3 6NF,North Ormesby,54.57061074,-1.213065994,0,0,1,2,2,2,5,0.6182170129120039
82,"Peterlee, 24 Yoden Way",SR8 1BP,Peterlee,54.759889605953,-1.334730226892,0,0,0,1,1,1,1,1.202734302716302
91,"South Shields, 285 Prince Edward Rd",NE34 7LZ,South Shields,54.9720125,-1.408979931,1,1,1,1,1,1,6,0.10177778891247335
94,"Stanley, 52 Front St",DH9 0HU,Stanley,54.869483011392,-1.699055015346,1,1,1,1,1,1,2,0.22413996191110652
96,"Sunderland, 220 Chester Rd",SR4 7HR,Sunderland,54.90168142,-1.403941359,0,0,2,2,2,3,6,0.5691624584460194
98,"Hylton Castle, 42 Chiswick Sq",SR5 3PZ,Hylton Castle,54.92262324,-1.451445136,0,0,0,0,1,3,6,1.8129500515720507
101,"Grays, 44 High St",RM17 6NA,Grays,51.47714614,0.322712729,0,0,1,1,1,4,6,0.7364681151465593
102,"Leeds, 355 Harehills Lane",LS9 6AX,Leeds,53.80920107,-1.50908085,0,0,0,1,1,4,8,1.4873645540759284
105,"Romford, 57 South St",RM1 1NL,Romford,51.57705189,0.181899578,0,0,0,1,3,5,8,1.0045349774780004
107,"Sunderland, U1 Union St",SR1 3BT,Sunderland,54.90677877,-1.383141879,1,1,1,2,3,3,4,0.08976154776209189
117,"Wrekenton, 167 High St",NE9 7JR,Wrekenton,54.92515151,-1.57486884,0,0,0,0,1,2,6,1.89982316314633
118,"Aldridge, Aldridge SC",WS9 8QP,Aldridge,52.604271457786,-1.917652608291,1,1,1,1,1,3,7,0.021379083104409943
120,"Airdrie, 68 Graham St",ML6 6DB,Airdrie,55.86606103,-3.97849165,0,1,1,1,1,2,2,0.2978079410982862
121,"South Ockendon, 9 Derwent Pde",RM15 5EF,South Ockendon,51.509882279159,0.282742243386,1,1,1,1,1,2,7,0.04359548941972627
122,"Alexandria, 139 Main St",G83 0NX,Alexandria,55.98683916,-4.581436862,0,0,0,0,0,0,1,3.0923305224148994
125,"Chadderton, U3A Shopping PCT",OL9 0LQ,Chadderton,53.54576559,-2.140953302,0,0,0,0,0,3,6,2.0294340851426824
131,"Bishopbriggs, 174 Woodhill Rd",G64 1DH,Bishopbriggs,55.90716924,-4.206604312,0,0,1,1,2,3,8,0.8716897862886346
133,"Bonnyrigg, 44 High St",EH19 2AA,Bonnyrigg,55.87576074,-3.106799568,0,0,0,0,1,2,3,1.7733226330217151
137,"Carluke, U1 Rankin Gait CTR",ML8 4AT,Carluke,55.73372407,-3.837216479,1,1,1,1,1,1,2,0.017318945294490146
142,"West Ealing, 77 The Broadway",W13 9BP,West Ealing,51.50986135,-0.325190901,1,1,1,1,2,6,18,0.09296436413606955
144,"Edinburgh, 139A St Johns Rd",EH12 7SD,Corstorphine,55.94249659,-3.281581834,0,0,1,1,2,6,9,0.5384085565634106
148,"Dalkeith, 17 Jarnac Crt",EH22 1HU,Dalkeith,55.89378281,-3.069940476,1,1,1,1,1,2,4,0.12526524295344585
150,"Dumbarton, 81 High St",G82 1LF,Dumbarton,55.94309082,-4.571128397,0,1,1,1,1,1,1,0.3980320680579063
154,"East Kilbride SC, Princess Mall",G74 1LB,East Kilbride,55.760560732142,-4.175858705077,0,0,1,2,2,2,4,0.7405008759106184
155,"East Kilbride, 12 Calderwood Sq",G74 3BQ,East Kilbride,55.77277831,-4.157117125,0,0,1,1,2,2,6,0.5250660884855546
158,"Edinburgh, 198 Bruntsfield Pl",EH10 4DF,Edinburgh,55.93603451,-3.209734818,0,1,2,3,5,9,12,0.45613667125598395
160,"Edinburgh, 106 Easter Rd",EH7 5RH,Edinburgh,55.95916526,-3.171527758,0,0,1,3,4,8,12,0.6447753119413919
161,"Edinburgh, 21 Elm Row",EH7 4AA,Edinburgh,55.95898134,-3.183163534,0,0,2,3,5,8,12,0.7600746598061581
162,"Edinburgh, 224 Gorgie Rd",EH11 2PN,Edinburgh,55.93756753,-3.234197538,0,0,2,3,5,7,12,0.6444064911753165
164,"Edinburgh, Davidson Mains, 21 Main St",EH4 5BZ,Davidsons Mains,55.9655599,-3.273863704,0,0,0,1,2,5,8,1.0831111697653826
165,"Edinburgh, 400 Morningside Rd",EH10 5HY,Edinburgh,55.92578217,-3.20958713,0,1,1,3,4,6,12,0.25259794681025904
166,"Edinburgh, 74 Nicholson St",EH8 9DT,Edinburgh,55.94538907,-3.184234684,1,1,1,4,6,9,12,0.04475411339471489
168,"Ealing, 10 The Broadway",W5 2NH,Ealing,51.51374689,-0.303552607,0,0,0,2,3,6,19,1.00761357610873
170,"Hornchurch, 148 High St",RM12 6QX,Hornchurch,51.56218209,0.219978852,0,0,0,3,3,3,8,1.0810841448737252
173,"Surbiton, 77 Victoria Rd",KT6 4NS,Surbiton,51.39250066,-0.305535646,1,1,1,2,4,6,11,0.12355582667590816
176,"Edinburgh, U21 Westside Plaza SC",EH14 2SW,Wester Hailes,55.915379778987,-3.28487032499,0,0,0,0,3,3,8,1.6513924399626911
177,"Falkirk, 4 Lintriggs",FK1 1DG,Falkirk,56.00014,-3.78664,0,0,1,1,1,3,4,0.514496527573483
181,"Glasgow, 13 George Sq",G2 1DY,Glasgow,55.86080626,-4.251292615,0,1,1,2,3,6,14,0.39355808378589047
185,"Glasgow, 240 Saracen St",G22 5ER,Glasgow,55.88349011,-4.254047675,0,0,0,1,5,6,13,1.228351959420618
186,"Glasgow, 1029 Shettleston Rd",G32 7PB,Glasgow,55.8518508,-4.169765695,0,0,1,1,1,7,12,0.7956730447026611
188,"Glasgow, 28 West Nile St",G1 2PF,Glasgow,55.86107819,-4.255119218,0,0,1,3,3,7,14,0.5267755475946622
189,"Grangemouth, 21 La Porte PCT",FK3 8AZ,Grangemouth,56.018963163311,-3.722747214121,1,1,1,1,1,1,4,0.05605556646869798
193,"Hardgate, 5 Rockbank Pl",G81 5NZ,Hardgate,55.92425023,-4.4021244,0,0,0,1,1,3,6,1.3984240110049724
194,"Helensburgh, 26 Sinclair St",G84 8SU,Helensburgh,56.00346639,-4.733456199,1,1,1,1,1,1,2,0.03382151672162578
196,"Johnstone, 40 High St",PA5 8AN,Johnstone,55.83666925,-4.511235645,1,1,1,1,1,1,2,0.15514800514314958
197,"Kilmarnock, U11 Burns SC",KA1 1LT,Kilmarnock,55.61043542,-4.495529124,0,1,1,2,2,2,2,0.405482166682438
203,Larkhall 73 Union St,ML9 1DZ,Larkhall,55.73975988,-3.973601852,0,0,0,0,0,1,3,2.9745634955660942
206,"Motherwell, 32 Brandon Pde",ML1 1LY,Motherwell,55.79065926,-3.991994786,0,0,1,1,1,2,5,0.739572909424797
210,"Paisley, 16 Moss St",PA1 1BL,Paisley,55.84616802,-4.424604478,0,1,1,1,1,2,10,0.27834109686574005
215,"Penicuik, 21 John St",EH26 8HN,Penicuik,55.827427173763,-3.221808583211,1,1,1,1,1,1,1,0.022967053122077544
218,"Edinburgh, 164 High St Portobello",EH15 1EX,Portobello,55.95286525,-3.113991213,0,0,0,1,2,5,10,1.1893483593160032
221,"Saltcoats, 29 Dockhead St",KA21 5ED,Saltcoats,55.633043964618,-4.787075259514,0,0,0,0,0,1,2,2.411791150804684
225,"Westcliff On Sea, 163 Hamlet Crt Rd",SS0 7EL,Westcliff-on-Sea,51.54084349,0.695228239,1,1,1,2,2,2,7,0.1494126357200763
226,"Glasgow, U21 Springburn Way",G21 1TS,Springburn,55.88323,-4.22868,0,0,1,3,4,6,13,0.8757935770556616
227,"Frome, U22 Westway CTR",BA11 1BS,Frome,51.23190212,-2.321216294,0,1,1,1,1,1,1,0.32147242592578207
230,"Glasgow, 401 Victoria Rd",G42 8RW,Govanhill,55.83649239,-4.2645274,0,0,1,2,3,8,16,0.7226296760199952
233,"Wishaw, 83 Main St",ML2 7AU,Wishaw,55.7746055,-3.921627949,1,1,1,1,1,2,4,0.17283774020035983
235,"Alfreton, 1 Institute Lane",DE55 7BQ,Alfreton,53.09707443,-1.388198606,1,1,1,1,1,1,1,0.10888399911157959
238,"Batley, 73 Commercial St",WF17 5EF,Batley,53.71360382,-1.631755403,0,0,0,0,1,2,4,1.900321811460499
239,"Bingley, 5 Rise SC",BD16 1GL,Bingley,53.84696557,-1.836477497,1,1,1,1,1,2,4,0.14023334354690292
240,"Bradford, 43 Bank St",BD1 1PU,Bradford,53.79437976,-1.753281989,0,0,0,1,3,3,4,1.269121699486438
249,"Leeds, Chapel Allerton, 110 Harrogate Rd",LS7 4NY,Chapel Allerton,53.82923741,-1.537822606,0,0,0,0,3,4,7,1.5468230428419893
252,"Chesterfield, 38 Burlington St",S40 1RR,Chesterfield,53.23615382,-1.425904695,1,1,1,1,2,2,4,0.1879692579222299
255,"Catford, 136 Rushey Green",SE6 4HQ,Catford,51.44631988,-0.019532193,1,1,2,3,3,7,22,0.07186421128001852
256,"Keighley, 36 Low St",BD21 3PT,Keighley,53.86578187,-1.907915139,0,0,1,1,1,1,2,0.8597095720334649
257,"Dewsbury, The Princess Of Wales PCT",WF13 1NH,Dewsbury,53.69057017,-1.628620562,0,0,0,0,0,1,4,2.3536187661255656
259,"Doncaster, Waterdale SC",DN1 3JZ,Doncaster,53.52099304,-1.133256913,0,0,1,1,2,2,2,0.7959354518263508
262,"Sheffield, 31 Bellhouse Rd",S5 6HJ,Firth Park,53.41874666,-1.447293714,0,0,0,0,1,2,8,1.8600900688551085
263,"Garforth, 55 Main St",LS25 1AF,Garforth,53.79414589259,-1.38854676493,1,1,1,1,1,2,3,0.05237491733604952
264,"Halifax, 10 Southgate",HX1 1DL,Halifax,53.72249279,-1.860284122,1,1,1,1,1,1,2,0.08896564003425789
265,"Halifax, U4 Woolshops SC",HX1 1RU,Halifax,53.72341251,-1.858215819,1,1,1,1,1,1,3,0.168731518059656
266,"Heckmondwike, 65 Market St",WF16 0EZ,Heckmondwike,53.70696688,-1.674803191,1,1,1,1,2,2,5,0.15588132801670265
272,"Nuneaton, 12 Queens Rd",CV11 5JW,Nuneaton,52.52256385,-1.469137355,1,1,1,2,3,4,5,0.10820554017668832
277,"Leeds, U1 Boar Lane",LS1 5EQ,Leeds,53.79576449,-1.544284697,0,1,2,2,2,3,9,0.3969388261769833
279,"Armley, 34 Town St",LS12 3AB,Armley,53.79732371,-1.589866452,0,0,0,2,4,4,9,1.0742394108779956
286,"Outlet: Leeds, 1 Hollin Pk Pde",LS8 3AS,Leeds,53.82095693,-1.495533205,0,0,0,0,2,3,6,1.7753875106508121
287,"Putney, 145 High St",SW15 1SU,Putney,51.46186887,-0.216436505,1,1,1,3,3,7,17,0.19005218207946542
290,"Hunslet, U6 Hunslet District CTR",LS10 2AP,Hunslet,53.77863582,-1.528701594,0,0,0,0,1,3,9,1.6833880840839461
291,"Becontree, 792 Green Lane",RM8 1YT,Becontree,51.561955,0.12342449,0,0,1,1,2,4,13,0.9406149225560444
292,"Redhill, 35 Station Rd",RH1 1QH,Redhill,51.24058134,-0.1690998,1,1,1,1,2,2,4,0.1112738388073614
303,"Mansfield, 11 Westgate",NG18 1RY,Mansfield,53.14501445,-1.197171549,1,1,1,2,2,3,4,0.16897956891387625
305,"Edgware, 190 Station Rd",HA8 7AR,Edgware,51.61406065,-0.275572384,0,1,1,1,2,4,11,0.26361153504366525
307,"Leeds, 3 Middleton Pk Ave",LS10 4HP,Leeds,53.74760986,-1.547517162,1,1,1,1,1,2,6,0.06877272502201003
308,"Morley, 13 Windsor Crt",LS27 9BG,Morley,53.745320879777,-1.60221159884,1,1,1,1,1,2,8,0.11653183169918385
309,"Normanton, 53 High St",WF6 2AF,Normanton,53.700169044538,-1.418498524231,0,0,0,0,0,0,5,3.206395464504431
310,"Otley, 36 Market Pl",LS21 3AQ,Otley,53.90535685,-1.693862447,0,0,0,0,0,1,1,2.3121972205817203
311,"Penistone, 1 High St",S36 6BR,Penistone,53.52519027,-1.630707114,0,0,0,0,0,0,1,3.387533703603755
312,"Pontefract, 18 Market Pl",WF8 1AT,Pontefract,53.69162298,-1.311026793,1,1,1,1,2,2,2,0.2154907718632701
315,"Rotherham, 2 Effingham St",S65 1AJ,Rotherham,53.43163122,-1.355389076,0,1,1,1,1,1,3,0.35492626309068304
317,"Rothwell, 45 Commercial St",LS26 0AP,Rothwell,53.748401050319,-1.477352127766,0,0,0,1,1,2,6,1.212703351090579
328,"Shipley, 32 Market Sq",BD18 3QJ,Shipley,53.83356576,-1.777744915,0,0,0,0,0,3,5,2.0994262982829093
329,"Stirling, U48 The Thistles SC",FK8 2EW,Stirling,56.11704994,-3.936551717,1,1,1,2,2,3,3,0.1191736316299569
331,"Pontefract, 27 Barnsley Rd",WF9 2RN,Pontefract,53.59485427,-1.290069673,0,0,0,0,0,1,1,2.8615435521515566
335,"Benwell, 9 Adelaide SC",NE4 8BE,Benwell,54.97004226,-1.65518813,0,0,0,1,3,7,9,1.3670563199163954
341,"Wombwell, 50 High St",S73 8BH,Wombwell,53.52345755,-1.399728966,0,0,0,0,1,3,6,1.9944806223177542
343,"Wortley, U5 Oldfield Lane",LS12 4BR,Wortley,53.78903632,-1.58510433,0,0,0,1,3,4,9,1.233388603598731
344,"Hitchin, 28 High St",SG5 1AT,Hitchin,51.94791875,-0.278573902,0,1,1,1,1,1,3,0.35811336992051335
345,"Yeadon, 43 High St",LS19 7SP,Yeadon,53.86624454,-1.683856204,0,0,0,1,1,2,3,1.3503436576590317
348,"Ashton Under Lyne, 34 Staveleigh Way",OL6 7JJ,Ashton under Lyne,53.488761207427,-2.095889161749,1,1,1,1,1,3,6,0.13143177339029552
349,"Atherton, 67 Market St",M46 0DA,Atherton,53.52386326,-2.493461188,0,0,0,0,1,2,4,1.961666504279721
350,"Liverpool, Belle Vale SC",L25 2RG,Liverpool,53.391050679906,-2.858935753127,1,1,1,1,2,6,9,0.052137147046827405
358,"Cardiff, 49 Wilson Rd",CF5 4LL,Ely,51.47670984,-3.255028147,1,1,1,1,2,4,9,0.2158367307090555
359,"Bristol, 8 Arnside Rd",BS10 6AT,Southmead,51.50375685,-2.602337103,0,0,1,3,3,5,11,0.9902835312645359
362,"Bootle, 2 Marian Sq",L30 5QA,Netherton,53.48792456,-2.972686065,0,0,1,1,1,4,6,0.9998235162477341
363,"Bramhall, 7 Woodford Rd",SK7 1JN,Bramhall,53.35721174,-2.165596125,0,0,0,0,1,3,9,1.8819920640807768
364,"Burnley, 69 The Mall, Charter Wlk SC",BB11 1BA,Burnley,53.79016947,-2.244240485,1,1,1,1,1,1,1,0.24520060302647845
367,"Bury, 16 Princess Pde, Mill Gate SC",BL9 0QL,Bury,53.59146172,-2.295064435,0,0,1,1,1,3,4,0.6758948553962225
375,"Darwen, 18 Market St",BB3 1AZ,Darwen,53.69563852,-2.467524826,0,0,0,0,0,1,1,2.967787998166124
377,"Denton, 17 Manchester Rd",M34 3JU,Denton,53.45611116,-2.115020586,1,1,1,2,2,4,11,0.04074755273924321
378,"Manchester, 733 Wilmslow Rd",M20 6WF,Didsbury,53.41624034,-2.231597322,1,1,1,1,3,6,14,0.16004496536040608
380,"Droylsden, U35 Queens Wlk",M43 7AD,Droylsden,53.48014073,-2.145674056,0,0,0,1,1,4,11,1.3931138590545038
383,"Stockport, 55 Castle St",SK3 9AT,Edgeley,53.40199997,-2.165510206,0,1,1,2,3,5,13,0.42059514651781116
386,"West Bromwich, 146 Walsall Rd",B71 3HP,West Bromwich,52.54470087,-1.983975989,0,0,0,0,2,3,11,1.6355774178360158
388,"Handforth, 134 Wilmslow Rd",SK9 3LQ,Handforth,53.34998425,-2.214875351,0,0,0,0,2,3,8,1.6617505098039322
389,"Manchester, U6 Harpurhey SC",M9 4DH,Harpurhey,53.51266988,-2.212042388,1,1,1,1,1,6,12,0.005212721919772796
390,"Haslingden, 43 Deardengate",BB4 5QN,Haslingden,53.70546836,-2.325799444,0,0,0,1,1,1,2,1.3680757657252365
392,"Huyton, 45 Derby Rd",L36 9UQ,Huyton,53.411786075344,-2.839224127762,1,1,1,2,4,5,9,0.08717708629966125
394,"Kirkby, 11 Saint Chads Pde",L32 8RD,Kirkby,53.481694020148,-2.887182350973,0,0,0,0,0,2,7,2.1203530137716773
399,"Liverpool, 549 Prescot Rd",L13 5UR,Old Swan,53.41376577,-2.911775635,0,0,0,1,2,9,12,1.14167263475915
401,"Manchester, 39 King St West",M3 2PW,Manchester,53.48166133,-2.249157907,0,1,2,3,5,10,16,0.4611054230702802
402,"Manchester, 539 Stockport Rd",M12 4JH,Longsight,53.45711225,-2.200453068,0,0,0,2,4,7,17,1.1723965802514915
405,"Manchester, 16 Gateway House",M1 2GH,Manchester,53.47774,-2.23185,0,1,3,3,3,8,15,0.4202808136115123
406,"Cardiff, 114 Crwys Rd",CF24 4NR,Cathays,51.49644934,-3.180382908,1,1,1,3,5,9,11,0.1532633385950745
408,"Marple, 3 The Hollins",SK6 6AY,Marple,53.39466815,-2.062612133,1,1,1,1,1,1,6,0.005206289290945283
413,"Norris Green, 17 Broadway",L11 1BX,Norris Green,53.44200524,-2.930131672,0,0,0,1,2,5,12,1.1440508727807839
421,"Telford, Telford SC, 136 Thetford Chase",TF3 4BQ,Telford,52.676272,-2.447347,0,0,1,2,2,5,5,0.9224489030411339
422,"Hetton Le Hole, 15 Front St",DH5 9PF,Hetton le Hole,54.82113417,-1.452090513,0,0,0,0,1,1,3,1.836432898557596
428,"Largs, 62 Main St",KA30 8AL,Largs,55.79390294,-4.868574454,0,0,0,0,0,0,0,10.16983320505521
429,"Sale, 45 School Rd",M33 7YE,Sale,53.42511563,-2.322881655,1,1,1,1,1,6,14,0.2034464488645733
431,"Salford, 104 Mather Way",M6 5HU,Salford,53.48940309,-2.287046735,1,1,1,2,3,8,15,0.10871748786664298
435,"Shaw, 28 Market St",OL2 8NH,Shaw,53.57707801,-2.093910913,0,0,0,0,0,1,3,2.1273057095919086
440,"Stalybridge, 48 Melbourne St",SK15 2JJ,Stalybridge,53.481876,-2.056987,0,0,0,0,1,3,6,1.6098342497310163
443,"Washington, U1 Arndale House SC",NE37 2SW,Concord,54.91301562,-1.522785593,1,1,1,1,1,1,5,0.045784242209473615
447,"Swinton, 30 The Pde",M27 4BH,Swinton,53.51238646033,-2.338410408601,1,1,1,1,1,5,9,0.10409894649176793
452,"Warrington, U27 Birchwood SC",WA3 7PJ,Warrington,53.41421502,-2.527271655,1,1,1,1,1,1,4,0.07187668107465772
454,"Waterloo, 100 South Rd",L22 0ND,Waterloo,53.47537923,-3.024622686,0,0,0,1,1,2,7,1.0660770049645953
457,"Balham, 141 Balham High Rd",SW12 9AU,Balham,51.44442699,-0.151739798,0,0,0,0,0,4,15,2.2721333142990665
458,"Widnes, 101 Widnes Rd",WA8 6BJ,Widnes,53.36775634,-2.726296622,1,1,1,1,2,2,5,0.14658153684983988
463,"Wythenshawe, U7 The Birtles",M22 5RF,Wythenshawe,53.380410196562,-2.262362620915,1,1,1,2,2,4,12,0.07076540207016709
465,"Acocks Green, 25 Olton Boulevard East",B27 7RR,Acocks Green,52.44332019,-1.833927602,0,0,1,1,2,5,12,0.6636898714312469
466,"Birmingham, 164 Alum Rock Rd",B8 1HU,Alum Rock,52.48941843,-1.852258583,0,0,0,0,0,3,12,2.2332184606767247
469,"Outlet: Birmingham, 130 Highgate St",B12 0XR,Highgate,52.46573333,-1.891847467,0,0,0,1,2,4,13,1.3744886547848234
470,"Bedworth, 32 All Saints Sq",CV12 8ND,Bedworth,52.48005718963,-1.473228429531,1,1,1,1,1,2,6,0.04564628936530595
473,"Bilston, 102 Church St",WV14 0BJ,Bilston,52.565114432249,-2.078056822896,0,0,0,0,2,3,9,1.6497963414969956
475,"Norton, 51 High St",TS20 1AH,Norton,54.58758016,-1.310669178,0,0,0,0,1,2,5,1.6395156199753036
481,"Blackheath, 181 High St",B65 0DU,Blackheath,52.47562537,-2.03966241,0,0,1,1,4,5,10,0.960716208336881
483,"Brownhills, 54 High St",WS8 6EL,Brownhills,52.64678333,-1.932728301,1,1,1,1,1,2,6,0.07819300175434965
485,"Chelmsley Wood, U61 Chelmsly W",B37 5TS,Chelmsley Wood,52.48030449,-1.739632115,0,0,0,1,2,2,5,1.0360581869492673
486,"Codsall, 18 Station Rd",WV8 1BX,Codsall,52.6298818,-2.20152224,0,0,1,1,1,2,3,0.941754503021928
487,"Birmingham, 6 Watford Rd",B30 1JA,Cotteridge,52.41630103,-1.930270659,1,1,1,1,3,4,10,0.03294251611256461
488,"Middleton, U28 Middleton SC",M24 4EL,Middleton,53.548241384223,-2.201051034763,0,1,1,1,1,2,9,0.290412724241764
489,"Coventry, 137 Daventry Rd",CV3 5HD,Cheylesmore,52.39448967,-1.506596927,1,1,1,2,3,6,8,0.050762318493047964
490,"Coventry, 38 Jardine Cres",CV4 9PQ,Tile Hill,52.40659448,-1.575744808,0,0,1,1,2,3,8,0.7096934947705646
491,"Coventry, 118 Jubilee Cres",CV6 3ES,Radford,52.43026022,-1.516842838,1,1,1,2,4,6,8,0.02158105208599692
494,"Sunderland, Park Lane Interchange",SR1 3NX,Sunderland,54.90305628,-1.385178285,0,1,1,2,3,3,4,0.2995778123291526
495,"Llanelli, U2 St Elli SC",SA15 1SH,Llanelli,51.681865209916,-4.159456776462,1,1,1,1,1,1,1,0.14300835731439035
502,"Birmingham, 26 Glebe Farm Rd",B33 9LZ,Birmingham,52.48847657,-1.793976353,0,0,0,1,2,3,8,1.2814237529835113
503,"Perry Barr, 97 Thornbridge Ave",B42 2AB,Perry Barr,52.53568332,-1.905836152,0,0,0,2,2,3,10,1.335047051048252
504,"Great Barr, Scott Arms SC",B42 1TQ,Great Barr,52.54522099,-1.932887929,1,1,1,1,1,3,11,0.02508409520906999
506,"Livingston, 72 The Centre",EH54 6NB,Livingston,55.884611724888,-3.510493673759,1,1,1,1,1,1,1,0.1491993969075851
507,"Glasgow, The Forge SC",G31 4EB,Glasgow,55.85344117251,-4.199821883908,0,0,0,2,5,6,11,1.1010995460111106
509,"Kenilworth, 19 Warwick Rd",CV8 1HN,Kenilworth,52.34199479,-1.578265942,0,0,1,1,1,1,6,0.9029070167252117
514,"Kingstanding, 208 Hawthorn Rd",B44 8PP,Kingstanding,52.54047497,-1.884011619,0,0,1,1,1,4,10,0.8426984518968752
516,"Kingstanding, 625 Kingstanding Rd",B44 9SU,Kingstanding,52.55231278,-1.884183883,1,1,1,1,1,4,8,0.06028138730141061
519,"Lichfield, 9 Bakers Ln",WS13 6NF,Lichfield,52.683287907384,-1.826039144187,1,1,1,2,2,2,3,0.1485702536751552
520,"Birmingham, 1013 Alcester Rd Sth",B14 5JA,Maypole,52.40602793,-1.887171144,0,1,1,1,2,4,8,0.3225576141663619
522,"Northfield, U8 Northfield SC",B31 2JU,Northfield,52.41707451,-1.968239955,0,1,1,1,2,4,9,0.29938772607289155
525,"Birmingham, 23 Curdale Rd",B32 4HD,Bartley Green,52.43361781,-2.005221254,0,0,0,0,1,4,10,1.9519882442982448
527,"Nottingham, U32 Victoria CTR",NG1 3QE,Nottingham,52.956300318004,-1.147137900259,0,0,0,2,3,6,9,1.3980142898438648
529,"Nuneaton, U33 Abbeygate CTR",CV11 4HD,Nuneaton,52.52387646,-1.467671741,1,1,1,2,3,3,5,0.1276947667225055
530,"Oakengate, Oakengate SC",TF2 6EL,Oakengates,52.69510128,-2.451840069,0,1,1,2,3,4,5,0.418890001376659
532,"Wolverhampton, 17 Warstones Dr",WV4 4PP,Wolverhampton,52.5681098,-2.165852514,0,0,1,1,2,2,7,0.7598442886759044
535,"Birmingham, Radleys, 399 Sheldon Hth Rd",B26 2UB,Radleys,52.46441608,-1.777087108,0,0,0,3,3,4,8,1.0551859063651958
536,"Rubery, 175 New Rd",B45 9JW,Rubery,52.39388352,-2.017927233,1,1,1,1,1,2,6,0.06495052194118174
537,"Liverpool, 17 Castle St",L2 4SX,Liverpool,53.40656039,-2.990809539,0,0,1,2,3,5,11,0.9676079886335787
540,"Outlet: Sheldon, 2178 Coventry Rd",B26 3JE,Sheldon,52.45231625,-1.78312865,0,0,1,2,3,5,7,0.6315941765915599
552,"Tile Cross, 9 Bell Lane",B33 0HS,Tile Cross,52.47365308,-1.763037897,0,0,1,1,2,4,8,0.6109564704953677
555,"Outlet: Ward End, 638 Washwood",B8 2HQ,Ward End,52.49355423,-1.83278594,0,0,0,0,1,4,10,1.9848510904832743
556,"Wednesbury, 14 Union St",WS10 7HD,Wednesbury,52.55265,-2.020361,1,1,1,1,1,4,8,0.19923933847169148
558,"Birmingham, 144 Weoley Castle",B29 5QL,Weoley Castle,52.43728471,-1.971069798,0,0,0,0,2,4,11,1.6367712118173305
559,"West Bridgford, 28 Central Ave",NG2 5GR,West Bridgford,52.9316953,-1.126661724,0,0,1,2,2,4,8,0.504562256244489
562,"Willenhall, 83 Stafford St",WV13 1RT,Willenhall,52.5849503,-2.056203906,1,1,1,1,1,3,8,0.11416756678279043
563,"Bow, 628 Roman Rd",E3 2RW,Bow,51.53400601,-0.026926113,0,1,1,2,7,13,32,0.33002723701875686
564,"Catterick, Richmondshire Wlk SC",DL9 3EN,Catterick Garrison,54.37483418,-1.723098684,1,1,1,1,1,1,1,0.08581067176192796
566,"Wolverhampton, 24 Market St",WV1 3AG,Wolverhampton,52.58502296,-2.125852517,0,0,0,0,1,3,7,1.558745146532752
574,"Outlet: Barry, 58 Holton Rd",CF63 4HE,Barry,51.40520589,-3.269504652,1,1,1,1,1,1,3,0.09816825416241912
583,"Caerphilly, 47 Cardiff Rd",CF83 1FP,Caerphilly,51.57379033,-3.220435161,0,1,2,2,2,3,7,0.3670315980002729
587,"Sleaford, 42 Southgate",NG34 7RR,Sleaford,52.99754778,-0.409716416,0,0,1,1,1,1,1,0.7432049264750292
588,"Bury St Edmunds, 11 Abbeygate St",IP33 1UN,Bury St Edmunds,52.24482701,0.713726908,0,1,1,1,1,1,1,0.3944830545468705
589,"North Chingford, 25 Station Rd",E4 7BJ,North Chingford,51.63111278,0.002907948,0,0,0,1,1,4,15,1.1669638997321625
590,"Roath, 20 Clifton St",CF24 1PX,Roath,51.48601252,-3.158181607,0,1,1,2,5,7,11,0.33311514469124337
593,Outlet: Cardiff. 75 Grand Ave,CF5 4LE,Ely,51.48130481,-3.244246687,0,0,1,2,3,4,9,0.5284446566742539
596,"North Berwick, 56 High St",EH39 4HQ,North Berwick,56.05852347,-2.719126015,0,0,0,0,0,0,0,12.031852166360002
597,"Cardiff, 1 St Marys St",CF10 1AT,Cardiff,51.4802354,-3.179545425,0,0,1,4,4,9,11,0.6817979645633393
598,"Chepstow, 20 High St",NP16 5LQ,Chepstow,51.64179034,-2.674985067,0,0,1,1,1,1,2,0.7450797028723692
602,"Thirsk, 38 Market Pl",YO7 1LH,Thirsk,54.2323618,-1.342276326,0,0,0,0,0,0,0,8.325126160661208
605,"Morriston, 29 Woodfield St",SA6 8AB,Morriston,51.6648039,-3.925649593,1,1,1,1,1,3,5,0.104776959827111
612,"Leeds, Central Bus Station",LS2 7HU,Leeds,53.796790766404,-1.53582225527,0,1,1,2,2,3,9,0.4388310135610596
613,"Newport, 31 High St",NP20 1GH,Newport,51.58817927,-2.996713359,0,0,0,2,3,3,5,1.222913839241774
616,"Penarth, 32 Windsor Rd",CF64 1JH,Penarth,51.43923449,-3.175675581,1,1,1,1,2,2,8,0.10306746735081253
620,"Barnsley, 3 Peel Sq",S70 2QT,Barnsley,53.55266659,-1.481716667,1,1,1,1,2,2,3,0.13837685657821863
621,"High Wycombe, 13 Queens Sq",HP11 2DF,High Wycombe,51.63037663,-0.752646595,1,1,1,1,2,4,5,0.18182896671229276
622,"Porth, 69 Hannah St",CF39 9PY,Porth,51.61161588,-3.407499788,0,0,0,1,1,2,3,1.012201193507589
624,"Outlet: Redfield, 209 Church S",BS5 9HL,Redfield,51.45933998,-2.554959971,1,1,1,1,6,8,14,0.13172427878071266
626,"Swansea, 8 Whitewalls",SA1 3AA,Swansea,51.61966031,-3.944345972,1,1,1,1,1,2,5,0.24637951507104167
627,"Tonypandy, 37 Dunraven St",CF40 1AL,Tonypandy,51.62171052,-3.453895729,1,1,1,1,1,2,3,0.0038015324888335074
637,"Whitchurch, 19 Merthyr Rd",CF14 1DA,Whitchurch,51.51285899,-3.219440644,1,1,1,3,3,7,13,0.08579124092733104
640,"Barkingside, 75 High St",IG6 2AF,Barkingside,51.59062271,0.082210773,0,0,0,1,2,5,15,1.1344941054930666
644,"Hereford, 14 Commercial St",HR1 2DB,Hereford,52.05714107,-2.713889548,0,0,1,1,1,1,1,0.8669550691717265
645,"Outlet: South Shields, 4 Frederick St",NE33 5EA,South Shields,54.98933946,-1.437458787,0,0,0,0,1,3,4,1.6960762087159367
646,"Cheshunt, 53 Turners Hill",EN8 9DD,Cheshunt,51.70141311,-0.034745449,1,1,1,1,2,3,7,0.08499094215509041
648,"Chingford, 4 Albert Cres",E4 6SH,Chingford,51.61730415,-0.018391277,1,1,1,1,2,5,19,0.1671237857414192
650,"Crouch End, 29 The Broadway",N8 8DU,Crouch End,51.57932369,-0.124013257,0,0,0,0,1,6,25,1.691839988976785
651,"Dagenham, 12 Woodward Rd",RM9 4SH,Dagenham,51.5388827,0.12706443,0,0,1,1,2,4,14,0.9435791717894145
652,"Dalston, 61 Kingsland High St",E8 2JS,Dalston,51.5483315,-0.075560283,0,0,2,5,10,15,29,0.7365446141225018
655,"Edmonton, Bury St West, 8 Cambridge Tce",N9 9JJ,Edmonton,51.63430917,-0.070959018,0,0,2,2,4,8,14,0.5060475894245401
658,"Southend, 67 High St",SS1 1HZ,Southend-on-Sea,51.53629719,0.713525576,0,0,1,2,2,3,4,0.7211203079969712
660,"Liverpool, 21 Bold St",L1 4DN,Liverpool,53.40379375,-2.979443946,0,0,1,2,2,5,11,0.641297401191658
661,"Chigwell, 197 Manford Way",IG7 4DJ,Chigwell,51.60834533,0.106986154,0,0,0,0,1,4,10,1.5645370456696703
664,"Enfield, 308 Baker St",EN1 3LD,Enfield,51.66295974,-0.077847822,1,1,1,1,3,4,12,0.20666638908667004
665,"Bromley, 439 Bromley Rd",BR1 4PH,Bromley,51.42535846,-0.004523875,0,0,0,0,3,7,18,1.513429887331448
666,"Enfield, 9 Bush Hill Pde",N9 9JS,Enfield,51.63658565,-0.081207123,1,1,1,2,4,9,12,0.03943727925660192
667,"Enfield, 188 Hertford Rd",EN3 5AZ,Enfield,51.65713466,-0.047546232,0,0,1,1,2,6,14,0.965740954278022
674,"Hackney, 387B Mare S",E8 1HY,Hackney,51.5486275,-0.055271622,0,2,2,4,8,16,29,0.27458022845579844
675,"Harlow, 6 Bush Fair SC",CM18 6PA,Harlow,51.757661099787,0.112653588101,0,0,1,1,2,2,4,0.9353940028145156
676,"Hertford, 5 Railway St",SG14 1BG,Hertford,51.79676619,-0.07737743,1,1,1,1,1,2,3,0.11817932020834306
677,"Highbury, 3 Highbury Pk",N5 1QJ,Highbury,51.55368127,-0.098470752,0,0,2,3,8,14,30,0.5615508579651011
680,"Kentish Town, 311 Kentish Town Rd",NW5 2TJ,Kentish Town,51.54975145,-0.141137395,0,0,1,2,3,11,28,0.9957701333685787
684,"Enfield, 110 South St",EN3 4QA,Ponders End,51.64318593,-0.038433111,0,0,0,0,4,6,14,1.5488479012673455
686,"Carlisle, 24 Scotch St",CA3 8PX,Carlisle,54.89618953,-2.935763525,0,0,1,3,3,3,3,0.6732071514356739
689,"Globe Town, 112 Roman Rd",E2 0RN,Globe Town,51.52864389,-0.047721427,0,0,2,5,7,17,31,0.6375887067849648
690,"Harold Hill, Romford, 4 Farnham Rd",RM3 8DX,Harold Hill,51.60683358,0.218423421,0,0,0,1,1,3,7,1.292729807998384
691,"South Woodford, 168 George Ln",E18 1AY,South Woodford,51.59390179,0.024717503,0,0,0,2,3,7,18,1.1078172023507655
692,"Southgate, 58 Chase Side",N14 5PA,Southgate,51.6331013,-0.12960971,0,0,1,2,3,5,11,0.5518315081681979
693,"Maidstone, 208 The Mall, Pad's Hill",ME15 6AT,Maidstone,51.272641973213,0.525269498799,1,1,1,2,3,3,4,0.1666920014639366
694,"Stratford, 52 West Mall, Stratford SC",E15 1XE,Stratford,51.54179925,-0.000109632,0,1,1,2,4,10,31,0.2880637479835889
697,"Upton Park, 380 Green St",E13 9AP,Upton Park,51.53598911,0.034993703,0,0,1,2,4,8,24,0.5297782390984396
701,"Walworth, 273 Walworth Rd",SE17 1RL,Walworth,51.48790867,-0.095357888,0,1,2,2,7,14,33,0.4081590099699961
703,"Wanstead, 85 High St",E11 2AE,Wanstead,51.57807443,0.026386587,1,1,1,1,4,6,20,0.17617388548141838
705,"Wood Green, 7 The Broadway",N22 6DS,Wood Green,51.59592233,-0.109261437,0,0,1,1,3,8,20,0.937898320468544
706,"Barnard Castle, 11 Horsemarket",DL12 8LY,Barnard Castle,54.54388283,-1.923716837,0,0,0,0,0,0,0,11.36837100324669
708,"Berwick, 26 Marygate",TD15 1BN,Berwick-upon-Tweed,55.76974042,-2.003311621,0,0,0,0,0,0,0,33.016468078923936
713,"Romford, 40 Collier Row Rd",RM5 3PA,Romford,51.59904386,0.161501485,1,1,1,1,1,3,9,0.03062354428051416
717,"Wilmslow, 49 Grove St",SK9 1DT,Wilmslow,53.326312015744,-2.232025542914,1,1,1,1,1,1,5,0.1709015195242715
719,"Dunfermline, U3 Kingsgate SC",KY12 7QA,Dunfermline,56.072391304342,-3.459578833998,0,0,1,1,1,2,3,0.9396899831207832
721,"Durham, 2 Saddler St",DH1 3NP,Durham,54.77670902,-1.575272298,0,1,1,2,2,2,3,0.3662831227275167
724,"Leeds, U5 The Light SC, Headrow",LS1 8EQ,Leeds,53.79980135,-1.54638228,1,1,2,2,2,3,9,0.17658295597820065
728,"Hartlepool, 175 Middleton Grange SC",TS24 7RR,Hartlepool,54.683649724701,-1.213782683114,1,1,1,2,2,3,3,0.1880087089727672
730,"Finchley, 25 Ballards Lane",N3 1XP,Finchley,51.6025646,-0.192352211,0,0,0,0,0,2,10,2.035495270388187
740,"Slough, Buckingham CTR",SL1 4RD,Slough,51.52140639,-0.625498595,0,0,1,1,2,2,5,0.828480967696314
742,"Romford, 1 Quadrant Arc",RM1 3ED,Romford,51.57867391,0.181117322,0,0,0,1,3,5,7,1.0606233447506122
743,"Morpeth, 23 Bridge St",NE61 1NT,Morpeth,55.16742808,-1.688820469,0,0,0,0,0,0,1,4.18846790152191
744,"Scunthorpe, 133 High St",DN15 6LP,Scunthorpe,53.59124501,-0.649672318,0,0,0,0,1,1,1,1.6839341154553613
750,"Newcastle, 95 Grey St",NE1 6EG,Newcastle Upon Tyne,54.97327612,-1.612961661,0,1,1,1,4,5,11,0.3968416117598234
751,"Newcastle, 42 Neville St",NE1 5DF,Newcastle Upon Tyne,54.96934767,-1.617641912,0,0,1,1,3,6,10,0.6677157168746368
754,"Edinburgh, 27A Raeburn Pl",EH4 1HU,Stockbridge,55.95890687,-3.211321522,1,1,1,4,5,8,11,0.016584221872784043
755,"Ripon, 18 Market Pl North",HG4 1BW,Ripon,54.1367966,-1.523586139,1,1,1,1,1,1,1,0.07470017681184868
760,"Skipton, 60 High St",BD23 1JP,Skipton,53.96154099,-2.017023303,1,1,1,1,1,1,1,0.1299761334409884
761,"Worcester Park, 125 Central Rd",KT4 8DY,Worcester Park,51.37885437,-0.242469492,1,1,1,1,3,6,11,0.01022996503418725
762,"St Andrews, 116 Market St",KY16 9PD,St Andrews,56.34031053,-2.797380154,1,1,1,1,1,1,1,0.13407820075870341
764,"Sunderland, Cafe Mall, The Bridges SC",SR1 3LB,Sunderland,54.90609,-1.38341,1,1,1,2,3,3,4,0.11306058699677107
765,"Clifton, 230 Southchurch Dr",NG11 8AA,Clifton,52.90299908,-1.177917274,0,0,0,0,1,2,6,1.500486322628366
770,"Northallerton, 185 High St",DL7 8LF,Northallerton,54.33890226,-1.434153854,1,1,1,1,1,1,1,0.14381986882164713
772,"York, 15 Saint Sampsons Sq",YO1 8RR,York,53.95958313,-1.081637499,0,0,0,2,4,4,5,1.0222857568873787
773,"York, 18 Pavement",YO1 9UP,York,53.95875572,-1.07958925,0,0,1,2,3,4,5,0.9243343785343034
777,"Smethwick, 573 Bearwood SC",B66 4BH,Smethwick,52.47483353,-1.969094563,0,0,1,2,3,6,10,0.9410741531892665
778,"Beccles, 13 Newmarket",NR34 9HD,Beccles,52.45743376,1.562762047,1,1,1,1,1,1,1,0.13018600922460405
780,"Blackpool, 72 Church St",FY1 1HP,Blackpool,53.81773213,-3.052582822,0,0,1,3,3,4,6,0.6723484293554075
791,"Erdington, 634 Kingsbury Rd",B24 9PJ,Erdington,52.51719377,-1.820491937,0,0,0,2,2,3,8,1.0483979474073175
792,"Grimsby, 32 Friargate, Freshney Pl SC",DN31 1ED,Grimsby,53.56580252,-0.086418414,0,1,1,1,2,3,3,0.39557051477673255
793,"Hadleigh, 58 High St",IP7 5AL,Hadleigh,52.04374307,0.954111202,0,0,0,0,0,0,0,7.963324083510387
795,"Hanworth, 8 Market Pde",TW13 6AL,Feltham,51.44034156,-0.387316069,0,0,0,2,3,7,12,1.0924674911050936
797,"Huntingdon, 123B High St",PE29 3LG,Huntingdon,52.33017271,-0.182847023,1,1,1,1,1,1,2,0.12430733123561341
798,"Ipswich, 35 Upper Brook St",IP4 1ED,Ipswich,52.05662622,1.156393004,0,0,1,2,2,2,3,0.859362303517478
799,"Kiddminster, U1 Swan SC",DY10 2AZ,Kidderminster,52.38824036,-2.249021302,1,1,1,1,1,1,2,0.1250598324394324
802,"Alloa, 8 High St",FK10 1JE,Alloa,56.11506712,-3.791537081,1,1,1,1,1,1,1,0.0686431886468072
803,"Kings Lynn, 93 High St",PE30 1BL,Kings Lynn,52.75412163,0.395177529,0,0,1,2,2,2,2,0.5844735506019926
804,"Ledbury, 2 High St",HR8 1DS,Ledbury,52.03706345,-2.422474102,0,0,0,0,0,0,0,7.667208918952147
810,Lincoln 23 Bailgate,LN1 3AP,Lincoln,53.23584198,-0.53856777,0,1,1,3,3,4,4,0.4214435051559783
813,"Loughborough, 15 Market Pl",LE11 3EA,Loughborough,52.77206621,-1.20647227,0,0,2,2,2,2,3,0.5631259335098646
814,"Luton, 13 Sundon Pk Pde",LU3 3BH,Luton,51.91609215,-0.469707628,1,1,1,1,1,4,7,0.0018768102565948006
815,"Telford, Telford SC, 54 Southwater",TF3 4DE,Telford,52.674888461965,-2.446972052111,0,0,0,2,2,5,5,1.0182973074645096
816,"West Denton, U10 Denton Pk SC",NE5 2QZ,West Denton,54.99308706,-1.698881986,0,1,1,1,3,4,9,0.4965528556591921
818,"Melton Mowbray, 26 Market Pl",LE13 1XD,Melton Mowbray,52.76471355,-0.886802394,1,1,1,1,1,1,1,0.1015589410985797
819,"Clapham Junction, 22 Saint Johns Rd",SW11 1PN,Clapham Junction,51.46309418,-0.167969306,0,0,0,1,4,7,19,1.0120331158024625
820,"Newport, 63 High St",TF10 7AU,Newport,52.76890653,-2.378759366,1,1,1,1,1,1,2,0.03290622072743483
822,"Norwich, 57 St Stephens St",NR1 3QR,Norwich,52.62471517,1.291507357,0,0,0,2,3,3,5,1.0095929155493875
830,"Orpington, 113 Cotmandene Cres",BR5 2RB,St Pauls Cray,51.40363678,0.106063657,1,1,1,1,1,4,13,0.05159374722752159
835,"Bermondsey, 79 Tower Bridge Rd",SE1 4TW,Bermondsey,51.49615718,-0.082994615,0,1,2,4,6,17,30,0.27479236971934023
836,"Brixton, 4 Electric Ave",SW9 8JX,Brixton,51.46231728,-0.114663495,0,1,1,3,3,7,24,0.28214593452929726
837,"Stafford, 58 Greengate St",ST16 2JE,Stafford,52.80688411,-2.117488759,1,1,1,1,2,2,2,0.23340661915679514
839,"West Croydon, 10 London Rd",CR0 2TA,West Croydon,51.37850445,-0.102840773,0,1,2,3,3,6,12,0.4585564284199153
840,"Stowmarket, 17 Ipswich St",IP14 1AH,Stowmarket,52.18723811,0.99650761,1,1,1,1,1,1,1,0.0525137615089874
846,"Thetford, 13 King St",IP24 2AN,Thetford,52.413698525189,0.749000809084,1,1,1,1,1,1,1,0.04625769264175096
848,"West Bromwich, Sandwell CTR",B70 7NN,West Bromwich,52.51749,-1.99315,0,0,0,0,0,3,10,2.5921407429704697
852,"Wrexham, 38 Regent St",LL11 1SA,Wrexham,53.04693702,-2.996575596,1,1,1,1,1,1,1,0.15350869481077647
853,"Abbey Wood, 7 Wilton Rd",SE2 9RH,Abbey Wood,51.49013729,0.12116388,0,0,0,1,2,5,16,1.4785719140777704
854,"Abingdon, 7 Bury St",OX14 3QY,Abingdon,51.670406755574,-1.282218654662,0,1,1,1,1,1,2,0.4100654951718994
855,"Alton, 56 High St",GU34 1ET,Alton,51.14842922,-0.976243999,1,1,1,1,1,1,1,0.09241693235989924
857,"Barking, 59 East St",IG11 8EJ,Barking,51.53780384,0.079076961,1,1,1,2,3,6,17,0.1898520653481613
861,"Pitsea, 5 Northlands Pavement",SS13 3DU,Pitsea,51.56634591,0.504106435,1,1,1,1,1,2,8,0.14311535906514605
863,"East Bedfont, 382 Staines Rd",TW14 8BT,East Bedfont,51.45365346,-0.429494696,0,0,0,1,2,3,10,1.0694578372486503
864,"Southampton, Bitterne, 381 Bitterne Rd",SO18 5RR,Bitterne,50.91471494,-1.360635847,1,1,1,1,3,6,11,0.11776675641094103
865,"Braintree, 5 George Yard SC",CM7 1RB,Braintree,51.878602207273,0.549923904499,0,0,1,1,2,2,2,0.5653910964675655
866,"Brentwood, 68 High St",CM14 4AN,Brentwood,51.61985623,0.300823483,1,1,1,1,1,3,3,0.0675737591518885
867,"Canvey Island, 30 Furtherwick Rd",SS8 7AE,Canvey Island,51.52238085,0.59225309,1,1,1,1,1,2,6,0.16915092065209195
868,"Chatham, U58 Pentagon SC",ME4 4HP,Chatham,51.38401029,0.52512824,0,0,1,1,3,4,6,0.7796980508035188
869,"Chelmsford, 146 Gloucester Ave",CM2 9LG,Chelmsford,51.71601471,0.474856678,0,0,1,2,2,2,3,0.5962533926694188
870,"Chesham, 49 High St",HP5 1BW,Chesham,51.70559125,-0.612227357,0,0,0,1,2,2,3,1.1232467168556421
871,"Chessington, 332 Hook Rd",KT9 1NU,Chessington,51.36720385,-0.307019182,0,0,0,1,2,5,10,1.387233391131228
873,"Clacton-On-Sea, 19 Station Rd",CO15 1TD,Clacton-on-Sea,51.78920025,1.152925466,1,1,1,2,2,2,2,0.10782089665198377
877,"Corringham, 19 Grover Wlk",SS17 7LP,Corringham,51.52459245,0.44670116,1,1,1,1,1,2,4,0.018245551746610182
878,"Oxford, Templars Sq SC",OX4 3XH,Cowley,51.73177563,-1.217703197,1,1,1,1,2,3,3,0.04977671164501732
881,"Crawley, 17 Queensway",RH10 1EB,Crawley,51.1156759,-0.185653242,1,1,1,2,2,2,3,0.17018606637180594
887,"Earls Court, 183 Earls Court Rd",SW5 9RD,Earls Court,51.4923194,-0.192926691,0,0,2,2,6,12,25,0.685564048996544
888,"Haverhill, 30 High St",CB9 8AH,Haverhill,52.08134381,0.440237011,0,0,0,1,1,1,1,1.3567655247838195
891,"Feltham, 22 The Centre",TW13 4AU,Feltham,51.44672629,-0.409982083,0,1,1,1,1,5,10,0.3185829137365727
894,"Gravesend, U79 Thamegate SC",DA11 0AF,Gravesend,51.44239596,0.367978592,0,0,0,2,2,3,5,1.1205123305065416
895,"Great Baddow, 12 Vineyards CTR",CM2 7QS,Great Baddow,51.71732,0.50116,0,0,1,1,1,3,3,0.5888361933048164
900,"Bishop Auckland, U2 Newgate SC",DL14 7JQ,Bishop Auckland,54.664404888739,-1.676123071536,0,0,0,0,1,1,2,1.8102956708677076
901,"Haywards Hth, 28 South Rd",RH16 4LA,Haywards Heath,50.99649414,-0.101380704,0,0,1,1,1,1,2,0.6493343061968821
902,"Southampton, Hedge End, 3 Lwr Northam Rd",SO30 4FN,Hedge End,50.91398453,-1.30310283,1,1,1,1,1,2,9,0.07140842926047751
909,"Maldon, 34 High St",CM9 5PN,Maldon,51.73145675,0.676606109,0,1,1,1,1,1,1,0.36278250168104187
910,"New Addington, 33 Central Pde",CR0 0JD,New Addington,51.34157491,-0.014692315,1,1,1,1,2,3,10,0.026619322210211672
911,"Epping, 257 High St",CM16 4BP,Epping,51.69996404,0.112266339,1,1,1,1,1,1,4,0.21120858023412659
912,"New Malden, 148 High St",KT3 4EP,New Malden,51.39958189,-0.255370339,1,1,1,1,4,5,14,0.22131314076863481
913,"Orpington, 238 High St",BR6 0LS,Orpington,51.37613873,0.099347308,1,1,1,1,2,2,9,0.1143402345255828
915,"Paddock Wood, 43 Commercial Rd",TN12 6EN,Paddock Wood,51.1806089,0.388492242,1,1,1,1,1,1,1,0.07048353256315074
916,"Penge, 139 High St",SE20 7DS,Penge,51.41498963,-0.052398438,1,1,1,1,1,5,15,0.06828178345007449
917,"Petersfield, 23 Chapel St",GU32 3DY,Petersfield,51.00503667,-0.938227939,1,1,1,1,1,1,1,0.06488940317361483
918,"Rayleigh, 81 High St",SS6 7EJ,Rayleigh,51.58598691,0.60576822,1,1,1,1,1,4,9,0.08461619853567566
919,"London Victoria, U29 Palmer St",SW1H 0PH,Westminster,51.49823929,-0.135258927,0,1,1,4,5,12,32,0.43012387536285224
921,"Rochford, 12 West St",SS4 1AL,Rochford,51.58246415,0.707005803,0,0,0,0,1,3,6,1.8374118154504109
924,"Sheerness, 52 High St",ME12 1NL,Sheerness,51.44055044,0.76134058,1,1,1,1,1,1,1,0.087539639052148
925,"Sidcup, 51 High St",DA14 6ED,Sidcup,51.42629537,0.103398611,0,0,1,2,4,7,15,0.6246158352535172
926,"Benfleet, 281 High Rd",SS7 5HA,Benfleet,51.55363406,0.559285548,0,0,1,1,1,5,6,0.9914472844863442
933,"Guildford, 42 North St",GU1 4TE,Guildford,51.23618673,-0.575292912,0,0,1,2,2,3,4,0.6091216710654042
934,Wallingford 5 Market Pl,OX10 0EG,Wallingford,51.59978268,-1.124435872,1,1,1,1,1,1,1,0.10383980565378835
937,"Wantage, U1 Victoria Cross",OX12 8AS,Wantage,51.58843334,-1.426735027,1,1,1,1,1,1,1,0.03990469516720349
938,"Ulverston, 15 Market St",LA12 7AY,Ulverston,54.19605583,-3.095283004,0,0,0,0,0,0,0,7.224117915176535
940,"Wickford, 26 High St",SS12 9AZ,Wickford,51.61277664,0.520937815,1,1,1,1,1,1,6,0.0824378534518553
941,"Warrington, U88 Golden Sq SC",WA1 1QE,Warrington,53.39022606384,-2.595429757673,0,1,1,1,2,3,5,0.37905559963031343
942,"Cockermouth, 54 Main St",CA13 9LU,Cockermouth,54.66386508,-3.365052205,1,1,1,1,1,1,1,0.07671336156230694
944,"Stevenage, 27 Town Sq",SG1 1BP,Stevenage,51.90184149,-0.201927138,0,0,1,1,2,2,3,0.579357610095508
946,"Witham, 52 Newlands SC",CM8 2BB,Witham,51.79988919,0.639959744,0,1,1,1,1,1,2,0.44047048040359715
948,"Acton, 69 Old Oak Common Lane",W3 7DD,Acton,51.51467445,-0.249513118,0,0,1,3,5,9,23,0.7429918803933824
951,"Addlestone, 94 Station Rd",KT15 2AD,Addlestone,51.37143276,-0.488290453,1,1,1,2,2,3,9,0.10893791214748169
953,"Battersea, 29 Falcon Rd",SW11 2PH,Battersea,51.46918717,-0.170971958,0,0,1,2,4,7,21,0.8410535894959222
960,"Edinburgh, 43 Forrest Rd",EH1 2QP,Edinburgh,55.94566217,-3.19140778,0,1,1,4,6,9,11,0.2878323795663681
962,"Bromley, 15 High St",BR1 1LF,Bromley,51.40072486,0.017138037,0,2,2,2,2,4,15,0.42853856142019786
964,"Camberwell, 18 Denmark Hill",SE5 8RZ,Camberwell,51.47369781,-0.093339428,0,0,2,4,6,11,27,0.9769457486168677
965,"Tonbridge, 86 High St",TN9 1AP,Tonbridge,51.1948691,0.274155361,1,1,1,1,1,2,3,0.15022845419923708
967,"Cippenham, 413 Bath Rd",SL1 5QL,Cippenham,51.51962077,-0.644933128,0,0,0,2,2,4,5,1.0630403084754139
968,"Clapham, 166 Clapham High St",SW4 7UG,Clapham,51.46248415,-0.136825822,0,0,0,2,2,7,22,1.0169619641024594
970,"Croydon, 251 Lower Addiscombe Rd",CR0 6RD,Croydon,51.38067024,-0.0722249,1,1,1,2,3,6,13,0.16820857104955333
971,"Croydon, Norfolk House, Wellesley Rd",CR0 1LH,Croydon,51.374648182958,-0.096703536099,0,1,2,3,3,6,12,0.2940601921465489
973,"Deptford, 91 Deptford High St",SE8 4AA,Deptford,51.47709535,-0.026073303,0,0,0,2,3,10,28,1.002048488763643
975,"South Ruislip, 708 Field End Rd",HA4 0QP,South Ruislip,51.5611259,-0.381279944,0,0,1,1,3,7,14,0.9343837309270776
977,"Eltham, 166 High St",SE9 1BJ,Eltham,51.45066153,0.056369211,0,0,1,2,3,8,20,0.6225243109182096
978,"Poplar, Chrisp St, 16 Mkt Sq",E14 6AQ,Poplar,51.51275476,-0.015288646,0,0,1,2,4,12,35,0.5580801535178418
979,"Fulham, 702 Fulham Rd",SW6 5SA,Fulham,51.47443994,-0.207125527,0,0,2,4,5,8,18,0.5432801320078451
981,"Greenford, 16 The Broadway",UB6 9PR,Greenford,51.52786861,-0.353057842,0,0,1,1,3,3,15,0.8452394988974805
983,"Greenwich, 5 Greenwich Church St",SE10 9BJ,Greenwich,51.48083824,-0.009725526,0,0,1,1,3,10,29,0.7678353740111152
984,"Hayes, 25 Station Rd",UB3 4BD,Hayes,51.50643439,-0.41873906,0,0,0,0,1,4,11,1.8678914624920817
985,"South Bermondsey, 1A Ilderton Rd",SE16 3JU,South Bermondsey,51.48828232,-0.057726802,0,0,2,4,5,13,30,0.5889726419330393
987,"Hemel Hempstead, 150 The Marlowes",HP1 1BA,Hemel Hempstead,51.7523278,-0.472631574,1,1,1,1,2,2,4,0.13564796721640998
988,"Hillingdon, 370 Long Lane",UB10 9PG,Hillingdon,51.55081276,-0.448662578,0,0,0,2,2,3,9,1.3047660526297715
989,"Holborn, 81 Leather Ln",EC1N 7TS,Holborn,51.52129236,-0.110064051,0,0,4,7,9,15,30,0.6110871625927196
990,"Coventry, 2A Earlsdon St",CV5 6EG,Coventry,52.39987588,-1.530920931,0,0,0,3,4,5,8,1.1389154301191635
991,"Notting Hill, 238 Portobello Rd",W11 1LJ,London,51.51748864,-0.206075,0,1,2,3,4,11,27,0.39021775140313514
992,"Kilburn, 79 High Rd",NW6 6JE,Kilburn,51.53784493,-0.193510073,0,0,2,3,4,7,25,0.738097915235813
995,"Harrogate, 7 Cambridge Rd",HG1 1PB,Harrogate,53.99353516,-1.541508977,0,0,0,2,2,2,2,1.094171329936387
996,"Kingsbury, 461 Kingsbury Rd",NW9 9DY,Kingsbury,51.5857086,-0.276235599,0,0,0,1,2,7,14,1.2814049747378258
997,"Ham, 430 Richmond Rd",KT2 5PU,Ham,51.43104167,-0.306850345,0,0,0,1,3,6,14,1.4569038145529756
1000,"Southend, 2 Southchurch Rd",SS1 2NE,Southend-on-Sea,51.54002448,0.71285407,0,0,1,2,2,2,5,0.6144837563677311
1001,"Brentwood, 19 High St",CM14 4RG,Brentwood,51.62123793,0.304875644,0,1,1,1,1,3,4,0.26031649205363877
1002,"Mill Hill, 44 The Broadway",NW7 3LH,Mill Hill,51.61471267,-0.24678583,0,0,0,1,1,3,13,1.4185508068015447
1003,"Mitcham, 11 Fairgreen Pde",CR4 3NA,Mitcham,51.40528615,-0.164418219,0,0,0,0,0,3,13,2.770678499557945
1005,"Morden, 54 London Rd",SM4 5BE,Morden,51.40274637,-0.193851778,0,0,0,0,0,4,12,2.271039414501534
1006,"North Cheam, 522 London Rd",SM3 8HW,North Cheam,51.37164666,-0.226996868,0,0,1,2,3,6,10,0.8239549253000698
1007,"Bulwell, 83 Main St",NG6 8QD,Bulwell,53.00103772,-1.197292688,0,0,1,1,2,4,9,0.8019804439133567
1009,"Pimlico, 111 Lupus St",SW1V 3EN,Pimlico,51.48761152,-0.141624566,0,1,2,2,3,11,30,0.3553377830055639
1010,"Plumstead, 6 Lakedale Rd",SE18 1PP,Plumstead,51.4872389,0.090979595,0,0,1,2,3,8,19,0.7959179665961813
1014,"Raynes Park, 36 Coombe Ln",SW20 0LA,Raynes Park,51.40959005,-0.230465714,0,0,0,1,1,3,11,1.2279402429354391
1016,"Reading, 82 Christchurch Rd",RG2 7AZ,Reading,51.44267275,-0.955141618,1,1,2,2,3,6,7,0.03036052144198627
1017,"Roehampton, 37 Danebury Ave",SW15 4DQ,Roehampton,51.44952993,-0.241761045,0,0,0,2,2,4,16,1.4235565237598293
1020,"South Norwood, 89 High St",SE25 6EA,South Norwood,51.39829252,-0.076399286,0,0,0,1,3,4,16,1.1699183630214893
1022,"Southfields, 8 Replingham Rd",SW18 5LS,Southfields,51.44467271,-0.205932423,0,0,0,1,2,4,14,1.109131576903808
1024,"Stockwell, 312 Clapham Rd",SW9 9AE,Stockwell,51.47076982,-0.124736188,0,1,2,2,4,7,26,0.48201908212721256
1026,"Sunbury On Thames, 17 Staines Rd Wst",TW16 7AB,Sunbury on Thames,51.41971788,-0.420034972,0,0,1,1,3,3,12,0.9086298406946441
1027,"Thornton Heath, 758 London Rd",CR7 6JA,Thornton Heath,51.39383065,-0.114027624,0,0,1,1,2,4,13,0.7110727699991618
1029,"Tooting, 41 Mitcham Rd",SW17 9PB,Tooting,51.42734027,-0.166688288,0,0,0,0,0,1,16,2.9619036391566818
1031,"Twickenham, 8 King St",TW1 3SN,Twickenham,51.44655326,-0.328427407,1,1,1,3,3,5,14,0.21990622093211876
1035,"West Norwood, 324 Norwood Rd",SE27 9AF,West Norwood,51.43529115,-0.104181974,0,0,0,0,1,4,17,1.9232337733066955
1046,"Newcastle, 24 Northumberland S",NE1 7DE,Newcastle Upon Tyne,54.97495778,-1.611984243,0,1,1,1,4,5,11,0.2977239758695151
1047,"Wembley, 504 High Rd",HA9 7BH,Wembley,51.55308008,-0.295688909,1,1,1,2,3,6,20,0.19045415743499394
1050,"Burnham On Sea, 35 High St",TA8 1PA,Burnham on Sea,51.23550925,-2.997301785,1,1,1,1,1,1,1,0.20036815729037866
1051,"Govan, U4 Govan Cross SC",G51 3JW,Govan,55.862550162137,-4.312749817083,0,0,1,2,3,6,16,0.8953800005851377
1053,"Seacroft, 149 South Parkway",LS14 6ER,Seacroft,53.81632494,-1.469180129,0,0,1,1,1,2,7,0.8220675046309334
1055,"Annan, 103 High St",DG12 6ED,Annan,54.98723219,-3.260290273,1,1,1,1,1,1,1,0.01606692142389665
1064,"Carlisle, 131 Denton St",CA2 5EN,Carlisle,54.88661914,-2.940253252,0,0,2,2,3,3,3,0.6057053742514873
1066,"Carlisle, 8 Devonshire St",CA3 8LP,Carlisle,54.89275689,-2.9339525,0,1,1,2,3,3,3,0.4506226098458703
1070,"Carnforth, 11 Market St",LA5 9JX,Carnforth,54.1289369,-2.769097719,0,0,0,0,0,0,0,5.620720505686939
1073,"Dalton In Furness, 79 Market St",LA15 8DL,Dalton in Furness,54.1564998,-3.181051814,0,0,0,0,0,0,2,3.1948551870395625
1078,"Louth, 16 Market Pl",LN11 9PB,Louth,53.36619568,-0.004313207,0,0,0,0,0,0,0,13.384360035541846
1084,"Lancaster, 9 Cheapside",LA1 1LY,Lancaster,54.049095008858,-2.799522419038,1,1,1,1,1,1,2,0.03212157141351227
1086,"Lancaster Uni, 8 Alexandra Sq",LA1 4XX,Bailrigg,54.01038318,-2.784651492,0,0,0,0,0,1,1,2.772177057025754
1089,"Lockerbie, 67 High St",DG11 2JH,Lockerbie,55.12136099,-3.355690768,0,0,0,0,0,0,0,9.997103604184938
1091,"Maryport, 67 Senhouse St",CA15 6BU,Maryport,54.71396924,-3.497603512,0,0,0,0,0,0,0,5.237466221943003
1095,"Morecambe, 23 Glentworth Rd Wst",LA4 4SZ,Morecambe,54.061857137837,-2.852913591841,0,0,1,1,1,2,2,0.9125128180157803
1096,"Prestonpans, 135 High St",EH32 9AX,Prestonpans,55.95924787,-2.984741993,0,0,0,0,1,1,2,1.5245381614180986
1113,"Wigton, 3 King St",CA7 9DT,Wigton,54.82504732,-3.161185766,0,0,0,0,0,0,0,9.039132117355807
1118,"Leicester, U58G Haymarket SC",LE1 3YD,Leicester,52.63698393,-1.131408925,0,0,2,3,4,6,9,0.7643365975720161
1119,"Nottingham, 25 Upper Parliament St",NG1 2AP,Nottingham,52.95500974,-1.149034349,0,0,0,2,3,6,9,1.3563303441338435
1124,"Newcastle, 112 West Rd",NE4 9QA,Newcastle Upon Tyne,54.97604567,-1.65499801,0,0,1,1,2,8,10,0.9526681684045244
1125,"Maidenhead, 43 High St",SL6 1JF,Maidenhead,51.52275103,-0.720098438,0,1,1,1,1,2,5,0.48404855851237605
1126,"Leeds, Northside RP",LS7 2TT,Leeds,53.82856281,-1.564330547,0,0,1,1,2,4,8,0.7605642382045611
1129,"Tranent, 30 High St",EH33 1HQ,Tranent,55.94432716,-2.952859907,1,1,1,1,1,1,2,0.08753815170611139
1134,"Cowbridge, 25 High St",CF71 7AE,Cowbridge,51.46198817,-3.447687309,0,0,0,0,0,0,2,3.9859564863523738
1135,"Billericay, 121 High St",CM12 9AH,Billericay,51.62413598,0.416108758,0,1,1,1,1,2,4,0.2933729821833189
1140,"Felixstowe, 35 Hamilton Rd",IP11 7BB,Felixstowe,51.96184691,1.351109669,0,1,1,1,1,1,2,0.29466375394707606
1142,"Alnwick, 44 Bondgate",NE66 1JD,Alnwick,55.41387185,-1.706298427,0,0,0,0,0,0,0,16.4537668570376
1143,"Aylesbury, Mkt Hse, Mkt Sq",HP20 1TN,Aylesbury,51.8167728,-0.812392546,1,1,1,2,2,3,3,0.14480748183379574
1147,"East Dereham, U1 Nelson Pl",NR19 1EA,Dereham,52.68085101,0.941165688,0,1,1,1,1,1,1,0.27935678994783686
1149,"Port Talbot, U9 Aberafan SC",SA13 1PB,Port Talbot,51.59698394,-3.785557963,0,1,1,1,1,2,3,0.34451167211736367
1150,"Evesham, 14 Bridge St",WR11 4RR,Evesham,52.09242732,-1.946547937,1,1,1,1,1,1,1,0.15270228280730572
1160,"Newmarket, 66 High St",CB8 8LB,Newmarket,52.24447766,0.406499553,1,1,1,1,1,1,1,0.07246262794241133
1161,"Cleckheaton, 16 Northgate",BD19 5AE,Cleckheaton,53.72447176,-1.713660601,1,1,1,1,2,2,5,0.026658920168895192
1162,"Stratford, 2B Bridge St",CV37 6AB,Stratford Upon Avon,52.19259885,-1.704466515,0,0,1,1,1,1,1,0.8271124076238742
1166,"Liverpool, 565 West Derby Rd",L13 8AD,Tuebrook,53.42469149,-2.932990925,0,0,0,0,3,7,13,1.7382548542945278
1167,"Manchester, 28 Cross St",M2 7AQ,Manchester,53.48191006,-2.244714505,0,1,3,3,5,9,15,0.4400087371235113
1168,"Richmond, 14 Market Pl",DL10 4PX,Richmond,54.4035565,-1.737807642,0,0,0,0,1,1,1,1.9852739409438227
1169,"Hull, 54 Jameson St",HU1 3LS,Hull,53.74497795,-0.341697842,1,1,1,1,2,4,6,0.12780303296702858
1172,"Bradford, 3 Interchange, Bridge St",BD1 1TU,Bradford,53.79157733,-1.750245433,0,0,0,1,3,3,5,1.433225922300511
1175,"Oakwood, 197 Bramley Rd",N14 4XA,Oakwood,51.64909629,-0.128863469,0,0,0,1,1,5,11,1.299571539835586
1178,"Bedford, 13 All Hallows",MK40 1LN,Bedford,52.13766853,-0.470144925,1,1,1,1,2,3,4,0.17887007353007134
1180,"Leeds, U13 The Light SC, Albion St",LS1 8EQ,Leeds,53.79993866,-1.545077966,1,1,2,2,2,3,9,0.13289895323845252
1181,"Inverkeithing, 47 High St",KY11 1NL,Inverkeithing,56.0306533,-3.398298148,0,0,0,0,1,2,3,1.680549064942205
1182,"St Ives, 5 The Pavement",PE27 5AD,St Ives,52.32358727,-0.073305991,1,1,1,1,1,1,2,0.2018996491761604
1183,"Wakefield, U1 Bus Station",WF1 3AQ,Wakefield,53.68590585082,-1.498309678381,0,0,2,2,2,2,4,0.6666074463564174
1186,"Basildon, 44 East Wlk",SS14 1HE,Basildon,51.57052446,0.461097953,0,0,0,0,2,2,6,1.8213439504164295
1187,"Bishops Stortford, U2 South St",CM23 3AT,Bishops Stortford,51.86981712,0.159942748,1,1,1,1,1,2,3,0.24133168635303578
1188,"Lowestoft, 65 London Rd North",NR32 1LS,Lowestoft,52.47573174,1.751928489,0,1,1,1,1,1,1,0.43576530200084046
1189,"Leeds, Seacroft Green SC",LS14 6PA,Seacroft,53.82257651,-1.460628398,0,0,0,1,1,2,7,1.032150294510599
1190,"Whitehaven, 61 Kings St",CA28 7JH,Whitehaven,54.54846594,-3.589733109,1,1,1,1,1,1,1,0.1747614948754755
1193,"Wimbledon, 17 Wimbledon Bridge",SW19 7NH,Wimbledon,51.4210438,-0.206537777,0,0,0,0,0,2,14,2.5071929755289313
1194,"Waltham Abbey, 14 Sun St",EN9 1EE,Waltham Abbey,51.68695219,-0.001642676,1,1,1,1,2,3,10,0.04377797742306714
1195,"Durham, 1 North Rd",DH1 4SH,Durham,54.77632294,-1.579291113,1,1,1,1,2,2,3,0.23411097666069486
1196,"Birmingham, 85 New St",B2 4BA,Birmingham,52.47933868,-1.901779855,0,0,2,2,2,4,11,0.6098543146897947
1197,"Hounslow, 181 High St",TW3 1BL,Hounslow,51.469017725995,-0.360991895019,0,0,1,2,2,6,13,0.798471146389005
1198,"Scunthorpe, 33 High St",DN15 6SB,Scunthorpe,53.59206259,-0.645200313,0,0,0,0,1,1,1,1.7565298105205893
1200,"Brighouse, 15 Commercial St",HD6 1AF,Brighouse,53.70227101,-1.78012955,1,1,1,1,1,1,7,0.045434145947412664
1201,"Borehamwood, 149 Shenley Rd",WD6 1AH,Borehamwood,51.65688469,-0.273974758,1,1,1,1,1,2,8,0.10920425056461333
1203,"Rugeley, 23 Lower Brook St",WS15 2BZ,Rugeley,52.75971339,-1.935644906,0,0,1,1,1,1,1,0.5901381100032289
1204,"Dartford, 28 High St",DA1 1BZ,Dartford,51.44444708,0.218116095,0,0,0,2,2,3,8,1.03707687219359
1206,"Birmingham, 51 Warstone Ln",B18 6NG,Birmingham,52.48693437,-1.912974669,0,1,1,2,3,4,12,0.31618406630460516
1207,"Warwick, 20 Swan St",CV34 4BJ,Warwick,52.28144666,-1.589202491,0,1,1,1,1,2,3,0.37802917894365057
1211,"Dunfermline, 92 High St",KY12 7DP,Dunfermline,56.07157713,-3.460484814,0,0,1,1,1,2,3,0.9177785303373983
1212,"Runcorn, 34 Forest Wlk",WA7 2GX,Runcorn,53.327701624615,-2.698491459205,1,1,1,1,2,3,4,0.09444791419762716
1213,"Reading, 10 Queen Victoria St",RG1 1TG,Reading,51.45633283,-0.971798518,0,0,0,2,4,7,7,1.0782202520310602
1214,"Lewisham, 114 High St",SE13 6JG,Lewisham,51.46214511,-0.010559188,0,0,0,2,5,8,24,1.0600301125736276
1223,"Bridgwater, U2, 8 High St",TA6 3BH,Bridgwater,51.12864152,-3.004390547,1,1,1,1,1,1,1,0.13397794928608472
1225,"Lincoln, 188 High St",LN5 7AL,Lincoln,53.22715445,-0.541468145,0,0,2,2,3,4,4,0.5176038219203136
1232,"Nottingham, 178 Broxtowe Lane",NG8 5NG,Broxtowe,52.97936267,-1.208270425,0,0,1,1,2,4,12,0.734868806469703
1236,"Coventry, 42 Broadgate",CV1 1NF,Coventry,52.40766713,-1.511019559,0,0,2,3,4,7,8,0.6673774910802117
1237,Rumney. 767 Newport Rd,CF3 4AJ,Rumney Hill,51.50902983,-3.132237279,1,1,1,2,2,5,9,0.017141728107394956
1238,"Aberdeen, 55 Union St",AB11 5BJ,Aberdeen,57.14705434,-2.096629948,0,0,0,2,2,3,6,1.2186595856530014
1247,"St Albans, 15 St Peters St",AL1 3LW,St Albans,51.75301456,-0.337603936,1,1,1,1,1,2,5,0.1776389456521731
1251,"Portsmouth, 120 Commercial Rd",PO1 1EJ,Portsmouth,50.79962133,-1.09072565,0,1,2,4,4,5,7,0.32944625261613447
1252,"Solihull, Touchwood SC",B91 3GS,Solihull,52.41373884,-1.778664181,1,1,1,1,1,3,7,0.14048825955935107
1256,"Whitehaven, 52 Market Pl",CA28 7JB,Whitehaven,54.54705847,-3.591231107,0,1,1,1,1,1,1,0.2889227794566546
1257,"Devizes, 43 Market Pl",SN10 1JG,Devizes,51.35227661,-1.994989293,1,1,1,1,1,1,1,0.2118038738910471
1258,"Shirley, 45 High St",SO15 3NN,Shirley,50.92194451,-1.432816183,0,1,2,3,3,5,9,0.3867327142135981
1259,"Taunton, 8 North St",TA1 1LH,Taunton,51.01588712,-3.103487002,0,2,2,2,2,2,2,0.32593346134355816
1260,"Keynsham, 42A High St",BS31 1DX,Keynsham,51.41574374,-2.498701989,0,0,1,1,1,2,8,0.7178249446723612
1261,"Manchester, 175 Arndale SC",M4 2HU,Manchester,53.4831,-2.24028,0,1,3,3,4,9,15,0.43811839459480273
1262,"Hounslow, 8 High St",TW3 1HG,Hounslow,51.468503,-0.363528848,0,0,1,2,2,6,11,0.9121123593182066
1263,"Daventry, U20 Bowen Sq",NN11 4DR,Daventry,52.25734156,-1.161484289,1,1,1,1,1,1,1,0.05575117145063839
1266,"Workington, 19 Murray Rd",CA14 2AD,Workington,54.64357148,-3.547471469,1,1,1,1,1,1,1,0.06209158496453525
1267,"Luton, U160 The Mall SC",LU1 2TJ,Luton,51.87972344,-0.416103059,0,1,1,1,3,3,6,0.2869933347424081
1268,"Middlesbrough, 12 Gilkes St",TS1 5ET,Middlesbrough,54.575485,-1.238041,1,1,1,1,2,2,6,0.23510561372132321
1269,"Southampton, 101 Above Bar St",SO14 7FG,Southampton,50.90620164,-1.404667387,0,0,1,2,3,7,10,0.894337373735458
1270,"Street, 98B High St",BA16 0EN,Street,51.12628252,-2.741025855,0,0,0,1,1,1,1,1.2619510923111659
1271,"Sheffield, 21 Market Pl",S1 2GH,Sheffield,53.38349312,-1.466255255,0,0,1,2,3,6,7,0.5899960980627482
1272,"Tamworth, U20 Ankerside SC",B79 7LG,Tamworth,52.63263,-1.69341,0,1,1,1,1,2,3,0.3287807518355329
1277,"Northampton, 51 Abington St",NN1 2AW,Northampton,52.23881042,-0.892370978,0,1,1,1,2,6,6,0.4102690438183916
1279,"Grimsby, 47 Victoria St",DN31 1UU,Grimsby,53.5656316,-0.085386202,0,1,1,1,2,3,3,0.3875938567065684
1282,"Consett, 34 Middle St",DH8 5QJ,Consett,54.85230066,-1.833188539,1,1,1,1,1,1,1,0.03986244257616924
1283,"Croydon, 66 High St",CR0 1NA,Croydon,51.37146037,-0.100595551,1,1,2,2,3,6,12,0.044498287221694514
1287,"Southampton, 8 East St",SO14 3HE,Southampton,50.90185592,-1.403222967,0,0,0,1,3,7,9,1.1958803802621099
1288,"Dartford, 15 Priory SC",DA1 2HR,Dartford,51.444010057154,0.216091680043,0,0,0,2,2,3,9,1.121120600687478
1294,"Aldershot, 33 Wellington St",GU11 1DX,Aldershot,51.24878408,-0.763853108,1,1,1,1,2,3,8,0.04706680403755767
1295,"Elm Park, 12 Broadway Parade",RM12 4RS,Elm Park,51.55079471,0.198766708,1,1,1,1,2,4,9,0.09555350541482659
1298,"Letchworth, 22 East Cheap",SG6 3DD,Letchworth,51.9783608,-0.22821105,1,1,1,1,1,3,4,0.12461020625684212
1299,"Southend, 100 High St",SS1 1JN,Southend-on-Sea,51.53777386,0.713634465,0,0,1,2,2,3,4,0.6840958792603979
1301,"Woolwich, 64 Powis St",SE18 6LQ,Woolwich,51.49159114,0.066242614,1,1,1,3,3,10,22,0.1700246382654115
1307,"Derby, 40 Cornmarket",DE1 2DG,Derby,52.92259525,-1.476753652,0,0,0,0,2,4,6,1.6106812567995081
1310,"Windermere, 19 Crescent Rd",LA23 1EA,Windermere,54.37844829,-2.905564801,0,0,0,1,1,1,1,1.190322901170443
1311,"Keighley, 58 Towngate",BD21 3QE,Keighley,53.86758131,-1.907406624,0,0,1,1,1,1,2,0.7611539556220247
1312,"Great Yarmouth, 182 King St",NR30 1LS,Great Yarmouth,52.60740933,1.726857921,1,1,1,1,2,2,2,0.16320668900303423
1316,"Bristol, Ucg12 The Galleries",BS1 3XD,Bristol,51.456750113664,-2.58986044546,0,1,2,3,5,8,12,0.342216923737608
1317,"Blackwood, 124 High St",NP12 1AF,Blackwood,51.66608782,-3.195222864,0,1,1,1,1,1,2,0.3369173434943916
1318,"Bath, 44 Moorland Rd",BA2 3PN,Oldfield Park,51.37682945,-2.378084629,1,1,1,2,2,2,2,0.015412404150950012
1321,"Leven, 53 High St",KY8 4NE,Leven,56.194473150297,-2.997093534822,1,1,1,1,1,1,1,0.07973467400828686
1323,"Glasgow, U4 Hillington RP",G52 4LY,Hillington,55.86151798,-4.366919603,0,0,0,2,3,5,15,1.40869767223775
1324,"Wallsend, 28 Segedunum Way, The Forum SC",NE28 8JP,Wallsend,54.991354200692,-1.53572822505,0,0,0,0,1,4,8,1.6629432017779038
1325,"Walthamstow, 1 Palace Pde",E17 7BU,Walthamstow,51.58417851926,-0.024307057815,0,0,1,1,2,8,24,0.8676109470062341
1328,"Salisbury, 29 The Maltings",SP1 1BD,Salisbury,51.06983773,-1.798093662,1,1,1,1,1,1,1,0.08232215725231626
1330,"Romford, 16 Western Rd",RM1 3LD,Romford,51.57698797,0.183163891,0,0,1,1,3,5,7,0.9502383028249298
1338,"Glasgow, 543 Duke St",G31 1DL,Glasgow,55.85856852,-4.217293014,0,1,1,2,4,7,14,0.4148946920268571
1339,"Middlesbrough, U25 Cleveland SC",TS1 2NR,Middlesbrough,54.57549,-1.23623,1,1,1,1,2,2,6,0.24497442719773932
1341,"Wickersley, 236 Bawtry Rd",S66 1AA,Wickersley,53.42105651,-1.283696003,0,0,0,1,1,1,4,1.1418871709745686
1343,"Lewisham, U13 The Mall",SE13 7EP,Lewisham,51.46219416,-0.010526042,0,0,0,2,5,8,24,1.0626249404634438
1344,"Horsham, 27 West St",RH12 1PB,Horsham,51.06305063,-0.331564123,1,1,1,1,1,2,2,0.14686109085253188
1346,"Staines, 60 High St",TW18 4DY,Staines,51.43426142,-0.511381586,0,0,1,1,2,2,6,0.8228088591260927
1348,"Hull, U7 Prospect Ctr",HU2 8PW,Hull,53.74598533,-0.342801948,1,1,1,1,2,4,6,0.1542878746137883
1350,"Burnley, 31 The Mall, Charter Wlk SC",BB11 1BA,Burnley,53.790247877119,-2.244191615514,1,1,1,1,1,1,1,0.24066050920805623
1352,"Oldham, U6 Town Sq SC",OL1 1XD,Oldham,53.541723105581,-2.113709635223,0,0,1,1,1,1,5,0.9644954293776375
1355,"Billingham, 57 Queensway",TS23 2ND,Billingham,54.607333,-1.291896,0,0,0,0,1,1,5,1.549746860492988
1359,"Birmingham, U38 Great Western Arc",B2 5HU,Birmingham,52.48194607,-1.897458586,0,0,1,2,2,4,13,0.5330612607970141
1364,"Falkirk, 163 High St",FK1 1DU,Falkirk,55.998667007948,-3.781913589507,0,0,1,1,1,3,4,0.6825110967447169
1365,"Edinburgh, 9 South Clerk St",EH8 9JD,Edinburgh,55.941601461572,-3.181268694082,1,1,1,2,7,8,12,0.24405479017303788
1366,"Edinburgh, 21 South Bridge",EH1 1LL,Edinburgh,55.94929925,-3.186947715,0,1,1,4,6,9,12,0.33287410648051163
1368,"Loughborough, 5 Market St",LE11 3EP,Loughborough,52.77115358,-1.20732978,0,0,2,2,2,2,3,0.5802167267851988
1369,"Long Eaton, 67 High St",NG10 1HZ,Long Eaton,52.89683969,-1.269490117,0,0,1,1,1,2,4,0.9330670255869361
1373,"Banbury, 17 High St",OX16 5EE,Banbury,52.061271864906,-1.336733382537,1,1,1,1,1,1,1,0.20459265123516152
1382,"Leeds, 26 Cross Gates SC",LS15 8BZ,Crossgates,53.80668749,-1.450374715,1,1,1,1,1,2,6,0.19992391957557995
1383,"Market Harborough, U5 St Marys Pl SC",LE16 7DR,Market Harborough,52.47744541,-0.919128875,0,0,1,1,1,1,2,0.9618764900004755
1385,"Coventry, 243 Walsgrave Rd",CV2 4BA,Coventry,52.41119094,-1.481975274,0,0,1,1,5,6,8,0.6050765588020147
1386,"Kendal, U11 Westmorland Ctr",LA9 4LR,Kendal,54.329022044801,-2.746557259023,1,1,1,1,1,1,1,0.1657796211481112
1390,"Solihull, 33 High St",B91 3SJ,Solihull,52.41367553,-1.778659332,1,1,1,1,1,3,7,0.14266790020991005
1391,"Nottingham, 6 Listergate",NG1 7DD,Nottingham,52.95145376,-1.148825395,0,0,0,2,3,7,9,1.145824874217127
1392,"Kettering, 57 High St",NN16 8SY,Kettering,52.39948355,-0.728479003,0,1,1,1,1,1,4,0.3444323343749347
1393,"Liverpool, St Johns SC, 60 Houghton St",L1 1LP,Liverpool,53.4061875,-2.981551777,0,0,1,2,2,5,10,0.6179838858273142
1396,"Walsall, Townend Sq",WS1 1NG,Walsall,52.58566495,-1.984365307,0,1,1,2,2,4,8,0.41889522479903707
1397,"Swadlincote, 6 High St",DE11 8HY,Swadlingcote,52.77348099,-1.55677358,1,1,1,1,1,1,4,0.17608484224607032
1400,"Darlington, 52 Northgate",DL1 1PR,Darlington,54.52707727,-1.553574139,1,1,1,1,1,1,1,0.12056567150223582
1401,"Maidstone, 6 Coleman Pde",ME14 1DJ,Maidstone,51.27404509,0.523845839,1,1,1,2,3,3,4,0.23291866657862675
1402,"Winchester, 16 High St",SO23 9JX,Winchester,51.06202565,-1.312683991,1,1,1,2,2,2,2,0.1191520380395847
1404,"Prestwick, 85 Main St",KA9 1JS,Prestwick,55.49964902,-4.610639838,1,1,1,1,1,2,3,0.14925921828031147
1405,"Bath, 8 Westgate St",BA1 1EQ,Bath,51.38133837,-2.361414756,0,0,2,2,2,2,2,0.7191277426696975
1406,"Warminster, U18 Three Horseshoes Wlk",BA12 9BT,Warminster,51.2054004,-2.1799489,1,1,1,1,1,1,1,0.15084862726407688
1409,"Basingstoke, Festival Pl SC",RG21 7JT,Basingstoke,51.26612873,-1.087607585,0,1,1,1,3,3,4,0.29006890883809927
1413,"Huddersfield, U39 Kingsgate SC",HD1 2QB,Huddersfield,53.64590036,-1.779952867,0,1,1,1,2,3,4,0.3679113150926272
1418,"Castleford, 9 The Square",WF10 3JJ,Airedale,53.72364544,-1.314512794,0,0,0,1,1,2,2,1.4377646589158721
1422,"Morecambe, U8 Arndale CTR",LA4 5DH,Morecambe,54.071870583986,-2.865672793737,1,1,1,1,1,1,2,0.2153253717078559
1423,"Paisley, 66 Neilston Rd",PA2 6NE,Paisley,55.83508006,-4.423535791,0,0,1,1,1,2,10,0.8397823110915613
1424,"Newcastle, U1B Haymarket",NE1 7PF,Newcastle Upon Tyne,54.976860791214,-1.614443796632,1,1,1,1,3,5,10,0.14249342022394015
1429,"Diss, 22 Mere St",IP22 4AD,Diss,52.37489132,1.109085426,1,1,1,1,1,1,1,0.01737560629295405
1435,"Hereford, 53 Broad St",HR4 9AB,Hereford,52.05615128,-2.717777464,0,0,1,1,1,1,1,0.7323184244036035
1436,"Cheltenham, Coronation Sq",GL51 7SE,Cheltenham,51.90269228,-2.114961668,0,0,1,1,3,3,5,0.7635723349885112
1437,"Glasgow, 172 Battlefield Rd",G42 9JT,Glasgow,55.82599291,-4.264754064,1,1,2,2,3,5,13,0.009687119129207819
1438,"Clarkston, U5 Busby Rd",G76 7BG,Clarkston,55.79002232,-4.277035679,0,0,0,1,1,5,12,1.1485006309530972
1439,"Stretford, Trafford Park, 388 Third Ave",M17 1JE,Stretford,53.46606225,-2.310194847,0,0,0,1,2,5,15,1.1381283347561744
1442,"Coalville, U17 Belvoir SC",LE67 3XB,Coalville,52.7240291081,-1.372691155274,1,1,1,1,1,1,2,0.09416260199794702
1443,"Newcastle, 31 Quayside",NE1 3DE,Newcastle Upon Tyne,54.96913578,-1.60498404,0,0,1,2,3,5,11,0.7832984730955093
1444,"Birmingham, U3B Bullring SC, Lower Mall",B5 4BA,Birmingham,52.47681352,-1.895363736,0,0,1,2,2,4,11,0.8761044633987758
1445,"Kiddminster, U6 Weavers Whf RP",DY10 1AA,Kidderminster,52.387018739283,-2.249014521862,1,1,1,1,1,1,2,0.19539280483212565
1449,"Kelso, 47 The Square",TD5 7HW,Kelso,55.59888371,-2.433586647,0,0,0,0,0,0,0,14.58768626346201
1451,"Gosport, 87 High St",PO12 1DS,Gosport,50.79494589,-1.119088492,0,0,0,2,3,5,10,1.3340272153468176
1454,"Portsmouth, Quartremaine Rd",PO3 5QP,Portsmouth,50.8215076,-1.052608773,0,0,0,1,4,5,10,1.2807630423698668
1455,"Didcot, U13 Orchard CTR",OX11 7LG,Didcot,51.60714901,-1.239467897,1,1,1,1,1,1,3,0.19813672377894875
1456,"Northampton, 5 Mercers Row",NN1 2QL,Northampton,52.23754085,-0.896541805,1,1,1,1,2,6,6,0.2144089083455743
1457,"Downham Market, U1 Wales Crt",PE38 9JZ,Downham Market,52.602371486268,0.376654538614,1,1,1,1,1,1,1,0.14317003236178383
1458,"Birmingham, U6 Cherry St",B2 5AL,Birmingham,52.48052424,-1.897366957,0,0,1,2,2,4,12,0.6137039521158649
1461,"Harrogate, 17 Market Pl",HG1 1RP,Harrogate,53.99301723,-1.539748528,0,0,0,2,2,2,2,1.0301754706406023
1462,"Stenhousemuir, 35 King St",FK5 4HD,Stenhousemuir,56.026134697819,-3.817247321649,1,1,1,1,1,2,4,0.14171078808261567
1463,"Woolwich, 6 Powis St",SE18 6LF,Woolwich,51.49098487,0.068339169,1,1,1,3,3,9,22,0.15447971067728924
1467,"Newcastle, Binswood Ave",NE5 3PN,Blakelaw,54.99238911,-1.675429444,0,0,2,3,3,6,10,0.9001168123378074
1468,"Gateshead, Metro Pk West, Gibside Way",NE11 9YA,Gateshead,54.96180838,-1.678052341,0,0,0,2,2,5,9,1.107002807555785
1470,"Cardiff, 140 Queen St",CF10 2GP,Cardiff,51.48291711,-3.171233249,0,1,2,4,4,8,11,0.27986024087389577
1473,"Mansfield, 19 Market Pl",NG18 1HZ,Mansfield,53.14458938,-1.196965134,1,1,1,2,2,3,4,0.17982970477396312
1474,"Rotherham, U15 College Wlk",S60 1QB,Rotherham,53.43322223,-1.35647067,0,1,1,1,1,1,5,0.28343030032113603
1478,"Portsmouth, U4 Charter House",PO1 2SB,Portsmouth,50.795326149966,-1.0943651735,0,1,2,4,4,5,7,0.2549130947996059
1479,"Maidstone, Northumberland Crt",ME15 7LW,Maidstone,51.25271057,0.545435865,0,0,1,1,2,2,3,0.7672091540548625
1480,"Horsforth, 33 Town St",LS18 5LJ,Horsforth,53.837681,-1.641283003,0,1,1,1,1,2,8,0.4068254788483084
1484,"Derby, 830 Osmaston Rd",DE24 9AA,Allenton,52.8906679,-1.452351014,0,0,0,1,3,4,6,1.1043414227025505
1486,"Bristol, Cabot Circus, 110 The",BS1 3JX,Bristol,51.4585573,-2.587036026,0,0,1,3,5,7,12,0.5160135293590875
1488,"Newcastle, Airport",NE13 8BZ,Woolsington,55.038001,-1.709798,0,0,0,0,0,2,4,2.446562593284413
1490,"Leicester, 20 Belgrave Gate",LE1 3GP,Leicester,52.63696896,-1.131434677,0,0,2,3,4,6,9,0.7628487916903943
1492,"Manchester, 10 Oxford Rd",M1 5QA,Manchester,53.47295942,-2.239865498,1,1,2,3,4,9,16,0.23647418679608087
1494,"Fleet, 239 Fleet Rd",GU51 3BN,Fleet,51.28089146,-0.842235888,1,1,1,2,2,2,7,0.22167714677340192
1496,"Worthing, 111 Montague St",BN11 3BP,Worthing,50.80999357,-0.375028008,0,0,0,1,1,3,4,1.3236670773767831
1497,"Crawley, 26 The Martletts",RH10 1ES,Crawley,51.11414845,-0.186922424,1,1,1,2,2,2,3,0.1749001145070171
1501,"Edinburgh, 17 West Maitland St",EH12 5EA,Edinburgh,55.94666113,-3.216369154,0,1,2,4,6,8,11,0.3037893200601069
1502,"Dundee, 259 Brook St Broughty Ferry",DD5 2AG,Broughty Ferry,56.46716925,-2.873892483,0,0,0,1,1,2,3,1.3850472300477015
1504,"Sunderland, Doxford BP",SR3 3XL,Sunderland,54.86399956,-1.434660072,0,0,0,0,1,1,5,1.9718134318490799
1508,"Jarrow, U2 Bede IE",NE32 3HE,Jarrow,54.97670982,-1.468569233,0,0,1,1,1,2,7,0.8106467153275297
1509,"Gateshead, Metrocentre, Blue Mall",NE11 9XX,Gateshead,54.957640546294,-1.668555247618,0,0,1,1,2,5,9,0.9462780853177213
1510,"Goole, 5 Wesley Sq",DN14 5EZ,Goole,53.70503064,-0.871741666,1,1,1,1,1,1,1,0.08852969046732745
1512,"Brighton, 51 Western Rd",BN1 2EB,Brighton,50.82398952,-0.147814408,0,0,2,2,4,7,8,0.5913511055667756
1514,"Kettering, U1 Henson Cl, Telford Way IE",NN16 8PZ,Kettering,52.41193685,-0.739104051,0,0,1,1,1,1,4,0.7475707506066378
1515,"Ross On Wye, 11 Broad St",HR9 7EA,Ross on Wye,51.91505722,-2.583148269,1,1,1,1,1,1,1,0.09349367278665992
1516,"Welwyn Garden City, 30 Stonehills",AL8 6PD,Welwyn Garden City,51.80210423,-0.205647568,1,1,1,1,1,1,2,0.13151697064111023
1520,"Kingswinford, Bay 2 Pensnett I",DY6 7XN,Kingswinford,52.503247252184,-2.151002182909,0,1,1,1,1,2,6,0.37676905123568255
1521,"Bletchley, 108 Queensway",MK2 2RU,Bletchley,51.99442495,-0.730978591,1,1,1,2,2,3,6,0.24487721188426256
1522,"Wolverhampton, New Cross Hospital",WV10 0QP,Wolverhampton,52.599879,-2.096208,0,0,1,1,1,3,8,0.935485675829267
1528,"Bathgate, 2 George Pl",EH48 1PW,Bathgate,55.90088019,-3.641087298,1,1,1,1,1,1,2,0.1121359021444926
1530,"Bridgend, U7 Raven Cl, Bridgend IE",CF31 3RF,Bridgend,51.50045866,-3.561561002,0,2,2,2,2,2,3,0.4334537934281782
1531,"Weston Super Mare, 42 Regent St",BS23 1SL,Weston Super Mare,51.3474555,-2.97832454,0,0,1,1,1,2,2,0.9336017339026996
1534,"Chelmsford, U5C Interchange",CM1 1GZ,Chelmsford,51.736080807677,0.466485105764,0,1,1,1,2,3,3,0.265556686004395
1536,"Dunstable, U18 Quadrant SC",LU5 4RH,Dunstable,51.887133293792,-0.520569968559,1,1,1,2,3,4,6,0.14355486715176194
1538,"Liverpool, U5 Brownlow Hill",L3 5TY,Liverpool,53.40583557,-2.967178121,0,1,1,2,2,5,12,0.30073135399213025
1540,"Manchester, U34 Fort SP",M8 8EP,Manchester,53.4978408,-2.236696121,0,0,1,3,4,8,14,0.7841599527163141
1541,"Sheffield, 6 Fargate",S1 2HE,Sheffield,53.38233757,-1.468793341,0,1,1,2,3,6,7,0.46314676966880547
1543,"Elgin, U2271K Elgin IE",SN2 8EA,Elgin,51.57487801,-1.770475239,0,0,0,1,2,4,4,1.1354672503203584
1544,"North Finchley, 720 High Rd",N12 9QD,North Finchley,51.61404936,-0.175921851,0,0,0,0,1,4,10,1.9109549275368485
1545,"Baillieston, 80 Main St",G69 6SL,Baillieston,55.8501065,-4.111419405,1,1,1,1,1,3,8,0.09010326932139154
1546,"Epsom, 48 High St",KT19 8AJ,Epsom,51.3338035,-0.266048407,1,1,1,1,1,2,11,0.11680556724026334
1549,"Castle Bromwich, 28 Timberley Ln",B34 7EH,Castle Bromwich,52.50114726,-1.771408091,1,1,1,1,1,3,6,0.011138257616612293
1551,"Eastwood, 67 Nottingham Rd",NG16 3AL,Eastwood,53.01788022,-1.304648278,0,0,0,0,0,2,4,2.0257342038230775
1555,"Broadstairs, U27 Westwood Cross",CT10 2BF,Broadstairs,51.36004088,1.393588669,0,0,0,0,2,2,3,1.624195825889197
1556,"Kingston, 28 Market Pl",KT1 1JH,Kingston,51.40966457,-0.305802081,0,0,1,2,2,7,12,0.8741820658803027
1560,"Blyth, 16 Regent St",NE24 1LP,Blyth,55.127616161814,-1.509371606701,1,1,1,1,1,1,2,0.1063241847203122
1561,"Tunbridge Wells, 6 Grosvenor Rd",TN1 2AH,Tunbridge Wells,51.13475894,0.263694101,1,1,1,1,2,2,3,0.15203655112626505
1562,"Hammersmith, 129 King St",W6 9JG,Hammersmith,51.4924599,-0.230638605,1,1,4,4,5,12,21,0.08132797660658868
1567,"Leigh Park, U59 Greywell SC",PO9 5AH,Leigh Park,50.867350928192,-0.98520943058,0,0,0,1,1,3,4,1.0165134249932433
1569,"Gillingham, 139 High St",ME7 1AQ,Gillingham,51.38686585,0.547535625,0,0,2,2,2,5,6,0.6902853548782113
1577,"Biggleswade, 1A Market Sq",SG18 8AP,Biggleswade,52.08656516,-0.265262505,1,1,1,1,1,1,3,0.21968371428711508
1578,"Nottingham, 3 Beast Market",NG1 6FB,Nottingham,52.95333795,-1.151667987,0,0,0,2,3,7,9,1.3195805014353248
1579,"Dundee, UL28 Overgate SC",DD1 1UF,Dundee,56.460028903974,-2.972917777544,0,1,1,1,1,3,4,0.402900113429937
1580,"Gainsborough, U21 Marshalls Yard",DN21 2NA,Gainsborough,53.39869835,-0.772644807,1,1,1,1,1,1,1,0.1064951263119202
1581,"Livingston, 25 Hawkbrae",EH54 6TW,Livingston,55.8977101,-3.53280096,0,0,0,1,1,1,2,1.1280027463949667
1587,"Liverpool, 38 Old Hall St",L3 9PP,Liverpool,53.40930377,-2.994028421,0,0,0,2,3,5,11,1.0693805457456662
1589,"Parkstone, 332 Ashley Rd",BH14 9DF,Parkstone,50.72878414,-1.936199087,1,1,1,1,1,3,6,0.22259286325165753
1590,"Bognor Regis, 2B London Rd",PO21 1PY,Bognor Regis,50.78393392,-0.673133438,1,1,1,1,1,1,1,0.17996490504807425
1591,"Erskine, U6 Bridgewater SC",PA8 7AA,Erskine,55.9038299,-4.448808846,1,1,1,1,2,3,7,0.022351015703059498
1597,"Havant, 1 West St",PO9 1EH,Havant,50.85147512,-0.982519853,1,1,1,1,1,2,6,0.13226585234690927
1599,"Leeds, 385 Kirkstall Rd",LS4 2EZ,Leeds,53.80703188,-1.586369809,0,0,1,2,4,4,9,0.9323229393124987
1601,"Doncaster, U16  Food Mall, Frnchgate CTR",DN1 1LB,Doncaster,53.52287,-1.13889,0,0,0,1,2,2,2,1.0598551428306293
1602,"Marton, U3 Marton Estates Sq",TS7 8DU,Marton,54.53111356,-1.199038231,0,0,0,1,1,2,4,1.0410882224836653
1608,"Cardiff, 23 Caroline St",CF10 1FG,Cardiff,51.47829511,-3.175933562,0,0,1,4,4,8,11,0.6433933846387259
1609,"Bridgend, 11B Vlg Farm IE",CF33 6BJ,Pyle,51.52547284,-3.691509165,0,0,0,0,0,0,2,3.2704588142962723
1610,"Oadby, 28 The Parade",LE2 5BF,Oadby,52.59918378,-1.083954302,0,0,1,2,2,4,7,0.6202725361183491
1613,"Carlisle, U1 Kingstown IE",CA3 0ET,Carlisle,54.92582082,-2.947567188,0,0,1,1,1,3,3,0.7439354749527306
1622,"Atherstone, 91 Long St",CV9 1BB,Atherstone,52.57734146,-1.54725053,0,0,0,0,0,0,3,3.826005419878514
1624,"Andover, 57 High St",SP10 1LP,Andover,51.20825401,-1.479155112,1,1,1,1,1,1,1,0.1782130956574218
1625,"Thurrock, U5 Intu Lakeside SC",RM20 2ZT,Thurrock,51.485706,0.283371,0,0,0,0,1,2,8,1.6633859009141245
1626,"Macclesfield, Grosvenor CTR",SK11 6AJ,Macclesfield,53.2603185,-2.12619514,1,1,1,1,1,1,1,0.08969507607658309
1630,"Shawlands, 15 Kilmarnock Rd",G41 3YN,Shawlands,55.82967007,-4.281664068,0,1,2,2,3,6,16,0.3256277328114116
1636,"Birmingham, U33 Newtown SC",B19 2SS,Newtown,52.49754535,-1.896303629,0,0,1,1,1,4,11,0.7758906413207906
1637,"Bradford, U4 Euroway Te",BD4 6SG,Bradford,53.75844005,-1.738825093,0,0,0,1,1,2,7,1.2087461753615236
1638,"Workington, Washington Square SC",CA14 3DZ,Workington,54.64344,-3.54573,1,1,1,1,1,1,1,0.008859641447592458
1639,"Hartlepool, The Fens SC",TS25 2LS,Hartlepool,54.65541946,-1.233351719,0,0,0,1,2,2,4,1.1338186756378354
1640,"Retford, 18A Carolgate",DN22 6BU,Retford,53.321872564354,-0.942509228462,1,1,1,1,1,1,1,0.07172996810449721
1641,"Preston, St George SC, 13 Orch",PR1 2EN,Preston,53.7603939,-2.7005563,0,0,1,2,2,3,4,0.7587826646164497
1642,"Gateshead, U3 Saltmeadows Rd",NE8 3AH,Gateshead,54.96755833,-1.588765805,0,0,0,3,3,5,12,1.3033890285392788
1643,"Kings Lynn, Ue5 Vancouver SC",PE30 1DP,Kings Lynn,52.75441568,0.397776439,0,0,1,2,2,2,2,0.5397752943399272
1645,"Thornliebank, 77 Main St",G46 7RY,Thornliebank,55.80757174,-4.316363543,0,0,2,2,3,6,11,0.8752315002593454
1646,"Prudhoe, 55 Front St",NE42 5AA,Prudhoe,54.96132333,-1.849085068,0,0,0,0,0,0,0,5.376828517813828
1648,"Chatham, 176 High St",ME4 4AS,Chatham,51.38264334,0.524926259,0,0,1,1,3,5,6,0.7332575750279486
1649,"Waterlooville, 302 London Rd",PO7 7DS,Waterlooville,50.88000864,-1.031011364,1,1,1,2,2,4,6,0.19094682023830015
1654,"Cupar, 5 Crossgate",KY15 5HA,Cupar,56.31932395,-3.012031927,0,0,0,0,0,0,0,8.483320128262143
1655,"Darlington, 289 Yarm Rd",DL1 1BA,Darlington,54.52240906,-1.524592317,0,0,0,1,1,1,1,1.2159656332582764
1656,"Sheffield, 100 The Moor",S1 4PB,Sheffield,53.37532422,-1.474642513,0,1,2,2,3,5,7,0.38038934517352924
1658,"Brighton, 112 London Rd",BN1 4JG,Brighton,50.83123353,-0.13617793,2,2,2,2,4,6,8,0.11643025912591641
1659,"Ayr, 239 High St",KA7 1RB,Ayr,55.46041518,-4.628845445,0,0,1,1,1,2,2,0.5616301811133091
1661,"Ammanford, 27 Quay St",SA18 3DB,Ammanford,51.79208923,-3.987805162,1,1,1,1,1,1,2,0.07969953132494512
1662,"Newport, 42 Commercial St",NP20 1LP,Newport,51.58562221,-2.994515571,0,0,0,2,3,3,5,1.0665524804868867
1664,"Leeds, 68 Merrion St",LS2 8LW,Leeds,53.80102118,-1.543532812,1,1,2,2,2,3,9,0.03548961626117996
1665,"Cambuslang, 136 Main St",G72 7EL,Cambuslang,55.81904751,-4.168645975,1,1,1,2,2,3,12,0.03796166018973771
1666,"Sheffield, U41 Crystal Peaks",S20 7PN,Sheffield,53.3413423,-1.352499116,0,0,0,0,1,2,3,1.8891027525130857
1668,"Leamington Spa, 19 The Parade",CV32 4DE,Leamington Spa,52.2925701,-1.535638379,1,1,1,1,1,2,3,0.18772758979144474
1675,"Peterlee, 1 Cook Way",SR8 2HY,Peterlee,54.76289709,-1.36916318,0,0,0,1,1,1,1,1.0395364369337492
1676,"Manchester, 41 Arndale SC",M4 3AQ,Manchester,53.483458549469,-2.241687461059,0,1,3,3,5,9,15,0.38484010825832693
1678,"Marlborough, 104 High St",SN8 1LT,Marlborough,51.41938277,-1.733102591,0,0,0,0,0,0,0,9.314004995071718
1680,"Swansea, U6F Swansea EP",SA7 9EH,Swansea,51.65849966,-3.90861481,0,0,1,1,1,2,6,0.8071559773586031
1682,"Hamilton, 7 Quarry St",ML3 7AW,Hamilton,55.77431807,-4.036794867,1,1,1,1,1,2,6,0.1525667456776196
1683,"Cardiff, 33 Albany Rd",CF24 3LJ,Cardiff,51.49324892,-3.169789428,0,1,2,2,4,9,11,0.3552207708627104
1684,"Ripley, 28 Oxford St",DE5 3AP,Ripley,53.04989716,-1.40534949,0,0,0,0,0,0,3,3.3425381110287
1686,"Bradford, U19C Forster Square RP",BD1 4RN,Bradford,53.8011135,-1.75373388,0,0,0,2,2,3,6,1.2603470349906671
1690,"Dewsbury, U8 Ravensthorpe SP",WF13 3HN,Ravensthorpe,53.68006782,-1.662640561,0,0,0,0,0,1,3,2.0618370138858895
1696,"Leatherhead, 4 High St",KT22 8AN,Leatherhead,51.29522156,-0.329105619,0,1,1,1,1,1,4,0.4109189075772223
1698,"Edinburgh, 19 Rose St",EH2 2PR,Edinburgh,55.95299227,-3.196073733,0,0,2,4,6,9,11,0.7023604182350924
1699,"Manchester, 36 Brazennose St",M2 5EA,Manchester,53.47965531,-2.246381929,0,0,2,3,5,10,15,0.5884424208719861
1703,"Rutherglen, 72 Main St",G73 2HY,Rutherglen,55.82819843,-4.216617312,0,0,1,1,3,7,13,0.8196324106694108
1704,"East Kilbride, 44 Kirkton Pk",G74 4HX,East Kilbride,55.76488151,-4.17244392,0,0,0,2,2,2,5,1.063737130739359
1707,"Rotherham, U33 Parkgate SP",S60 1TG,Rotherham,53.44453205,-1.346633592,0,0,0,1,1,1,4,1.018402254268888
1708,"Cardiff, 33 Salisbury Rd",CF24 4AA,Cardiff,51.48815283,-3.173860399,0,1,2,3,4,9,11,0.4046247538962117
1709,"Harborne, 83 High St",B17 9NR,Harborne,52.46006092,-1.946113341,0,0,0,2,3,5,11,1.171358015650882
1711,"Portsmouth, 13 Crasswell St",PO1 1HA,Portsmouth,50.80129034,-1.088203255,0,1,2,4,4,5,8,0.43094397948103097
1712,"Manchester, U10 Grove Vlg Pde",M13 9AB,Ardwick,53.46555729,-2.215486747,0,0,2,3,4,7,15,0.9133155876375414
1717,"Portsmouth, 78 London Rd",PO2 0LN,Portsmouth,50.81533553,-1.07940684,1,1,1,4,4,6,10,0.04305935479262515
1720,"Hucknall, 54 High St",NG15 7AX,Hucknall,53.03835705,-1.203085429,0,1,1,1,2,2,5,0.4944090046941461
1721,"Blackburn, The Mall SC, King W",BB1 7DP,Blackburn,53.74835451,-2.483588853,0,0,1,1,1,1,3,0.8294864334518417
1723,"Bridgend, U1 Triangle SC",CF31 2LL,Bridgend,51.50710671,-3.560431849,0,1,2,2,2,2,3,0.4785863171089739
1725,"Broomhill, U12 Broomhill SC",G11 7BN,Broomhill,55.8760011,-4.323751755,0,0,1,2,4,5,15,0.9779021327743146
1729,"Linlithgow, U22 Regent Sq",EH49 7HU,Linlithgow,55.97747073,-3.594794208,0,0,1,1,1,1,1,0.9935541759169043
1731,"Bradford, Lister Hills",BD7 1ND,Listerhills,53.79309414,-1.77200705,0,0,1,1,2,3,5,0.5705949636330339
1733,"Leeds, 57 The Headrow",LS1 6LR,Leeds,53.79911473,-1.542787023,1,1,2,2,2,3,9,0.16300049003909284
1734,"Stroud, 54 High St",GL5 1AP,Stroud,51.74533687,-2.215817159,1,1,1,1,1,1,1,0.15051890204228938
1735,"Yeovil, 11 Middle St",BA20 1LE,Yeovil,50.94157364,-2.631262565,0,1,1,1,1,1,1,0.27560703871441133
1736,"Seaham, Byron Pl SC",SR7 7DR,Seaham,54.836346797179,-1.331216362032,1,1,1,1,1,1,1,0.015521100557871363
1745,"Perth, 87 South St",PH2 8PA,Perth,56.39527753,-3.430286813,1,1,1,1,1,1,1,0.1548245132622438
1746,"Uddingston, 49 Main St",G71 7EP,Uddingston,55.81905737,-4.082355848,0,1,1,1,1,3,9,0.40005586819572353
1749,"Cardiff, Leckwith Rd, Capital SP",CF11 8EG,Cardiff,51.47178788,-3.205045602,0,0,1,1,4,8,11,0.7069989540317917
1750,"Cardiff, Avenue RP",CF23 9FF,Cardiff,51.49922674,-3.139985828,0,0,1,2,4,6,10,0.7382214299719118
1751,"Bristol, U8 Peterson Ave",BS13 0BE,Hartcliffe,51.40479109,-2.598242571,0,0,1,1,1,3,6,0.7278372390919247
1752,"Stockley Pk, U4 The Arena",UB11 1AA,Stockley Park,51.51239209,-0.444481489,0,0,0,2,2,3,7,1.1916527293358232
1754,"Winton, 379 Wimborne Rd",BH9 2AQ,Winton,50.74191091,-1.878834707,1,1,1,2,2,4,7,0.20260107420304516
1756,"Quinton, 524 Hagley Rd Wst",B68 0BZ,Quinton,52.46355904,-1.996849165,1,1,1,1,1,5,12,0.05793376290454221
1758,"Glasgow, 429 Alexandra Pde",G31 3AD,Glasgow,55.86429672,-4.220992995,1,1,2,3,4,7,13,0.013205768758577263
1759,"Tiverton, 1 Bampton St",EX16 6AA,Tiverton,50.90317433,-3.486123152,1,1,1,1,1,1,1,0.12830493457570977
1760,"Rustington, 11 Churchill Pde",BN16 3DJ,Rustington,50.81073831,-0.5071782,1,1,1,1,2,2,3,0.11130166340684008
1761,"Paulsgrove, 179 Allaway Ave",PO6 4HG,Paulsgrove,50.84965028,-1.094042909,0,0,0,2,2,3,11,1.215563937758255
1762,"Harlow, Edinburgh Way",CM20 2DG,Harlow,51.78593584,0.118265278,0,0,1,1,1,3,3,0.6751242780486199
1763,"Dunfermline, Turnstone Rd",KY11 8EG,Dunfermline,56.06160853,-3.406151501,0,0,0,2,2,3,4,1.3634617410075156
1766,"Sheffield, Meadowhall SC, The Arcade",S9 1EH,Sheffield,53.41524731,-1.411422884,0,0,0,0,0,1,8,2.3534878894501765
1767,"Leeds, U1 Thorpe Pk",LS15 8ZB,Leeds,53.79954438,-1.42675021,0,0,0,1,2,2,5,1.282874565627081
1768,"Cumbernauld, U32 Antonine CTR",G67 1PZ,Cumbernauld,55.954863871245,-3.98047743822,0,1,1,1,2,2,3,0.39500505974509414
1769,"Hull, U44A St Stephens SC",HU2 8LN,Hull,53.74578903,-0.347811015,1,1,1,1,2,4,6,0.19340217745201357
1770,"Bradford, U5 The Parkside CTR",BD9 4JR,Bradford,53.81649703,-1.773527716,0,0,0,1,2,2,6,1.3881272386204635
1771,"Hull, Ferensway, Paragon Interchange",HU1 3QX,Hull,53.74580772,-0.347813033,1,1,1,1,2,4,6,0.19432402772140525
1772,"Mansfield, U8 St Peters RP",NG18 1BE,Mansfield,53.14120017,-1.198241115,0,1,1,2,2,3,4,0.2908870085377527
1773,"Hull, U15 Kingswood RP",HU7 3DA,Hull,53.79501845,-0.349894274,1,1,1,1,2,2,6,0.20886529213730307
1774,"Openshaw, U7 Lime Sq",M11 1DA,Openshaw,53.47408057,-2.164717518,0,0,1,1,1,6,14,0.5328870851657816
1775,"Horwich, Middlebrook RP",BL6 6JA,Horwich,53.58471722,-2.537343557,0,0,1,1,1,2,4,0.6994903795319387
1777,"Liverpool, 18 Richmond St",L1 1EF,Liverpool,53.40642689,-2.984083178,0,0,1,2,2,5,11,0.7067454877034973
1778,"Liverpool, 4 Wall St",L1 8BU,Liverpool,53.40433339,-2.986775957,0,0,1,2,3,5,11,0.8678823879311662
1780,"Newcastle, U8 Eldon Sq",NE1 7JD,Newcastle Upon Tyne,54.97512175897,-1.6153788357,0,1,1,1,4,5,10,0.2610649441506082
1781,"Bradley Stoke, U2 Willow Brook Ctr",BS32 8EF,Bradley Stoke,51.53515404,-2.548718493,1,1,1,1,1,2,6,0.06546734039920289
1786,"Burnside, 224 Stonelaw Rd",G73 3SA,Burnside,55.81855734,-4.202468219,0,0,1,2,2,3,13,0.6114330744225288
1787,"Nottingham, 65 Bracebridge Dr",NG8 4PH,Bilborough,52.96480655,-1.227573403,0,0,0,0,3,3,11,1.7527949164254049
1788,"Abergavenny, 22 High St",NP7 5RY,Abergavenny,51.822594108906,-3.019035823012,1,1,1,1,1,1,1,0.0981202054840123
1789,"Stockton, Preston Farm IE",TS18 3TS,Stockton on Tees,54.54616939,-1.320561069,0,0,0,1,2,2,5,1.2512613366327197
1791,"Newport, Coedkernew, 3 Lakeside Dr",NP10 8BB,Newport,51.55905113,-3.03642517,0,0,0,0,1,1,4,1.740090688159629
1792,"Swindon, 10 Havelock Sq",SN1 1LE,Swindon,51.56055,-1.78452,0,0,1,1,2,4,4,0.7627039828767638
1794,"Hartlepool, U6 Belle Vue Way",TS25 1QF,Hartlepool,54.66937311,-1.211584995,0,0,1,2,2,2,4,0.849511029122508
1795,"Sheffield, Meadowhall SC, The Gallery",S9 1ER,Sheffield,53.41518654,-1.411337943,0,0,0,0,0,1,8,2.352820601067517
1796,"Doncaster, U16 The Wheatley Hall RP",DN2 4PE,Doncaster,53.5427321,-1.103684896,0,0,0,0,1,2,3,1.8709765593315242
1797,"Fulham, 411 North End Rd",SW6 1NS,Fulham,51.48274436,-0.200125991,1,1,2,3,5,10,21,0.2055932387549816
1802,"Aspley, Carr Pit Rd",HD5 9AD,Aspley,53.64425345,-1.77173981,0,0,1,2,2,3,4,0.6675549452389795
1803,"Rosyth, UA Backmarsh Rd",KY11 2RS,Rosyth,56.03699084,-3.426522583,0,0,0,0,1,2,3,1.8377078211310949
1804,"Pontyclun, 48 Talbot Rd",CF72 8AF,Talbot Green,51.53714385,-3.384175979,0,0,0,1,1,1,4,1.1107792919137398
1805,"Liverpool, 51 North John St",L2 6SG,Liverpool,53.40562069,-2.988122511,0,0,1,2,3,5,11,0.8820267271010034
1808,"Leeds, 49 Great George St",LS1 3BB,Leeds,53.8010333,-1.551421814,0,1,2,2,3,4,10,0.3409105401586763
1809,"Aberdare, 22A Victoria Sq",CF44 7LB,Aberdare,51.71334464,-3.444114441,0,0,0,1,1,1,3,1.2817489545307148
1810,"Cardiff, U8 Regent TP",CF24 5PF,Cardiff,51.47486636,-3.153720767,0,0,2,2,3,6,11,0.8797029488464999
1812,"Wakefield, U36 Trinity Wlk SC",WF1 1QS,Wakefield,53.68494742,-1.496843937,0,0,1,2,2,2,4,0.5791172113540044
1814,"Telford, Kiosk, Kielder Sq, Telford SC",TF3 4DX,Telford,52.67677369,-2.446674367,0,0,1,2,2,5,5,0.8885153186502304
1816,"Leeds, U28 White Rose SC",LS11 8LL,Leeds,53.75995262,-1.573699246,0,0,0,1,2,3,7,1.2992176121972625
1817,"Manchester, 998 Ashton New Rd",M11 4PE,Clayton,53.48129047,-2.170058406,0,0,1,1,2,6,15,0.6249287195210589
1819,"Worthing, 2 Chapel Rd",BN11 1BJ,Worthing,50.81206883,-0.370146176,0,0,0,1,1,3,4,1.1989733424572082
1820,"Portslade, 78 Boundary Rd",BN3 5TD,Portslade,50.83485353,-0.206193178,1,1,1,2,2,3,8,0.021795648524958137
1822,"Motherwell, U2 Carfin RP",ML1 4GN,Motherwell,55.80674939,-3.964286651,0,0,0,0,1,2,6,1.761315645010822
1823,"Kelvinbridge, 6 Gibson St",G12 8NX,Kelvinbridge,55.87244982,-4.281704863,1,1,1,1,2,7,15,0.2399192005935483
1827,"Corby, Rockingham Park LC",NN17 4BH,Corby,52.5083967,-0.705253627,1,1,1,1,1,1,2,0.00462316113486094
1829,"Blackpool, Houndshill SC",FY1 4HU,Blackpool,53.8153,-3.05413,0,0,1,3,3,4,6,0.713104980290417
1831,"Urmston, U9B Eden Square SC",M41 0NA,Urmston,53.44889657,-2.354305541,1,1,1,2,2,4,10,0.08436382729609239
1834,"Pontyclun, 19 Cowbridge Rd",CF72 9EA,Pontyclun,51.52271569,-3.391380548,1,1,1,1,1,1,1,0.08085663140242284
1835,"Wellington, 9 Fore St",TA21 8AA,Wellington,50.97819765,-3.228073057,0,0,1,1,1,1,1,0.9692946289356003
1836,"Byker, 24 Shields Rd",NE6 1DR,Byker,54.97636075,-1.585548185,0,0,1,2,3,5,10,0.86212115640254
1837,"Battle Hill, U6 Battle Hill SC",NE28 9PA,Battle Hill,55.00542064,-1.518474409,0,0,0,0,0,4,7,2.0912580957885765
1838,"Stirling, U2 Springkerse TP",FK7 7GN,Stirling,56.11164091,-3.917895678,0,0,1,2,2,2,4,0.7873985628063694
1839,"Houghton Le Spring, 36 Newbottle St",DH4 4AB,Houghton le Spring,54.84388184,-1.471702514,1,1,1,1,1,1,3,0.0876182609422916
1841,"Brighton, 150 North St",BN1 1RE,Brighton,50.82318322,-0.140892907,0,1,2,2,4,7,8,0.39215937722219435
1842,"Anniesland, 1580 Great Western Rd",G13 1HQ,Anniesland,55.88955743,-4.323161402,1,1,1,2,3,6,15,0.07253691422154837
1843,"Dumbarton, U4 St James RP",G82 1RB,Dumbarton,55.94356337,-4.560871607,1,1,1,1,1,1,1,0.0017324968626181107
1845,"Portishead, 66 High St",BS20 6EH,Portishead,51.48316032,-2.769220578,1,1,1,1,1,1,3,0.11887757682484386
1846,"Nottingham, 4 Clumber St",NG1 3GA,Nottingham,52.95382738,-1.147381654,0,0,0,2,3,6,9,1.2512075824704776
1848,"Glossop, 25 High St West",SK13 8AZ,Glossop,53.44323762,-1.950679069,1,1,1,1,1,1,1,0.07860476033386732
1850,"Killingworth, U35 Killingworth SC",NE12 6YT,Killingworth,55.03642246,-1.5660184,0,0,0,1,1,2,9,1.0142777761226227
1853,"Rochdale, Yorkshire St",OL16 1EA,Rochdale,53.61822254,-2.158025622,0,0,0,1,1,1,3,1.0638838405068405
1857,"Clevedon, 3 Station Rd",BS21 6NH,Clevedon,51.43584516,-2.852549321,1,1,1,1,1,1,3,0.07864469099863876
1859,"Colne, 41 Market St",BB8 0LJ,Colne,53.85731571,-2.166533704,1,1,1,1,1,1,1,0.06061650101249535
1864,"Madeley, U14 Anstice Sq",TF7 5BD,Madeley,52.636579447513,-2.450305018044,1,1,1,1,1,1,4,0.057372686787783775
1865,"Sittingbourne, 95 High St",ME10 4AJ,Sittingbourne,51.34008476,0.735165802,0,1,1,1,1,1,1,0.3896678772939839
1866,"Ashford, 94 High St",TN24 8SD,Ashford,51.1496961,0.871165815,1,1,1,1,2,2,2,0.21830284169138522
1868,"Glasgow, 1111 Argyle St",G3 8ND,Glasgow,55.86461437,-4.28393885,0,0,1,1,3,7,16,0.7797571319588271
1869,"Lichfield, 30 Market St",WS13 6LH,Lichfield,52.682899488861,-1.82876657008,1,1,1,2,2,2,4,0.07480216522634923
1870,"Nottingham, 93 Carrington St",NG1 7FE,Nottingham,52.94831243,-1.147475159,0,0,1,1,3,7,9,0.941083940155506
1872,"Ashby De La Zouch, 25 Market P",LE65 1AF,Ashby De La Zouch,52.74696978,-1.472399448,1,1,1,1,1,1,3,0.01697749318300955
1873,"Redditch, Washford TP",B98 0GZ,Redditch,52.28546134,-1.905117752,0,0,1,1,2,2,2,0.9786577145370241
1875,"Denaby Main, Hill Top Rd",DN12 4TJ,Denaby Main,53.4913028,-1.255473885,0,0,0,1,1,1,4,1.460737629285753
1876,"Edinburgh, 17 South Gyle Cres",EH12 9EB,South Gyle,55.92997122,-3.299662346,0,0,1,1,1,3,8,0.8527231512006961
1880,"Northampton, U46 Weston Favell SC",NN3 8JZ,Northampton,52.2570692,-0.8361341,1,1,1,1,2,3,6,0.0634819108288914
1882,"Wolverhampton, 16 Marsh Ln Pde",WV10 6RT,Wolverhampton,52.62093224,-2.130390967,0,0,0,1,1,3,5,1.4376841094761041
1883,"Dundee, 7 Cowgate",DD1 2HS,Dundee,56.46352699,-2.968254051,1,1,1,1,1,3,4,0.2489314494188229
1884,"Glasgow, 183 Shieldhall Rd",G51 4DJ,Glasgow,55.85512864,-4.331290728,1,1,1,1,1,6,15,0.019157694701862314
1886,"Bristol, 44 Ridingleaze",BS11 0QE,Bristol,51.50163847,-2.658681537,0,0,0,1,2,2,8,1.2803805988584462
1887,"Swansea, 51 Queensway",SA5 4EB,Swansea,51.64290974,-3.986947059,1,1,1,1,1,4,5,0.2225409169821403
1888,"Risca, 43A Tredegar St",NP11 6BW,Risca,51.60821246,-3.100966818,1,1,1,1,1,1,3,0.004932341723653798
1889,"Dundee, 134 Strathmartin Rd",DD3 7SE,Dundee,56.47431632,-2.98031167,0,0,0,2,2,3,4,1.1054159321610861
1891,"Stockton, U6A Portrack TP",TS18 2SL,Stockton on Tees,54.57665036,-1.282772164,0,0,0,0,2,2,6,1.556216686118026
1892,"Syston, 1286 Melton Rd",LE7 2HD,Syston,52.69860244,-1.073892517,0,0,0,0,0,0,3,3.494941091333148
1893,"Chesterfield, U3 Lockoford Lane",S41 7JB,Chesterfield,53.25217287,-1.42363403,0,0,1,2,2,2,3,0.5685099430944752
1895,"Huddersfield, Leeds Rd",HD2 1UU,Huddersfield,53.67812359,-1.741393639,0,0,0,0,0,3,5,2.280442496746752
1896,"Llandudno, 73 Mostyn St",LL30 2NN,Llandudno,53.32417674,-3.829204151,0,0,0,0,0,1,2,2.9411289400152443
1897,"Altrincham, 54 George St",WA14 1RH,Altrincham,53.38744266,-2.350218354,1,1,2,2,2,3,8,0.07723122162166773
1898,"Haverfordwest, 19 Bridge St",SA61 2AL,Haverfordwest,51.80298859,-4.969004232,1,1,1,1,1,1,1,0.06758206405845386
1900,"Bridgwater, Carvers Mill BP, Wylds Rd",TA6 4BH,Bridgwater,51.13867567,-2.996867917,0,0,1,1,1,1,1,0.7261032651341669
1903,"Skegness, 76 Lumley Rd",PE25 3NG,Skegness,53.14299272,0.338869886,1,1,1,1,1,1,1,0.07485718518252545
1904,"Solihull, 113 Hobs Moat Rd",B92 8JN,Solihull,52.44490755,-1.784861566,1,1,1,1,2,6,8,0.11535991450380836
1905,"Sedgley, 31 Dudley St",DY3 1SA,Sedgley,52.54053709,-2.120865943,0,0,0,1,2,4,7,1.3847650090010397
1908,"Fenham, 313 Two Ball Lonnen",NE4 9RX,Fenham,54.98661795,-1.662536937,0,1,1,1,4,7,10,0.4310858513067324
1909,"Market Drayton, 31 Cheshire St",TF9 1PH,Market Drayton,52.9045305,-2.485067458,1,1,1,1,1,1,1,0.053914785329168456
1910,"Hairmyres, U6 St James Ave",G74 5QD,East Kilbride,55.76057521,-4.227281623,0,0,0,0,1,2,7,1.9583616936628092
1913,"Manchester, U5 Thorncliffe House",M13 9NG,Manchester,53.46141704,-2.229255495,0,0,1,3,4,8,17,0.6783962512408124
1917,"Belper, 40 King St",DE56 1PL,Belper,53.02317155,-1.482108697,1,1,1,1,1,1,1,0.07571196525382187
1918,"Thornaby, U2 The Pavillion SC",TS17 9FD,Thornaby,54.539084011066,-1.290767457039,0,0,1,1,2,2,5,0.7977231584576056
1919,"Tow Law, 47A High St",DL13 4DH,Tow Law,54.74605916,-1.81499975,0,0,0,0,0,0,1,3.5448651831545313
1920,"Prestwich, U10 Radius Retail",M25 1AY,Prestwich,53.53340105,-2.283793337,0,0,0,2,2,3,14,1.141006272320102
1923,"Neath, 55 Wind St",SA11 3EN,Neath,51.66361116,-3.804020907,1,1,1,1,1,2,4,0.10570752339663261
1924,"Henbury, 175 Crow Ln",BS10 7DR,Henbury,51.50949837,-2.620181018,0,0,0,1,3,4,10,1.1363272687305752
1926,"Ferndale, 64 High St",CF43 4RR,Ferndale,51.66171864,-3.448133483,0,0,0,0,0,2,4,2.4511020690129532
1927,"Merthyr Tydfl, 21 Chestnut Way",CF47 9SB,Merthyr Tydfl,51.76271638,-3.380702885,0,0,0,1,1,1,2,1.3290403544577787
1928,"Exeter, 195 High St",EX4 3EB,Exeter,50.72305928,-3.532242234,0,1,2,2,2,3,3,0.4928459815257997
1930,"Aberdeen, 166 George St",AB25 1BS,Aberdeen,57.15049159,-2.101652077,0,0,1,2,3,4,6,0.9922580364423729
1931,"Renfrew, 11 High St",PA4 8QL,Renfrew,55.87879056,-4.386152759,1,1,1,2,3,7,9,0.010599823553308005
1935,"Dover, 71 Biggin St",CT16 1BB,Dover,51.1272777,1.309893275,1,1,1,1,1,1,1,0.11224640583597574
1942,"Ipswich, 51 Westgate St",IP1 3DX,Ipswich,52.05876831,1.150052134,0,0,1,2,2,2,3,0.5521672983175476
1943,"Colchester, 36 Long Wyre St",CO1 1LJ,Colchester,51.88842848,0.902529144,0,1,1,2,2,3,3,0.4936386102181847
1944,"Portsmouth, Southsea, 15 Palmerston Rd",PO5 3QQ,Southsea,50.78627531,-1.088070318,0,0,2,3,3,5,8,0.6071155554399491
1948,"Cockerton, 301 Woodland Rd",DL3 9AA,Cockerton,54.53344392,-1.578248314,0,0,0,1,1,1,1,1.0676306765480192
1949,"Kingston Pk, U8 Kingston Pk SC",NE3 2FP,Kingston Park,55.01306193,-1.669045528,1,1,1,2,3,4,9,0.09001951177667099
1952,"Moreton, 243 Hoylake Rd",CH46 0PF,Moreton,53.40073073,-3.11339171,0,0,0,1,1,2,6,1.3117247175650064
1953,"Salford, U4 Seaford Rd",M6 6BA,Salford,53.49624909,-2.272827664,0,0,1,2,4,8,16,0.833034061107085
1957,"Bristol, U1 St James Crt",BS1 3LH,Bristol,51.45892308,-2.592710178,0,1,2,3,5,8,12,0.39686179545196404
1961,"Derby, Pride Park Stadium Grou",DE24 8XL,Derby,52.91587202,-1.447345498,0,0,1,1,2,4,6,0.6627603520924573
1964,"Barnsley, U5 Eldon Arc",S70 2JP,Barnsley,53.55371116,-1.478486883,0,1,1,1,2,2,3,0.2843925969794887
1966,"Liverpool, UD1 Prospect Point, Prscot St",L6 1BA,Liverpool,53.41087024,-2.964759109,1,1,1,2,2,5,12,0.1463645988167625
1968,"Christchurch, U1 Saxon Sq SC",BH23 1QA,Christchurch,50.73556343,-1.777727958,0,0,1,2,2,2,4,0.7024883643988522
1971,"Grantham, U3 Isaac Newton CTR",NG31 6EE,Grantham,52.91032696,-0.642142755,0,0,1,1,1,1,1,0.50269725743226
1974,"Burgess Hill, U17 Market Place SC",RH15 9NP,Burgess Hill,50.95493,-0.13115,1,1,1,1,1,1,2,0.1356845578761813
1975,"Calverton, U10 St Wilfrids Sq",NG14 6FP,Calverton,53.03721193,-1.08193945,0,0,0,0,0,0,3,3.0235726507255425
1976,"Stapleford, 44 Derby Rd",NG9 7AA,Stapleford,52.92900304,-1.276232585,1,1,1,1,1,3,6,0.16134709840084138
1977,"Potters Bar, 114 Darkes Lane",EN6 1AE,Potters Bar,51.69824342,-0.191258905,1,1,1,1,1,1,5,0.10808280062204617
1981,"Tottenham Hale, Uc1 Tottenham Hale RP",N15 4QD,Tottenham,51.587971847816,-0.062306998271,0,0,0,2,2,10,24,1.0633327047349743
1983,"Harlow, 1A Broadwalk",CM20 1HX,Harlow,51.77078403,0.094150204,0,0,0,1,2,2,4,1.2178072271331255
1985,"Coventry, 6 Ironmonger Row",CV1 1FD,Coventry,52.40900869,-1.510534671,0,0,1,4,4,7,8,0.652577829721235
1987,"Rhyl, 73 High St",LL18 1TH,Rhyl,53.32080581,-3.489880814,1,1,1,1,1,1,2,0.09596270185594981
1990,"Cardiff, 4 St Johns St",CF10 1GJ,Cardiff,51.48128624,-3.178573531,0,0,2,4,4,9,11,0.61087689105107
1991,"Pencoed,15 Coychurch Rd",CF35 5NH,Pencoed,51.522507297723,-3.500646623185,0,0,0,0,0,0,4,3.190018371953662
1992,"Swansea, UB Swansea Bus Station",SA1 3QF,Swansea,51.61806402,-3.946505491,1,1,1,1,1,2,5,0.14228479593352358
1994,"Glasgow, 453 Paisley Rd",G5 8RJ,Glasgow,55.8535788,-4.277755162,0,0,0,1,4,6,16,1.356471419553322
1998,"Nottingham, U7 Midland Way RP",NG7 3NY,Nottingham,52.95597088,-1.18300881,1,1,1,1,3,5,10,0.0028835802872530154
2001,"Salford, 258 Eccles Old Rd",M6 8HH,Salford,53.4893293,-2.326404324,0,0,0,1,3,4,15,1.4018858696587004
2003,"Arbroath, U1 Abbeygate SC",DD11 1HY,Arbroath,56.56096225,-2.582977483,0,0,0,1,1,1,1,1.0400426714353626
2004,"Harlow, U3 The Watergardens SC",CM20 1AN,Harlow,51.76808307,0.09484927,0,0,0,1,2,2,5,1.0349088364266654
2005,"Shard End, 3 Ownall Rd",B34 7BA,Shard End,52.49456821,-1.777761868,0,0,1,1,1,3,7,0.5163297046786841
2009,"Littlehampton, 53 High St",BN17 5EJ,Littlehampton,50.80955652,-0.541972027,0,0,1,1,2,2,2,0.6984881416549634
2011,"Forfar, 25 Castle St",DD8 3AE,Forfar,56.64466002,-2.888947595,1,1,1,1,1,1,1,0.060607949473244965
2013,"Manchester, U7 Abbey House, Mosley St",M2 3LW,Manchester,53.47907722,-2.242022667,0,0,3,3,5,10,15,0.6505506467309511
2018,"Edinburgh, U10D Newbridge IE",EH28 8PJ,Newbridge,55.935753691033,-3.402446485363,0,0,0,0,0,0,3,3.005332999913844
2020,"Peterborough, 27 Bridge St",PE1 1HJ,Peterborough,52.57164288,-0.242058935,1,1,1,2,2,3,6,0.1426739320691792
2022,"Clydebank, 113 Sylvania Way, Clyde SC",G81 2RR,Clydebank,55.904638654651,-4.404226310653,1,1,1,1,3,5,8,0.07117843248015997
2025,"Congleton, 1 Duke St",CW12 1AP,Congleton,53.16369576,-2.214068918,0,1,1,1,1,1,1,0.38338603949401556
2026,"Manchester, Avro Way",M90 5PZ,Manchester,53.36159571,-2.28826667,0,0,0,0,1,2,8,1.6958043345619533
2027,"Hyde, 14 Clarendon Sq",SK14 2QT,Hyde,53.450932763717,-2.07815603158,1,1,1,1,2,3,8,0.16821924234875935
2028,"Outlet: Howdon, 18 Tynemouth Rd",NE28 0LF,Howdon,54.99661312,-1.502227394,0,0,0,1,1,2,7,1.2329354960759655
2032,"Glasgow, 100 George St",G1 1RF,Glasgow,55.86109517,-4.244026739,0,1,2,2,3,8,14,0.26799658632303175
2033,"Maryhill, U8 Maryhill SC",G20 9SH,Maryhill,55.887252843697,-4.286521866263,0,0,1,2,2,7,14,0.7998489257790352
2034,"Armthorpe, Armthorpe SC",DN3 3AN,Armthorpe,53.53615602,-1.057591107,0,0,0,0,0,1,3,2.7323827797444817
2035,"Rushden, 40 High St",NN10 0PJ,Rushden,52.29045502,-0.59765458,1,1,1,1,1,1,3,0.16339011920268467
2037,"Cardiff, 39 Wellfield Rd",CF24 3PA,Cardiff,51.49548332,-3.165532668,0,0,2,2,4,9,11,0.5114093636102002
2038,"Yate, U61 Beeches IE",BS37 5QR,Yate,51.54332341,-2.439430047,0,0,0,1,1,1,3,1.073924967952687
2040,"Exeter, Sowton IE, Kestrel Way",EX2 7LA,Exeter,50.7169473,-3.466141661,0,0,1,1,1,2,3,0.5722224158110492
2041,"Cwmbran, 6 Monmouth Wlk",NP44 1PE,Cwmbran,51.652047780499,-3.021782599148,1,1,1,1,1,3,4,0.2189387979945029
2045,"Frinton-On-Sea, 66 Connaught Ave",CO13 9PT,Frinton-On-Sea,51.83270183,1.245380397,0,0,0,0,0,0,1,4.27768696177613
2048,"Kilwinning, 72 Main St",KA13 6AG,Kilwinning,55.654154,-4.697764,0,0,0,1,1,2,2,1.3796175015714647
2049,"Mackworth, 91 Prince Charles Ave",DE22 4BG,Mackworth,52.92818012,-1.518843835,0,0,0,1,2,3,5,1.4303236653308022
2054,"Swanage, 14 Station Rd",BH19 1AE,Swanage,50.60960169,-1.95791042,0,0,0,0,0,0,0,8.292844366302262
2057,"Glasgow, 1158 Cathcart Rd",G42 9EG,Glasgow,55.82478232,-4.257757287,0,1,1,2,2,5,14,0.2938294702247859
2059,"Bingham, 9 Eaton Pl",NG13 8BD,Bingham,52.95224568,-0.953281125,1,1,1,1,1,1,1,0.11758657756587644
2062,"Debden, 45 The Broadway",IG10 3SP,Debden,51.64779809,0.08327071,0,0,0,1,1,2,8,1.133075343416381
2063,"Thamesmead, U6 Joyce Dawson Way",SE28 8RA,Thamesmead,51.50695,0.10667,0,0,1,1,2,4,19,0.9253231357802767
2064,"Yardley, U9 Swan SC",B25 8UJ,Yardley,52.4628218,-1.8138876,0,1,1,1,2,4,11,0.2815834850033541
2067,"Bury St Edmunds, 29 Cornhill",IP33 1DY,Bury St Edmunds,52.24656135,0.712243488,0,1,1,1,1,1,1,0.26554090747875403
2068,"Stockport, 23 Warren St",SK1 1UD,Stockport,53.41277193,-2.157194648,0,1,1,2,3,3,13,0.41454100718808634
2069,"Preston, U4 Tulkth Mill RP, Bl",PR2 2DZ,Preston,53.77190543,-2.723644224,1,1,1,2,2,2,3,0.02245074936770504
2074,"Walsall, U5 Littleton St West",WS2 8EQ,Walsall,52.58743245552,-1.983756108355,0,1,1,2,2,5,8,0.3029740151538709
2075,"Northampton, Harvey Reeves Rd",NN5 5JR,Northampton,52.23492269,-0.916320925,0,0,1,2,2,4,6,0.6643030861351324
2076,"Milton Keynes, 104 Silbury Arcade",MK9 3BE,Milton Keynes,52.043207222119,-0.756375706838,0,0,1,1,1,3,9,0.9875789786259977
2080,"Bradford, 172 Norman Lane",BD2 2JU,Bradford,53.82372147,-1.736074477,0,1,1,1,1,2,7,0.4822717006351214
2081,"Stockton, U23 Teesside RP",TS17 7BW,Stockton,54.55588929,-1.275847335,0,0,0,0,2,4,5,1.661135942255398
2084,"Paisley, 69 Glasgow Rd",PA1 3PD,Paisley,55.84700243,-4.407259599,0,1,1,1,1,3,11,0.39779131472586365
2089,"Stratford, U3 Westfield SC",E20 1EH,Stratford,51.5435545,-0.0066512,0,0,1,3,3,11,30,0.5771746476940561
2090,"Warwick, UN Leamington SP",CV34 6RH,Warwick,52.27972379,-1.549099323,0,0,0,2,2,2,3,1.0088154816408572
2091,"Llanishen, U9A Cardiff BP",CF14 5DN,Llanishen,51.52254437,-3.195224719,1,1,1,2,2,8,13,0.17632554633907915
2092,"Southampton, UJ2 Antelope Park",SO19 8NE,Southampton,50.90565043,-1.339320819,0,0,0,1,3,4,11,1.0231049332622826
2093,"Malvern, 326 Worcester Rd",WR14 1BD,Malvern,52.13354812,-2.303116786,0,0,1,1,1,1,3,0.7235106022861901
2094,"Caerphilly, U29 Castle Court SC",CF83 1NU,Caerphilly,51.57594112,-3.217301569,1,1,1,2,2,3,7,0.21692352817296526
2096,"Brierley Hill, 240 High St",DY5 4JD,Brierley Hill,52.50102847,-2.122478877,0,0,0,1,2,3,8,1.455279365257937
2097,"Outlet: Hendon, 62 Villette Rd",SR2 8RW,Hendon,54.89473441,-1.372967818,0,0,1,1,2,3,4,0.9992417406600742
2100,"Huddersfield, 39 New St",HD1 2BQ,Huddersfield,53.64526878,-1.782734673,0,1,1,1,2,3,4,0.37703253463811187
2101,"Wakefield, 77 Stanley Rd",WF1 4LH,Wakefield,53.68560199,-1.489428221,0,0,1,2,2,2,4,0.5490198653357349
2102,"Gloucester, U4a Gloucester BP",GL3 4BJ,Gloucester,51.84798915,-2.171542568,1,1,1,1,1,2,6,0.0037648947669617567
2106,"Luton, 8 Nursery Pde, Marsh Rd",LU3 2QP,Luton,51.90502742,-0.453656665,0,0,0,2,2,5,7,1.0276356428870719
2108,"Perth, U4 Inveralmond Rd",PH1 3TW,Perth,56.4177721689,-3.473608252634,0,0,0,0,0,1,1,2.1248280028365536
2111,"Hartlepool, U2 Powlett Rd",TS24 8NA,Hartlepool,54.69872364,-1.220618293,0,0,0,2,3,3,3,1.2119947275661942
2112,"Rotherham, U2 Onyx RP, Harris",S63 7FN,Wath-upon-Dearne,53.51077619,-1.356560665,1,1,1,1,1,2,4,0.02889238692948096
2114,"Thornbury, U5 St Marys Way",BS35 2BH,Thornbury,51.608069273462,-2.525350695619,1,1,1,1,1,1,1,0.06351822968401753
2115,"Tunbridge Wells, U7 Fountains RP",TN2 3FB,Tunbridge Wells,51.15656467,0.289186617,0,0,0,1,2,3,4,1.3928714270235152
2116,"Blaby, 9 St Johns Crt",LE8 4DJ,Blaby,52.57490972,-1.163798537,1,1,1,1,1,2,7,0.007805859834455014
2117,"Birmingham, 35 Burtons Way",B36 0UG,Smiths Wood,52.50372828,-1.749423812,0,0,1,1,1,2,6,0.9476631954592681
2118,"Telford, U1 Hadley Centre",TF1 5GQ,Telford,52.7054526,-2.485277828,0,0,1,2,4,4,4,0.8872792404449131
2119,"Telford, U7 Birchfield Way",TF3 5BZ,Telford,52.67664036,-2.481188752,1,1,1,1,3,4,5,0.028807556253956652
2122,"Edinburgh, 162 Restalig Rd Sth",EH7 6EH,Edinburgh,55.96138205,-3.151938772,0,0,2,2,3,6,11,0.5294625935320406
2124,MOTO Lymm,WA13 0SP,Lymm,53.35894216,-2.504905746,0,0,0,0,1,1,4,1.9115656153786633
2125,"Outlet: Walker, 265 Welbeck Rd",NE6 2QX,Walker,54.97410937,-1.562166717,0,0,0,1,1,5,9,1.1243444241424456
2129,"Falkirk, U1 Carron Rd",FK2 7RS,Falkirk,56.01693134,-3.792495599,0,0,0,2,2,3,4,1.0337632090546338
2132,"Montrose, 33 High St",DD10 8LR,Montrose,56.71263479,-2.467878205,1,1,1,1,1,1,1,0.11907139023282134
2138,"Canterbury, 22 St Georges St",CT1 2SS,Canterbury,51.27740926,1.082059896,0,1,1,1,1,1,1,0.434859259605988
2141,"Bletchley, U1C Beacon RP",MK1 1BN,Bletchley,52.00317756,-0.725097301,0,0,1,1,1,4,6,0.5308264306348875
2143,"Middlesbrough, Newport Rd",TS1 5QH,Middlesbrough,54.57166589,-1.25284,0,0,1,1,2,3,6,0.5981585741402244
2144,"Leeds, U7 Central Arc",LS1 6DX,Leeds,53.79645126,-1.542240675,0,1,1,2,2,3,9,0.34829898558338496
2147,"Whitton, 83 High St",TW2 7LD,Whitton,51.45094288,-0.357673389,1,1,1,3,4,5,13,0.03489175049942842
2148,"Watford, 114C High St",WD17 2BJ,Watford,51.65439401,-0.394736288,0,0,0,1,1,2,9,1.0397736315344812
2149,"Nottingham, U13 Lady Bay RP",NG2 3GZ,Nottingham,52.94607168,-1.131266466,0,0,1,1,2,5,8,0.5558589147812679
2150,"Kimberley, 41 Greens Lane",NG16 2PB,Kimberley,52.99689284,-1.25592547,0,0,0,0,0,2,8,2.580493599681839
2154,"Bridgend, U5A Parc Plaza RO",CF31 3XY,Bridgend,51.49417873,-3.558909286,1,1,2,2,2,2,3,0.02390269537320884
2155,"Newcastle, 1 Penn St",NE4 7BG,Newcastle Upon Tyne,54.96316688,-1.630887962,0,0,0,1,2,5,10,1.2554869357459977
2156,"Hall Green, 1182 Stratford Rd",B28 8AB,Hall Green,52.43741039,-1.846570524,1,1,1,1,2,5,11,0.07283516062586619
2157,"Stratford, Maybird RP",CV37 0HZ,Stratford,52.20087065,-1.713546984,1,1,1,1,1,1,1,0.15580038704333102
2162,"Rainham, U3 Rainham SC",ME8 7HW,Rainham,51.364113250406,0.607893767547,0,0,0,1,1,1,4,1.0341917000512908
2163,"Liverpool, 2A Catharine St",L8 7NL,Liverpool,53.4008118,-2.967839288,0,0,1,1,3,5,12,0.6455131547349376
2166,"Eston, U4 Low Grange Farm SC",TS6 9TN,Eston,54.57168799,-1.164469166,0,0,0,0,1,2,4,1.7697141593637666
2167,"Team Valley IE, U3 Tenth Ave",NE11 0HL,Team Valley,54.92481673,-1.617686975,0,0,0,0,1,2,9,1.805513324453482
2168,"Luton, 658 Hitchin Rd",LU2 7XH,Stopsley,51.90268037,-0.394914946,0,1,1,2,3,3,5,0.41428637220707426
2169,"Margate, 106 High St",CT9 1JW,Margate,51.38681287,1.381009252,1,1,1,1,1,1,3,0.19894196025223387
2176,"Outlet: Tipton, 162 High St",DY4 9JB,Princes End,52.54250143,-2.062272485,0,0,0,1,2,4,9,1.087048124712184
2177,"Longbridge, 4 High Street",B31 2UQ,Longbridge,52.39553749,-1.984114904,0,0,0,2,2,3,6,1.3412173727712708
2184,"Pentwyn, U3 Pentwyn RP",CF23 7XH,Pentwyn,51.52315885,-3.13952572,1,1,1,2,2,5,9,0.009189253297180188
2185,"Middlesbrough, U34 Hill St SC",TS1 1TB,Middlesbrough,54.57711802,-1.238854982,0,1,1,1,2,2,6,0.3498867915382933
2186,"Lymington, 37 High St",SO41 9AF,Lymington,50.75829048,-1.541312055,0,1,1,1,1,1,1,0.2804893832207558
2188,"Perth, 9 Scott St",PH1 5EJ,Perth,56.39636831,-3.432551182,1,1,1,1,1,1,1,0.054838863763338214
2189,"Glasgow, 428A Carmunnock Rd",G44 5EH,Glasgow,55.81033693,-4.244862652,0,0,0,1,2,4,14,1.3368857874849165
2190,"Derby, UP2 Kingsway RP",DE22 3FA,Derby,52.92133135,-1.506073874,0,0,0,0,3,4,6,1.6195862218399601
2193,"Fakenham, U14 Miller'S Wlk",NR21 9AP,Fakenham,52.829670408011,0.849288359657,0,0,0,0,0,0,0,10.78124705634043
2195,"Peckham, U8 Aylesham CTR",SE15 5EW,Peckham,51.47253306,-0.069592634,0,0,2,3,7,11,27,0.8797233007117062
2200,"Kings Heath, 134 High St",B14 7LG,Kings Heath,52.43340117,-1.893318542,0,0,0,0,4,4,13,1.5935486151639753
2201,"Bonnybridge, U3 Bridge St",FK4 1AA,Bonnybridge,56.0008958,-3.888046915,1,1,1,1,1,1,3,0.10072920328565316
2202,"Godalming, 8 High St",GU7 1AD,Godalming,51.18589796,-0.610567608,0,1,1,1,1,1,3,0.27338980716454453
2203,"Barnsley, 20 May Day Green",S70 1SH,Barnsley,53.55264808,-1.479691838,1,1,1,1,2,2,3,0.2209644256834908
2205,"Pitlochry, 92 Atholl Rd",PH16 5BL,Pitlochry,56.7034914,-3.734580301,0,0,0,0,0,0,0,24.12100342507817
2207,"Northwich, 8 Leicester St",CW9 5LA,Northwich,53.26225449,-2.512376371,0,0,0,2,2,2,2,1.1377946670816197
2208,"Scarborough, 6 Westborough",YO11 1UH,Scarborough,54.281985686256,-0.401058460615,1,1,1,1,1,1,1,0.16653755315690924
2210,"Outlet: Leicester, 237C Uppingham Rd",LE5 4DG,Leicester,52.64205294,-1.090438534,1,1,1,1,2,4,8,0.005700189877915589
2212,"Airdrie, 22 High St",ML6 0DT,Airdrie,55.86837495,-3.98501721,1,1,1,1,1,2,2,0.00606793983038935
2213,"Pontardawe, 70 Herbert St",SA8 4ED,Pontardawe,51.71953645,-3.849672201,0,0,0,0,0,1,2,2.3846939131437312
2214,"Lincoln, U4 Brant Rd SC",LN5 9TR,Lincoln,53.19114098,-0.557011055,0,0,0,1,1,2,4,1.2974160860998218
2216,MOTO Birch East,OL10 2QH,Heywood,53.56832819,-2.232318632,0,0,0,0,2,3,6,1.7900017768057774
2217,"Wishaw, 398A Coltness Rd",ML2 8JZ,Wishaw,55.79001949,-3.91312107,0,0,0,1,1,2,4,1.0792661110474933
2222,"Archway, 33 Junction Rd",N19 5QT,Archway,51.56459483,-0.134746552,0,0,0,1,1,7,26,1.1766511146825762
2232,"Poole, Nuffield IE",BH17 0RA,Poole,50.74150419,-1.977460444,0,1,1,1,2,3,5,0.41451338899237394
2233,"Abertillery, 13 Church St",NP13 1DA,Abertillery,51.73088512,-3.13433132,0,0,0,0,0,0,2,4.399102480057999
2234,"Gateshead, G109 Trinity Sq",NE8 1BF,Gateshead,54.96255119,-1.602378081,0,0,1,2,2,4,12,0.9606537734234686
2235,"Chelmsley Wood, Ulg Wst Chelmsly Wood SC",B37 5TN,Chelmsley Wood,52.47963603,-1.739890054,0,0,1,1,2,2,5,0.9911605490551353
2236,"Sutton Coldfield, Princess Alice RP",B73 6RB,Sutton Coldfield,52.55059806,-1.85893813,0,0,0,1,2,4,7,1.1254526752039724
2237,"Girvan, 69 Dalrymple St",KA26 9BS,Girvan,55.24158971,-4.855164992,0,0,0,0,0,0,0,18.037274183030796
2238,"Rossington, U2 Rossington Market",DN11 0TS,New Rossington,53.47806747,-1.078625103,0,0,0,0,0,0,2,3.058578473197056
2239,"Netherfield, U1 Victoria BP",NG4 2PE,Netherfield,52.96213558,-1.067472205,0,0,0,0,1,2,7,1.8845430679775785
2240,"Pembroke Dock, 6 Dimond St",SA72 6AH,Pembroke Dock,51.69370497,-4.942183297,0,0,0,0,1,1,1,1.8157995279987629
2242,"Matlock, U2 Crown CTR",DE4 3AT,Matlock,53.13877896,-1.555836812,1,1,1,1,1,1,1,0.14291307740420156
2247,"Pontypridd, 79A Taff St",CF37 4SU,Pontypridd,51.60224149,-3.340273587,0,0,1,1,1,1,5,0.8197758741514242
2249,"Gorleston-On-Sea, 147 High St",NR31 6RB,Gorleston-on-Sea,52.57902374,1.727734486,1,1,1,1,2,2,2,0.05511383475434661
2250,"Norwich, 82 Colman Rd",NR4 7EH,Norwich,52.62184284,1.262481904,1,1,1,1,2,4,5,0.009017335379293374
2256,"Cambuslang, 151 Western Rd",G72 8PE,Cambuslang,55.80915174,-4.179737324,0,0,1,2,2,3,12,0.8391010597101034
2257,"Glasgow, 3 Budhill Ave",G32 0PW,Shettleston,55.85455254,-4.158681437,0,0,1,1,2,6,10,0.8105727675793389
2258,MOTO Lancaster South,LA2 9DU,Bay Horse,53.96169663,-2.760383985,0,0,0,0,0,0,0,6.274105006950019
2259,MOTO Blackburn,BB3 0DB,Darwen,53.71287044,-2.477515676,0,0,0,0,1,1,1,1.7103481549540616
2260,MOTO Baldock,SG7 5TR,Radwell,52.01459332,-0.202317423,0,0,0,1,1,2,2,1.0602661460066523
2261,MOTO Beaconsfield,HP9 2SE,Beaconsfield,51.58832968,-0.627569683,0,0,0,0,0,0,3,3.1636307083638218
2262,MOTO Doncaster North,DN8 5GS,Hatfield,53.59171454,-0.990433826,0,0,0,1,1,1,1,1.129428602135735
2263,MOTO Frankley North,B32 4AR,Birmingham,52.42931082,-2.019047712,0,0,0,0,0,4,9,2.2409255002796664
2264,MOTO Medway East,ME8 8PQ,Rainham,51.34168584,0.608061927,0,0,0,0,0,1,4,2.0892027217223146
2266,MOTO Cobham,KT11 3DB,Cobham,51.30438402,-0.405772572,0,0,0,0,1,1,3,1.8302291612350057
2267,MOTO Ferrybridge,WF11 0AF,Knottingley,53.6976003,-1.266597,0,0,0,0,1,1,2,1.6643033065513646
2269,"Richmond, 35 The Quadrant",TW9 1DN,Richmond,51.46228872,-0.302611766,0,0,0,0,3,5,20,1.7021405999094663
2270,"East Ham, 95 High St North",E6 1HZ,East Ham,51.53578538,0.052367241,0,1,1,3,3,6,19,0.4625328061743015
2271,"Barnet, 134 High St",EN5 5XQ,Barnet,51.6550799,-0.201549167,1,1,1,1,1,3,6,0.20073420568423195
2272,"Wigan, 21 Market Pl",WN1 1PE,Wigan,53.54639794,-2.631373839,0,1,1,1,1,1,5,0.39145165683508293
2273,"Warrington, Winwick Rd",WA2 9SX,Warrington,53.41436585,-2.596900045,0,0,0,1,1,2,5,1.3004294639150904
2274,"Enfield, 8 Church St",EN2 6BE,Enfield,51.6520593,-0.0829589,0,0,1,2,2,6,13,0.8310121377716299
2275,"Edinburgh, 141 Boswall Parkway",EH5 2LY,Edinburgh,55.97518631,-3.238070843,0,0,1,1,2,5,10,0.6325596742817353
2278,"Felling, U5 Booth St",NE10 9BF,Felling,54.94980739,-1.569358929,0,0,0,1,1,3,9,1.1955150388209719
2281,"Whitburn, 19 West Main St",EH47 0QB,Whitburn,55.86649367,-3.685452686,0,0,1,1,1,2,2,0.8981232506536609
2286,"Bromsgrove, 53 Sherwood Rd",B60 3DR,Bromsgrove,52.31759237,-2.061610212,0,0,0,1,1,1,1,1.3362029793874166
2287,"Milton Keynes, U1 Phoenix Hse",MK9 1BE,Milton Keynes,52.034160863925,-0.771685790101,0,0,1,1,1,3,9,0.5568972421244957
2289,"Bury, The Rock SC, 22 Central St",BL9 0JN,Bury,53.59482306,-2.291614723,0,0,1,1,1,3,4,0.8238649631897592
2290,"Cheltenham, 219 High St",GL50 3HH,Cheltenham,51.9016624,-2.075410348,1,1,2,3,3,3,4,0.20785788942128727
2292,"Chester, 9 Frodsham St",CH1 3JJ,Chester,53.19165276,-2.888504735,1,1,1,2,3,3,3,0.188043481669215
2293,"Wirral, U2 Croft RP, Welton Rd",CH62 3PN,Bromborough,53.34102533,-2.977126139,0,0,0,0,1,2,8,1.5637608629456898
2295,"Burnley, Trafalgar St",BB11 1TQ,Burnley,53.78776709,-2.250543483,0,0,1,1,1,1,1,0.5513646305704417
2296,"Cradley Heath, 190C Halesowen",B64 6HU,Cradley Heath,52.47692986,-2.068135288,0,0,1,1,3,4,9,0.83078552522566
2299,"Bury, U22 The Mall, Mill Gate SC",BL9 0QQ,Bury,53.59239389,-2.295368731,0,0,1,1,1,3,3,0.6579423578728417
2303,"Stonehaven, 31 Market Sq",AB39 2BA,Stonehaven,56.96443791,-2.208555949,0,0,0,0,0,0,0,7.993769878047201
2304,"Barnsley, U8 Wombwell Lane RP",S70 3PB,Barnsley,53.53979549,-1.431142052,0,0,1,1,1,3,4,0.5481154822274242
2305,"Leeds, U1 Butt Lane",LS13 4JF,Leeds,53.79554235,-1.620798384,1,1,1,1,2,5,9,0.01630479710885923
2307,"Kings Lynn, Hansa Rd",PE30 4HX,Kings Lynn,52.74161786,0.411315601,1,1,1,1,2,2,2,0.05109366645679645
2308,MOTO Toddington North,LU5 6HR,Toddington,51.94695381,-0.503396648,0,0,0,0,0,2,6,2.5688192333461104
2309,MOTO Cardiff West,CF72 8SA,Pontyclun,51.50868009,-3.307178919,0,0,0,0,0,0,7,3.1779123783924694
2310,MOTO Hilton Park North,WV11 2AT,Essington,52.6429694,-2.0576985,0,0,0,0,0,2,5,2.006596782004432
2311,MOTO Grantham North,NG32 2AB,Grantham,52.94900276,-0.678567377,0,0,0,0,0,0,1,3.574450490686881
2313,MOTO Southwaite North,CA4 0NT,Carlisle,54.79820995,-2.871451093,0,0,0,0,0,0,0,6.596781551907891
2314,MOTO Heston West,TW5 9NB,Heston,51.48854643,-0.396127978,0,0,1,1,1,3,12,0.9159591585231647
2315,MOTO Washington South,DH3 2SJ,Birtley,54.88989325,-1.558204527,0,0,0,0,0,2,4,2.0847762667248633
2316,MOTO Knutsford North,WA16 0TL,Knutsford,53.30066233,-2.402441075,0,0,0,1,1,1,1,1.211368264543319
2317,MOTO Wetherby,LS22 5GT,Wetherby,53.9466817,-1.368844078,0,0,0,1,1,1,1,1.4327797537367346
2318,MOTO Chieveley,RG18 9XX,Hermitage,51.44938427,-1.311025596,0,0,0,0,0,0,2,3.11153645848796
2319,MOTO Reading West,RG30 3UQ,Burghfield,51.42385392,-1.036677204,0,0,0,0,0,2,5,2.3984439870283536
2320,MOTO Exeter,EX2 7HF,Exeter,50.716625829296,-3.46379774724,0,0,1,1,1,2,3,0.6502601395283999
2321,MOTO Cherwell Valley,OX27 7RD,Ardley,51.94980831,-1.197903549,0,0,0,0,0,0,2,3.6166702723389097
2322,MOTO Stafford North,ST15 0EU,Staffordshire,52.88619769,-2.17346167,0,0,0,0,1,1,1,1.5772064687965262
2324,MOTO Reading East,RG30 3UQ,Burghfield,51.42590324,-1.035184813,0,0,0,0,0,2,5,2.2627578764212153
2326,MOTO Leigh Delamere East,SN14 6LB,Chippenham,51.51195558,-2.158268263,0,0,0,0,0,0,1,3.84125590636279
2327,MOTO Leigh Delamere West,SN14 6LB,Chippenham,51.50982176,-2.15803328,0,0,0,0,0,0,1,3.7055289764846924
2328,MOTO Toddington South,LU5 6HR,Toddington,51.94760741,-0.501004903,0,0,0,0,0,1,6,2.551784821082522
2329,MOTO Tamworth,B77 5PS,Tamworth,52.60765944,-1.64083125,0,0,0,1,2,3,3,1.1777524461386206
2330,"Nottingham, 331 Nuthall Rd",NG8 5BU,Aspley,52.97465148,-1.1877552,1,1,1,2,2,5,10,0.22713146005424747
2333,"Glasgow, 242 Smithycroft Rd",G33 2QZ,Glasgow,55.87058902,-4.18649222,0,0,1,3,3,5,12,0.736647835868298
2334,"Manchester, 93 Piccadilly",M1 2DA,Manchester,53.48023149,-2.233479166,0,1,3,3,3,8,14,0.4789272841345131
2335,"Bedwas, U5A Bedwas IE",CF83 8DU,Bedwas,51.59085817,-3.204162447,0,0,0,1,1,2,5,1.0283546954091385
2337,"Bradford, 228 Sticker Lane",BD4 8QQ,Bradford,53.78459888,-1.720578094,0,0,0,0,0,4,7,2.0638491733843227
2338,"Sunderland, Hylton Riverside RP",SR5 3XG,Sunderland,54.91780578,-1.433011366,0,0,0,1,1,3,6,1.0353539356638575
2340,"Huddersfield, Bus Station",HD1 2JN,Huddersfield,53.645788,-1.7865004,0,1,1,1,1,3,4,0.35434449952757047
2345,"Cardiff, U1 Thornhill Rd",CF14 6RG,Cardiff,51.53106451,-3.204892964,0,0,1,2,2,5,13,0.8632925568477348
2347,"Porthcawl, 31 St John",CF36 3AP,Porthcawl,51.47767534,-3.703784867,1,1,1,1,1,1,1,0.07919867154444797
2349,"Perry Barr, One Stop SC, 2 Walsall Rd",B42 1AA,Perry Barr,52.51739174,-1.903181164,0,0,0,0,0,4,8,2.0436496839807634
2350,"Camelon, 332 Main St",FK1 4EG,Camelon,56.00344376,-3.813785522,0,0,1,2,2,3,4,0.6520556578775737
2354,"Driffield, 53a Middle St",YO25 6PS,Driffield,54.00434099,-0.438187017,1,1,1,1,1,1,1,0.1224267235182807
2355,"Edinburgh, 74 Stenhouse Pl East",EH11 3DQ,Edinburgh,55.9332243,-3.260706604,0,0,1,2,3,6,11,0.7994584289273556
2362,"Newport, U1 Usk Way",NP20 2BL,Newport,51.58065839,-2.985440536,0,0,2,2,2,3,3,0.928163594047179
2363,"Witney, U4 Welch Way",OX28 6JH,Witney,51.78644215,-1.485913569,0,0,1,1,1,1,1,0.9783068894769514
2364,"Treorchy, 110 Bute St",CF42 6AU,Treorchy,51.66058815,-3.507750011,1,1,1,1,1,1,3,0.1226713978519789
2365,"Southampton, Totton, U15 Totton SC",SO40 3BX,Totton,50.919298495492,-1.488447726595,1,1,1,1,2,3,6,0.14122677589577057
2366,"Glasgow, 64 Gordon St",G1 3RS,Glasgow,55.86069391,-4.257195844,0,0,1,3,3,7,14,0.5863742069482548
2371,"Hamilton, Low Waters Rd",ML3 7QR,Hamilton,55.76094955,-4.045662507,0,0,1,1,1,2,4,0.8523540245028374
2373,"Glenrothes, U1 Leslie Rd",KY7 5PS,Glenrothes,56.19866625,-3.173042046,0,0,0,1,1,1,1,1.0370965786475472
2374,"Coventry, U7 Cannon Park SC",CV4 7EH,Canley,52.38813017,-1.554734162,0,0,0,1,1,5,9,1.0995240559651096
2376,MOTO Donington Park North,DE74 2TN,Castle Donington,52.82182266,-1.308223414,0,0,0,0,1,1,3,1.9184228984858116
2377,MOTO Blyth,S81 8HG,Blyth,53.38752,-1.06091,0,0,0,0,0,1,1,2.0306680299399464
2379,MOTO Thurrock South,RM16 3BG,West Thurrock,51.4923,0.27223,0,0,0,1,1,2,8,1.2738856958509706
2380,MOTO Pease Pottage,RH11 9YA,Pease Pottage,51.08331894,-0.199805664,0,0,0,0,0,1,2,2.3073483551184024
2382,MOTO Scotch Corner North,DL10 6PQ,Richmond,54.44362889,-1.667123347,0,0,0,0,0,0,0,5.192128141401683
2383,EG On The Move Blackburn (Beehive),BB1 2EE,Blackburn,53.73042031,-2.451698682,0,0,0,0,1,1,3,1.5723306014912457
2389,"Musselburgh, 134 High St",EH21 7EA,Musselburgh,55.94238516,-3.050844141,0,1,1,1,1,1,6,0.41934137192174054
2390,"Rutherglen, 210 Main St",G73 2HP,Rutherglen,55.82827251,-4.212065708,0,0,1,1,2,7,13,0.6460945032703629
2391,"Bedminster, 78 East St",BS3 4JD,Bedminster,51.44194998,-2.597549012,1,1,2,2,4,6,12,0.20343331436444617
2394,"Wakefield, U2 Westgate Station",WF1 2QN,Wakefield,53.68295,-1.50567,0,0,2,2,2,2,3,0.6315533224399728
2395,"Swansea, Morriston, U1 Heron Wy",SA6 8PS,Morriston,51.66435536,-3.913066354,0,0,1,1,1,2,7,0.5502894580220081
2397,"Bargoed, U5 Lowry Plaza, Hanbury Rd",CF81 8QT,Bargoed,51.68821777,-3.228920986,0,0,0,0,1,1,2,1.879883708927648
2399,"Oswestry, 1 Church St",SY11 2SU,Oswestry,52.85887632,-3.055567323,0,0,0,0,0,0,0,13.087157229794258
2402,"Merthyr Tydfl, 16 Nwmrkt Wlk, Tydfil SC",CF47 8EL,Merthyr Tydfil,51.745150732275,-3.380192494682,1,1,1,1,1,1,2,0.2132701127825973
2404,"Cardiff, 2A Park Pl",CF10 3DP,Cardiff,51.48276912,-3.174619056,0,1,2,4,4,8,11,0.4134672133441105
2405,ASDA EXPRESS Kettering,NN14 1UD,Kettering,52.4241323,-0.727985527,0,0,0,1,1,2,4,1.3702632330435696
2406,ASDA EXPRESS Causeway,WA4 6QE,Warrington,53.380467,-2.588779669,0,0,1,2,2,2,5,0.7900992941264768
2408,ASDA EXPRESS Deeside,CH5 2NS,Deeside Industrial Estate,53.232633410372,-3.005523944946,0,0,0,0,1,1,3,1.9555027606357662
2409,EG On The Move Calder Park,WF2 7BL,Wakefield,53.65236147,-1.523749125,0,0,0,0,1,2,2,1.7227330260503193
2410,ASDA EXPRESS Ross Spurr,HR9 7QJ,Ross On Wye,51.92759064,-2.56954755,0,0,0,1,1,1,1,1.0969840269439033
2411,EG On The Move Larkhill,L13 0AR,Liverpool,53.42878814,-2.919643334,0,0,0,1,2,7,12,1.2241333754242893
2412,ASDA EXPRESS Newtown,WN8 8TL,Skelmersdale,53.5506251,-2.809020729,0,0,0,0,1,1,2,1.5003110692461086
2414,ASDA EXPRESS Lomondgate,G82 2QU,Dumbarton,55.95725204,-4.56133651,0,0,1,1,1,1,1,0.9442696399559568
2415,EG On The Move Cleckheaton,BD19 5AW,Cleckheaton,53.73557314,-1.721095536,0,0,1,1,1,3,7,0.8449632290467499
2416,ASDA EXPRESS Singing Kettle,CH8 8RF,Holywell,53.27407037,-3.305810551,0,0,0,0,0,0,0,5.894722740563434
2417,ASDA EXPRESS Milnrow,OL16 4JD,Milnrow,53.60705843,-2.106930026,0,0,0,1,1,1,3,1.4680570709704437
2418,ASDA EXPRESS Royle Green,M22 4SY,Northenden,53.40245154,-2.254636794,0,0,0,2,3,5,14,1.0231471033007304
2419,EG On The Move Ashton Road,SK6 2QN,Bredbury,53.42872058,-2.121264431,0,0,0,0,1,5,10,1.9280535033531723
2421,"Castleford, 64 Carlton St",WF10 1DB,Castleford,53.726070239074,-1.353030684962,0,0,0,1,1,2,4,1.143767802099737
2422,"Crook, U3 The Royal Corner",DL15 9UA,Crook,54.71497763,-1.746379927,1,1,1,1,1,1,1,0.06583712306513802
2423,"East Kilbride SC, The Plaza",G74 1LW,East Kilbride,55.760031403739,-4.179861798098,0,0,1,2,2,2,4,0.6825629395957987
2424,"Glasgow, 162 Buchanan St",G1 2LW,Glasgow,55.86232245,-4.253210761,0,0,1,3,3,7,14,0.518373914539858
2425,EG On The Move Speke,L24 1UX,Speke,53.34921817,-2.862140936,0,0,1,1,1,2,6,0.6295533350258689
2426,ASDA EXPRESS Markham Vale,S44 5HS,Duckmanton,53.24341174,-1.333549437,0,0,0,0,0,1,4,2.003787890830037
2428,ASDA EXPRESS Monmouth South,NP25 4BG,Monmouth Service Area,51.77253201,-2.812936945,0,0,0,0,0,0,1,4.693089177465701
2430,ASDA EXPRESS Weyhill West,SP11 0PN,Hampshire,51.21468883,-1.535344834,0,0,0,0,0,1,1,2.4861176378291616
2431,"Shirley, U14 Parkgate SC",B90 3GG,Shirley,52.41193,-1.82197,0,1,1,1,2,5,8,0.3134122747846654
2432,"Martlesham Heath, U1A Betts Ave",IP5 3RH,Martlesham Heath,52.06167138,1.279012232,0,0,1,1,1,1,2,0.9450218989645608
2433,"Rugby, 19 Market Pl",CV21 3DU,Rugby,52.37269792,-1.262472491,0,0,1,1,2,3,3,0.9361469009417084
2434,"Stretford, U1B Trafford Pk",M17 1PZ,Stretford,53.46552672,-2.32344082,0,0,0,0,3,7,15,1.6831156204752349
2436,ASDA EXPRESS Whitchurch,SY13 1JZ,Whitchurch,52.96710708,-2.705308298,0,0,1,1,1,1,1,0.8949574480407995
2437,ASDA EXPRESS Oswestery,SY11 4JA,Oswestry,52.84965157,-3.028058117,0,0,0,0,0,0,0,13.564339236185669
2439,"Linwood, U4 Bridge St",PA3 3DB,Linwood,55.84831327,-4.48932718,0,0,0,1,1,2,4,1.062774505188808
2440,MOTO Doncaster North FC,DN8 5GS,Hatfield,53.5918212,-0.990407003,0,0,0,1,1,1,1,1.134700441665417
2444,"Sudbury, 5 Market Hill",CO10 2EA,Sudbury,52.03842439,0.729837515,1,1,1,1,1,1,1,0.1540967286700615
2446,BLAKEMORE Brumby Corner,DN16 2AW,Scunthorpe,53.57504952,-0.655600114,0,0,1,1,1,1,1,0.5921385656259972
2447,BLAKEMORE Fairfield,LN11 0WA,Louth,53.38288817,-0.012367825,0,0,0,0,0,0,0,12.209851502543911
2448,"St Helens, Church Sq SC",WA10 1BD,St Helens,53.45227181,-2.736540523,0,1,1,1,2,2,6,0.28928695911768326
2449,"Bridgend, 15 Adare St",CF31 1ET,Bridgend,51.507506164845,-3.577766834243,0,1,1,2,2,3,3,0.39243571920129294
2454,BLAKEMORE Leegomery,TF1 6XQ,Apley,52.71191463,-2.500268884,0,0,0,1,2,4,4,1.0619440377901663
2455,"Watford, 5 The Parade, High St",WD17 1LQ,Watford,51.65696449,-0.398152362,0,0,1,1,1,2,8,0.8523183808139086
2456,"Troon, 26 Portland St",KA10 6EA,Troon,55.5442078,-4.662954005,1,1,1,1,1,1,2,0.042897031446013985
2459,"Wimborne, Ferndown IE, 110 Cobham Rd",BH21 7PQ,Wimborne,50.81417298,-1.912663789,0,0,0,1,1,1,2,1.1940715781182005
2461,ASDA EXPRESS Blackford Bridge,BL9 9ST,Bury,53.57087575,-2.294050708,0,0,0,1,2,2,6,1.200519676109395
2462,"Bath, U56 Southgate, Southgate St",BA1 1AQ,Bath,51.37872223,-2.359536219,0,0,2,2,2,2,2,0.8173856273978092
2463,"Bristol, U5 Gloucester Rd Nth",BS7 0SH,Filton,51.50274799,-2.57929739,1,1,1,2,3,7,12,0.048070887116096556
3464,"Ilkeston, 33 Bath St",DE7 8AH,Ilkeston,52.97290988,-1.30901151,0,1,1,1,1,1,5,0.36378446027169736
3465,"Wolverhampton, U25A Wulfrun SC",WV1 3HG,Wolverhampton,52.583204414285,-2.126999271411,0,0,0,0,2,3,7,1.5835454615299203
3466,"Fishponds, 741 Fishponds Rd",BS16 3UP,Fishponds,51.48040815,-2.529434568,1,1,1,2,3,6,13,0.1715904823672662
3468,ASDA EXPRESS Moorland,ST6 1JP,Stoke-on-Trent,53.0484718,-2.178690304,0,0,0,0,1,3,6,1.71835661208828
3469,"Porthcawl, U2 New Rd",CF36 5BA,Porthcawl,51.48308531,-3.682866458,0,0,1,1,1,1,1,0.9133170765761662
3477,MOTO Trowell North,NG9 3PL,Trowell,52.96174305,-1.268659814,0,0,0,0,0,3,8,2.046761916534763
3478,MOTO Woolley Edge South,WF4 4LQ,West Bretton,53.62226841,-1.545461004,0,0,0,0,0,0,2,3.9530075884053435
3480,"Bradford, 23 Broadway",BD1 1HA,Bradford,53.79381495,-1.751547595,0,0,0,1,3,3,4,1.3455998716385424
3481,ASDA EXPRESS Uttoxeter,ST14 5AA,Uttoxeter,52.90775325,-1.855280893,0,0,1,1,1,1,1,0.7249110524206125
3482,"Walsall, 7 Sister Dora Buildns, Dgbth Sq",WS1 1LR,Walsall,52.58358195,-1.983548035,0,0,1,2,2,4,8,0.5660500595275243
3484,"Caterham, U38 Church Wlk SC",CR3 6RT,Caterham,51.28149176972,-0.0772586513,1,1,1,1,1,1,6,0.20841094905037189
3485,"Tamworth, 17 Middle Entry SC",B79 7NJ,Tamworth,52.63323821,-1.695207196,0,1,1,1,1,2,3,0.35372502078580864
3486,"Braehead, U107 Intu SC",G51 4BS,Braehead,55.8766427178,-4.365160768357,0,0,2,2,4,6,11,0.6675872139477532
3487,"Poynton, 21 Park Ln",SK12 1RD,Poynton,53.34902755,-2.120510666,1,1,1,1,1,2,5,0.1523256742924116
3488,"Stockport, U5 Manchester Rd",SK4 1TN,Stockport,53.42042111,-2.162034062,0,0,2,2,2,5,14,0.9172824664774434
3491,"Porthill Service Station, Porthill Rd",ST6 4NL,Porthill,53.04060858,-2.214154962,0,0,0,0,0,4,5,2.028724953345266
3492,"Aberdare, 3A Riverside RP",CF44 0AH,Aberdare,51.70207123,-3.420174924,1,1,1,1,1,1,3,0.00905954384862372
3493,"Team Valley, U4 Maingate",NE11 0BE,Team Valley,54.94330135,-1.624294784,0,0,0,1,1,3,9,1.0561010023335655
3494,"Durham, UO Arnison RC",DH1 5GB,Durham,54.806742919239,-1.581765255041,0,0,0,0,1,2,3,1.9651549872563936
3495,"Newton Aycliffe, U2, Beveridge Wy",DL5 4DP,Newton Aycliffe,54.620787,-1.57073,1,1,1,1,1,1,1,0.05743896374056225
3496,"Blyth, The Windmill, Cowpen Rd",NE24 5JP,Blyth,55.13033793,-1.541558953,0,0,0,1,1,1,3,1.2158394015763538
3497,"Newcastle, 44 Blackett St",NE1 7UG,Newcastle Upon Tyne,54.974238891569,-1.614346312501,0,1,1,1,4,5,10,0.32286661781226633
3498,"Glenrothes, 31 Lyon Wy",KY7 5NN,Glenrothes,56.196044,-3.172062,0,0,0,1,1,1,1,1.045757011380028
3499,"Edinburgh, U12 Princes Mall",EH1 1BQ,Edinburgh,55.95267358,-3.190956186,0,0,2,4,6,9,11,0.607908058909333
3500,"Dumfries, 9 Castle St",DG1 1DJ,Dumfries,55.06996488,-3.612718366,0,1,1,1,1,1,1,0.2530740083975448
3501,"Partick, 392 Dumbarton Road",G11 6RZ,Partick,55.87090785,-4.309270315,0,0,0,3,3,5,16,1.0861016907028713
3502,EG On The Move Camberwell,SE5 0EG,Camberwell,51.48112057,-0.094679875,0,0,2,4,6,12,29,0.7767166962736266
3503,RONTEC Crawley,RH10 8BA,Crawley,51.10999481,-0.206188304,0,0,1,1,1,2,3,0.8363656607527126
3505,"Edinburgh, U6 Edin West RP, Chesser Rd",EH14 1UD,Edinburgh,55.92978841,-3.246408369,0,1,1,3,3,7,12,0.3218401310124622
3506,"Walsall, U12A Saddlers SC",WS1 1YT,Walsall,52.58361738,-1.983436856,0,0,1,2,2,4,8,0.5643215909506382
3507,"Newcastle, U2 Wellbar Central",NE1 4TD,Newcastle Upon Tyne,54.9739203,-1.619270943,0,1,1,1,4,5,10,0.38256995333920363
3508,"Crewe, Beswick Dr",CW1 5NP,Crewe,53.09384823,-2.414548461,0,0,0,1,1,1,4,1.0319168730743589
3509,MOTO Ferrybridge FC,WF11 0AF,Knottingley,53.69740028,-1.265499608,0,0,0,0,1,1,2,1.7061941152456592
3510,"Ystradgynlais, 34 Heol Eglwys",SA9 1NS,Ystradgynlais,51.77744173,-3.758482059,0,0,0,0,0,0,0,7.969760897268379
3515,APPLEGREEN Northern Ireland M2,BT36 4RN,Newtownabbey,54.69415698,-6.017482781,0,0,0,0,0,0,3,3.3864144538668444
3516,ASDA EXPRESS Oakhurst,CA13 0QT,Cockermouth,54.65429452,-3.3724699,0,0,1,1,1,1,1,0.6795973363178873
3520,"Chelmsley Wood SS, Chester Rd",B37 6RD,Chelmsley Wood,52.49019231,-1.738237735,0,0,0,0,2,2,6,1.5860599761922967
3521,"Bedford, U19 Harpur SC",MK40 1TQ,Bedford,52.136062170691,-0.469291391176,1,1,1,1,2,3,4,0.15993125735321273
3522,"Erdington, 96 High St",B23 6RS,Erdington,52.52476477,-1.837641424,0,1,2,2,2,3,8,0.36942670908898056
3523,"Doncaster, 19 Baxtergate",DN1 1LD,Doncaster,53.52453384,-1.134125585,0,0,1,1,2,2,2,0.9470438119466369
3524,"Castleford, Castlford Bus Stn, Alboin St",WF10 1EG,Castleford,53.7249151,-1.357408776,0,0,0,1,1,1,4,1.1562890579417235
3526,"Manchester, Concourse Ksk, Victoria Stn",M3 1WY,Manchester,53.48728505,-2.242421203,1,1,1,3,4,8,16,0.18545173665412787
3527,"Telford, UA4 Stafford Park 4",TF3 3BA,Telford,52.67634457,-2.423779697,0,0,0,1,1,3,5,1.3541378508369901
3528,"Blackpool, Oxford Sq",FY4 4DP,Blackpool,53.80380394,-3.027141148,1,1,2,2,3,4,6,0.09873509290542258
3529,"Exeter, 9 St Thomas Ctr",EX4 1DG,Exeter,50.71760493,-3.540455984,1,1,1,2,2,3,3,0.02060835661606645
3530,"Ayr, U15 Heathfield RP",KA8 9BF,Ayr,55.47901969,-4.594927653,0,0,0,1,2,2,2,1.4915873239929642
3531,"Barrhead, 186 Main Street",G78 1SL,Barrhead,55.80120496,-4.387956723,1,1,1,1,2,3,7,0.059499059984958504
3532,"Newtown, 25 High St",SY16 2NP,Newtown,52.51501536,-3.315453093,1,1,1,1,1,1,1,0.14269542461066131
3533,"Llandrindod Wells, Station Cres",LD1 5BB,Llandrindod Wells,52.24148854,-3.37895736,0,0,0,0,0,0,0,19.015379115948637
3534,"Aberystwyth, 23 Great Darkgate",SY23 1DE,Aberystwyth,52.41468967,-4.084819733,1,1,1,1,1,1,1,0.1542119389206819
3535,"Shrewsbury, 1 Harlescott Ln",SY1 3AH,Shrewsbury,52.73740305,-2.726332564,1,1,1,1,1,2,2,0.23606845265668971
3536,BLAKEMORE Newbold,S41 8QN,Littlemore,53.25587955,-1.446053558,0,0,1,1,2,2,3,0.781119741123443
3539,"Carlisle, U3 Globe Ln, The Lanes SC",CA3 8NX,Carlisle,54.895421,-2.934924,0,0,1,3,3,3,3,0.6108432157835811
3541,"Keighley, Keighley RP, Hard Ings Rd",BD21 3NJ,Keighley,53.87501148,-1.905532433,0,0,1,1,1,1,3,0.5153708662296532
3542,ASDA EXPRESS Salford Quays,M5 4QD,Salford,53.46892503,-2.282417018,1,1,1,2,5,6,16,0.03738487764619967
3544,"Drumchapel, 71 Kinfauns Dr",G15 7TG,Drumchapel,55.91073881,-4.372164163,0,0,0,1,3,6,9,1.2729829673335844
3546,MOTO Toddington North FC,LU5 6HR,Toddington,51.94694469,-0.503359379,0,0,0,0,0,2,6,2.5674105237484746
3551,"York Uni, U4 Heslington East Campus",YO10 5LA,York,53.95049939,-1.029679866,0,0,0,2,2,2,5,1.04599840421581
3552,"York, U2 Clifton Moor RP",YO30 4XZ,York,53.99254276,-1.104178108,0,0,1,1,1,3,5,0.5052160857668051
3553,"Huddersfield, U2 Halifax Rd",HD3 3QP,Huddersfield,53.66749752,-1.824135943,0,0,0,0,0,2,5,2.0156615531242528
3554,"Maidstone, 1B Longshaw Rd",ME15 9JD,Maidstone,51.23991205,0.5572623,0,0,0,0,1,2,3,1.5562991388144782
3555,"Selby, 24 Gowthorpe",YO8 4ET,Selby,53.78397401,-1.070771236,1,1,1,1,1,1,1,0.03581708636593963
3557,"Derby, U2A Ctrl Hall, East St",DE1 2AF,Derby,52.92146846,-1.474407198,0,0,0,0,2,4,6,1.518959540489746
3558,"Wednesfield, U1 Phoenix Rd IE",WV11 3PX,Wednesfield,52.59266688,-2.079686643,0,0,0,1,2,2,9,1.2340448240031698
3559,"West Bromwich, Birmingham Rd",B71 4JZ,West Bromwich,52.50972576,-1.965146167,0,0,0,0,1,3,11,1.6727956533462025
3560,"Birmingham, U54 Cuckoo TP",B7 5SY,Aston,52.50581224,-1.863485419,0,0,0,1,1,3,10,1.3411201046704646
3561,"Coventry, UA2 Island Site, Vanguard Ave",CV5 6UA,Coventry,52.40357,-1.55768,1,1,1,2,2,5,9,0.08035024817888163
3562,"Newport, U4, 389 Malpas Rd",NP20 6WB,Newport,51.6097704,-3.00680401,1,1,1,1,1,3,5,0.007538586362409004
3563,"Newport, U29 Friars Walk SC",NP20 1DU,Newport,51.58703928,-2.994536628,0,0,0,2,3,3,5,1.1616648959626328
3565,"Newcastle, 39 Clayton St",NE1 5PN,Newcastle Upon Tyne,54.97267605,-1.615851897,0,1,1,1,4,5,10,0.43091204313174747
3568,"Bootle, 156 Parkway, The Strand SC",L20 4XX,Bootle,53.452166358738,-2.99223399776,0,0,0,1,2,3,10,1.2491102019886902
3569,"Heaton, 209 Chillingham Rd",NE6 5LL,Newcastle Upon Tyne,54.98697058,-1.577290608,1,1,1,1,3,5,10,0.06369383622560891
3571,"Newcastle, 73 Grainger St",NE1 5JE,Newcastle Upon Tyne,54.97141741,-1.615367713,0,0,1,1,4,5,10,0.5168257468513108
3572,"Yateley, 117 Reading Rd",GU46 7LR,Yateley,51.34195043,-0.82954615,0,0,0,1,1,1,7,1.2511587842264955
3574,"Dudley, 11 Castle St",DY1 1LF,Dudley,52.51101948,-2.081221355,1,1,1,1,1,4,10,0.15165212051439833
3575,"Pontypridd, U1 Taffs Fall Rd, Treforest",CF37 5YG,Pontypridd,51.57281196,-3.291216214,0,0,1,1,1,3,4,0.6096615201434592
3577,EG On The Move Westholme Kirkham,PR4 3HE,Greenhalgh,53.79596562,-2.890539793,0,0,0,0,0,0,0,5.5126647884480136
3579,"Durham, 1B Dryburn View",DH1 5AP,Durham,54.79289427,-1.590779468,0,0,0,1,1,2,3,1.0416216117630728
3580,"Llanharan, U3 Bridgend Rd",CF72 9RP,Llanharan,51.53323664,-3.451712793,0,0,0,0,0,1,2,2.6455200086573223
3581,"South Shields, 15 King St",NE33 1DA,South Shields,54.99846056,-1.433013837,0,0,0,0,1,3,3,1.938799151378675
3582,"Motherwell, Windmillhill St",ML1 2UA,Motherwell,55.7826718,-3.9795302,1,1,1,1,1,3,5,0.00974401704691611
3583,EG On The Move Sugarbrook,L11 2ST,Fazakerley,53.4570104,-2.916693142,1,1,1,1,2,4,11,0.04759214029589747
3585,"Norwich, U2 Harford Place, Hall Rd",NR4 6NF,Norwich,52.6070515,1.288254413,0,0,0,1,1,3,4,1.496790383334846
3587,ASDA EXPRESS Greatbridge,SO51 0HB,Romsey,50.99810939,-1.498786572,0,0,1,1,1,1,1,0.7367868629753176
3588,ASDA EXPRESS Micheldever,SO21 3BE,Micheldever,51.19468191,-1.228329717,0,0,0,0,0,0,1,3.7250349457609597
3589,ASDA EXPRESS Calcutt,SN6 6JR,Swindon,51.63530543,-1.834376942,0,0,0,0,0,1,2,2.8596524594097357
3592,ASDA EXPRESS Heathrow S,TW6 3PF,Stanwell,51.46121914,-0.481760055,0,0,0,0,0,1,8,2.329300120924124
3593,ASDA EXPRESS Clockhouse,TW14 8RX,Feltham,51.44834323,-0.447381579,0,0,0,0,2,4,11,1.5587833753628986
3594,ASDA EXPRESS Heathrow North,UB3 1LL,Hayes,51.49604224,-0.446533482,0,0,0,1,2,3,8,1.3013901108778991
3595,ASDA EXPRESS Aldersbrook,E12 5HH,Aldersbrook,51.56234983,0.033399011,0,0,1,1,4,7,21,0.9513993518624841
3597,ASDA EXPRESS Bicester,OX26 1BT,Bicester,51.89362585,-1.162766048,0,1,1,2,2,2,2,0.2801758538426197
3598,ASDA EXPRESS Braywick,SL6 1UZ,Maidenhead,51.5055203,-0.711928596,0,0,0,1,1,2,4,1.2851800992276792
3599,ASDA EXPRESS Chiseldon Camp,SN4 0NR,Chiseldon,51.51473064,-1.723503477,0,0,0,0,0,0,1,3.34879747088612
3600,ASDA EXPRESS Copthrone,RH10 3LF,Crawley,51.1364159,-0.097624852,0,0,0,0,0,1,4,2.754650736098734
3601,ASDA EXPRESS Dorcan Way,SN3 3RA,Swindon,51.56855534,-1.744082009,0,0,0,1,2,2,4,1.474432691186114
3602,ASDA EXPRESS Ermont Way,OX16 8SZ,Banbury,52.06899897,-1.316337017,0,0,0,1,1,1,1,1.2166002169280503
3603,ASDA EXPRESS Hartlebury,DY11 7XP,Kidderminster,52.32346303,-2.233000668,0,0,0,0,0,1,2,2.25910199649077
3604,ASDA EXPRESS Hogs Back,GU10 1EU,Tongham,51.22591591,-0.725865609,0,0,0,0,0,2,4,2.1953239400937794
3605,ASDA EXPRESS Holtspur,HP9 1UB,Beaconsfield,51.59983448,-0.668379854,0,0,0,0,1,1,5,1.5245414427060258
3607,ASDA EXPRESS Marcham Rd,OX14 1TZ,Abingdon,51.66875208,-1.30302477,0,1,1,1,1,1,2,0.4891068024203846
3608,ASDA EXPRESS Ramshill,GU31 4AT,Ramshill,51.00991971,-0.928223079,0,0,1,1,1,1,1,0.5571859603837992
3609,ASDA EXPRESS Rossmore,BH12 3JN,Poole,50.74323225,-1.946169293,0,0,1,1,2,4,7,0.9958512130598606
3610,ASDA EXPRESS Shinfield,RG2 9DY,Shinfield,51.40565466,-0.944439661,0,0,0,1,1,3,6,1.3167773331335306
3611,ASDA EXPRESS Tadley,RG26 3LG,Tadley,51.3515614,-1.139007277,0,1,1,1,1,1,1,0.25853074930954417
3612,ASDA EXPRESS Thame,OX9 3SB,Thame,51.75677918,-0.979130846,0,0,1,1,1,1,1,0.5796574909463659
3613,ASDA EXPRESS Rothwell,NN14 1SS,Rothwell,52.41449221,-0.790175923,0,0,0,0,0,2,3,2.31566016141973
3614,"Croydon, 51 North End Rd",CR0 1TG,Croydon,51.37518593,-0.101185595,0,1,2,3,3,6,12,0.2984988790084935
3615,"Kettering, U14 The Mall, Newlands SC",NN16 8JL,Kettering,52.401455133887,-0.727396348494,1,1,1,1,1,1,4,0.20154004313426988
3616,"Basingstoke, U7 Houndmills TP",RG21 6AH,Basingstoke,51.27345835,-1.105568826,0,0,0,1,1,3,3,1.020453963946532
3618,"Beverley, Unit 9A Flemingate SC",HU17 0PW,Beverley,53.8400084,-0.4206332,0,0,1,1,1,1,2,0.559438815142279
3619,"Sheffield, Drake House Cre",S20 7JJ,Sheffield,53.34580175,-1.355266755,0,0,0,0,0,2,3,2.1602720180048
3620,ASDA EXPRESS Shoppen,SL6 2QJ,Maidenhead,51.50927498,-0.732583849,0,0,0,1,1,1,4,1.4371780499631126
3621,ASDA EXPRESS Bellfields,GU1 1NH,Guildford,51.26093656,-0.573788364,0,0,0,2,2,3,5,1.0030122604768388
3622,ASDA EXPRESS Langley Mill,NG16 4AA,Langley Mill,53.01997165,-1.325212208,0,0,0,1,1,2,3,1.2356024815799296
3623,ASDA EXPRESS Monmouth North,NP25 4BG,Monmouth Service Area,51.77344892,-2.813522358,0,0,0,0,0,0,1,4.676072579599876
3624,ASDA EXPRESS Sheepcot,WD25 7LW,Watford,51.69191269,-0.39805188,0,0,0,1,2,2,7,1.260680947740973
3625,"Rochdale, U2 Kingsway RP",OL16 5AF,Rochdale,53.61528437,-2.129823044,0,1,1,1,1,1,2,0.4643336740925621
3626,"Bellshill, 13A Hamilton Rd",ML4 1AF,Bellshill,55.81816199,-4.025610814,0,0,0,0,1,2,6,1.9182837878942134
3627,"Gateshead, Metrocentre, Yellow Mall",NE11 9XY,Gateshead,54.958334219691,-1.670308052133,0,0,1,1,2,5,9,0.9557563477655971
3628,"London, Park Royal, U1 Acton Lane",NW10 7GF,London,51.530054,-0.26853,0,0,1,1,3,8,19,0.5985682131131324
3631,"Sheffield, U3 Parkway Central RP",S2 5AU,Sheffield,53.38446624,-1.442395181,0,0,0,0,2,5,8,1.5536002426795186
3632,"Edinburgh, U5 Newkirkgate SC",EH6 6AD,Edinburgh,55.971566339342,-3.171302424137,1,1,1,1,4,6,11,0.22691491013915857
3633,"Bristol, 30 St Augustines Pde",BS1 4UL,Bristol,51.45396585,-2.598041035,1,1,3,3,3,9,12,0.09652234479416757
3635,EG On The Move Heap Bridge,BL9 7HY,Heap Bridge,53.59108711,-2.265923251,0,0,0,0,2,3,4,1.7127127250265022
3636,APPLEGREEN Crankhill Belfast,BT43 5NW,Belfast,54.93755676,-6.32817692,0,0,0,0,0,0,1,4.769241877220016
3640,ASDA EXPRESS Lawnswood,LS16 8AA,Lawnswood,53.8489061,-1.59254415,0,0,0,0,1,2,7,1.8236049026083254
3641,"Belfast, U9B Boucher SP, Boucher Cres",BT12 6HU,Belfast,54.58119302,-5.966089325,0,0,1,2,2,5,7,0.573295516121176
3642,"Greenock, 44 Hamilton Way",PA15 1JJ,Greenock,55.947814032622,-4.758480336289,1,1,1,1,1,2,3,0.24477806196087734
3645,MOTO Heston West FC,TW5 9NB,Heston,51.48861641,-0.396115959,0,0,1,1,1,3,12,0.9195677619404372
3646,MOTO Hilton Park North FC,WV11 2AT,Essington,52.64447697,-2.058830498,0,0,0,0,1,2,5,1.9971423970698734
3647,MOTO Lancaster North FC,LA2 9DU,Lancaster,53.961627130009,-2.761355062468,0,0,0,0,0,0,0,6.268912672479153
3648,MOTO Southwaite North FC,CA4 0NT,Carlisle,54.79816395,-2.871535583,0,0,0,0,0,0,0,6.5986958865772305
3649,MOTO Trowell North FC,NG9 3PL,Trowell,52.96262204,-1.267572594,0,0,0,0,0,3,8,2.052130434998369
3650,"Cardiff, U21 Mermaid Quay",CF10 5BZ,Cardiff,51.463474222378,-3.165360155803,1,1,1,2,3,5,11,0.04699572199471586
3651,"Chester, Greyhound RP",CH1 4QG,Chester,53.19616134,-2.91474411,0,0,0,2,3,3,4,1.1551824437452316
3653,"Longbenton, Quorum Retail Pde",NE12 8BS,Longbenton,55.02036422,-1.582240873,0,0,1,2,2,3,11,0.6624354930989358
3654,"Cumnock, U7 Townhead St",KA18 1LD,Cumnock,55.45425,-4.262144651,1,1,1,1,1,1,1,0.07851616887849108
3656,"Mablethorpe, 37 High St",LN12 1AX,Mablethorpe,53.34141774,0.260590076,0,0,0,0,0,0,0,14.035258132670142
3657,"Outlet: Bradford, 45 Great Hor",BD7 1AZ,Bradford,53.79092963,-1.762405357,0,0,1,1,2,3,4,0.9861194569807167
3658,APPLEGREEN M1 Belfast,BT27 5TL,Tullynacross,54.52607146,-6.002498814,0,0,0,0,1,2,4,1.6758937635766
3660,"Peacehaven, 165 South Coast Rd",BN10 8NP,Peacehaven,50.79047096,0.00471284,0,1,1,1,1,2,3,0.316822719047462
3661,"Birmingham, 41 High St",B4 7SL,Birmingham,52.47929612,-1.894432995,0,0,1,2,2,4,12,0.7554147115574733
3662,"Stocksbridge, UA4 Fox Valley R",S36 2AA,Stocksbridge,53.48326418,-1.589355357,1,1,1,1,1,1,1,0.0423622214222135
3663,"Pudsey, 14 Church Ln",LS28 7TY,Pudsey,53.79590903,-1.663932872,0,1,1,1,2,3,10,0.30424039891664384
3664,ASDA EXPRESS Locksheath,SO31 7ZE,Southampton,50.87229714,-1.27125174,1,1,1,2,2,2,7,0.14205051806682817
3665,ASDA EXPRESS Ivy Cross,SP7 8DS,Shaftesbury,51.010620762976,-2.1927741377,1,1,1,1,1,1,2,0.03226376677911386
3666,ASDA EXPRESS Browns Blue,LE67 9PU,Markfield,52.70086265,-1.305425858,0,0,0,0,0,0,1,3.2794353586987697
3667,"Chippenham, 23 High St",SN15 3EU,Chippenham,51.45856812,-2.11529799,0,1,1,1,1,1,3,0.28507523646540994
3668,"Reading, 38 Market Place",RG1 2DE,Reading,51.45554874,-0.969826531,0,0,0,2,4,6,7,1.068901145208607
3669,ASDA EXPRESS Acorn,SN7 7BU,Faringdon,51.65076744,-1.5773562,0,0,1,1,1,1,1,0.6058723299206803
3670,ASDA EXPRESS Elstree Hill,WD6 3BL,Watford,51.6376959,-0.3040372,0,0,0,0,3,5,11,1.511266699789792
3671,ASDA EXPRESS Coronation,LS17 8ND,Leeds,53.84031413,-1.470353164,0,0,0,0,1,2,6,1.6837626237190821
3672,ASDA EXPRESS St Matthews,NE32 5JX,Jarrow,54.95973873,-1.491026319,0,0,0,1,1,1,8,1.4633431419420175
3673,ASDA EXPRESS Billinge,WN5 7DN,Billinge Wigan,53.52395656,-2.716417156,0,0,0,0,0,1,6,2.9361308529561283
3674,ASDA EXPRESS Denham,UB9 4DF,Uxbridge,51.56888654,-0.504426161,0,0,0,0,0,1,8,2.7725389392107176
3675,ASDA EXPRESS Wiloughby Hedge,BA12 6AQ,Warminster,51.10147173,-2.185581397,0,0,0,0,0,0,0,5.845420932614279
3676,"Dundee, 80 High St",DD1 1SD,Dundee,56.46141627,-2.969202098,1,1,1,1,1,3,4,0.24657205693531906
3677,"Mexborough, 26 High St",S64 9AS,Mexborough,53.49351873,-1.289054144,1,1,1,1,1,1,3,0.07229873123176803
3678,ASDA EXPRESS Greencroft,M26 1LS,Radcliffe,53.55665924,-2.316776889,0,0,1,1,1,2,9,0.8615021692144799
3682,"Edinburgh, 2 Shandwick Pl",EH2 4RN,Edinburgh,55.95015313,-3.208560727,0,0,2,4,6,8,11,0.6083664197853184
3683,"Kirkcaldy, U5 The Mercat CTR",KY1 1NX,Kirkcaldy,56.10940417,-3.15902788,0,1,1,1,1,1,1,0.3133642550991845
3685,"Aylesbury, U12b Aylsbry RP, Cambridge Cl",HP20 1DG,Aylesbury,51.81969465,-0.809000348,1,1,1,2,2,3,3,0.10788877120957405
3688,"Dalgety Bay, U1 Hillend IP",KY11 9AB,Dalgety Bay,56.04198119,-3.359638471,1,1,1,1,1,1,4,0.012161589143955855
3690,"Belfast, 8 Donegall Square West",BT1 6JH,Belfast,54.59671957,-5.93177333,0,0,1,2,2,6,10,0.6380232784660538
3692,"Darlington, 7 North Rd RP",DL1 2EE,Darlington,54.53568629,-1.552335019,0,1,1,1,1,1,1,0.47813985211238724
3694,"Welshpool, 9 Broad St",SY21 7RZ,Welshpool,52.66026383,-3.148009761,0,0,0,0,0,0,0,12.263015003236777
3695,"Belfast, U48 Kennedy Centre, Falls Rd",BT11 9AE,Belfast,54.5804183,-5.9774359,0,1,1,1,2,4,7,0.33263495942470267
3697,"Belfast, U3 Dargan Rd, Duncrue Serv Ctr",BT3 9JZ,Belfast,54.62929658,-5.913718857,0,0,0,1,1,3,10,1.3183929047542622
3700,"Taunton, U26 Orchard SC",TA1 3TP,Taunton,51.01399056941,-3.10195043391,0,2,2,2,2,2,2,0.27888891588305614
3701,"Carmarthen, 11 Red St",SA31 1QL,Carmarthen,51.857118850794,-4.308186788812,0,0,1,1,1,1,1,0.6195824939319954
3702,"Merthyr Tydfil, U6 Beacons Place SC",CF47 8DF,Merthyr Tydfil,51.7455039,-3.3779801,1,1,1,1,1,1,2,0.15504461746346976
3703,"Newbridge, 16 High St",NP11 4EZ,Newbridge,51.66480748,-3.144956105,0,0,0,0,0,1,2,2.1861395258971785
3704,"Exeter, Marsh Barton TE, U12 T",EX2 8QH,Exeter,50.70694747,-3.529586415,0,0,1,2,2,3,3,0.8801672562936655
3705,"Newbury, U2, 125 London Rd",RG14 2BX,Newbury,51.40553014,-1.314470867,0,1,1,1,1,2,2,0.45511066124733623
3706,"Bridgend, U7 Bridgend SC, Brackla St",CF31 1DD,Bridgend,51.50434406,-3.576312017,0,1,1,2,2,3,3,0.25223008849376083
3708,"Accrington, 2 Broadway",BB5 1ET,Accrington,53.75384696,-2.36479334,1,1,1,1,1,2,3,0.16188265277841213
3711,ASDA EXPRESS Wimborne,BH21 3HA,Wimborne,50.78943426,-2.013669621,0,0,0,0,0,0,2,3.381166783698801
3712,ASDA EXPRESS Heston,TW5 0RG,Hounslow,51.48837972,-0.371528657,0,0,0,0,2,5,13,1.520480046353015
3716,"Ayr, 85 High St",KA7 1QL,Ayr,55.46298221,-4.630574523,0,1,1,1,1,2,2,0.3946335854368879
3717,"Portsmouth, U6 Portsmouth RP",PO6 4FG,Portsmouth,50.84660039,-1.095763196,0,0,0,2,2,3,11,1.2426656778814487
3719,"Bridgeton, 613 London Rd",G40 1NE,Bridgeton,55.84947475,-4.227007015,0,0,1,2,3,8,14,0.8312746036892358
3720,"Glasgow, 172 Argyle St",G2 8BT,Glasgow,55.85843054,-4.256359424,0,0,1,2,3,7,15,0.5097397179004649
3722,"Portsmouth, 240 Commercial Rd",PO1 1HG,Portsmouth,50.80208948,-1.087955511,0,1,3,4,4,5,8,0.4865820043157618
3723,"Melksham, 29 High St",SN12 6JY,Melksham,51.37327474,-2.138217335,1,1,1,1,1,1,3,0.1781248145510438
3724,"Redditch, 8 Kingfisher Wlk",B97 4EY,Redditch,52.30606142,-1.943651305,1,1,1,1,1,1,2,0.22295664859347195
3729,"Swindon, 13 Canal Walk",SN1 1LD,Swindon,51.56099537,-1.786002082,0,0,1,1,2,4,4,0.8264796531338289
3730,"Cardiff, 34 Queen St",CF10 2BY,Cardiff,51.48103503,-3.176370233,0,0,2,4,4,9,11,0.5361530671873223
3733,"Ipswich, U3 Ipswich Station, Burrwell Rd",IP2 8AL,Ipswich,52.05061112,1.144260571,0,0,1,2,2,2,2,0.8789828778796434
3734,"Dover, U23 St James St",CT16 1QD,Dover,51.1253546,1.315394667,1,1,1,1,1,1,1,0.20036424638243722
3735,"Eastbourne, U17 Arndale Ctr",BN21 3NW,Eastbourne,50.76920087,0.285082,1,1,1,1,1,3,3,0.10171439102544895
3736,"Preston, 91 Fishergate",PR1 2NJ,Preston,53.75783855,-2.704058154,0,0,1,2,2,3,4,0.9838870518080135
3737,"Bournemouth, 35 Commercial Rd",BH2 5RH,Bournemouth,50.72044682,-1.883024408,0,0,1,1,2,3,6,0.7784707445837536
3738,"Dagenham, 214 Heathway",RM10 8QS,Dagenham,51.54072442,0.148328579,1,1,1,1,1,4,12,0.15786188064758963
3740,ASDA EXPRESS Fareham,PO16 0QW,Fareham,50.84480048,-1.182912142,0,0,1,1,2,3,7,0.5560622347860071
3743,BLAKEMORE Laceby,DN37 7LG,Laceby,53.53589,-0.181431021,0,0,0,0,0,1,2,2.525934363158856
3744,ASDA EXPRESS Rawmarsh,S62 7BY,Sheffield,53.46675677,-1.339519386,0,0,0,0,0,2,5,2.488413529847842
3745,ASDA EXPRESS Mead,UB6 9RP,Greenford,51.53238232,-0.371007162,0,1,1,1,2,4,16,0.2840342324812089
3746,ASDA EXPRESS Frimley Road,GU15 2QL,Camberley,51.32527166,-0.754834927,0,0,0,2,2,5,8,1.0252619123437259
3752,ASDA EXPRESS Ashby,LE65 1JP,Leicester,52.75132621,-1.449173017,0,0,0,1,1,1,3,1.022902272074615
3755,ASDA EXPRESS Gaydon,CV35 0HA,Gaydon,52.18381999,-1.465464054,0,0,0,0,0,0,0,7.899759593357646
3757,ASDA EXPRESS Haslemere,GU27 1LE,Haselmere,51.08795093,-0.732547682,1,1,1,1,1,2,2,0.2358459749671523
3758,ASDA EXPRESS Kirkaldy,KY2 5DS,Fife,56.12747686,-3.171968511,0,0,0,1,1,1,2,1.0581443909421688
3761,ASDA EXPRESS Weymouth,DT4 7BJ,Weymouth,50.61537786,-2.455510694,1,1,1,1,2,2,2,0.09500762614430186
3762,ASDA EXPRESS South Park,KY6 1PD,Glenrothes,56.1951165,-3.19620361,1,1,1,1,1,1,1,0.11551745918101447
3766,"Bolton, 64 Deansgate",BL1 1BG,Bolton,53.57982065,-2.430080855,0,1,1,1,2,2,6,0.4780023126619728
3767,"Chesterfield, 8 Burlington St",S40 1RR,Chesterfield,53.23597143,-1.426851308,1,1,1,1,2,2,4,0.19867925638621467
3768,"Wakefield, U7 Snowhill",WF1 2UJ,Wakefield,53.69664087,-1.507255448,0,0,0,2,2,2,4,1.4185123691515968
3769,"Basingstoke, UB Chiswick Hse",RG21 7LD,Basingstoke,51.266214682373,-1.087377790535,0,1,1,1,3,3,4,0.2994532717675239
3770,"Ipswich, U6 Rosehill SC, 9 Hines Rd",IP3 9BG,Ipswich,52.04782335,1.181800637,1,1,1,1,1,2,3,0.16292368578583247
3771,"Woking, U136 Woking SC, 33 Wolsey Wlk",GU21 6XX,Woking,51.319496296218,-0.558937862181,1,1,1,1,1,3,4,0.16231431633275228
3772,"Belfast, 4 Castle Lane",BT1 5DA,Belfast,54.5985753,-5.928144933,0,0,1,2,2,6,10,0.8048062272208473
3773,"Coventry, U1d Warwickshire SP, Kynner Wy",CV3 2SB,Coventry,52.398327,-1.433600753,0,0,0,1,1,2,6,1.007880190794694
3775,"Basingstoke, UK10 Basingstoke Bus Statn",RG21 7BE,Basingstoke,51.26617718,-1.085567231,0,1,1,1,3,3,4,0.3367832518798521
3776,"Ipswich, 41 Woodbridge Rd East",IP4 5QN,Ipswich,52.06150624,1.198195116,0,0,0,1,1,3,3,1.2192387726847411
3779,"Edinburgh, 6 Lady Rd, U14 Cameron Tol SC",EH16 5PB,Edinburgh,55.92733,-3.16422,0,0,0,2,4,8,12,1.220348055688946
3780,"Redditch, Moons Moat Dr",B98 9HN,Redditch,52.31250195,-1.888375139,0,0,0,0,0,2,2,2.1633023239444324
3781,"Trowbridge, U5 Cradle Bridge, County Wy",BA14 8FS,Trowbridge,51.3174111,-2.206971948,1,1,1,1,1,2,3,0.008770856283462579
3782,EG On The Move Formby,L37 7AE,Formby,53.5687674,-3.04831963,0,0,1,1,1,1,1,0.8967286761325107
3783,ASDA EXPRESS Hexham,NE46 4DL,Hexham,54.97873067,-2.091857644,0,0,0,0,0,0,0,13.446298303279791
3784,"Leeds, Belgrave RP, Town St",LS28 6EZ,Pudsey,53.80695276,-1.662257228,0,0,0,1,3,3,8,1.0250033396589022
3785,"Huddersfield, Leeds Road RP",HD1 6PF,Huddersfield,53.65752443,-1.769194865,0,0,1,1,2,2,4,0.7659133455387778
3786,"Mansfield, U7 Old Mill Lane IE",NG19 9BG,Mansfield,53.15738927,-1.187107069,1,1,1,2,2,2,4,0.18541018873809603
3787,"Peterborough, U94 Queensgate SC",PE1 1NS,Peterborough,52.574402352516,-0.245624769904,0,1,1,2,3,3,5,0.3627424396121239
3793,"Sunderland, 18 Fawcett St",SR1 1RH,Sunderland,54.90619365,-1.38153433,1,1,1,2,3,3,4,0.16523156189166918
3794,"Durham, U3 Dragonville RP",DH1 2WP,Durham,54.77607737,-1.54090195,1,1,1,1,2,2,3,0.04247898653839009
3796,ASDA EXPRESS Circle,M32 9TR,Stretford,53.45707623,-2.336572893,0,0,0,1,2,7,14,1.007013611465651
3798,ASDA EXPRESS Broadwater,SG2 8EH,Stevenage,51.88821085,-0.186902975,0,0,0,0,2,2,2,1.708768298075263
3800,EG On The Move Millfarm,PR4 3HD,Wesham,53.81601973,-2.89519359,0,0,0,0,0,0,1,4.5593940231007455
3801,ASDA EXPRESS Shrewsbury,SY3 0DA,Bayston Hill,52.68212863,-2.760009253,0,0,0,0,1,1,2,1.7679924473039426
3805,"Leicester, 15 Gallowtree Gate",LE1 5AD,Leicester,52.63569536,-1.132870217,0,0,2,3,4,6,9,0.6569400453324065
3810,"Thornaby, U6 Fleck Wy, Teesside IE",TS17 9LN,Thornaby,54.52763043,-1.292566277,1,1,1,1,1,3,5,0.012205837111367857
3811,"Bracknell, Western TC, Western Rd",RG12 1RW,Bracknell,51.41693919,-0.769930531,0,0,1,1,2,3,3,0.9344034568713356
3812,"Shrewsbury, U1 Shrewsbury BP",SY2 6LG,Shrewsbury,52.69033197,-2.722067857,0,0,0,0,1,1,2,1.8570519126537248
3813,"Dumfries, U7 Dumfries RP",DG2 0NU,Dumfries,55.07875472,-3.62263817,0,0,1,1,1,1,1,0.9666886690233708
3814,"Milton Keynes, Westcroft District Ctr",MK4 4DD,Westcroft,52.00450328,-0.794767664,0,1,1,1,1,3,7,0.4535721472403282
3816,"Cardiff, U3 BBC Building, Central Sq",CF10 1EP,Cardiff,51.4768386,-3.179075178,0,0,1,4,4,8,11,0.8096253345037381
3817,"Glasgow, 2224 London Rd",G32 8YG,Glasgow,55.83604238,-4.159152491,0,0,0,1,3,4,11,1.20696072454668
3818,"Haddington, 29 Market St",EH41 3JE,Haddington,55.95586924,-2.777547946,0,0,0,0,0,0,0,6.906004559661978
3819,"Stevenston, U3 Ashenyards RP",KA20 3EG,Stevenston,55.64894555,-4.731632454,1,1,1,1,1,1,2,0.016839863883740102
3820,"Bangor, 70 Main St",BT20 5AE,Bangor,54.66137115,-5.668195738,0,1,1,1,2,2,3,0.36609237439336406
3821,"Colchester, 58 St Christopher Rd",CO4 0NB,Colchester,51.90297226,0.929127001,0,0,0,0,2,2,3,1.5200817407270462
3822,"Belfast, U5 Twin Spires Complex",BT13 2JF,Belfast,54.59963656,-5.947917814,0,0,1,2,2,3,9,0.9583441163317642
3823,MFG Purfleet,RM19 1TS,Purfleet,51.48602644,0.244228998,0,0,0,0,0,3,8,2.3007332327448604
3824,MFG Robin Hood,SW20 0AB,Raynes Park,51.41625985,-0.251266302,0,0,1,1,2,5,14,0.9675759019623608
3827,"Weymouth, 21 St Mary St",DT4 8PN,Weymouth,50.60972061,-2.453903092,0,1,1,2,2,2,2,0.33316647651496306
3828,"London, 243 Whitechapel Rd",E1 1DB,London,51.51915071,-0.060929509,0,0,2,5,9,17,33,0.5553415963113636
3830,"Lisburn, U10 Wallace Building, Market Pl",BT28 1AN,Lisburn,54.51120339,-6.048450907,1,1,1,1,1,1,2,0.22374824639651375
3831,"Hemel Hempstead, U7 Maylands Ave",HP2 4SE,Hemel Hempstead,51.75935735,-0.438234817,0,1,1,1,2,2,4,0.39573054697989635
3833,EG On The Move Rivington South,BL6 5UZ,Rivington,53.60043812,-2.572846705,0,0,0,1,1,1,5,1.2429709194022192
3834,EG On The Move Rivington North,BL6 5UZ,Rivington,53.5992,-2.57402,0,0,0,1,1,1,5,1.2603089645613081
3835,ASDA EXPRESS Folly Tower,NP4 0XB,Pontypool,51.69282121,-3.021125648,1,1,1,1,1,2,2,0.23105192895747048
3836,ASDA EXPRESS Banbury,OX15 4AB,Banbury,52.04279939,-1.327561977,0,0,0,1,1,1,1,1.2466725665330751
3838,"Sheffield, UJ St James RP, Bochum Parkwy",S8 8BR,Sheffield,53.32822213,-1.467160258,0,0,0,1,2,3,8,1.1556983140866268
3839,ASDA EXPRESS Fullarton,G32 8XQ,Glasgow,55.83913019,-4.176666605,0,0,0,2,3,6,13,1.1407519633271934
3840,"Swansea, 63 Alexandra Rd",SA1 5BD,Swansea,51.6248597,-3.942358102,0,0,1,1,1,3,5,0.5439317276792712
3842,"Barnstaple, 61 High St",EX31 1JB,Barnstaple,51.0819775,-4.061423,0,1,1,1,1,1,1,0.318854426128539
3843,"Torquay, U20 Union Square SC",TQ1 3UT,Torquay,50.467342038443,-3.529231427888,0,1,2,2,3,3,3,0.3846518638124953
3846,"Ipswich, Quantum BP, 38 White House Rd",IP1 5NX,Ipswich,52.08108277,1.116763283,0,0,0,0,1,1,2,1.5697203486217115
3847,"Sunderland, 31 St Lukes Tce",SR4 6NQ,Sunderland,54.90829352,-1.414204508,1,1,1,2,2,3,6,0.06349479932671002
3848,"Cumbernauld, U4B South Muirhead Crt",G67 1AW,Cumbernauld,55.94994251,-3.985931701,1,1,1,2,2,2,2,0.009658893326934679
3851,"Denny, U7 Stirling St",FK6 6DF,Denny,56.02380827,-3.908409952,0,0,0,0,1,1,3,1.6717480647360283
3852,"Melksham, U3 Ashville Ctr, Commerce Way",SN12 6AD,Melksham,51.35509171,-2.140384904,0,0,0,1,1,1,3,1.4282643157497918
3854,"Plymouth, 54 New George St",PL1 1RR,Plymouth,50.37157437,-4.143322889,0,1,2,2,2,3,4,0.42940963696528334
3856,MOTO Leigh Delamere West FC,SN14 6LB,Chippenham,51.50932721,-2.162810399,0,0,0,0,0,0,1,3.775854272831522
3857,MOTO Woolley Edge North,WF4 4LQ,West Bretton,53.62169331,-1.550142255,0,0,0,0,0,0,2,4.0504166570787055
3858,MOTO Lancaster North,LA2 9DU,Bay Horse,53.96166312,-2.76037101,0,0,0,0,0,0,0,6.276478511920953
3859,MOTO Knutsford South FC,WA16 0TL,Knutsford,53.30073286,-2.4023016,0,0,0,1,1,1,1,1.20518269438827
3860,MOTO Heston East FC,TW5 9NB,Heston,51.48850094,-0.386894251,0,0,0,1,1,5,12,1.239494130245178
3861,MOTO Hilton Park South,WV11 2AT,Essington,52.64313148,-2.057426256,0,0,0,0,1,2,5,1.9910579931596473
3862,MOTO Frankley South FC,B32 4AR,Birmingham,52.42827008,-2.016602135,0,0,0,0,0,4,9,2.1160054801555517
3865,MOTO Donington Park FC,DE74 2TN,Castle Donington,52.82316474,-1.308496798,0,0,0,0,1,1,3,1.8450374895563013
3867,"Port Glasgow, U38 Princes St",PA14 5JQ,Port Glasgow,55.93444422,-4.689931469,0,0,0,0,0,1,2,2.5761044218272833
3870,"Inverurie, 5 Market Pl",AB51 3PU,Inverurie,57.28410419,-2.375165885,1,1,1,1,1,1,1,0.1823855024783773
3873,APPLEGREEN M1 Northbound,BT27 5SE,Lisburn,54.525783689665,-6.00408781511,0,0,0,0,1,2,4,1.6899314859259165
3874,"Swansea, U4 New Cut Rd",SA1 8AP,Swansea,51.62496375,-3.938344515,0,0,1,1,1,3,5,0.6642388440295679
3876,"Staines, U1 The Causeway",TW18 3AY,Staines,51.43444159,-0.529300664,0,0,1,1,2,2,5,0.9830645708733783
3877,"Sutton in Ashfield, Castlewood BP",NG17 1BX,Sutton in Ashfield,53.11097168,-1.298355878,0,0,0,0,1,2,4,1.9309804873319962
3878,"Kidderminster, U2 Foley Dr",DY11 7PT,Kidderminster,52.36313747,-2.266259772,0,0,0,0,2,2,2,1.6645010483357283
3879,"Carmarthen, U3 Parc Pensarn",SA31 2BG,Carmarthan,51.85069102,-4.307637395,1,1,1,1,1,1,1,0.21903111974012635
3881,"Lowestoft, U5C Gateway RP",NR33 7NG,Lowestoft,52.44647889,1.724130526,0,0,0,0,0,1,1,2.7316868221437525
3882,EG On The Move 5 Barred,PR5 0UX,Samlesbury,53.76620584,-2.602693149,0,0,0,0,0,0,4,3.4635032516932
3883,EG On The Move Matrix,PR7 7NA,Lancashire,53.68688842,-2.667928542,0,0,1,2,2,3,4,0.9322484647743111
3884,ASDA EXPRESS Nunney Catch,BA11 4NZ,Frome,51.20129075,-2.376363619,0,0,0,0,0,1,1,2.9593867695453038
3885,"Canterbury, 126 Sturry Rd",CT1 1HJ,Canterbury,51.28878341,1.096872326,0,0,1,1,1,1,1,0.5787688946022906
3887,"Liverpool, U9 Great Homer, District Ctr",L5 3LQ,Liverpool,53.42460527,-2.979450156,1,1,1,2,2,4,13,0.02285275168308674
3889,"Irvine, New St",KA12 8NU,Irvine,55.61195846,-4.674503726,0,1,1,1,1,1,3,0.46931854548671903
3890,"Leigh, U3 Parsonage RP",WN7 5SJ,Leigh,53.49830514,-2.528383493,0,1,1,1,1,1,3,0.4067046060150916
3891,"Andover, UC Walworth BP, Columbus Wy",SP10 5NP,Andover,51.21232195,-1.455038199,0,0,0,1,1,1,1,1.1626272406206684
3892,"Birmingham, U2 Aston St",B4 7DA,Birmingham,52.48562733,-1.890986806,0,0,1,1,2,3,11,0.634238855650094
3893,"London, U1 London Victoria Coach Stn",SW1W 9TP,London,51.4923588,-0.148310277,0,1,1,2,5,12,29,0.3872357576310347
3894,"London, SU45 London Bridge Station",SE1 9SP,London,51.50434808,-0.084154586,0,0,3,5,9,19,31,0.6310152511143442
3899,ASDA EXPRESS Lairds,CH41 9BW,Birkenhead,53.38019718,-3.012917642,0,0,1,2,2,4,9,0.9695084483506669
3900,ASDA EXPRESS Wrexham,CH4 9DE,Chester,53.15904424,-2.909784287,0,0,0,1,1,2,3,1.4347640751578064
4895,"Livingston, U96 The Centre",EH54 6HS,Livingston,55.883348,-3.51527,0,1,1,1,1,1,1,0.28053441497123405
4897,"Wythenshawe, UA, The Hub, Ledson Rd",M23 9GB,Wythenshawe,53.39289742,-2.292148152,0,0,0,0,1,5,10,1.5707770940205845
4898,"Llanrumney, 72 Countisbury Ave",CF3 5SN,Llanrumney,51.52136817,-3.11937396,0,0,1,2,2,2,8,0.8671354244887266
4899,"Thetford, U6 Stapleford Way",IP24 3RZ,Thetford,52.40644264,0.72778861,0,0,0,1,1,1,1,1.0258441879175948
4900,"Upminster, 72 Station Rd",RM14 2TD,Upminster,51.55885702,0.250567758,0,1,1,1,1,3,9,0.3606284591221169
4902,"Glasgow, U5, Level G Buchanan Galleries",G1 2GF,Glasgow,55.86232844,-4.253157268,0,0,1,3,3,7,14,0.5171334620366167
4903,"Harrow, 51 St Anns Rd",HA1 1JU,Harrow,51.58137357,-0.337429978,1,1,1,1,4,8,16,0.21759183365522652
4904,"Liversedge, U3b Fountain Crt",WF15 7QQ,Liversedge,53.69769932,-1.698433935,0,0,0,1,2,2,5,1.1416147836565056
4906,"Grimsby, U2 Gilbey Rd",DN31 2TN,Grimsby,53.57823884,-0.107375793,0,0,0,1,1,2,3,1.1713980776865534
4907,ASDA EXPRESS Bickenhill,B92 0EH,Solihull,52.44484041,-1.721894259,0,0,0,0,0,2,7,2.031221896121481
4908,ASDA EXPRESS Buckingham,MK18 1RY,Buckingham,51.98886366,-0.987409567,0,0,1,1,1,1,1,0.7416083836946419
4910,ASDA EXPRESS Hayling Island,PO11 0LG,Hampshire,50.82233139,-0.981988694,0,0,0,0,0,2,7,2.098064411318036
4911,ASDA EXPRESS Marsh,GL56 0DS,Moreton-in-Marsh,51.98481355,-1.705097219,0,0,0,0,0,0,0,12.78203796124068
4914,ASDA EXPRESS South Petherton,TA13 5JG,Somerset,50.94117318,-2.804127191,0,0,0,0,0,0,1,4.22460271615529
4915,MFG Gate,ME13 9LN,Kent,51.28960192,0.994615148,0,0,0,0,0,0,2,4.0819888255609165
4918,"Bolton, Bolton Interchange",BL1 1NS,Bolton,53.57640818,-2.427644613,0,1,1,1,2,2,6,0.34162247252865485
4920,"Irlam Gateway SS Drive Thru, Lverpool Rd",M44 6FW,Irlam,53.45672618,-2.401233515,0,0,0,1,2,3,8,1.1049593751633733
4921,"Rhyl, U8 Marina Quay, West Pde",LL18 1LQ,Rhyl,53.31490136,-3.504336673,0,0,1,1,1,1,2,0.6766831423284517
4922,"Teignmouth, 12 Wellington St",TQ14 8HH,Teignmouth,50.54623988,-3.49557169,0,0,0,0,0,0,2,4.817183488236242
4923,"Paignton, 16 Victoria St",TQ4 5DN,Paignton,50.43565667,-3.567011769,0,0,1,1,1,2,3,0.8294111785110868
4924,"Sutton, 194 High St",SM1 1NR,Sutton,51.36579894,-0.19405744,0,1,2,3,3,5,12,0.2866350176293611
4926,"Penkridge, U11 Boscomoor SC",ST19 5NS,Penkridge,52.71686898,-2.118909475,0,0,0,0,0,0,1,4.086796899684039
4929,BLAKEMORE Upton,CH2 1JF,Chester,53.21913719,-2.878298924,0,1,1,1,2,2,4,0.3295930522484706
4930,BLAKEMORE South Woodham,CM3 5JT,South Woodham Ferrers,51.64916514,0.608955203,0,0,1,1,1,1,4,0.6025147080838887
4931,BLAKEMORE Raunds,NN9 6HS,Raunds,52.34529825,-0.535969374,0,0,0,0,0,0,2,3.5616945094714896
4932,BLAKEMORE Elton,CH2 4LU,Chester,53.2727553,-2.812597944,0,0,0,0,0,0,2,3.6713486707512035
4933,HKS Sandringham,LE4 7PB,Leicester,52.66006495,-1.114758257,0,0,0,1,2,4,8,1.052797498456689
4934,HKS Corby,NN18 8TJ,Corby,52.45881015,-0.736132038,1,1,1,1,1,1,4,0.05112786842328527
4935,"Aberdeen, 65A Wellington Rd",AB12 3DP,Aberdeen,57.12972259,-2.091979023,1,1,1,1,1,3,6,0.009182446697477089
4936,"Lanark, U2, 40 High St",ML11 7EX,Lanark,55.67339709,-3.778413799,0,0,0,0,0,0,1,4.748600724795049
4937,"Preston, U6 Sharoe Green Lane",PR2 9HD,Preston,53.79230045,-2.706560712,0,0,0,0,2,2,4,1.5867674316060192
4938,MFG Landmark,PL6 8LE,Plymouth,50.40296429,-4.101758654,0,0,0,0,0,3,5,2.0347756324062645
4941,"Corby, U34 Corporation St",NN17 1NJ,Corby,52.48789652,-0.701267596,0,0,0,1,1,2,2,1.430498923646378
4942,ASDA EXPRESS Halt,LD1 6NN,Doldowlod,52.26030633,-3.498086767,0,0,0,0,0,0,0,19.173482179683916
4943,ASDA EXPRESS Eye Green,PE6 7SZ,Peterborough,52.61232885,-0.187350247,0,0,0,0,0,0,5,3.6059375605986395
4944,"Grindon, U4 Broadway House, Sprngwll Rd",SR4 8NW,Sunderland,54.89450275,-1.429649561,0,0,0,1,2,2,5,1.0785707521983847
4945,"Coleraine, 13 Church St",BT52 1AW,Coleraine,55.1308927,-6.6681561,1,1,1,1,1,1,1,0.13224759677021908
4948,"Glasgow, Easterhouse, Shandwick Sq SC",G34 9DT,Easterhouse,55.86853984,-4.121190084,0,0,0,1,1,2,10,1.2925056954861274
4951,ASDA EXPRESS Railway Exchange,CW1 6FL,Crewe,53.0885455,-2.430505321,0,1,1,1,1,1,3,0.3132159602850298
4952,ASDA EXPRESS Kimmel Park East,LL18 5XE,Denbighshire,53.274086707457,-3.305825017537,0,0,0,0,0,0,0,5.89349506440227
4953,ASDA EXPRESS Warminster,BA12 7RU,Warminster,51.21789043,-2.19997577,0,0,0,1,1,1,1,1.1193088280171624
4954,"Manchester, 15A City Tower, Parker St",M1 4AJ,Manchester,53.48009778,-2.237778905,0,0,3,3,3,9,15,0.6535314750823813
4955,"Birmingham, U12 New Street Station",B2 4QA,Birmingham,52.478,-1.89911,0,0,1,2,2,4,11,0.7335744945540692
4956,"Woodley, 136 Crockhamwell Rd",RG5 3JH,Woodley,51.45268133,-0.905208525,1,1,1,2,2,4,7,0.06514149809582595
4957,WELCOME BREAK Spalding,PE12 6FY,Spalding,52.76090576,-0.158653956,0,0,0,0,1,1,1,1.8175491332391085
4958,WELCOME BREAK Spaldwick,PE28 0TD,Spaldwick,52.34075854,-0.337377354,0,0,0,0,0,0,0,6.511616648036678
4960,"Neath Abbey, U2 New Rd",SA10 7NG,Neath Abbey,51.66305361,-3.826972222,0,0,1,1,2,2,4,0.9095818655454111
4963,"Caerphilly, UC Castle View SC",CF83 1SN,Caerphilly,51.5708311,-3.242155963,1,1,1,2,3,3,7,0.0435711392873999
4964,"Merthyr Tydfil, Pentrebach RP",CF48 4TQ,Merthyr Tydfil,51.72726867,-3.361175554,0,0,0,1,1,1,2,1.2972619350906625
4966,"Newton Abbot, U3 Market Wlk SC",TQ12 2RX,Newton Abbot,50.530506763586,-3.611050342868,0,1,1,1,1,1,1,0.37159736378445674
4968,London Westminster Underground Stn,SW1A 2JR,London,51.501400120882,-0.125002074452,0,0,1,4,8,14,33,0.867756872672308
4969,London North Greenwich Underground Stn,SE10 0PH,London,51.5003,-0.0032,0,0,0,3,5,10,29,1.0856094050190621
4971,"Paisley, U2, 111 Ferguslie Rd",PA1 2QT,Paisley,55.8399632,-4.459455878,0,0,0,0,2,2,6,1.6936860387410215
4972,ASDA EXPRESS Wylfa,CH7 1UE,Mold,53.16579989,-3.124893197,0,0,1,1,1,1,1,0.7365926368719296
4976,"Stafford, U4A Riverside, Bridg",ST16 3AL,Stafford,52.8048103,-2.1123981,1,1,1,1,2,2,2,0.24465520790604783
4977,"Skelton, Skelton RP, Pheasant Fields Ln",TS12 2ZL,Skelton,54.56693824,-0.961666353,1,1,1,1,1,1,2,0.016717027398528903
4979,"East Midlands Airport, Arrivals",DE74 2SA,Castle Donington,52.826123676677,-1.329623046615,0,0,0,1,1,1,2,1.1636391507163855
4980,"Selly Oak, U9A Selly Oak SP",B29 6SN,Selly Oak,52.4442367,-1.938821396,0,1,1,1,2,6,10,0.2884268194338385
4981,"Oldbury, U14 Oldbury Green RP",B69 3DD,Oldbury,52.50431275,-2.021981002,0,0,0,1,1,2,11,1.1607211158233173
4982,"Kirkcaldy, U2 Fife Central RP",KY2 6QL,Kirkcaldy,56.13445546,-3.199774215,0,0,0,0,0,1,2,2.0230747299015346
4984,"Edinburgh, 2 Harewood Dr",EH16 4GP,Edinburgh,55.93310281,-3.134482856,1,1,1,1,3,7,12,0.00347145934788208
4985,"Loughton, U7 Epping Forest SP, Lngstn Rd",IG10 3FT,Loughton,51.64321588,0.086790379,0,0,0,1,2,2,8,1.3580054141662479
4987,"Peterborough, 22 Long Causeway",PE1 1YJ,Peterborough,52.57389634,-0.241909317,0,1,1,2,2,3,6,0.2985007772170153
4989,"Irvine, U23 Rivergate SC",KA12 8EH,Irvine,55.613083,-4.669803,0,1,1,1,1,1,3,0.3040888942360795
4990,"Portadown, U18 High St Mall",BT62 1HZ,Portadown,54.42357261,-6.442455294,0,0,1,1,1,1,2,0.9492531779280582
4991,"Dumfries, 71 High St",DG1 2BS,Dumfries,55.067748388403,-3.609545186737,1,1,1,1,1,1,1,0.11047833947701473
4994,"Glasgow, U1A, 311 Hallhill Rd",G33 4RJ,Glasgow,55.85778238,-4.135889477,0,0,0,2,2,3,10,1.0030984199365172
4995,"Luton, 499 Capability Green BP",LU1 3LU,Luton,51.86412193,-0.41018032,0,0,0,1,1,3,7,1.3748891824207023
4997,"Crawley, Three Bridges Railway Stn",RH10 1LY,Crawley,51.118123905369,-0.161636411224,0,1,1,2,2,2,3,0.3436635662642076
4998,"Bracknell, U34 Braccan Wlk",RG12 1BE,Bracknell,51.41608855,-0.749700482,1,1,1,1,2,2,4,0.06859233992445939
5001,ASDA EXPRESS Barrowbrook,BB7 9WF,Barrow,53.84004798,-2.396373456,0,0,0,0,0,0,1,3.7460962804214377
5002,"Omagh, U13 Showground RP",BT79 7AQ,Omagh,54.6024505,-7.3043976,1,1,1,1,1,1,1,0.1473018285972757
5003,"Wednesbury, U2A1 Gallagher SP",WS10 9QY,Wednesbury,52.566581,-2.008544,0,0,1,2,3,4,8,0.9993425559747433
5005,"Norwich, U10 Longwater RP",NR5 0JT,Norwich,52.653910939304,1.180282528867,0,0,0,0,1,2,4,1.9067685254619706
5006,"Aberdeen, U21 Westhill SC",AB32 6RL,Aberdeen,57.15387064,-2.279199817,1,1,1,1,1,1,4,0.027248758147673753
5007,"Craven Arms, U1 Craven Ctr, Sh",SY7 9PX,Craven Arms,52.44072589,-2.835855429,0,0,0,0,0,0,0,7.916905477406232
5009,MFG Thetford West,IP24 1QN,Thetford,52.42279681,0.727213958,0,0,0,1,1,1,2,1.1542462649068679
5011,"Clydebank, U13 Sylvania Way, Clyde SC",G81 1EA,Clydebank,55.90190273061,-4.404872878719,1,1,1,1,3,4,8,0.16717058458965614
5012,"Doncaster, U1 White Rose RC, Carr Hse Rd",DN4 5AJ,Doncaster,53.51515854,-1.128694874,0,0,1,1,1,2,2,0.5557670456617119
5013,"Sutton In Ashfield, U30 The Idlewells SC",NG17 1BN,Sutton in Ashfield,53.12489078,-1.262503735,1,1,1,1,2,3,4,0.2349072398569058
5015,ASDA EXPRESS Hall Lane,PR1 4TE,Preston,53.76556136,-2.656615899,0,0,0,1,1,3,4,1.4455895491443407
5017,"Birmingham, U4205A Watersde Ctr, Birm BP",B37 7YN,Birmingham,52.46753017,-1.721606245,0,0,0,1,1,1,5,1.3025117086500064
5019,"Plymouth, 30 Royal Pde",PL1 1DU,Plymouth,50.37050867,-4.140826129,0,1,2,2,2,3,4,0.33182761314440157
5023,ASDA EXPRESS Stow Hill,NP20 4GA,Newport,51.58296573,-3.002378369,0,0,1,1,3,3,4,0.8561325010536619
5024,ASDA EXPRESS Corby,NN17 3HX,Corby,52.4961775,-0.650743989,0,0,0,0,0,1,2,2.4432755637279415
5026,ASDA EXPRESS Sandy Lodge,HA6 2HU,Northwood,51.63170935,-0.415815047,0,0,0,0,0,4,12,2.141883417048878
5027,ASDA EXPRESS Ringwood,BH24 2NR,Hampshire,50.82924493,-1.837997475,0,0,0,0,0,2,2,2.389614690362544
5028,ASDA EXPRESS Duncansfield,G65 9AE,Glasgow,55.97728532,-4.067301851,0,0,0,0,0,1,3,2.3263442345127845
5029,ASDA EXPRESS Chequered Flag,CF83 8GB,Gwent,51.59152617,-3.175123598,0,0,0,0,0,1,5,2.057648081203511
5030,EG On The Move Frontier Park,BB1 3HR,Rishton,53.75367506,-2.440823422,0,0,0,0,0,3,3,2.2784593991536912
5031,ASDA EXPRESS Weyhill East,SP11 0PN,Hampshire,51.21465901,-1.535346175,0,0,0,0,0,1,1,2.4856606899898286
5032,"Birdwell, U1E Rockingham SS, K",S70 5SZ,Birdwell,53.501552,-1.473698501,0,0,0,1,1,2,6,1.4494593576785313
5034,"Norwich, U2 Lansdowne Rd",NR6 6NF,Norwich,52.66521708,1.279691795,0,0,0,0,1,3,5,1.849593717547913
5035,"Colchester, Stanway RP",CO3 0JS,Colchester,51.87808,0.84542,1,1,1,1,1,2,3,0.04817801041880302
5036,"Liverpool, U6 Liverpool SP, Edge Lane",L13 1AD,Liverpool,53.40945538,-2.923929292,0,0,0,0,3,7,12,1.6723159148024354
5037,"Cramlington, U15a Nelson Park IE",NE23 1WE,Cramlington,55.09731047,-1.609073523,0,0,0,1,1,1,2,1.2102063189772674
5039,"Shepton Mallet, U2 Townsend Rd",BA4 5SB,Shepton Mallet,51.18900757,-2.549545489,1,1,1,1,1,1,1,0.14275643914239797
5041,"Aberystwyth, U2.1 Parc Melin",SY23 3JQ,Aberystwyth,52.40085104,-4.043076009,0,0,0,0,1,1,1,1.8714606016939042
5042,"Minehead, 18 The Parade",TA24 5UG,Minehead,51.20577231,-3.477141584,0,0,0,0,0,0,0,14.011035062723279
5044,"Basildon, U8 Mayflower RP",SS14 3AP,Basildon,51.59121459,0.480914318,0,0,0,0,0,2,6,2.1123435384867375
5045,"St Leonards, Bexhill Rd",TN38 8FA,St Leonards-on-Sea,50.85028106,0.521232074,0,0,0,0,0,2,3,2.048749121176286
5046,"Newtown, Pool Rd",SY16 1DW,Newtown,52.51575469,-3.304958751,0,1,1,1,1,1,1,0.3588148107188734
5047,"Outlet: Preston, 134 London Rd",PR1 4AY,Preston,53.75746097,-2.683662491,0,0,1,1,2,3,4,0.9133615133238753
5048,"Barnstaple, U1 Pottington BP, Pilland Wy",EX31 1LT,Barnstaple,51.085600243073,-4.077028260243,0,0,1,1,1,1,1,0.7698753002985468
5049,"Rawtenstall, 48 Bank St",BB4 8DY,Rawtenstall,53.70277006,-2.28496481,0,0,1,1,1,1,2,0.5410500438287026
5051,MFG Cobham,DA12 3BH,Kent,51.40492576,0.39529932,0,0,0,0,0,1,4,2.0718467955196074
5052,"Leicester, U1, 135 Granby St",LE1 6FJ,Leicester,52.63239304,-1.127608328,0,0,2,3,4,6,9,0.5287225675852127
5053,"Builth Wells, Station Rd",LD2 3SS,Builth Wells,52.15278495,-3.401096394,0,0,0,0,0,0,0,14.358182853187056
5056,"Newport, 141 Caerleon Rd",NP19 7FW,Newport,51.59609102,-2.982722282,0,0,1,2,3,3,4,0.8633259305845175
5058,"Nailsea, 16 Colliers Wlk",BS48 1RG,Nailsea,51.43286,-2.75892,1,1,1,1,1,1,3,0.04399406753189339
5061,MOTO Burton In Kendal Kiosk,LA6 1JF,Burton-In-Kendal,54.17902763,-2.733675387,0,0,0,0,0,0,0,9.329104613707385
5062,MOTO Frankley South Kiosk,B32 4AR,Birmingham,52.4288176,-2.017197543,0,0,0,0,0,4,9,2.1562348798257776
5063,MOTO Kinross Kiosk,KY13 0NQ,Kinross,56.20976967,-3.439562805,0,0,0,0,0,0,0,7.845418311905658
5064,MOTO Bridgwater North,TA6 6TS,Bridgwater,51.10481339,-2.995955611,0,0,0,0,1,1,1,1.8037943510990573
5066,MOTO Stirling,FK7 8EU,Stirling,56.07603,-3.92202,0,0,0,1,1,2,2,1.4411827167517877
5067,MOTO Swansea,SA4 9GT,Swansea,51.67917502,-3.995131454,0,0,0,1,1,2,5,1.4880330560954176
5068,MOTO Toddington South FC,LU5 6HR,Toddington,51.94693645,-0.503372508,0,0,0,0,0,2,6,2.5672501335696296
5070,"Birmingham, 105 Bristol St",B15 2DZ,Birmingham,52.46833798,-1.901695776,0,0,1,2,2,4,12,0.9227886123523507
5071,"Huntingdon, St Peters Rd, The Bridge Ctr",PE29 7DA,Huntingdon,52.34050595,-0.186305724,0,0,1,1,1,1,1,0.6058609360430199
5073,"Altrincham, Farrow House, Atlantic St",WA14 5QQ,Altrincham,53.39648001,-2.365552526,0,0,2,2,2,3,8,0.6019170680715042
5074,"Bradford, U6 Clayton Rd",BD7 2SG,Bradford,53.78376734,-1.797342015,0,0,0,1,2,2,4,1.08729102282408
5076,"Alfreton, U1B Nottingham Rd",DE55 4LQ,Alfreton,53.08712864,-1.375568453,0,0,1,1,1,1,1,0.8516212082592296
5078,"Glasgow, U3 Bchnan Stn, Killermont St",G2 3NW,Glasgow,55.865420674501,-4.252010603375,0,0,1,3,3,6,15,0.6571148697650181
5080,"Llanelli, U2 Trostre RP, Trost",SA14 9UY,Llanelli,51.67869266,-4.133749866,0,0,0,1,1,1,2,1.1480515508988143
5081,"Warndon, U5 Berkeley Way",WR4 9FB,Warndon,52.21307377,-2.177882453,0,0,1,1,1,2,4,0.8574780756606899
5083,"High Wycombe, 186 New Rd",HP12 4RG,High Wycombe,51.62041485,-0.784544755,1,1,1,1,2,2,5,0.24507591385318847
5086,"Glasgow, 1865 Paisley Rd West",G52 3SX,Glasgow,55.84533039,-4.34484726,0,0,1,1,1,6,15,0.8413910147352536
5087,"Paignton, Yannons Rd",TQ4 7TS,Paignton,50.41968007,-3.585793031,0,0,0,0,0,1,3,2.195616020314761
5088,"Gloucester, U2 Old Log Pond, B",GL2 5GR,Gloucester,51.8382666,-2.2709778,0,0,1,1,1,3,4,0.8645352421405255
5092,"Whitley Bay, 248 Whitley Rd",NE26 2TE,Whitley Bay,55.04228802,-1.445693881,0,0,0,1,1,1,3,1.3888134207460279
5093,"Sheffield, 95 Pinstone St",S1 2HJ,Sheffield,53.3791452,-1.470516823,0,1,1,2,3,5,7,0.36986774869141065
5095,"Derby, U13 Eagle Park, Alfreton Rd",DE21 4AE,Derby,52.93844778,-1.469440863,0,0,0,1,2,2,5,1.2089926497095445
5097,"Sunderland, U7 The Green",SR5 2JE,Sunderland,54.91999922,-1.401941171,0,0,0,3,3,3,5,1.0007037857245882
5098,"Liverpool, U14 Aintree SP",L9 5AN,Liverpool,53.48171105,-2.952064462,0,1,1,1,2,4,8,0.31186371243179206
5099,"Bearsden, 124 Drymen Rd",G61 3RB,Bearsden,55.92019545,-4.334105911,1,1,1,1,1,4,9,0.042381066447227195
5100,"Paisley, 34 Paisley SC, Causeyside Rd",PA1 1UN,Paisley,55.84431398,-4.423510478,0,1,1,1,1,2,10,0.28752371412467403
5101,"Hawick, 52 High St",TD9 9EE,Hawick,55.42315475,-2.786090547,1,1,1,1,1,1,1,0.04835275733044347
5102,ASDA EXPRESS Cirencester,GL7 5HB,Cirencester,51.72521808,-1.947993699,0,0,0,1,1,1,1,1.37894177814709
5103,ASDA EXPRESS Barton Mills,IP28 6AE,Bury St Edmunds,52.33790352,0.535721467,0,0,0,1,1,1,1,1.0953311817931395
5105,ASDA EXPRESS Redpost,DT11 9EX,Blandford Forum,50.7801433,-2.173511614,0,0,0,0,0,0,0,5.276504491745239
5106,ASDA EXPRESS Bangor,LL57 4BG,Bangor,53.20333495,-4.10545665,0,0,0,0,2,2,2,1.7386565451709324
5107,ASDA EXPRESS Feering,CO5 9EL,Colchester,51.85302957,0.731904991,0,0,0,0,0,0,0,5.106011131486134
5109,ASDA EXPRESS Colsterworth,NG33 5JR,Grantham,52.80245805,-0.609580628,0,0,0,0,0,0,0,7.1171443532378795
5110,ASDA EXPRESS Beacon Hill,IP6 8LP,Needham Market,52.14768117848,1.081003012919,0,0,0,0,0,0,1,4.454427189625036
5111,ASDA EXPRESS Doncaster,DN6 8LR,Doncaster,53.58818,-1.214703,0,0,0,0,0,0,1,4.026085688374404
5112,ASDA EXPRESS Amesbury,SP4 7AS,Amesbury,51.17844755,-1.78059571,0,1,1,1,1,1,1,0.47120534631591454
5115,ASDA EXPRESS Chippenham,SN14 6UY,Chippenham,51.47897993,-2.129881156,0,0,0,1,1,1,2,1.2586551502512253
5117,ASDA EXPRESS North Muskham,NG23 6HT,Newark-on-Trent,53.12999848,-0.811062302,0,0,0,0,0,0,1,3.844554362764886
5118,ASDA EXPRESS Barthomley,CW2 5PT,Crewe,53.06952681,-2.336687702,0,0,0,0,0,1,2,2.345503034290918
5122,ASDA EXPRESS Penrith,CA11 0DT,Penrith,54.65042409,-2.770470708,0,0,0,1,1,1,1,1.1412885307063703
5123,ASDA EXPRESS Podimore,BA22 8JG,Yeovil,51.02255,-2.66107,0,0,0,0,0,0,0,5.71725772675713
5124,ASDA EXPRESS Lincoln,LN6 9AJ,Lincoln,53.17749405,-0.625110505,0,0,0,0,0,1,2,2.601546856365104
5126,ASDA EXPRESS Marston,MK43 0PZ,Milton Keynes,52.06520656,-0.554039858,0,0,0,0,1,1,3,1.9820381210169138
5129,ASDA EXPRESS Seaton Burn,NE13 6BP,Newcastle Upon Tyne,55.06611827,-1.633932854,0,0,0,0,0,1,4,2.2232778373701803
5131,ASDA EXPRESS Sourton Cross,EX20 4LY,Okehampton,50.70785415,-4.059004674,0,0,0,0,0,0,0,14.797839632865344
5133,ASDA EXPRESS Thrapston,NN14 4UR,Kettering,52.39194827,-0.525532928,0,0,1,1,1,1,1,0.5894412916569083
5134,ASDA EXPRESS Whitemare Pool,NE10 8YB,Gateshead,54.94701655,-1.515646477,0,0,0,0,0,2,7,2.39620383258367
5135,ASDA EXPRESS York East,LS24 8EG,York,53.90371946,-1.196063346,0,0,0,0,0,0,1,4.677935885208665
5137,"Belfast, 52 Botanic Ave",BT7 1JR,Belfast,54.587838,-5.932712375,1,1,1,1,3,6,8,0.11476457654051091
5138,"York, Monks Cross SP",YO32 9LF,York,53.98829762,-1.043941552,0,0,0,0,0,4,5,2.249883808710001
5139,"Hull, U7b St Andrews RP, Hessle Rd",HU3 4EB,Hull,53.73417962,-0.368196611,0,0,0,1,2,4,6,1.1872421991809357
5140,"Hull, U1 Clough Rd",HU6 7PY,Hull,53.76795045,-0.335254677,0,0,1,1,4,5,5,0.768919577337292
5141,"Uxbridge, 148 High St",UB8 1JY,Uxbridge,51.54681371,-0.479995747,0,0,0,0,1,3,7,1.7961432280554899
5142,"South Oxhey, 6 Station Approach",WD19 7DT,South Oxhey,51.62842933,-0.386654998,0,0,0,0,1,4,13,1.9204206336310725
5144,"Leicester, 285 Abbey Ln",LE4 5QH,Leicester,52.65829186,-1.133264086,0,0,1,1,1,6,7,0.5724318981570122
5145,"Edenbridge, U3 Fircroft Way",TN8 6EL,Edenbridge,51.20718318,0.061885024,0,0,1,1,1,1,1,0.7625877409495351
5148,"Hinckley, U2, 7 Rainbow Way",LE10 2FR,Hinckley,52.53399076,-1.374767667,0,1,1,1,1,1,5,0.3729807709518148
5149,"Stourbridge, Stourbridge TE, Mil Race Ln",DY8 1JN,Stourbridge,52.4596916,-2.146888339,1,1,1,1,1,2,5,0.028456503065694767
5150,"York, U5B Foss Islands RP",YO31 7UL,York,53.95900875,-1.070967901,0,0,1,2,2,4,5,0.6148627397118627
5151,"Sandbach, Saxon Cross SS, Congleton Rd",CW11 4SP,Sandbach,53.15181493,-2.348743295,0,0,1,1,1,1,2,0.9024112128281117
5155,"Blantyre, U8 Clydeview SC",G72 0QD,Blantyre,55.7924302,-4.088619596,0,0,0,0,1,2,9,1.5001805661948393
5158,"Glasgow, 55 St Enochs Sq",G1 4BW,Glasgow,55.85733683,-4.254704823,0,1,1,2,3,7,15,0.4388804490162993
5160,"Loughborough, Allendale Rd",LE11 2LN,Loughborough,52.75436851,-1.198282288,0,1,1,1,2,3,3,0.4915727173649272
5162,ASDA EXPRESS Oval,NN7 3NF,Northampton,52.23020444,-1.019052645,0,0,0,0,0,0,1,3.159145756621305
5163,ASDA EXPRESS Connahs Quay,CH5 4AS,Connah's Quay,53.22356915,-3.068872104,0,0,0,0,0,1,4,2.2342282178091484
5168,ASDA EXPRESS Northop,CH7 6HB,Mold,53.1979188,-3.090726887,0,0,0,0,0,1,3,2.857404261958108
5170,ASDA EXPRESS Rylands,LA1 2LL,Lancaster,54.05817123,-2.801374553,0,0,1,1,1,2,2,0.6005173082354652
5171,ASDA EXPRESS Heath,S44 5SF,Chesterfield,53.20103056,-1.340548939,0,0,0,0,0,1,3,2.816583212324729
5172,BLAKEMORE Thurcroft,S66 9LA,Rotherham,53.39365541,-1.257226162,0,0,0,0,0,2,3,2.1326588913609945
5173,ASDA EXPRESS Newmarket East,CB8 0XG,Suffolk,52.24947737,0.362335152,0,0,0,0,1,1,1,1.829115806573252
5174,ASDA EXPRESS Kimmel Park West,LL18 5XW,Bodelwyddan,53.26819872,-3.518583842,0,0,0,0,0,0,1,3.733391854361993
5176,COMPASS RAF Cosford,WV7 3EX,Wolverhampton,52.64728313,-2.304081253,0,0,0,0,0,0,0,5.406183645724583
5177,BLAKEMORE Bentley,WV13 2RN,Willenhall,52.5872466,-2.034646687,0,0,1,1,1,4,7,0.8427276062843506
5178,"Maldon, Blackwater RP",CM9 4DY,Maldon,51.736754183178,0.681231946105,1,1,1,1,1,1,2,0.06449831198413351
5179,"Kingston, 14 Castle St",KT1 1SS,Kingston,51.41140618,-0.30171985,0,0,1,2,2,7,12,0.669347922717046
5180,"Broxburn, U1 Fairfield SS",EH52 5BQ,Broxburn,55.93518964,-3.447194206,0,0,0,0,1,1,2,1.9007968738298315
5181,"Washington, U3B Peel RP",NE37 2PA,Washington,54.9071031,-1.50373378,0,0,1,1,1,1,6,0.8824872709944909
5182,"Clacton-On-Sea, U2A Clacton FO",CO15 4TL,Clacton-On-Sea,51.8184,1.16734,0,0,0,1,1,2,2,1.0283238731858348
5184,HKS Dinnington,S25 3QZ,Dinnington,53.37566921,-1.225100363,0,0,1,1,1,1,3,0.7668185027077585
5185,HKS Mill Lane,NN5 7AS,Dallington,52.252909718685,-0.919009092046,0,0,0,2,3,4,6,1.1070235677187723
5186,HKS A38 Northbound,DE65 6GY,Derby,52.8550461159,-1.583160928628,0,0,0,0,0,1,5,2.2220231489338085
5189,"Newport, U3 Langland Way",NP19 4PT,Newport,51.57478755,-2.963981523,0,0,1,1,2,2,3,0.9260741856352604
5190,ASDA EXPRESS Skipton,BD23 1UD,Skipton,53.96592311,-2.042522448,0,0,0,1,1,1,1,1.0295242667925972
5191,ASDA EXPRESS Springburn,G21 1LZ,Glasgow,55.88872287,-4.233687433,0,0,0,2,3,6,14,1.00665517152791
5192,"Edinburgh, U10 Straiton RP, The Terrace",EH20 9PW,Edinburgh,55.885037733162,-3.164765008214,0,0,0,0,1,1,9,1.89316562121133
5194,"Billingham, 83 Station Rd",TS23 1PA,Billingham,54.59938628,-1.297744191,0,0,0,0,0,2,5,2.0208619357808066
5195,"Middlesbrough, U1 Snowdon Rd, Rivrsde IE",TS2 1AG,Middlesbrough,54.58326149,-1.238055886,0,0,1,1,2,2,6,0.7723859767258009
5196,"Birmingham, U18B Fox SC, Washwood Hth Rd",B8 2EP,Birmingham,52.49416922,-1.819225665,0,0,0,0,1,4,10,1.9905636153165283
5197,"East Kilbride, Kingsgate SP",G74 4UN,East Kilbride,55.78361864,-4.166206801,0,1,1,1,1,3,6,0.30390656454272935
5198,"Ayr, Allison St RP",KA8 8HD,Ayr,55.46791318,-4.628367379,1,1,1,1,1,2,2,0.04340313995998658
5200,ASDA EXPRESS Hellingleys,BN27 4DT,Hailsham,50.87931141,0.231095853,0,0,0,0,1,1,1,1.7428777997585891
5205,"Redcar, U3 Regents Walk",TS10 3FB,Redcar,54.61804802,-1.066379531,0,0,0,1,1,1,1,1.1425366080105999
5206,"Coventry, 25 Smithford Way",CV1 1FY,Coventry,52.40901409,-1.513157412,0,0,1,4,5,7,8,0.7623433128283243
5207,"Norwich, 41 Barker St",NR2 4TN,Norwich,52.63886738,1.282169358,0,1,1,2,3,4,5,0.3664064131112991
5208,"Dorchester, 55 South St",DT1 1DQ,Dorchester,50.714675,-2.43688,0,1,1,1,1,1,1,0.35326873198020464
5210,"St Neots, U3 Quora RP, Howard Rd",PE19 8ET,St Neots,52.21109,-0.28843,0,0,0,0,1,1,1,1.5804939153907225
5211,"Newport, U4 Audley Avenue RP",TF10 7BX,Newport,52.76314553,-2.361216441,0,0,1,1,1,1,1,0.8626223901352515
5216,EG On The Move Hollinwood,OL8 4EH,Manchester,53.51882961,-2.144312558,0,0,0,1,1,4,9,1.0902370978021259
5217,ASDA EXPRESS Red Ensign,CH1 6JS,Chester,53.23929225,-2.950260878,0,0,0,0,0,0,6,3.069915477401683
5218,"Edinburgh, U2, 72 Gilmerton Dykes St",EH17 8PL,Edinburgh,55.90354541,-3.138412333,0,1,1,1,1,3,11,0.2703663010279231
5221,EG On The Move Ramsbottom,BL0 0PU,Ramsbottom,53.65175263,-2.316122681,0,0,0,0,0,0,2,3.2895603389063277
5222,ASDA EXPRESS Snetterton(Drive Thru),NR16 2JU,Snetterton Heath,52.47401362,0.953621918,0,0,0,0,0,0,1,3.9631953161728037
5224,ASDA EXPRESS Gateway,WV10 7ER,Wolverhampton,52.63655612,-2.125776011,0,0,0,0,1,2,5,1.9703635058455087
5225,"Streatham, 158 Streatham High Rd",SW16 1BJ,Streatham,51.43293235,-0.128969616,0,0,0,0,0,2,17,2.262571230797784
5227,"London, 60 Kingsway",WC2A 3JB,London,51.51652741,-0.119402993,1,1,2,5,10,15,32,0.24681925879891833
5228,"Marshalswick, 45 The Quadrant",AL4 9RB,Marshalswick,51.76379044,-0.306729251,0,0,0,0,1,3,5,1.589684461168112
5230,"Greenock, 1 Auchmead Rd",PA16 0PY,Greenock,55.93797715,-4.814299035,1,1,1,1,1,2,2,0.00690619069761319
5235,EG On The Move Sheffield,S2 1GE,Sheffield,53.36695864,-1.439439716,0,0,1,1,2,5,8,0.6240911151568329
5236,HKS Newark,NG24 4EQ,Newark,53.05969983,-0.804083964,0,0,0,1,1,1,1,1.0284148057797216
5239,"Ashbourne, U6.2 Blenheim Rd, Airfield IE",DE6 1HA,Ashbourne,53.00708015,-1.718248337,0,0,1,1,1,1,1,0.8225767933852047
5241,"Spalding, U4, 1 Hugh Close",PE11 3JZ,Spalding,52.80937985,-0.14128836,0,0,0,0,1,1,1,1.6514763811521158
5242,"Liverpool, 64 Lord St",L2 1TD,Liverpool,53.405089277081,-2.987076530683,0,0,1,2,3,5,11,0.8562314070186454
5245,"Rushden, L2B Rushden Lakes",NN10 6FT,Rushden,52.300998,-0.627033,0,0,0,0,1,2,4,1.518354946697075
5246,"Honiton, U1A Honiton RP, Reme Drive",EX14 1DP,Honiton,50.79215369,-3.208357067,0,0,1,1,1,1,1,0.9744373106228389
5247,WELCOME BREAK Fosseway,NG12 2JU,Nottingham,52.917136,-1.008806,0,0,0,0,0,0,1,3.429303430283193
5248,BLAKEMORE Greater Leys,OX4 7EX,Oxford,51.71738796,-1.197069596,0,0,0,1,1,1,3,1.3472136377762567
5249,HKS Meteor,DE55 2AS,Derbyshire,53.10071455,-1.34440577,0,0,0,0,1,1,3,1.7316758108389738
5250,WELCOME BREAK Whitley,WA4 4EZ,Warrington,53.2925034,-2.592590589,0,0,0,0,0,1,3,2.853415220426958
5251,"Burton Upon Trent, 2 Cooper Sq SC",DE14 1DF,Burton Upon Trent,52.802040751982,-1.631870502064,1,1,1,2,2,2,4,0.10872410069318804
5260,"Glasgow, 197 Sauchiehall Ctr",G2 3ER,Glasgow,55.865346187608,-4.263768335823,0,0,1,2,3,9,16,0.9688591817193418
5263,"Barry Island, 1 Paget Road",CF62 5TQ,Barry Island,51.39167304,-3.276062305,0,0,1,1,1,1,1,0.9081789076838669
5264,"Cardiff, UA Excelsior IE, Batchelor Rd",CF14 3AX,Cardiff,51.501131651197,-3.19755548752,0,0,1,4,6,10,11,0.957733562591778
5265,"Fradley, U2A Stirling Ctr, Common Ln",WS13 8NQ,Fradley,52.71210658,-1.778303841,0,0,0,0,1,2,2,1.770675568305582
5266,"Leicester, U10 Fosse Pk SC, Food Crt",LE19 1HY,Leicester,52.59728958,-1.180489515,0,0,0,0,1,3,9,1.694946133060945
5267,"Cannock, Cannock Gateway RP, Eastern Wy",WS11 8XR,Cannock,52.67344532,-2.02240026,0,0,0,2,2,2,4,1.1039413661194852
5268,"Newcastle, Sandy Lane Drive Th",NE13 6PE,North Gosforth,55.04000208,-1.595996429,0,0,0,0,1,2,8,1.7411754716715564
5271,"Dundee, U3 Dunsinane IE, Broomhill Rd",DD2 3WT,Dundee,56.481391016126,-3.015598211806,1,1,1,1,1,2,3,0.0037631307059383984
5273,"Crosshands, UC Heol Stanllyd",SA14 6RB,Cross Hands,51.79687725,-4.080462286,0,1,1,1,1,1,2,0.27430392815181964
5275,"Tredegar, U12B Gwent SC",NP22 3EJ,Tredegar,51.774938,-3.2452886,1,1,1,1,2,2,2,0.09040082167798058
5276,"Edinburgh, U1 Bankhead Medway",EH11 4BY,Edinburgh,55.92608933,-3.293437334,0,0,0,1,2,3,8,1.1082287254864214
5277,"Hull, 626 Anlaby Rd",HU3 6UU,Hull,53.74383388,-0.386190659,0,0,1,1,2,4,6,0.9379145578614507
5278,"Barnsley, U12 Laithes Lane SC",S71 3AD,Barnsley,53.57904838,-1.479289099,0,0,0,0,1,2,2,1.8557263309931928
5279,"Wombwell, 245 Barnsley Rd",S73 8DT,Wombwell,53.530377388747,-1.410869136122,0,0,0,0,1,3,4,1.5993223772679168
5280,"Boston, Pilgrim Wy",PE21 7NE,Boston,52.95511793,-0.030595274,0,0,0,1,1,2,2,1.2532270701622756
5281,"Bradford, Greengates RP, Harrogate Rd",BD10 0QS,Bradford,53.83112248,-1.711721975,0,0,0,1,1,3,7,1.3677054297919784
5282,"Islington, 31 Chapel Market",N1 9EN,Islington,51.53369175,-0.108225814,1,1,3,6,10,15,29,0.07302563208236669
5284,"Edinburgh, U7 Muirhouse SC, Pennywell Rd",EH4 4QR,Edinburgh,55.97132502,-3.25250032,0,1,1,1,2,4,9,0.3809247436244732
5286,"Southall, Ealing Hospital",UB2 4GB,Southall,51.50811015,-0.347226666,0,0,1,1,2,5,16,0.8646368944939374
5289,"Barry, U1 Briscombe RP, Cardiff Rd",CF63 2QW,Barry,51.41119008,-3.248086581,0,0,0,1,1,1,3,1.1092160503687156
5290,"Mumbles, 2 Newton Rd",SA3 4AT,Mumbles,51.57587047,-3.999258346,0,0,1,1,1,1,3,0.7515993775648646
5291,"Amesbury, U1 Solstice Park Drive Thru",SP4 7SQ,Amesbury,51.177294724332,-1.76033049485,0,0,1,1,1,1,1,0.9351990743879988
5293,"Galashiels, 25 Market St",TD1 3AF,Galashiels,55.61524555,-2.805949018,1,1,1,1,1,1,1,0.05992859671333417
5295,"Glasgow, UB1 Glasgow Fort",G34 9DY,Glasgow,55.87196636,-4.138235967,0,0,0,1,2,3,11,1.4662143589973338
5296,"Edinburgh, U7F Fort Kinnaird RP",EH15 3RD,Edinburgh,55.934337965924,-3.103363384932,0,0,0,1,2,4,10,1.2046463345936835
5301,"Chellaston, Riber Dr",DE73 6WS,Chellaston,52.86117654,-1.436204721,0,0,1,1,1,2,5,0.5079187944056865
5302,"Gloucester, Eastern Ave TE",GL4 3SJ,Gloucester,51.85787146,-2.221134791,0,1,1,1,2,3,4,0.40825967000494784
5303,"Bury, U1B Pilsworth Rd",BL9 8RZ,Bury,53.57646864,-2.275793861,0,0,0,0,2,3,5,1.7955281663996483
5306,"Gloucester, Kings Walk SC, 28",GL1 1RW,Gloucester,51.86495041,-2.243133162,0,0,1,2,2,2,4,0.5955407774662289
5309,EG On The Move Weld Blundell,L38 1QA,Formby,53.52689716,-3.030857258,0,0,0,0,0,2,4,2.4206270820241955
5310,ASDA EXPRESS Bridlington,YO16 7NS,Bridlington,54.09576888,-0.210621097,0,0,0,1,1,1,1,1.2438190282198454
5311,EG On The Move Refill,BL1 7LR,Bolton,53.60986811,-2.431725538,0,0,1,1,1,2,3,0.5476537102631635
5313,ASDA EXPRESS Ruddington,NG11 6LJ,Ruddington,52.89662549,-1.142288358,0,0,0,0,1,2,5,1.5989471777597335
5314,EG On The Move Plantation,LS27 7HH,Leeds,53.7487021,-1.633009423,0,0,0,1,1,1,7,1.3915497312898828
5315,ASDA EXPRESS Stevenage,SG1 2FS,Stevenage,51.88903425,-0.202971877,0,0,0,1,1,2,2,1.4340408852207762
5316,ASDA EXPRESS Heartlands,EH47 0HT,Bathgate,55.86925513,-3.701896879,0,1,1,1,1,1,2,0.4848671788561589
5317,ASDA EXPRESS Tongham,GU10 1FP,Tongham,51.22960019,-0.742694204,0,0,0,0,1,3,5,1.5640973731208192
5318,ASDA EXPRESS Manor Weald,GU8 5EL,Godalming,51.17339163,-0.650505531,0,0,0,0,1,1,1,1.6643884949782295
5319,"Motherwell, UC54 Brandon Pde South",ML1 1LY,Motherwell,55.788842213,-3.98972291,0,0,1,1,1,3,5,0.587468423226872
5321,"Cwmbran, Llantarnam Lakeside Crt",NP44 3GA,Cwmbran,51.632793,-3.012472,0,0,0,0,2,2,6,1.5865091791296242
5322,MOTO Trowell South FC,NG9 3PL,Trowell,52.96263174,-1.26756723,0,0,0,0,0,3,8,2.0519698945396097
5323,MOTO Wetherby FC,LS22 5GT,Wetherby,53.94484808,-1.370521615,0,0,0,1,1,1,1,1.2891303802900511
5325,MOTO Leigh Delamere East FC,SN14 6LB,Chippenham,51.51144739,-2.155856849,0,0,0,0,0,0,1,3.7639692757696803
5326,ASDA EXPRESS Barton Upon Humber,DN18 5TB,Barton Upon Humber,53.68050946,-0.454733366,0,0,0,0,0,0,1,3.1309364181958688
5327,"Edwalton, U3 Zambra Crt",NG12 4GF,Nottingham,52.90218435,-1.122549009,0,0,0,0,1,2,5,1.7184397876322417
5328,ASDA EXPRESS Tidworth,SP9 7LA,Tidworth,51.23888299,-1.664379032,0,1,1,1,1,1,1,0.3444494580499507
5329,ASDA EXPRESS Cannock,WS11 9NA,Cannock,52.65888891,-1.968349006,0,0,0,0,1,3,6,1.7884089332887185
5330,ASDA EXPRESS Talke,ST7 1UP,Stoke-on-Trent,53.06409068,-2.253069307,0,0,0,0,1,1,5,1.6218119684683547
5331,EG On The Move Nitshill,G46 8AA,Darnley,55.803491484475,-4.335041245707,1,1,1,2,3,5,8,0.24615601605294968
5332,"Sunningdale, Sunningdale Stn, London Rd",SL5 0EL,Sunningdale,51.39199,-0.63316,1,1,1,1,1,1,3,0.17971451799370258
5333,"Barnsley, U2 Old Mill Ln",S71 1LL,Barnsley,53.56160691,-1.471880056,0,0,1,1,2,2,3,0.8345219444567252
5336,"Glasgow, 1 Gorstan Path",G23 5QG,Glasgow,55.90016,-4.29022,0,0,0,0,2,5,11,1.5049168377026054
5337,"Thurrock, U58B Intu Lakeside SC",RM20 2ZT,Thurrock,51.485729699399,0.284445228246,0,0,0,0,1,2,8,1.6643314878954305
5340,"Ebbw Vale, U21 Market St",NP23 6HL,Ebbw Vale,51.77947784,-3.20738558,1,1,1,1,2,2,2,0.24074101959972233
5342,BLAKEMORE Shawbirch,TF5 0LW,Telford,52.71839271,-2.530206035,0,0,0,0,1,1,4,1.9545977229856684
5343,BLAKEMORE Broughton Astley,LE9 6NQ,Broughton Astley,52.52359263,-1.218991643,0,0,1,1,1,1,3,0.8731120972222098
5345,"Stretford, U11 Trafford Ctr, Regent Cres",M17 8AA,Stretford,53.46654,-2.35093,0,0,0,2,2,4,13,1.0524351604541318
5347,"Glasgow, U1 Crown Street RP",G5 0DP,Glasgow,55.84336921,-4.253692995,0,0,0,2,4,6,14,1.0379346871145438
5348,EG On The Move Hedon,HU12 8DJ,Hedon,53.7404034,-0.214804458,0,0,0,0,0,0,1,3.641235843307663
5349,WELCOME BREAK Howden,DN14 7TA,Howden,53.74339097,-0.860103226,0,0,0,0,0,1,1,2.753625107008618
5350,"Prestatyn, 116 Victoria Rd",LL19 7TB,Prestatyn,53.33656028,-3.416709386,0,1,1,1,1,1,2,0.49199335229397934
5351,"Wrexham, U28 The Brdgwter Ctr, Wrxham IE",LL13 9QS,Wrexham,53.03898156,-2.927806061,0,0,0,0,0,1,1,2.9813614481798636
5352,"Garforth, U2A East Side RP, Aberford Rd",LS25 2EB,Garforth,53.797481257171,-1.376785267606,0,1,1,1,1,1,3,0.493903103954169
5355,"Sheffield, U2 Beighton BP, Chstrfield Rd",S20 1DJ,Sheffield,53.35515049,-1.329183439,0,0,0,0,0,2,3,2.176664950427732
5366,"Doncaster, U114 Frenchgate SC",DN1 1TT,Doncaster,53.522435684282,-1.137516525021,0,0,1,1,2,2,2,0.9960966660537678
5367,"Brighton, 96 Queens Rd",BN1 3XJ,Brighton,50.82703491,-0.141633355,0,2,2,2,4,7,8,0.26483292548016496
5368,"Yeovil, U3 Lynx Trade Park, Garrett Rd",BA20 2TJ,Yeovil,50.93348265,-2.657804594,0,0,0,0,1,1,1,1.5581460560172922
5369,"Chelmsford, 4 Eagle Wy Drive T",CM3 3FY,Chelmsford,51.77181,0.488,0,0,1,1,1,2,3,0.963749702620738
5370,"Cirencester, U7 Cirencester TP",GL7 1PZ,Cirencester,51.70686384,-1.960101077,1,1,1,1,1,1,1,0.034759903310738104
5372,"Woodville, U1, 42 High St",DE11 7EA,Woodville,52.76768955,-1.532350915,0,0,0,1,1,2,3,1.0964589642041367
5375,"Bognor Regis, U6 Saltbox Rd Drive Thru",PO22 9FP,Bognor Regis,50.80640124,-0.669119125,0,0,0,1,1,1,1,1.4513167747118176
5376,"Aylesbury, 1 Gatehouse Way",HP19 8DB,Aylesbury,51.82031351,-0.825831083,0,0,1,1,2,3,3,0.6492064555709783
5377,"Lower Earley, Chalfont Way",RG6 5TT,Lower Earley,51.42474,-0.933,1,1,1,1,3,4,7,0.09230430866466838
5378,MFG Binley,CV3 2ZZ,Coventry,52.38883818,-1.439649952,0,0,1,1,1,3,6,0.7840939319270593
5379,MFG Rhode House,ME10 1QB,Sittingbourne,51.3435567,0.716898378,0,0,1,1,1,1,1,0.6967226210012587
5380,MFG Nunnery Park,WR4 0SX,Worcester,52.18838982,-2.171716532,0,0,0,1,2,3,3,1.2939232348700875
5383,MFG Bell,DY9 9XU,Stourbridge,52.391106125305,-2.08695312669,0,0,0,0,0,1,3,2.9811029874430104
5384,MFG Forest Hill,SE23 1HP,Forest Hill,51.44270044,-0.044639161,0,1,1,2,3,6,22,0.47178114490808565
5385,MFG Huntingdon,PE28 2DN,Hartford,52.34185697,-0.151112379,0,0,0,0,1,1,2,1.5439906457409098
5388,"Kendal, 8 Stricklandgate",LA9 4ND,Kendal,54.327957341107,-2.747502535713,1,1,1,1,1,1,1,0.19952944928350766
5389,"Levenshulme, 1083 Stockport Rd",M19 2RE,Levenshulme,53.43651062,-2.18424856,0,0,1,1,2,5,15,0.5561192075020684
5391,"Middlesbrough, U1 Park Parade",TS3 7PA,Middlesbrough,54.5625457,-1.205773454,1,1,1,2,2,3,5,0.011277050189866236
5392,"Cumbernauld, 16 St Maurices Gate",G68 9FW,Cumbernauld,55.94466195,-4.031797627,0,0,1,1,2,2,3,0.8116983161110065
5393,"Merthyr Tydfil, U7 Pant IE",CF48 2SR,Merthyr Tydfil,51.76820974,-3.363456313,0,0,0,0,1,1,1,1.7718448891861263
5395,"Coatbridge, U11 Faraday RP",ML5 3PG,Coatbridge,55.85664519,-4.020678926,0,0,1,1,2,2,4,0.7485711088904187
5396,"Liverpool, Queens Square Bus Station",L1 1RG,Liverpool,53.4075427,-2.9826939,0,0,1,2,2,5,10,0.6274366032754066
5398,"Ashton Under Lyne, U3 Arcades SC",OL6 7JD,Ashton Under Lyne,53.489344906595,-2.096568692416,1,1,1,1,1,3,6,0.17771644809807485
5399,"Tamworth, UM Ventura RP, Ventura Park Rd",B78 3JD,Tamworth,52.62693583,-1.700515282,0,0,1,1,2,2,3,0.8222307894473605
5400,"Basingstoke, U10B St Michaels RP",RG22 4AN,Basingstoke,51.25240454,-1.107985666,0,0,1,2,2,2,3,0.5763498770412662
5402,"South Shields, Interchange, Fowler St",NE33 1NE,South Shields,54.99844902,-1.432992316,0,0,0,0,1,3,3,1.939906479403925
5403,"Newton Aycliffe, U1 Ayclfe IP, Rcknl Ave",DL5 6AD,Newton Aycliffe,54.60776503,-1.563621678,0,0,1,1,1,1,1,0.9570681965189451
5404,"Great Yarmouth, UB2A Gapton Hall RP",NR31 0LZ,Great Yarmouth,52.5979136,1.711021515,0,0,1,2,2,2,2,0.8989600979285701
5405,"Nottingham, U1 Beechdale RP",NG8 3LL,Nottingham,52.96058942,-1.191649043,0,1,1,2,3,4,10,0.4779109305860623
5407,COMPASS Bovington,BH20 6LB,Bovington,50.70152276,-2.242253934,0,0,0,0,0,0,0,8.782703029302741
5408,ASDA EXPRESS Longford,SP5 3HZ,Wiltshire,50.994633,-1.758825228,0,0,0,0,0,0,0,5.475217458030045
5409,ASDA EXPRESS Wellingborough,NN8 3FQ,Wellingborough,52.29938643,-0.731762795,0,0,0,0,1,2,3,1.6970704466022903
5412,"Burton on Trent, U33 Albion Gateway",DE13 0FW,Burton on Trent,52.8231116,-1.624073321,0,0,1,2,2,2,4,0.7332751597608201
5413,MFG Bickerbar,PE20 3AN,Boston,52.93181535,-0.156642317,0,0,0,0,0,0,1,4.34271207105908
5416,MFG Winning Post,EX6 7XS,Exeter,50.64039607,-3.562848892,0,0,0,0,0,0,0,5.412545829300049
5424,"Dyce, U2 Burnside Rd",AB21 0HZ,Dyce,57.199083,-2.183118,1,1,1,1,1,2,5,0.018213455891892272
5425,"Whitehaven, U5 Bridges RP",CA28 7RQ,Whitehaven,54.54464608,-3.585029489,0,1,1,1,1,1,1,0.4310566012475176
5426,"Chorley, 18 Market Wlk",PR7 1DE,Chorley,53.65334,-2.62946,1,1,1,1,2,2,4,0.04963347767075389
5427,"Manchester, U6 Peter House, Oxford St",M1 5AN,Manchester,53.4772963,-2.243947681,0,0,3,3,5,9,15,0.5776567627361404
5428,"Fulwood, U5 Eastway RP",PR2 9BQ,Fulwood,53.79718138,-2.693709188,0,0,0,0,1,2,4,1.8878716080292939
5429,"Newcastle Under Lyme, U15 Castle Wlk",ST5 1AN,Newcastle Under Lyme,53.010862,-2.22556,1,1,1,1,2,3,6,0.09496674955699286
5433,"Pelaw, 1 Brookfield Tce",NE10 0QU,Pelaw,54.95383313,-1.544342211,0,0,0,0,0,4,8,2.2138845019843374
5434,"Sale, UB, 121 Washway Rd",M33 7TY,Sale,53.42074697,-2.330316292,1,1,1,1,2,6,13,0.23668785090460595
5435,"Porth, 18 Cymmer Rd",CF39 9BL,Porth,51.61404981,-3.413825284,0,0,0,1,2,2,3,1.0243620981353052
5437,"Dunstable, U1A, Insignia Park Drive Thru",LU5 4LW,Dunstable,51.88764122,-0.50418515,0,1,2,2,2,4,7,0.4458216706887522
5439,"Launceston, Pennygillam IE, Pennygllm Wy",PL15 7ED,Launceston,50.62761711,-4.371006211,1,1,1,1,1,1,1,0.11640079153010979
5441,"Wrexham, Ruabon Park SS, James Park Way",LL14 6EQ,Wrexham,52.9834392,-3.045323825,0,0,0,0,0,0,1,4.683092265180219
5443,"Oxford, 59 Cornmarket St",OX1 3HB,Oxford,51.75243831,-1.258056244,0,1,1,1,1,3,3,0.46038001097265996
5444,MFG Weston Supermare,BS24 8FN,Weston Super Mare,51.34409,-2.93281,0,0,0,2,2,2,2,1.0851616689109833
5446,"Dartford, Bluewater SC, Bluewater Prkway",DA9 9ST,Dartford,51.43943,0.27287,0,0,0,1,1,2,7,1.3475164081695392
5447,"Northampton, U2 The Causeway",NN3 9EX,Northampton,52.244042,-0.809489,0,0,0,1,1,1,5,1.4684938092748459
5448,"Scunthorpe, U1 Glebe Rd",DN15 6AF,Scunthorpe,53.59451627,-0.648080567,0,0,0,0,1,1,1,1.9130607382161098
5449,"Blackwood, U13 St Davids IE, Pinewd Crt",NP12 3SW,Blackwood,51.67011704,-3.219128865,0,0,0,1,1,1,2,1.0357627704540955
5450,"Cardiff, U1 Penarth Rd RP",CF11 8EF,Cardiff,51.45381538,-3.198075311,0,0,0,1,3,6,11,1.4978414051742082
5451,"Cardiff, Cardiff University, Park Pl",CF10 3AT,Cardiff,51.48829523,-3.1783434,0,1,2,3,4,9,11,0.4803349478092001
5452,"Bristol, Abbey Wood SP Drive Thru",BS34 7JL,Bristol,51.506238637625,-2.557989087707,0,0,1,1,2,5,12,0.9680621161872052
5454,"Erdington, U1 Kingsbury Rd",B24 9PZ,Erdington,52.51955,-1.80177,0,0,0,0,3,3,8,1.5777069415075853
5455,"Worcester, U1A Blackpole RP",WR3 8PQ,Worcester,52.21296114,-2.199407296,0,0,1,1,1,3,4,0.7735336987491102
5456,"Paisley, Paisley Central RP, 57 Rnfrw Rd",PA3 4DS,Paisley,55.85069,-4.419851,0,1,1,1,1,2,10,0.2868399578879298
5457,"Acocks Green, 1130 Warwick Rd",B27 6BL,Acocks Green,52.44688158,-1.820768658,0,0,0,2,3,5,11,1.2674708935975627
5458,"Evesham, U4A Four Pools RP",WR11 1DJ,Evesham,52.07707381,-1.93614266,0,0,0,1,1,1,1,1.2984234556414846
5460,MOTO Heston East,TW5 9NB,Heston,51.48850318,-0.386892673,0,0,0,1,1,5,12,1.2396290366960523
5461,MOTO Trowell South,NG9 3PL,Trowell,52.96184668,-1.268757329,0,0,0,0,0,3,8,2.0394174077583127
5462,MOTO Birch West,OL10 2QH,Heywood,53.56751481,-2.230861124,0,0,0,0,2,3,7,1.835733742883283
5463,MOTO Southwaite South,CA4 0NT,Carlisle,54.79881949,-2.869993103,0,0,0,0,0,0,0,6.576167800207908
5465,MOTO Washington North Kiosk,DH3 2SJ,Birtley,54.890203,-1.559889271,0,0,0,0,0,2,4,2.113566217672823
5466,MOTO Frankley North FC,B32 4AR,Birmingham,52.42972801,-2.01872362,0,0,0,0,0,4,9,2.2431461617796615
5467,MOTO Winchester North,SO21 1PP,Winchester,51.12063164,-1.254890626,0,0,0,0,0,0,2,4.666903131778145
5470,"Northampton, 29 Darnell Way",NN3 6RW,Northampton,52.27332227,-0.865449186,1,1,1,1,3,4,5,0.0277650966922324
5472,COMPASS Brompton Barracks,ME4 4UG,Chatham,51.392442075365,0.53337207015,0,0,0,2,3,5,6,1.0176024685060094
5477,"Brynmawr, U4 Brynmawr RP, Blaina Rd",NP23 4PW,Brynmawr,51.79662483,-3.176060161,0,0,0,0,1,1,2,1.9406136405522383
5478,"Penllergaer, UD Junction 47 RP",SA4 4DQ,Penllergaer,51.667881,-4.02515,1,1,1,1,1,2,4,0.025629342019564776
5479,"Reading, 15 Broad St Mall",RG1 7QE,Reading,51.45490367,-0.9755566,0,0,1,2,3,7,7,0.9254797605739219
5480,"Sandhurst, 39 Yorktown Rd",GU47 9DU,Sandhurst,51.34614173,-0.801761819,1,1,1,1,1,3,8,0.045517271102495656
5481,"Warrington, U1 Westbrook Ctr",WA5 8UG,Warrington,53.40793516,-2.629661613,0,0,0,0,2,2,7,1.7021521602519107
5482,MFG Gailey,ST19 5PR,Staffordshire,52.69175691,-2.120846228,0,0,0,0,0,0,2,3.688657898961359
5484,"Talke, Congleton Rd",ST7 1LP,Talke,53.08194537,-2.261243973,0,0,0,0,0,2,2,2.003816524115942
5485,"Chorley, U1 Calder House, Pres",PR7 1FH,Chorley,53.66253658,-2.6316809,0,0,1,2,2,2,4,0.6031089210191314
5486,"Blackpool, UB Squires Gate RP",FY4 2AY,Blackpool,53.78015578,-3.034254735,1,1,1,1,2,3,6,0.24252804618208082
5487,"Newcastle, U9 Central Station",NE1 5DL,Newcastle Upon Tyne,54.96868114,-1.616952207,0,0,1,1,2,6,10,0.7098011101439963
5488,"London, Shepherds Bush Tube Station",W12 8ND,London,51.50485399873,-0.21861457823,0,1,2,4,7,11,21,0.42931157509345025
5495,"Plymouth, U3A Marsh Mills RP",PL6 8LX,Plymouth,50.39372777,-4.089678926,0,0,0,0,0,4,5,2.118439449109125
5497,"Wishaw, 2A Caledonian RP",ML2 7UR,Wishaw,55.77573,-3.94876,0,0,0,2,2,2,3,1.2298329549783553
5500,EG On The Move Bedworth,CV10 7DA,Nuneaton,52.50851646,-1.475229225,0,0,0,1,4,4,5,1.0733243321530674
5501,"Coventry, U8B Alvis RP, Holyhead Rd",CV5 8BW,Coventry,52.41158,-1.52697,0,0,1,5,5,6,8,0.5234921719057911
5502,ASDA EXPRESS Chalk,DA12 4TN,Chalk,51.43203218,0.395086115,0,1,1,1,1,2,6,0.26066815887923206
5504,EG On The Move Ross-on-Wye,HR9 6DW,Ross-on-Wye,51.85062622,-2.66191227,0,0,0,0,0,0,1,3.7375698828949577
5506,ASDA EXPRESS Crewe,CW2 5UZ,Shavington,53.07210635,-2.435504904,0,0,0,1,1,1,2,1.1667056729225533
5508,"Bromsgrove, U5A Bromsgrove RP",B61 0DD,Bromsgrove,52.33817272,-2.05556969,1,1,1,1,1,1,2,0.15503928625456595
5512,"Glasgow, 4 Allerdyce Court Drive Thru",G15 6SA,Glasgow,55.9026963,-4.377140121,0,0,1,2,3,6,9,0.9967080923532752
5513,"Mansfield, U2 Southwll Rd Wst Drive Thru",NG21 0HJ,Mansfield,53.127339139399,-1.14829636457,0,0,0,0,0,2,4,2.5114495803257193
5514,"Perth, U1 Glenearn Rd",PH2 0NJ,Perth,56.3861085,-3.4372101,0,0,1,1,1,1,1,0.7096162513610776
5515,"Glasgow, U2 Rutherglen RP, Dalmarnock Rd",G73 1AE,Glasgow,55.83639338,-4.210816426,0,0,1,1,3,6,14,0.8981177404496244
5518,"Chepstow, U1 Newport Rd",NP16 5YS,Chepstow,51.63609927,-2.68359948,0,0,1,1,1,1,2,0.5347871022433364
5520,"St Austell, U5 Cornwall Services",PL26 8UF,St Austell,50.42592,-4.815299,0,0,0,0,0,0,0,5.251016371266927
5521,"Swansea, Langdon Rd",SA1 8QY,Swansea,51.62087086,-3.909226945467,0,0,0,0,1,1,5,1.7466587390996633
5523,"Dunfermline, U3 Pittsburgh RP, Main St",KY11 8EE,Dunfermline,56.081302,-3.405026913,1,1,1,1,1,2,4,0.020930761968165696
5524,BLAKEMORE Staplehurst,TN12 0LA,Staplehurst,51.1608216,0.551986962,0,0,0,0,0,0,1,4.5461936421417075
5525,"Ecclesfield, 2 The Common",S35 9WJ,Ecclesfield,53.44635,-1.46447,0,0,0,1,1,2,6,1.1629408368613885
5530,"Sheffield, Meadowhall RP Drive Thru",S9 2YZ,Sheffield,53.40644845,-1.413129338,0,0,0,0,0,2,8,2.667319634326561
5531,"Aldridge, Anchor Brook IE",WS9 8BX,Aldridge,52.60841,-1.93005,0,0,1,1,1,3,8,0.5769992169642685
5532,"Cardigan, 5 Pendre",SA43 1JL,Cardigan,52.08430067225,-4.660742100002,0,0,0,0,0,0,0,22.077686919197006
5533,"London, Marylebone Station",NW1 6JJ,London,51.522298,-0.163132,0,0,0,3,5,10,30,1.0200425790451542
5534,"Flint, UA Flintshire RP",CH6 5GB,Flint,53.25060863,-3.138117972,1,1,1,1,1,1,2,0.04539584598801235
5535,"Birmingham, Exchange Sq",B4 7LR,Birmingham,52.48207065,-1.89063973,0,0,1,2,2,3,13,0.7459094978923979
5536,"Wigan, UH Robin RP",WN5 0UH,Wigan,53.5451546,-2.6538999,0,0,1,1,1,2,4,0.6819129704322473
5537,Leeds Bradford Airport,LS19 7UA,Leeds,53.869185,-1.661617,0,0,0,0,0,2,4,2.1689070325387254
5538,"Pontyclun, UD1 Coedcae Lane IE",CF72 9HG,Pontyclun,51.53186248,-3.401630277,0,0,1,1,1,1,2,0.7780803530659872
5539,"Waterloo, U1, 93 Lower Marsh",SE1 7AB,Waterloo,51.50145,-0.11154,0,0,1,5,8,16,31,0.8050760252710459
5541,London Gatwick Airport,RH6 0NP,Horley,51.1538,-0.18206,0,0,0,0,1,3,3,1.5211348443590136
5544,"Prudhoe, U2A Prudhoe RP",NE42 6BU,Prudhoe,54.96856217,-1.837715845,0,0,0,0,0,0,1,4.923078396376245
5545,"Coleshill, U39 Coleshill IE, Station Rd",B46 1JP,Coleshill,52.51321272,-1.709382341,0,0,0,0,0,1,2,2.745486143584465
5546,"Leeds, U57B White Rose SC",LS11 8LL,Leeds,53.75733019,-1.573574107,0,0,0,2,2,2,7,1.190163838838257
5549,MFG North Bradley,BA14 0FW,Trowbridge,51.29539626,-2.197001418,0,0,0,0,1,1,2,1.5841452031192325
5550,"Govan, 378 Helen St",G51 3AD,Govan,55.85344242,-4.318740718,0,1,1,1,1,7,18,0.4976362597536271
5551,"Bridlington, U5 The Promenades SC",YO15 2DX,Bridlington,54.082875032827,-0.189849106436,1,1,1,1,1,1,1,0.025429055190692475
5552,"Pontypool, U4 Usk Vale Park",NP4 0JL,Pontypool,51.71452541,-2.997689065,0,0,0,0,1,1,2,1.8100973066011725
5553,"Swansea, U44A Cwmdu IE, Carmarthen Rd",SA5 8JF,Swansea,51.6359559,-3.970546307,0,0,1,1,2,3,5,0.8129170922324747
5554,"Eskbank, Eskbank Roundabout Drive Thru",EH22 3FU,Eskbank,55.88129427,-3.08729394,0,0,1,1,1,2,4,0.9812418253216433
5556,"Leeds, U6 St Georges RP",LS10 4TQ,Leeds,53.74945,-1.52969,0,0,1,1,1,2,6,0.7879035151905049
5560,"Chippenham, Hathaway RP",SN15 1JG,Chippenham,51.46368231,-2.11475357408,1,1,1,1,1,1,2,0.1707171557087476
5561,"Swindon, G8 West Swindon SC",SN5 7DL,Swindon,51.55925,-1.82881,1,1,1,1,1,3,5,0.06658590208561431
5562,"Bicton Heath SC, Welshpool Rd",SY3 5AD,Bicton Heath,52.71482074,-2.805612446,0,0,0,0,0,1,2,2.1337789773766143
5564,ASDA EXPRESS Ilminster,TA19 9PT,Ilminster,50.93423556,-2.937444033,0,0,0,0,0,0,1,4.31799047585595
5565,ASDA EXPRESS Holt Road,LL13 9SB,Holt,53.06018687,-2.957469039,0,0,0,0,0,1,1,2.006595920569624
5567,ASDA EXPRESS Blurton,ST3 2AQ,Stoke-on-Trent,52.98285397,-2.157183661,0,0,0,0,2,4,6,1.6054563155394386
5568,"Wigston, 29 Leicester Rd",LE18 1NR,Wigston,52.58677683,-1.105895513,1,1,1,1,2,4,7,0.10061251338716184
5570,ASDA EXPRESS Bridgnorth,WV15 6AP,Bridgnorth,52.52765402,-2.398760813,0,0,0,0,0,0,0,7.776725098294639
5571,ASDA EXPRESS Telford,TF1 6QJ,Telford,52.71745472,-2.477593813,0,0,0,1,2,4,4,1.0389064690624918
5572,EG On The Move Manchester Rd,BL3 2NZ,Bolton,53.5624981,-2.411839064,0,0,0,1,1,3,7,1.1841126836681781
5574,ASDA EXPRESS Stourport,DY13 8YJ,Stourport-on-Severn,52.34188296,-2.276906728,1,1,1,1,1,1,2,0.13639934444952356
5575,ASDA EXPRESS Lillyhall,CA14 4PJ,Workington,54.60441301,-3.533932053,0,0,0,0,0,1,2,2.7431480245837445
5577,ASDA EXPRESS Rivenhall,CM8 3HB,Witham,51.81816689,0.670500765,0,0,0,0,0,1,1,2.1002518450876515
5578,Greggs @ Asda Boldon,NE35 9AR,Boldon Colliery,54.94799255,-1.461869133,0,0,0,0,0,2,6,2.4897876641328733
5579,Greggs @ Asda Wigan,WN5 0XA,Wigan,53.54317,-2.65082,0,0,1,1,1,1,3,0.5299957869755381
5580,Greggs @ Asda Eastlands,M11 4BD,Manchester,53.48315422,-2.192938539,0,0,1,2,3,7,16,0.9196818978291544
5581,Greggs @ Asda Corby,NN17 5DT,Corby,52.49647077,-0.681143836,0,0,0,1,1,1,2,1.3082323153019082
5582,Greggs @ Asda Huyton,L36 7TX,Liverpool,53.412556277606,-2.836817182688,1,1,1,2,4,5,10,0.11381643555988931
5584,MOTO Rugby FC,CV23 0EZ,Rugby,52.41066976,-1.246010699,0,0,0,0,1,1,4,1.782343190923573
5585,"London, U60 Upper Level, St Pancras Stn",NW1 1QP,London,51.531766,-0.127276,0,0,2,6,7,12,30,0.563725162771746
5586,MOTO Rugby,CV23 0EZ,Rugby,52.41123597,-1.251056324,0,0,0,0,1,1,4,1.7697648654003124
5591,MFG Frome,BA11 2RY,Frome,51.24372563,-2.291493852,0,0,0,0,1,1,1,1.7419880624755342
5592,MFG Wembdon,TA5 2AX,Wembdon,51.13176805,-3.041237259,0,0,0,0,1,1,1,1.5116178952605368
5594,"Whitby, 16 Station Sq",YO21 1DU,Whitby,54.48521,-0.61568,1,1,1,1,1,1,1,0.08675447303133456
5595,"Stanley, U1 Agnes St",DH9 0AG,Stanley,54.87188869,-1.69546034,1,1,1,1,1,1,2,0.016859888880624094
5597,COMPASS HMS Drake,PL2 2BG,Plymouth,50.39146794,-4.182423759,0,0,1,1,1,4,5,0.7237258960511982
5598,"Penrith, 5 Devonshire St",CA11 7SR,Penrith,54.664200664365,-2.752815453364,1,1,1,1,1,1,1,0.04366025868590554
5599,"Sunderland, U4 Salterfen Park, Ryhope Rd",SR2 0GB,Sunderland,54.87714,-1.36051,0,0,0,0,0,2,5,2.3079245427674824
5601,"Eastbrne, U19B Lttbrdge Drove Drive Thru",BN23 6QD,Eastbourne,50.78592,0.30591,0,0,0,2,2,3,3,1.2065399417864249
5604,"Accrington, The Viaduct, Hyndburn Rd",BB5 1QF,Accrington,53.75437999,-2.36907898,1,1,1,1,1,2,3,0.05306280513185386
5605,"Outlet: Nitshill, 401 Nitshill",G53 7BN,Nitshill,55.8130818,-4.359334595,0,0,1,2,2,5,9,0.9141381459080927
5607,"Outlet: Parkhead, 76 Westmuir St",G31 5BJ,Parkhead,55.85140085,-4.194907685,0,0,0,2,4,6,11,1.1876899904290579
5608,MOTO Lancaster South FC,LA2 9DU,Bay Horse,53.96245339,-2.758669541,0,0,0,0,0,0,0,6.241618591017397
5609,ASDA EXPRESS Wooferton,SY8 4AL,Ludlow,52.31289058,-2.705900475,0,0,0,0,0,0,1,3.6188571375693286
5610,ASDA EXPRESS Pinvin,WR10 2DT,Pershore,52.13046298,-2.062865179,0,0,0,0,0,0,0,5.499549128167068
5612,"Glasgow, 881 Gallowgate, U15 Forge RP",G31 4BW,Glasgow,55.85398,-4.21165,0,0,1,2,5,7,13,0.792057104710861
5613,"Colchester, U14 Nrthrn Gatewy Drive Thru",CO4 5UP,Colchester,51.92405228979,0.899188688587,0,0,0,0,0,1,3,2.0500304160146383
5614,"Outlet: Deckham, 300 Old Durha",NE8 4BQ,Deckham,54.9512206,-1.595724853,1,1,1,1,1,3,9,0.2252620512043914
5615,Greggs @ Asda Worksop,S80 3NE,Worksop,53.31362592,-1.140488341,0,0,1,1,1,1,2,0.9003741797264413
5616,MFG Springs,OL14 5RS,Todmorden,53.7151278,-2.087419112,0,1,1,1,1,1,1,0.4104437023630526
5617,MFG Plympton,PL7 1AJ,Plympton,50.38290771,-4.031535619,0,1,1,1,1,1,4,0.4562615068734207
5618,"Poole, Hamworthy Trade Centre",BH16 5BL,Poole,50.72866061,-2.017794912,0,0,1,1,2,2,3,0.8959992333137697
5620,MFG Downfields,CB7 5AJ,Soham,52.31954036,0.361033252,0,0,0,1,1,1,1,1.4428576094715841
5621,ASDA EXPRESS Fenton,ST4 3ND,Stoke-on-Trent,52.99761259,-2.158100105,0,0,0,0,2,6,6,1.537637413324601
5623,"Reading, Whiteknights Retail Centre",RG2 8HA,Reading,51.428616,-0.94566,0,0,1,3,3,5,7,0.6375446398906631
5624,"Tamworth, U9 Tame TP, Ninian W",B77 5GZ,Tamworth,52.60725,-1.67454,0,0,1,1,1,3,3,0.6320399158984384
5625,ASDA EXPRESS Ormskirk,L39 3LU,Ormskirk,53.56577144,-2.89307089,0,1,1,1,1,1,2,0.2929565669483728
5626,"London, U17B St Lower Level, Pancras Stn",NW1 1QP,London,51.531766,-0.127276,0,0,2,6,7,12,30,0.563725162771746
5629,"Stafford, U14 Queens SP, Silkmore Lane",ST17 4SU,Stafford,52.79612,-2.10206,0,0,1,2,2,2,2,0.8342152242225733
5630,WELCOME BREAK Cromwell,NG23 6JG,Newark,53.12997176,-0.810984504,0,0,0,0,0,0,1,3.842608355225139
5631,WELCOME BREAK Kates Cabin,PE7 3UJ,Peterborough,52.54399999,-0.331791605,0,0,0,0,0,1,4,2.434367435548124
5632,"Berwick, U5 Loaning Meadows RP",TD15 1FG,Berwick,55.78371,-2.0193,0,0,0,0,0,0,0,32.751041699727764
5634,"Enfield, U9a Enfield RP, 5 Crown Rd",EN1 1TH,Enfield,51.65433814,-0.057848995,0,0,0,2,3,5,13,1.2462361136111269
5636,Greggs @ Tesco Extra Dudley,DY1 4RP,Dudley,52.51384,-2.06577,0,0,1,1,1,3,11,0.8170996458264916
5637,Greggs @ Tesco Thornton Heath,CR7 8RX,Thornton Heath,51.39899934,-0.09990375,0,0,0,1,3,4,15,1.0898823765352574
5641,"Swindon, UT12 Hobley Dr",SN3 4NS,Swindon,51.58197219,-1.751508299,0,1,1,1,1,2,4,0.49467836708459323
5642,"Newport, U2 Port Rd Drive Thru",NP20 2SA,Newport,51.57027002,-2.999837956,1,1,1,1,2,3,3,0.036330069168484594
5644,EG On The Move Coopers Ln,L33 7TU,Knowsley,53.46621779,-2.854839053,0,0,0,0,0,1,8,2.6178855034411224
5645,ASDA EXPRESS Forrest Park,DL1 3NL,Newton Aycliffe,54.58685205,-1.56507093,0,0,0,0,0,1,2,2.3794438693402444
5646,MFG Filton,BS34 5TN,Filton,51.52228,-2.58808,0,0,0,1,2,4,9,1.445196675276244
5647,"Worcester, 59 High St",WR1 2QA,Worcester,52.19270011,-2.22087535,0,0,1,3,3,3,3,0.7421690484479937
5648,"Milton Keynes, U12 The Mall, Kingston SC",MK10 0BA,Milton Keynes,52.0359,-0.68764,1,1,2,2,2,2,6,0.16100046792764988
5649,"Aberdeen, U4 Jesmond Dr",AB22 8UR,Aberdeen,57.191437,-2.121586443,1,1,1,1,1,4,5,0.005619894339510099
5652,Greggs @ Tesco Extra Stockport,SK1 2BT,Stockport,53.41278457,-2.157166472,0,1,1,2,3,3,13,0.41566146697129963
5653,Greggs @ Tesco Extra Oldham,OL4 2GA,Oldham,53.54532,-2.090562,1,1,1,1,1,1,4,0.07980702160558684
5654,Greggs @ Tesco Extra Altrincham,WA15 9QT,Altrincham,53.38532851,-2.347250792,1,1,1,2,2,3,8,0.16986200710697733
5655,Greggs @ Tesco Extra Streatham,SW16 6HP,Streatham,51.42494118,-0.131148615,0,0,0,0,0,2,15,2.8099826805419803
5656,"Thurmaston, U11 Thurmaston SC",LE4 8GP,Thurmaston,52.684076772279,-1.089620424657,0,0,0,0,0,2,5,2.3708886908099154
5657,"Beeston, 201 Queens Rd",NG9 2BZ,Beeston,52.92478867,-1.206413438,0,0,0,1,1,3,8,1.0951826865343408
5658,"Retford, U4 North Rd",DN22 7XQ,Retford,53.32832428,-0.958901948,0,0,1,1,1,1,1,0.8814799441499092
5659,"Chesterfield, U3, 42 Chatsworth Rd",S40 2AQ,Chesterfield,53.23513783,-1.440259198,0,0,1,1,2,2,4,0.6858059894900528
5662,"Newark, 46 Market Pl",NG24 1EG,Newark,53.07600533,-0.809792502,1,1,1,1,1,1,1,0.131530629585785
5664,MFG Gillingham,SP8 5FB,Gillingham,51.02961,-2.25662,0,0,1,1,1,1,2,0.9096453743519207
5665,ASDA EXPRESS Crofters Lodge,NE3 3ED,Newcastle upon Tyne,55.00149148,-1.666205913,0,0,2,3,3,5,10,0.7572826143141809
5666,ASDA EXPRESS Sproughton Road,IP1 5FG,Ipswich,52.06308306,1.10886265,0,0,0,1,1,1,2,1.2772396116061933
5668,"Banbury, U12 Banbury Gateway SP",OX16 3ER,Banbury,52.076629,-1.317152,0,0,0,0,1,1,1,1.5519650874343935
5671,MFG Newby Bridge,LA12 8ND,Ulverston,54.26271451,-2.961206871,0,0,0,0,0,0,0,7.165355734861817
5672,"Newport, U19A Newport RP",NP19 4QQ,Newport,51.577007,-2.944724,0,0,0,1,1,2,3,1.2345929285060027
5673,"Bristol, UA1B Gallagher RP",BS30 7DA,Bristol,51.44596,-2.49906,0,0,0,1,1,5,11,1.2739834458630592
5674,"St Clears, U2, Hl Waun Saggrd",SA33 4FD,St Clears,51.81722,-4.506013,0,0,0,0,0,0,0,8.597005443918306
5675,"Peebles, 42 High St",EH45 8SD,Peebles,55.65179324,-3.190431321,0,0,0,0,0,0,0,12.190441932763314
5676,"Caerphilly, 6 Alfrd Own Wy, Pntygwndy IE",CF83 3HU,Caerphilly,51.589251,-3.223833,0,0,1,2,2,3,6,0.7447192661634973
5677,"London, 3 Eastcheap",EC3M 1AG,London,51.51082673,-0.085271971,0,1,2,6,9,18,32,0.3360129273393906
5681,MFG Walmer,CT14 7JH,"Walmer Deal, Kent",51.20619139,1.39527239,0,0,0,1,1,1,1,1.1978774635757672
5683,"Truro, 7 St Nicholas St",TR1 2RL,Truro,50.26321,-5.05239,0,1,1,1,1,1,1,0.30318161129271387
5684,"Basildon, U3 St Hillary RP, Miles Gry Rd",SS14 3UL,Basildon,51.580741,0.445702,0,0,0,0,1,2,6,1.6905148296287038
5685,"South Bank, U2 Middlesbrough Rd Dr Thru",TS6 6LZ,South Bank,54.5792,-1.18121,0,0,0,0,1,2,4,1.5074690089812781
5686,"London, U5 Kings Cross Station",N1C 4AP,London,51.53183,-0.12464,0,0,2,6,9,13,30,0.6602538469616047
5687,"Uttoxeter, UR1 Dovefields RP",ST14 8AZ,Uttoxeter,52.90005,-1.85998,1,1,1,1,1,1,1,0.17462671142365505
5688,"Slough, Westgate RP Drive Thru",SL1 5PS,Slough,51.51776689,-0.629865886,0,0,1,1,2,3,5,0.8189968473954563
5690,ASDA EXPRESS Dumfries,DG1 3SE,Dumfries,55.068238265994,-3.553782229282,0,0,0,0,0,1,1,2.2712845549122838
5691,BLAKEMORE Beddau,CF38 2BL,Beddau,51.55432326,-3.354670556,0,0,0,0,0,1,4,2.771621033891758
5692,WELCOME BREAK Wyboston,MK44 3AA,Bedford,52.192833,-0.298179,0,0,0,0,0,1,2,2.867722778135103
5693,"Outlet: Glasgow, 1843 Maryhill Rd",G20 0DF,Glasgow,55.89518,-4.29823,0,0,0,2,2,5,13,1.0834930262761553
5695,"Ambleside, 6 Market Cross",LA22 9BT,Ambleside,54.432249220196,-2.963150082354,0,0,0,0,0,0,0,5.0308073934993365
5696,"Ulverston, U3 Beehive BP Drive Thru",LA12 7TW,Ulverston,54.192854,-3.1090707,0,0,0,0,0,0,0,6.723470171265744
5697,"Llandaf North, U1 The Tivoli, 14 Stn Rd",CF14 2FF,Llandaf North,51.50299929,-3.226107162,0,1,2,2,4,7,12,0.4739205765940767
5699,"London, 421-422 Strand",WC2R 0PS,London,51.50989262,-0.123467469,0,1,2,4,8,14,33,0.45444324575756034
5700,"Swansea, U19B Morfa SP",SA1 2FB,Swansea,51.64126773,-3.935601931,0,0,0,0,2,3,6,1.5786635042999824
5703,MFG Aldershot,GU12 4NE,Aldershot,51.24292475,-0.751076812,0,0,1,1,2,3,8,0.6390872658369087
5704,ASDA EXPRESS Shavington,CW2 5JF,Shavington,53.05709941,-2.442515084,0,0,0,0,0,1,2,2.2067698063793237
5706,ASDA EXPRESS Discovery Park,CT13 9FA,Sandwich,51.28737636,1.337292277,0,0,0,0,0,0,1,4.4056683107089745
5707,ASDA EXPRESS Dunball,TA6 4WD,Dunball,51.165471544319,-2.99045493764,0,0,0,0,0,1,1,2.5427443611651315
5709,"Newcastle, U2 Mill House, Hddr",NE3 1QL,Newcastle Upon Tyne,55.0057876,-1.602696506,1,1,1,1,4,6,9,0.1444075443269536
5710,"Merthyr Tydfil, Cyfarthfa RP",CF48 1HY,Merthyr Tydfil,51.7501362,-3.3953745,0,0,1,1,1,1,2,0.9484178344396449
5712,"Canary Wharf, U365 Cabot Square West",E14 4QS,Canary Wharf,51.50508,-0.02045,0,0,1,2,6,11,33,0.5230640497613245
5713,"London, 165 Victoria St",SW1E 5NA,London,51.49660225,-0.140931049,0,1,1,2,5,15,31,0.28856521459049156
5714,RONTEC Crossbush,BN17 7QQ,Littlehampton,50.84279742,-0.54138435,0,0,0,0,1,2,2,1.614327911729308
5715,"Saltash, U2 Moorlands TE, Channon Rd",PL12 6NZ,Saltash,50.41846554,-4.235432151,1,1,1,1,1,2,2,0.12871862973151388
5717,"Orpington, U18 Nugent SP, Cray Ave",BR5 3RP,Orpington,51.39308,0.11179,0,0,1,2,2,4,11,0.8191892805260247
5718,"Crayford, U1 Tower RP, Crayford Rd",DA1 4LD,Crayford,51.45029,0.18228,1,1,1,1,1,5,10,0.19895418551549274
5719,ASDA EXPRESS Peterhead,AB42 3GT,Peterhead,57.4859759,-1.803377503,0,0,0,1,1,1,1,1.4886156530456165
5720,"Blyth, U3 South Beach RC, Links Rd",NE24 3PL,Blyth,55.109349865955,-1.501252868329,0,0,0,1,1,1,2,1.2615452932742781
5721,"Harwich, U1A Harwich Gateway RP",CO12 4EN,Harwich,51.9412,1.25814,1,1,1,1,1,1,2,0.003702942829550498
5722,"Bicester, Skimmingdish Lane Drive Thru",OX26 5AF,Bicester,51.905952,-1.128598,0,0,1,1,2,2,2,0.9158299707883798
5723,"Washington, U4 Parsons Rd IE, Parsons Rd",NE37 1EZ,Washington,54.908894432014,-1.539695247071,0,0,1,1,1,1,4,0.6845344678277605
5725,"Southampton, 51 Above Bar St",SO14 7DZ,Southampton,50.90421913,-1.404468293,0,0,0,2,3,7,9,1.0312907795056314
5727,"Norwich, 2 Back Of The Inns",NR2 1PT,Norwich,52.627795,1.29458,0,0,1,3,3,3,5,0.8114518707139952
5728,"London, U43B Waterloo Station",SE1 7LY,London,51.50379,-0.11355,0,0,1,4,7,15,32,0.9882456824552871
5729,"London, 154 Bishopsgate",EC2M 4LN,London,51.51712001,-0.080649927,0,0,5,5,9,19,31,0.6510078477873072
5730,"London, 83 Old Broad St",EC2M 1PR,London,51.51712443,-0.083424889,0,0,4,5,9,20,32,0.5584091931837758
5732,WELCOME BREAK Biggleswade,SG18 9SN,Bedfordshire,52.068024929129,-0.240549648214,0,0,0,0,1,1,4,1.5651298560245013
5733,"Harringay, U4A Arena SP, Green",N4 1ED,Harringay,51.576251,-0.097698,0,0,0,2,3,8,26,1.1152793498848874
5734,"Stoke on Trent, U2 Baths Rd",ST3 2JB,Stoke on Trent,52.9897775,-2.1403677,0,0,1,1,2,4,6,0.7984312730831999
5735,"Dundee, U9 The Stack Drive Thru",DD2 3XN,Dundee,56.47452032,-3.0040368,0,0,1,1,2,2,3,0.6446053862591344
5736,"Outlet: Glasgow, 126 Maryhill Rd",G20 7QS,Glasgow,55.87305782,-4.26924264,0,0,1,2,3,7,15,0.5564457151693765
5737,"Staffordshire, U6 Keele University",ST5 5BG,Staffordshire,53.0018268,-2.2732442,0,0,0,0,0,1,3,2.1727825009118225
5738,"Manchester, U5 St Marys Gate",M1 1PX,Manchester,53.48317008,-2.246165525,0,1,2,3,5,9,15,0.3461118469140481
5740,"Kilmarnock, U10 Glencairn RP",KA1 4AY,Kilmarnock,55.598998,-4.497111,0,1,1,1,1,2,2,0.38822815043135955
5741,"Castlemilk, U27 Castlemilk Arc",G45 9AA,Castlemilk,55.80660707,-4.234824443,0,0,0,0,1,5,12,1.7814906491088294
5742,"Bradford, 465 Rooley Lane Drive Thru",BD4 7SE,Bradford,53.774306380353,-1.730049840878,0,0,0,1,1,4,6,1.4089655915343926
5743,MFG Interchange,NG24 2NY,Newark,53.09642824,-0.78256591,0,0,0,0,1,1,1,1.8562319587661342
5744,MFG Stretford,M32 8LJ,Stretford,53.449456959318,-2.302826063434,0,0,0,1,2,5,17,1.0762837717208844
5745,"Worksop, 10 Bridge St",S80 1JQ,Worksop,53.30435395,-1.12431172,0,0,0,0,1,1,1,1.5318471285367485
5746,"Beeston, 27 High Rd",NG9 2JQ,Beeston,52.9274,-1.21486,0,0,1,1,1,4,7,0.8229864780123497
5747,"Arnold, 38 Front St",NG5 7EL,Arnold,53.00222,-1.12867,1,1,1,2,2,4,8,0.10942882785880886
5748,"Cambridge, U2, 1 Station Square",CB1 2GA,Cambridge,52.194743,0.136847,0,1,1,1,3,3,3,0.37473056233989
5753,MFG Swallowfield,RG7 1LZ,Reading,51.39784075,-0.984663583,0,0,0,0,0,1,5,2.828982624354952
5754,"Blackburn, UC Crabtree St",BB1 3HD,Blackburn,53.75020744,-2.460281375,0,0,0,1,1,1,3,1.487234858495274
5757,MFG Portland,DT5 1GE,Portland,50.565643358527,-2.452262653394,0,0,0,0,0,1,2,2.1087423172886695
5759,"Ludlow, 10 King St",SY8 1AQ,Ludlow,52.367987,-2.7180083,0,0,1,1,1,1,1,0.9894105720859374
5760,"Shrewsbury, 27 Pride Hill",SY1 1DP,Shrewsbury,52.70875256,-2.75241031,1,1,1,1,1,2,2,0.1717570023048989
5761,"Chelmsford, U16 Hgh Chlmr SC,",CM1 1XD,Chelsmford,51.73339972919,0.472753599417,0,0,1,2,2,3,3,0.5514396178763343
5762,APPLEBY Longhedge,SP4 6SA,Longhedge,51.10676809,-1.793690001,0,0,0,0,0,1,2,2.5863892336302956
5763,"London, U2, 101 Tottenham Court Rd",W1T 4TT,London,51.52276494,-0.136736673,0,1,3,4,5,13,34,0.28066301527940135
5764,"Peterborough, U19B Serpentine Green SC",PE7 8BE,Peterborough,52.54125,-0.2621,0,0,1,2,2,3,4,0.8505505180338644
5765,"Hartlepool, U1A Anchor RP",TS24 0XR,Hartlepool,54.69023,-1.21073,0,0,1,1,3,3,3,0.6523723286842413
5766,"Outlet: Handsworth, U1, 121 Villa Rd",B19 1NH,Handsworth,52.50291248,-1.916530844,0,0,0,1,1,3,10,1.1375156258978834
5767,"London, U2 Canary Wharf Station",E14 4HJ,London,51.5051,-0.0248,0,1,1,2,6,13,34,0.4318500673556141
5768,"Birmingham Airport, U113 Arrivals",B26 3QJ,Birmingham,52.45192,-1.73306,0,0,0,1,1,2,7,1.3557501994244765
5769,BLAKEMORE Carlton,CH1 5PN,Blacon,53.20156589,-2.934347387,0,0,0,0,1,3,4,1.7039304051844208
5770,MFG West Road,IV30 1SA,Elgin,57.64684396,-3.331721821,0,0,1,1,1,1,1,0.5331378076197745
5771,MFG Torquay,TQ2 7AR,Torquay,50.48231568,-3.549408803,0,0,0,1,2,3,4,1.018669489925293
5772,"Byker, 260 Shields Rd",NE6 1DX,Byker,54.97756135527,-1.57675586592,0,0,1,1,2,4,11,0.714046721899773
5774,"Hammersmith, U35 Broadway SC",W6 9YE,Hammersmith,51.492623,-0.224316,0,1,3,5,5,12,20,0.3463972262512816
5775,"Ashford, Ashford RP, Barrey Rd",TN24 0SG,Ashford,51.13036971,0.905713973,0,0,0,0,2,2,2,1.8225380462355498
5778,"Greenwich, Peninsular RP, Bugsby's Wy",SE7 7TZ,Greenwich,51.48962898,0.02008353,0,0,2,2,4,7,25,0.6514584203999405
5779,"Stockport, 26 Mersey Sq",SK1 1RA,Stockport,53.4099983,-2.1627336,1,1,1,2,3,4,13,0.2491466176386309
5780,"Richmond, Richmond Railway Stn",TW9 2NA,Richmond,51.46326036,-0.301460594,0,0,0,0,3,6,20,1.6462531644027798
5781,"Stoke on Trent, Springflds RP Drive Thru",ST4 6PD,Stoke on Trent,52.9955529,-2.2089413,0,0,1,2,2,3,6,0.5743300578127831
5782,"Leeds, UC Bond St",LS1 5BQ,Leeds,53.79747,-1.5455,0,1,2,2,2,3,9,0.2929992045725608
5785,MFG Mintlaw,AB42 5EL,Peterhead,57.52454895,-2.000909259,0,0,0,0,0,0,0,7.379940966744359
5786,"Frome, U4 Enterprise House, Wessex Flds",BA11 4DH,Frome,51.21712355,-2.332020962,0,0,1,1,1,1,1,0.8244854839123535
5787,"Guiseley, U7B Guiseley RP",LS20 8QH,Guiseley,53.871779,-1.709246,0,1,1,1,1,1,3,0.2582205490692786
5788,"Long Eaton, UE1 Toton Close",NG10 3TP,Long Eaton,52.8888808,-1.265544,0,0,0,1,1,2,4,1.0778864097462117
5789,"Eastleigh, 41 Market St",SO50 5RF,Eastleigh,50.96758824,-1.351969028,1,1,1,1,2,4,9,0.12606684237723337
5790,"Port Talbot, Baglan Bay RP Drive Thru",SA12 7BZ,Port Talbot,51.60278863,-3.810856483,0,0,0,1,1,2,3,1.4541930832826042
5791,"Southampton, Adanac Pk Drive Thru",SO16 0BU,Southampton,50.93406259,-1.470876657,0,0,1,2,2,3,6,0.9644845498287254
5792,"Outlet: Woolston, U4, 33 Victoria Rd",SO19 9DY,Woolston,50.89691345,-1.379746368,0,0,1,1,3,6,8,0.7445198732480001
5793,"Hull, U6 Kingston RP",HU1 2TX,Hull,53.73974089,-0.344041846,0,1,1,1,2,4,6,0.2895291308960176
5794,"Clacton-On-Sea, UM Clacton TP, Old Rd",CO15 1HX,Clacton-On-Sea,51.79072339,1.147917395,1,1,1,2,2,2,2,0.14090160856265202
5795,"Ilkley, 20 Brook St",LS29 8DE,Ilkley,53.92542,-1.82325,1,1,1,1,1,1,2,0.1644594564793
5796,"London, 1 Leicester Sq",WC2H 7NA,London,51.51070789,-0.130852445,0,1,2,3,8,15,34,0.46295573541831364
5798,"Bolton, Logistics North Drive Thru",BL5 1EE,Bolton,53.5414733,-2.4560428,0,0,0,0,0,3,5,2.377929995741227
5801,"Bolton, U6A Burden Park, Manchester Rd",BL3 2NE,Bolton,53.56804561,-2.417012636,0,0,1,1,1,3,5,0.7939015306558057
5802,COMPASS Middlesex University,NW4 4BT,London,51.59001266,-0.228586939,0,1,1,1,1,3,13,0.49046491853825686
5803,ASDA EXPRESS Elgin,IV30 8AZ,Elgin,57.64026875,-3.262396652,0,0,0,0,0,1,1,2.140776731044414
5805,EG On The Move Maghull,L31 1FP,Maghull,53.514276899618,-2.910650134155,0,0,0,1,1,2,5,1.3408203416535758
5806,"Wokingham, USU03 Peach St",RG40 1XG,Wokingham,51.41035,-0.83277,1,1,1,1,1,1,6,0.1303905207056449
5808,"Wellingbrgh, Denington Rd Drive Thru",NN8 2FQ,Wellingborough,52.29530005,-0.686777891,1,1,1,1,2,2,4,0.18534837361186682
5810,"Outlet: Hednesford, 61 Market St",WS12 1AD,Hednesford,52.70884,-1.99924,0,0,0,0,1,1,4,1.9704520422116976
5811,"Newark on Trent, UD2 The Maltings RP",NG24 1GJ,Newark on Trent,53.081665,-0.805464,0,0,1,1,1,1,1,0.5151182973606289
5813,"Wimbledon, U1A Plough Lane RP, Plough Ln",SW17 0BW,Wimbledon,51.43104508,-0.184520774,0,0,0,0,0,2,16,2.3537180629766015
5815,"Bedlington, 9 Market Pl",NE22 5TN,Bedlington,55.13112,-1.59416,0,0,0,0,0,0,3,3.2215179917990002
5816,"Headington, 118 London Rd",OX3 9AX,Headington,51.759982510169,-1.21119946717,1,1,1,1,2,3,3,0.043425978615578766
5818,EG On The Move Earlsfield,L34 4BE,Knowsley,53.42821299,-2.826286817,0,0,1,2,3,5,9,0.8896996107363461
5819,"London, U26 Liverpool St Station",EC2M 7PY,London,51.519059,-0.081381081,0,0,4,5,9,19,31,0.7146624542565843
5820,MFG Thanet Way,ME13 9EL,Faversham,51.325885655273,0.986229092532,0,0,0,0,0,0,2,3.606250889517907
5821,MFG Sutterton,PE20 2LG,Lincolnshire,52.88926492,-0.085189731,0,0,0,0,0,1,1,2.7131950367545428
5822,MFG Deal,CT14 9TF,Kent,51.22199184,1.395325396,0,1,1,1,1,1,1,0.2721264711707817
5823,EG On The Move Beacon 62,L35 1QT,Liverpool,53.39865925,-2.811277279,0,0,0,0,1,4,10,1.5279907863851712
5824,MFG Dover South,CT17 9EF,Dover,51.118228316933,1.306888559258,0,0,1,1,1,1,1,0.6896087258997678
5825,"Wimbledon, U2BH Wimbledon Railway Stn",SW19 7NL,Wimbledon,51.42105614,-0.20651192,0,0,0,0,0,2,14,2.5085853360299284
5829,"Chichester, 81 East St",PO19 1HX,Chichester,50.83631,-0.77797,0,0,1,1,1,1,1,0.5094227865694826
5830,ASDA EXPRESS Bedminster,BS3 4JY,Bedminster,51.44427083,-2.594988101,1,1,2,2,3,7,12,0.05306758376322831
5831,"Sittingbourne, Saffron Way Drive Thru",ME10 2EX,Sittingbourne,51.35336,0.74099,0,0,1,1,1,1,1,0.6485916356831976
5833,MFG Howe Green,SG9 9EG,Buntingford,51.94645213,-0.028462104,0,0,0,0,0,0,0,6.481787983620237
5834,ASDA EXPRESS Kildean,FK8 1AF,Stirling,56.133410046161,-3.966339044352,0,0,0,0,2,3,3,1.6447062157668082
5835,MFG Three Elms,TN11 0AE,Tonbridge,51.21360535,0.312272954,0,0,0,0,0,1,3,2.2376436860509914
5837,"Llanelli, Dafen TP",SA14 8ND,Llanelli,51.68928513,-4.12511387,0,0,0,0,1,1,2,1.5055856030518302
5839,"Bristol, S20 Venue, Merlin Rd",BS10 7SR,Bristol,51.52258968,-2.602023083,0,0,0,0,1,4,9,1.7181539080442216
5840,"Milton Keynes, Centre:MK, 160 Mdsmr Arc",MK9 3BA,Milton Keynes,52.04417491,-0.752492096,0,0,0,1,1,4,9,1.0978691838486776
5841,"Paddington, 10 Praed St",W2 1JE,London,51.51831189,-0.17150822,0,0,0,3,5,11,29,1.1062238610437658
5842,"Outlet: Southampton, 453 Millbrook Rd Wt",SO15 0HX,Southampton,50.91401224,-1.447731376,0,0,1,2,4,5,8,0.9348296523045779
5843,"Doncaster, U55 Lakeside Village Outlet",DN4 5PH,Doncaster,53.50709147,-1.113597745,0,0,1,1,1,1,2,0.6582776454455682
5844,"Dundee, U3A Myrekirk Rd",DD2 4WB,Dundee,56.475691,-3.046825,0,0,0,1,1,1,3,1.2577205737371522
5845,"Kirkcaldy, U1 Carberry Pl",KY1 3NQ,Kirkcaldy,56.13490623,-3.149025462,0,0,0,0,1,1,2,1.6448796617812014
5847,ASDA EXPRESS Leith,EH6 6NX,Edinburgh,55.98175865,-3.189312258,0,0,0,1,2,6,10,1.1113256860827625
5848,BLAKEMORE Long Sutton,PE12 9ED,Long Sutton,52.781798,0.12671,0,1,1,1,1,1,1,0.3157573919651731
5849,"Colchester, UF Stane RP, Westrn Approach",CO3 8DW,Colchester,51.888703655003,0.826022217197,0,0,0,1,1,1,3,1.061474755832278
5851,"Wells, 37 High St",BA5 2AE,Wells,51.20848272,-2.647162047,0,0,0,0,0,0,1,4.517458879274856
5852,"Gillingham, U68 Hempstead Valley SC",ME7 3PD,Gillingham,51.34162,0.572367,0,0,0,0,2,3,4,1.9149379811818283
5853,"Dobshill, Chester Rd SS",CH5 3LZ,Dobshill,53.16381739,-3.039252226,0,0,0,0,0,0,2,3.014904981923638
5854,"Exmouth, 38 Chapel St",EX8 1HW,Exmouth,50.62018092,-3.411839152,1,1,1,1,1,1,1,0.13376113929195857
5856,"Poole, 18 Towngate SC, Falkland Sq",BH15 1ER,Poole,50.718558701675,-1.981797195242,0,0,0,0,2,3,5,1.745598697264302
5857,"Consett, Delves Lane Drive Thru",DH8 7ES,Consett,54.84815,-1.82506,0,1,1,1,1,1,1,0.47101658938632823
5858,"Brentford, 203 High St",TW8 8AH,Brentford,51.48333469,-0.308239898,0,0,0,0,1,6,19,1.6798451305616817
5859,"Bloxwich, 216 High St",WS3 3LQ,Bloxwich,52.616829,-2.004220525,0,0,0,0,1,2,8,1.9065694421469221
5860,"London, URM36 Tottenham Hale Station",N17 9NA,London,51.5883,-0.0603,0,0,0,2,2,10,24,1.1202065755432575
5861,"Bowburn, Integra 61 Drive Thru",DH6 5FQ,Bowburn,54.72641002,-1.527789936,0,0,0,0,0,1,3,2.0896650408591038
5862,"Greggs @ Primark, Birmingham Pavillion",B4 7SL,Birmingham,52.47928469,-1.894491012,0,0,1,2,2,4,12,0.7545164223064231
5863,"London, 91 City Rd",EC1Y 1BD,London,51.52525996,-0.087043642,0,1,4,6,9,19,33,0.4165435971507395
5864,"Llantwit Major, 2 The Precinct",CF61 1XA,Llantwit Major,51.4085627,-3.482904646,1,1,1,1,1,1,1,0.01932160316817077
5865,"Birmingham, U9B3 The Fort SP",B24 9FP,Birmingham,52.5086642,-1.82370298,0,0,0,1,2,3,10,1.2387325305024686
5866,"Milford Haven, UB2 Havens Head",SA73 3AU,Milford Haven,51.71668368,-5.041918996,0,0,0,0,0,0,1,3.6425310831216535
5867,"Bristol, U9A Avonmeads RP",BS2 0SP,Bristol,51.44818015,-2.561095116,0,0,1,3,4,9,14,0.8744557884500984
5868,"Outlet: Canning Town, Hermit Road",E16 4HP,London,51.51855753,0.012854735,1,1,1,1,4,8,29,0.1783536670748484
5870,"Horden, U4 Cotsford Lane",SR8 4JJ,Horden,54.7610967,-1.3148869,0,0,0,0,1,1,2,1.9241780601550003
5871,MFG Kessock,IV1 1SD,Inverness,57.48734121,-4.220242691,1,1,1,1,2,2,2,0.08876996520475643
5872,MFG Skyway,NE13 8BZ,Newcastle upon Tyne,55.03782218,-1.713893045,0,0,0,0,0,2,4,2.552981898287241
5873,"Liverpool, U14 Central Station, Rnlgh St",L1 1JT,Liverpool,53.4047977,-2.98,0,0,1,2,2,5,11,0.6140295623456665
5874,MFG Wynyard,TS22 5PZ,Wolviston,54.628033748465,-1.30669362301,1,1,1,1,1,1,4,0.036578574460918986
5875,"Stockton, Lustrum RP Drive Thru",TS18 2RB,Stockton,54.57547,-1.27713,0,0,0,0,2,3,6,1.5876097411059025
5876,MFG Primrose,WD4 8HR,Kings Langley,51.71423,-0.44117,0,0,0,1,1,3,4,1.2728434061518208
5877,COMPASS Swansea University,SA2 8PP,Sketty,51.609493,-3.980672,0,0,0,1,2,3,5,1.4641244064293424
5878,"Peterborough, U9 Bretton Centre",PE3 8DN,Peterborough,52.5907235,-0.283114214,1,1,1,1,1,4,5,0.003184524071367441
5879,"Weston Super Mare, 74 High St",BS23 1HS,Weston Super Mare,51.349078311066,-2.979322686248,0,0,0,1,1,2,2,1.0429475367881405
5880,ASDA EXPRESS Milton Keynes,MK1 1QB,Milton Keynes,52.00768849,-0.730797539,0,0,1,1,2,4,7,0.7093580389557685
5882,"Outlet: Sheffield, 829 Barnsley Rd",S5 0QF,Sheffield,53.42268782,-1.455448568,0,0,0,0,1,2,8,1.508160332650387
5886,"Chesterfield, 450 Sheffield Rd",S41 8LQ,Chesterfield,53.25547,-1.42823,0,1,1,1,2,2,3,0.3057411491176837
5887,"Carterton, U5 Kipling Court Drive Thru",OX18 1PQ,Carterton,51.7680325,-1.581695617,0,0,1,1,1,1,1,0.8113127127364845
5889,"Chaddesden, U5 St Marys RP, Nttinghm Rd",DE21 6PE,Chaddesden,52.9250962,-1.441736143,1,1,1,1,1,3,6,0.1788588607233771
5890,"Salford, Media City CP",M50 2HF,Salford,53.4736883,-2.300177619,0,0,1,2,2,8,15,0.8010055467263247
5891,"St Helens, U6 Highpoint Drive Thru",WA10 1QT,St Helens,53.4525936,-2.7419041,1,1,1,1,2,2,6,0.22385965469371988
5892,MFG Field Rd,IP28 7AL,Mildenhall,52.35474930805,0.513524855246,0,0,1,1,1,1,1,0.8192480345948674
5893,"Farringdon, U1 Durham Rd",SR3 1TJ,Farringdon,54.882287779,-1.4240587,0,0,0,0,1,2,6,1.7763396715399111
5895,MFG Desford Crossroads,LE9 9JE,Desford,52.6131354,-1.255101497,0,0,0,0,0,0,5,3.4190135074652033
5896,MFG Meadow,BL2 6PY,Bolton,53.57974517,-2.377801886,0,0,0,0,0,3,5,2.354819657586699
5897,"Liverpool, John Lennon Airport",L24 1YD,Liverpool,53.3350601,-2.8522632,0,0,0,0,1,1,7,1.6876352311881098
5898,"Blackburn, U29 Lord Street Mal",BB1 7JG,Blackburn,53.7483308,-2.4819881,0,0,1,1,1,1,3,0.8466447997031473
5899,"Alloa, Clackmannan Rd Drive Thru",FK10 4DA,Alloa,56.11490821,-3.771257897,0,0,1,1,1,1,1,0.7446090014172957
5901,"Greenock, 2 Cartsburn St Drive Thru",PA15 4UA,Greenock,55.94361949,-4.744633466,0,1,1,1,1,2,3,0.4051037528131862
5903,"Kingswinford, 8 Market St",DY6 9JP,Kingswinford,52.49637643,-2.168140501,0,0,1,1,1,2,6,0.97932678044767
5904,"Wakefield, Silkwood Park Drive Thru",WF5 9TJ,Wakefield,53.681855,-1.547752,0,0,0,1,1,2,4,1.2865593347931101
5905,"Windsor, 99 Peascod St",SL4 1DH,Windsor,51.48117031,-0.611049511,0,0,0,1,1,2,5,1.300672494363317
5906,MFG Haverfordwest,SA62 4BT,Dyfed,51.82286567,-4.966449239,0,0,0,1,1,1,1,1.326969375940586
5908,EG On The Move Warrington,WA1 4AE,Warrington,53.39843301,-2.542527705,0,0,0,1,1,4,4,1.2241136959436019
5909,MFG Mobberley,WA16 8JF,Knutsford,53.31045642,-2.353528252,0,0,1,1,1,1,2,0.9891883678353782
5911,"Outlet: Glasgow, 19 Saltmarket",G1 5NA,Glasgow,55.85619086,-4.244084711,1,1,1,2,2,8,14,0.07689426893077482
5912,"Belfast, 32 Gt Victoria St",BT2 7BA,Belfast,54.5948753,-5.9346966,0,1,1,2,2,6,10,0.49343262050018283
5914,"Blaydon, Bridge St",NE21 4JJ,Blaydon,54.966068044095,-1.716454088793,1,1,1,1,2,4,7,0.11875238822459486
5915,MFG Suffolk Services,IP30 9ZD,Bury St Edmunds,52.23942,0.78161,0,0,0,0,0,0,1,3.0579529038163424
5916,"Walker, Church Walk SC",NE6 3DW,Walker,54.97347,-1.54468,0,0,0,0,1,4,9,1.6309027744626678
5917,COMPASS Clyde Docklands,G84 8HL,Helensburgh,56.06683138,-4.817465529,0,0,0,0,0,0,0,5.414556865633364
5919,"Newton Mearns, U36 The Avenues",G77 6AA,Newton Mearns,55.772556,-4.334192274,0,0,1,1,1,4,6,0.8694424649199218
5920,"Cardiff, U1 Parkfield House",CF14 3AL,Cardiff,51.49863002,-3.193746365,0,0,1,4,6,10,11,0.7409270892645092
5922,"Culverhouse Cross, Brooklands RP",CF5 6XW,Culverhouse Cross,51.46421557,-3.27021283,0,0,0,1,1,2,9,1.1100212653293
5924,"Stockton, 10 Wellington Square",TS18 1NA,Stockton,54.56526,-1.3144,1,1,1,1,1,2,6,0.09074487578621822
5926,"Rugby, C2 Elliotts Field SP, Leicestr Rd",CV21 1SR,Rugby,52.38811435,-1.25816097,1,1,1,1,1,3,3,0.14474465838935507
5927,"Small Heath, U3A St Andrews SP",B10 0XA,Small Heath,52.47402474,-1.867110739,0,0,0,0,1,4,14,1.8808138023755931
5930,"Stockport, 209 Stockport Rd Drive Thru",SK3 0LX,Stockport,53.4006987,-2.193259,0,0,0,1,3,6,11,1.4544115858215079
5931,"Paisley, 16 Phoenix RP",PA1 2AB,Paisley,55.843966,-4.469057,0,0,0,0,1,2,6,1.564590069995934
5932,EG On The Move Hoddesdon,EN11 8SX,Hoddesdon,51.75779947,-0.013198204,1,1,1,1,1,1,6,0.16359352100798127
5933,MFG Greshop,IV36 2EY,Forres,57.607623118,-3.627363799,0,0,0,0,0,0,0,11.800384555767415
5934,MFG Winchester,SO23 9NP,Winchester,51.053829658,-1.305738299,0,0,1,1,2,2,2,0.7519793602763828
5935,MFG Prestwich,M25 3AJ,Prestwich,53.53793656,-2.289023684,0,0,0,1,2,3,13,1.1216159774301842
5936,"Gloucester, 17 Southgate St",GL1 1TP,Gloucester,51.86465581,-2.24650371,0,0,1,2,2,3,4,0.5972087133603505
5937,ASDA EXPRESS Haddington,EH41 3FW,Haddington,55.95467117,-2.813778283,0,0,0,0,0,0,0,5.504402604314783
5938,ASDA EXPRESS Polmadie,G5 0DZ,Glasgow,55.837834522184,-4.243628406165,0,0,0,2,3,5,14,1.162602417674601
5939,"Tenby, 44 High St",SA70 7AA,Tenby,51.67199353,-4.699524641,1,1,1,1,1,1,1,0.08800110342877124
5940,"Westhill, Arnhall BP Drive Thru",AB32 6BQ,Westhill,57.14833521,-2.267242123,0,0,1,1,1,1,4,0.5643625450224273
5943,"Tewkesbury, 97 High St",GL20 5JZ,Tewkesbury,51.99542253,-2.156108881,1,1,1,1,1,1,2,0.023677645977849604
5945,SSP Derby Train Station,DE1 2RU,Derby,52.91598971,-1.463299332,0,0,0,1,2,4,6,1.1758229851179378
5946,SSP Oxford Train Station,OX1 1HS,Oxford,51.75342,-1.27007,1,1,1,1,1,3,4,0.08303695258821296
5950,"Swindon, U2A Lydiard Fields Drive Thru",SN5 8UB,Swindon,51.547214480843,-1.85110163523,0,0,0,1,1,2,5,1.2227158007464123
5951,"Leicester, SU26 Highcross SC",LE1 4FP,Leicester,52.63652401,-1.134738823,0,0,2,3,4,6,9,0.6550829713275362
5952,"Coventry, U3 Coventry Railway Stn",CV1 2GT,Coventry,52.401322584003,-1.514720492059,0,0,2,3,5,7,8,0.614736349213553
5953,MFG Mabon,CF46 6PE,Treharris,51.64750184,-3.291356729,0,1,1,1,1,1,3,0.37507308752516166
5954,RONTEC Chelmsford,CM1 2RY,Chelmsford,51.73255125,0.456061467,0,1,1,1,2,3,3,0.2761321905447638
5955,MFG Annick,KA11 4HJ,Irvine,55.6089013,-4.639955817,0,0,0,1,1,1,3,1.1869021251723693
5958,RONTEC Selby,YO8 8SQ,Selby,53.766984631137,-1.063233621929,0,0,0,1,1,1,1,1.1852041319976838
5960,Spennymoor U23 Festival Wlk,DL16 6AB,Spennymoor,54.69979,-1.60183,0,0,0,1,1,1,1,1.4788127894111018
5961,"Barry, 139-141 Holton Road",CF63 4HP,Barry,51.40627024,-3.265289799,0,1,1,1,1,1,3,0.2935765909871151
5963,"Halstead, 68 High Street",CO9 2JG,Halstead,51.944161,0.635571,1,1,1,1,1,1,1,0.07950217235146272
5964,"Colchester, 30 Culver St",CO1 1JG,Colchester,51.88905725,0.897778703,0,1,1,1,2,3,3,0.377264200661296
5967,MFG New Romney,TN28 8AZ,New Romney,50.9866164,0.94256715,1,1,1,1,1,1,1,0.08509104251371517
5968,"Longham, 124 Ringwood Road",BH22 9AW,Longham,50.78439914,-1.907536893,0,0,0,1,2,2,6,1.0902540305656234
5969,RONTEC Alnwick,NE66 2BF,Alnwick,55.3983330522,-1.692655237013,0,0,0,0,0,0,0,15.273597078587684
5971,"Brislington, U4, 821 Bath Rd",BS4 5NL,Brislington,51.430048822372,-2.539814879279,0,1,1,1,1,7,10,0.31565949492304374
5972,"Leicester, 14 Beaumont SC",LE4 1DE,Leicester,52.66555388,-1.165986158,0,0,0,1,2,3,7,1.1806002795038015
5973,"Bodmin, U3 Dunmere Rd RP",PL31 2QN,Bodmin,50.47214284,-4.744603613,0,0,0,1,1,1,1,1.0413463355154626
5974,"Winsford, Winsford IE SS",CW7 3QF,Winsford,53.2069537,-2.4984446,0,0,0,0,0,2,3,2.065717576867863
5975,"Jesmond, 4 Acorn Road",NE2 2DJ,Jesmond,54.9925,-1.6058,0,0,0,3,4,6,11,1.0088069323294313
5976,BLAKEMORE Tollgate,DA11 7NP,Gravesend,51.41713677,0.361131641,0,0,0,0,1,3,5,1.7715574247116899
5977,"Colne, U2 North Valley RP",BB8 9HH,Colne,53.8595386,-2.1694671,1,1,1,1,1,1,1,0.24927548158389262
5979,"Cheadle, 67 High St",SK8 1BJ,Cheadle,53.3942294,-2.216238621,0,0,1,2,3,6,11,0.9200248705494587
5980,"Bolton, UA, Bolton Gate RP",BL1 2SL,Bolton,53.5849834,-2.4270121,0,0,1,2,2,2,6,0.85623193966672
5981,"Mold, UA Chester Rd",CH7 1UF,Mold,53.167566422481,-3.134574450049,0,1,1,1,1,1,1,0.3449239282660633
5982,"Widnes, Moore Lane South",WA8 7AL,Widnes,53.3609686,-2.740130421,0,0,1,2,2,3,5,0.592073532755656
5983,"Halesowen, U31 Cornbow Centre,",B63 4AJ,Halesowen,52.44891675,-2.052034288,0,1,1,1,1,4,9,0.48894819185200417
5986,"Fieldfare, Harlequin BP",BS16 7FN,Fieldfare,51.50535665,-2.48786365,0,0,0,1,1,2,8,1.0460230173631946
5987,"Lichfield, Crossfield IE",WS13 6RJ,Lichfield,52.68710987447,-1.803532720459,0,1,1,2,2,2,2,0.26021025074414256
5988,"Highbridge, UB, Oaktree BP Drive Thru",TA9 4HA,Highbridge,51.23017954,-2.959718394,0,0,0,0,1,1,1,1.7278810175606707
5989,ASCONA Crossways,SA73 1QZ,Pembrokeshire,51.71912733,-4.963032795,0,1,1,1,1,1,1,0.26913103532479443
5991,"Nottingham, 170 Hucknall Lane Drive Thru",NG6 8AJ,Nottingham,53.01086,-1.1904,1,1,1,1,1,4,7,0.07435196883396433
5993,Greggs @ Tesco Southampton,SO31 8GN,Southampton,50.8949,-1.3205,0,0,0,1,1,4,10,1.4530080291483354
5994,Greggs @ Tesco Stockton,TS21 3LU,Stockton-on-Tees,54.5926,-1.3536,0,0,0,0,0,1,3,2.512724994580902
5995,Greggs @ Tesco Doncaster,DN4 8SN,Doncaster,53.49113,-1.13743,0,0,0,0,1,1,2,1.9770724481504436
5996,Greggs @ Tesco Walkden,M28 3UD,Manchester,53.5259,-2.4011,1,1,1,1,1,2,5,0.038654354198624216
5997,EG On The Move Church Stretton,SY6 6PG,Church Stretton,52.537204394445,-2.802498839942,0,0,0,0,0,0,0,11.9337230141834
5998,MFG Butts Road,CV1 3GU,Coventry,52.40714,-1.5245,0,0,1,4,5,6,8,0.8124037489670607
5999,MFG Childs Way,MK9 3DA,Milton Keynes,52.0405994,-0.749135118,0,0,1,1,1,3,9,0.9401175956287225
6000,"Norwich, 48 London St",NR2 1LA,Norwich,52.62957755,1.295805974,0,0,1,2,3,3,5,0.7043068490731067
6001,"West Bromwich, U17 New Sq SC",B70 7PP,West Bromwich,52.52029885,-1.991347096,0,0,0,0,0,4,12,2.744929566312501
6002,MFG Oakwood Gate,WA3 6RW,Warrington,53.4191636,-2.5275342,0,1,1,1,1,1,4,0.34746449922521194
6003,"Alcester, Acstr BC, 4 Kinwarto",B49 6EH,Alcester,52.22527488,-1.862239277,0,0,0,0,0,0,1,3.561443131220114
6004,"Bly Hill, Merryhill SC, UL7 Lwr Mall",DY5 1SH,Brierley Hill,52.47981785,-2.109679329,0,0,0,1,1,5,8,1.225449580324207
6005,"Sheffield, Penistone Rd North",S6 1LQ,Sheffield,53.41607,-1.50126,0,0,1,1,1,3,6,0.5732954390042762
6006,"Farnborough, U2A Blackwater SP",GU14 8BL,Farnborough,51.30757,-0.74891,0,0,0,3,3,4,10,1.0163791658872334
6008,"Tewkesbury, Tewkesbury BP, Intl Drive",GL20 8UQ,Tewkesbury,52.00048856,-2.125082883,0,0,0,1,1,1,2,1.3795550436114559
6014,"Mallusk, 26 Mallusk Rd",BT36 4PP,Mallusk,54.67439563,-5.985651925,0,0,0,0,1,2,3,1.5957762035216658
6016,BLAKEMORE Machynlleth,SY20 8EB,Machynlleth,52.5908678,-3.8523961,0,0,0,0,0,0,0,15.511851144067363
6017,"Salisbury, 49 Old George Mall",SP1 2AG,Salisbury,51.06808001,-1.795551579,1,1,1,1,1,1,1,0.21524079967571966
6018,"Portlethen, 1 Muirend Court",AB12 4UU,Portlethen,57.06231173455,-2.140726810009,0,0,1,1,1,1,3,0.7677710483573433
6019,Greggs @ Tesco Telford,TF1 2DE,Telford,52.68983,-2.4925,0,0,1,2,3,4,5,0.5734123528590004
6021,Greggs @ Tesco Romford,RM11 1PY,Hornchurch,51.56571089827,0.191889531278,0,0,1,2,2,6,7,0.8412362016019215
6024,MFG Hogganfield Loch,G33 1AE,Glasgow,55.882318504525,-4.169256734439,0,0,0,2,2,4,10,1.3245297449322726
6025,"Leeds, U11 Gelderd Park, Gelderd Rd",LS12 6HJ,Leeds,53.78636,-1.57306,0,0,0,1,2,5,9,1.152493493953059
6027,"Bristol, U5 The Square, 1 Temp",BS1 6DG,Bristol,51.45045303,-2.581862903,0,0,2,3,5,7,13,0.6411645150144425
6028,"Outlet: London, 5 Cundy Road",E16 3DJ,London,51.51108824,0.032963713,0,0,0,3,4,10,25,1.0363826714028683
6029,BLAKEMORE Tipton,DY4 0DX,Tipton,52.54483,-2.03777,0,0,1,1,1,4,9,0.9425210031961034
6030,EG On The Move Hinckley,LE10 3ED,Hinckley,52.5353088,-1.416420717,0,0,0,0,1,3,5,1.7420652261982874
6032,"Cleethorpes, 33 St Peters Avenue",DN35 8HL,Cleethorpes,53.55956,-0.03168,1,1,1,1,1,2,3,0.03023973706754474
6033,"Denton, U2A Crownpoint SP",M34 3JP,Denton,53.457855,-2.118272,1,1,1,1,2,4,12,0.1398397692390871
6034,"Knaresborough, 32 High St",HG5 0EQ,Knaresborough,54.00813,-1.46593,0,0,0,0,0,1,2,2.157979261308032
6035,"Edinburgh, 19 Castle Street",EH2 3AH,Edinburgh,55.9516923,-3.202928348,0,0,3,3,6,9,11,0.5834174474189711
6039,"Lydney, 65 Newerne St",GL15 5RA,Lydney,51.727555037641,-2.528168917459,0,0,0,0,0,0,0,7.622755565458107
6040,"Harlow, U1B Queensgate RP, Edi",CM20 2DA,Harlow,51.78315552,0.106508157,0,0,0,1,1,3,3,1.1291442825950815
6042,RONTEC Bilston,WV14 6RN,Bilston,52.5712534,-2.0934764,0,0,0,0,1,4,9,1.876910626884542
6043,"Coventry, U7 Arena SP",CV6 6AS,Coventry,52.4439841,-1.492309108,0,0,1,2,2,5,9,0.9398490519200676
6044,"Greggs @ Primark Oxford St, London",W1D 1AU,London,51.51652116,-0.131233721,0,2,2,4,7,17,34,0.26221590238642556
6045,"Castleford, Junction 32 Outlet SC",WF10 4FR,Castleford,53.71293,-1.3381,1,1,1,1,2,2,2,0.2223279090805163
6046,"Patchway, FF3 The Mall @ Causeway SC",BS34 5DG,Patchway,51.52492155,-2.595911207,0,0,0,0,1,4,9,1.7304516320617385
6047,"Birmingham, U6 Prime Park, Austin Wy",B42 1DT,Birmingham,52.52873278,-1.927529033,0,0,0,1,1,3,10,1.165054114578452
6050,Greggs @ Tesco Birkenhead,CH43 7AA,Prenton,53.40807,-3.07026,0,0,0,1,1,4,7,1.3467787682836792
6054,Greggs @ Tesco Bradford,BD7 4EY,Bradford,53.78105,-1.78846,0,0,0,2,2,2,5,1.142799077835139
6056,"Edinburgh, 60 Seafield Rd",EH6 7LQ,Edinburgh,55.96861652,-3.141254739,0,0,1,2,2,5,10,0.9529843050798266
6057,Greggs @ Tesco Leicester Hamilton,LE5 1BJ,Hamilton,52.65292,-1.06991,0,0,0,1,1,3,7,1.147634637704411
6058,Greggs @ Tesco Warrington,WA2 7NE,Warrington,53.39743,-2.59562,1,1,1,1,2,4,4,0.14378180188091774
6060,Greggs @ Tesco Rotherham,S63 7DA,Wath-upon-Dearne,53.504531,-1.345266,0,0,1,1,1,2,5,0.6115962170922109
6061,Greggs @ Tesco Coventry,CV2 2SH,Coventry,52.43431,-1.43207,0,0,0,0,1,2,8,1.774088796872462
6064,Greggs @ Tesco Pontyclun,CF72 8RB,Pontyclun,51.53443,-3.37706,0,0,0,1,1,1,4,1.0950343490228742
6065,Greggs @ Tesco Wrexham,LL13 8HF,Wrexham,53.0463,-2.98746,0,1,1,1,1,1,1,0.47865727103718414
6069,ASDA EXPRESS Montrose,DD10 9AY,Montrose,56.72352713,-2.464911689,0,0,1,1,1,1,1,0.8152580054588194
6075,RONTEC Swanley,DA14 5JA,Sidcup,51.4096682,0.143997,0,0,0,0,3,4,11,1.7077834806985284
6076,"Manchester, 128 Market St",M1 1WA,Manchester,53.4815812,-2.2382993,0,0,3,3,3,9,15,0.5709386552302533
6077,RONTEC Dudley Port,DY4 7RB,Tipton,52.52126559,-2.053055283,0,0,0,0,2,4,11,1.5283796680997883
6078,RONTEC Clayton,ST5 4AE,Newcastle Under Lyme,52.99005654,-2.223508427,0,0,1,2,2,2,5,0.8240596379172446
6079,MFG Laindon,SS15 6DP,Laindon,51.58422561041,0.420824278477,0,0,0,0,1,1,6,1.5640015800028102
6080,BLAKEMORE Kidderminster,DY11 5DA,Kidderminster,52.39186995,-2.260604871,0,0,1,1,1,1,2,0.5952632457534086
6083,WELCOME BREAK Newark,NG24 3UG,Newark,53.0485752,-0.7783801,0,0,0,0,0,1,1,2.1693514919965313
6084,MFG Orchard,CB1 8EA,Cambridge,52.1855138,0.158513217,0,0,1,2,2,3,4,0.6645877460615001
6085,EG On The Move Epping,CM16 6LZ,Epping,51.72987196155,0.123535145977,0,0,0,0,0,2,3,2.1024552382010606
6086,RONTEC Billinghurst,RH14 9LY,Billinghurst,51.03028423,-0.443869859,0,0,0,0,0,0,1,4.040280657212233
6089,EG On The Move Palmers Green,N13 5JF,London,51.61499772,-0.101040721,0,1,2,2,5,6,15,0.3941054241041754
6090,"Stockton, 3 Mile House, Darlington Lane",TS19 0BF,Stockton-On-Tees,54.58110628,-1.336378092,0,0,0,1,1,1,4,1.4632654767176096
6093,ASDA EXPRESS Livingston,EH54 6NA,Livingston,55.88324384,-3.510635333,1,1,1,1,1,1,1,0.24194500681767928
6095,RONTEC Chellow Heights,BD9 6NT,Bradford,53.815928,-1.818707,0,0,0,0,1,2,4,1.9112364972247855
6096,MFG Thirsk,YO7 3AA,Thirsk,54.22894641972,-1.32936334631,0,0,0,0,0,0,0,8.772660616815614
6097,RONTEC Bath Rd,SN15 2AR,Chippenham,51.4521319,-2.131550781,0,0,1,1,1,2,2,0.9125102906324778
6098,RONTEC Colnbrook,SL3 0EH,Slough,51.4846736,-0.5118107,0,0,0,0,1,2,7,1.9083737098821274
6100,MFG Lydford,TA11 7EY,Somerton,51.07641526,-2.619234196,0,0,0,0,0,0,0,6.611168380239551
6101,RONTEC Collingwood,FY3 8BZ,Blackpool,53.82231498,-3.032799702,0,0,2,3,3,5,6,0.5133037589759213
6103,Greggs @ Tesco Musselburgh,EH21 7BL,Musselburgh,55.93876,-3.05535,0,1,1,1,1,1,7,0.4304107536971984
6105,Greggs @ Tesco Pengam Green,CF24 2HP,Cardiff,51.48761,-3.12741,0,0,0,1,2,5,10,1.482997676233896
6106,"Headingley, U4 Otley Rd",LS6 2UE,Headingley,53.82165,-1.57779,1,1,1,2,3,5,7,0.17489185730640747
6107,"Yate, U1 Yate SC, 12 East Walk",BS37 4AS,Yate,51.54003393,-2.411699705,1,1,1,1,1,1,2,0.14288836428588222
6109,MFG Reading Rose Kiln,RG2 0HP,Reading,51.44386854,-0.976369179,0,0,1,2,3,6,7,0.8878499472633302
6111,ASDA EXPRESS Hazel Grove,SK7 6AF,Hazel Grove,53.3735085021,-2.1088814027,0,0,0,0,2,3,6,1.570019070481896
6112,RONTEC Connaught,GU24 0HH,Woking,51.3062542,-0.626611827,0,0,1,1,1,1,6,0.8625874638297082
6113,MFG Market Deeping,PE6 9LA,Peterborough,52.68772535,-0.327974663,0,0,1,1,1,1,1,0.9800711505530757
6114,"Maidstone, 15 Week St",ME14 1QW,Maidstone,51.27440439,0.522946822,0,1,1,1,3,3,4,0.27731642578760224
6115,"Birkenhead, 1 St John's Square",CH41 2XU,Birkenhead,53.3895638,-3.0251413,1,1,1,2,2,4,8,0.15455546555147323
6116,"Chester le Street, U10 St Cthbrts Wlk SC",DH3 3YQ,Chester le Street,54.857244727784,-1.574149412489,1,1,1,1,1,1,4,0.14360180658405014
6118,ASDA EXPRESS Chickerell,DT3 4FL,Chickerell,50.61479097,-2.497442528,0,0,0,0,2,2,2,1.8272332046678408
6121,"Manchester, 82 Market St",M1 1PD,Manchester,53.482230182554,-2.240453447315,0,1,3,3,5,9,15,0.48369996117229563
6123,"Waltham Cross, 121A High St",EN8 7AN,Waltham Cross,51.6863354,-0.033415696,0,0,0,3,3,4,9,1.1174407494148082
6124,"Exeter, 36 High St",EX4 3LN,Exeter,50.72379332,-3.530531385,0,1,2,2,2,3,3,0.40296661163165104
6127,"Bristol, Bristol Shopping Quarter",BS1 3DR,Bristol,51.45749386,-2.590339993,0,1,3,3,5,9,12,0.36366355555922136
6129,"Sale, 154A Northenden Rd",M33 3HE,Sale,53.4200378,-2.304639821,0,0,1,1,2,6,14,0.9570623212614331
6130,ASDA EXPRESS Newmarket West,CB8 0XG,Newmarket Health,52.24952096377,0.362325920855,0,0,0,0,1,1,1,1.8300722950205002
6133,"Staple Hill, 27 Broad St",BS16 5LP,Staple Hill,51.48123847,-2.505373222,0,0,1,2,3,4,13,0.9027021774929344
6134,WELCOME BREAK Derby East,DE72 2WA,Shardlow,52.86799742,-1.367388256,0,0,0,0,0,2,5,2.1403811080933024
6136,MFG Whitehorse,NR31 8BL,Great Yarmouth,52.58528,1.72384,0,1,1,2,2,2,2,0.42875462756578325
6137,Greggs @ Tesco Failsworth,M35 0EJ,Failsworth,53.50854,-2.15856,1,1,1,1,1,3,11,0.2141082970342696
6138,"Sheffield, U6 Hillsborough Exchange SC",S6 4HL,Sheffield,53.40347,-1.50131,0,0,0,2,3,4,7,1.3033996109164323
6140,"Boscombe, 617 Christchurch Rd",BH1 4AP,Boscombe,50.72668879,-1.838518534,0,0,0,1,1,3,6,1.2164101945760741
6141,"Poole, U7 Wessex Gate RP",BH15 3TE,Poole,50.73518704,-1.992586582,0,0,1,1,2,3,4,0.6466884387459172
6144,"Lye, U5 Forge RP, Dudley Rd",DY9 8DU,Lye,52.46236518,-2.116886895,0,0,0,2,2,3,7,1.2599555817184915
6145,"Hereford, 214 The Straight Mil",HR2 6BQ,Hereford,52.039480000755,-2.69358880182,0,0,0,1,1,1,1,1.384956587076816
6146,ASCONA Green Garage SS,SA71 4QT,Pembroke,51.67934481,-4.917951715,0,0,0,0,0,0,1,3.169240332715106
6149,MFG Beanacre Rd,SN12 8BL,Melksham,51.3869357,-2.14487517,0,0,1,1,1,1,2,0.8084984866767774
6151,"Great Yarmouth, 2 Mill Lane",NR31 8HL,Great Yarmouth,52.57595,1.7021,0,0,0,1,1,2,2,1.1335516513956743
6153,MFG Weeley,CO16 9AD,Weeley,51.85953108242,1.102978534966,0,0,0,0,0,0,1,4.355845877204407
6154,"Norwich, U2B Riverside RP",NR1 1WR,Norwich,52.62272,1.30714,0,0,0,2,3,3,4,1.2438308093836492
6155,"Aberdeen, 161 Union St",AB11 6BB,Aberdeen,57.14555156,-2.101766625,0,0,0,2,3,3,6,1.1625951877372376
6157,"Bristol, U3 Kings Chase SC, Re",BS15 8LP,Bristol,51.4629371,-2.509081512,1,1,1,1,3,5,11,0.08608377297064927
6158,"Exeter, 28 Sidwell St",EX4 6NN,Exeter,50.72638714,-3.5254483,1,1,2,2,2,3,3,0.11803444167603569
6159,"London, U2, 50 Finsbury Square",EC2A 1HD,London,51.52013652,-0.087134282,0,1,3,7,9,20,33,0.47947862576154215
6163,"Barrow-In-Furness, U2 Portland Walk",LA14 1DB,Barrow-in-Furness,54.1132288,-3.2262391,0,0,1,2,2,2,2,0.8854412638410692
6164,"Wallasey, U13 Marine Point",CH45 2PB,Wallasey,53.4401854,-3.045432,0,0,0,1,1,2,8,1.3591813936801866
6165,Greggs @ Primark Northumberlan,NE1 7DF,Newcastle Upon Tyne,54.97646,-1.61242,1,1,1,1,4,5,11,0.19763128675774091
6166,"Greggs @ Primark 48 Church St, Lverpool",L1 3AY,Liverpool,53.40511,-2.98315,0,0,1,2,2,5,11,0.7109944152214115
6167,"Greggs @ Primark Albion St, Leeds",LS1 5AT,Leeds,53.79655,-1.54592,0,1,2,2,2,3,9,0.3586748502807564
6168,Greggs @ Primark The Horsefair,BS1 3BB,Bristol,51.4585,-2.59125,0,1,2,3,5,8,12,0.39730985867269153
6169,"London, U2 Western Ticket Hall, Kings Cr",N1C 4AL,London,51.53024,-0.12495,0,0,4,6,9,13,31,0.6943703561330479
6170,"Glasgow, UA4 Silverburn SC",G53 6AG,Glasgow,55.81947563,-4.341120843,0,0,0,1,1,7,13,1.0103740892464057
6172,"Glasgow Airport, International Arrivals",PA3 2ST,Paisley,55.86484,-4.4342864,0,0,0,1,1,4,9,1.409007320315252
6173,ASDA EXPRESS Retford,DN22 6AY,Retford,53.31784112,-0.938766815,0,1,1,1,1,1,1,0.2529593430567336
6175,WELCOME BREAK Peartree,OX2 8JZ,Oxford,51.79411652,-1.28415716,0,0,0,0,0,2,3,2.0561762338866396
6178,SODEXO University of The West,BS16 1QY,Bristol,51.5012518,-2.548422519,0,0,0,1,3,5,13,1.3367102039867662
6184,MOTO Knutsford North FC,WA16 0TL,Knutsford,53.30077306,-2.402270556,0,0,0,1,1,1,1,1.203656862480117
6185,RONTEC Whiddon Down,EX20 2QT,Okehampton,50.71963299,-3.85209102,0,0,0,0,0,0,0,11.672731711741987
6186,RONTEC Temple Farm,ME2 2NQ,Strood,51.38636573,0.481748768,0,0,1,1,1,2,7,0.8163981205685757
6187,RONTEC Ringwood,BH24 2AA,Ringwood,50.84599,-1.800063491,0,1,1,1,1,1,2,0.4015150789321436
6191,RONTEC Fernside,CR0 3AB,Croydon,51.39089191,-0.133923696,0,0,0,1,1,4,11,1.1938301026096545
6192,RONTEC Chimes,BR6 7LZ,Orpington,51.34521804,0.111774497,0,0,0,0,0,1,4,2.114641470475903
6194,WELCOME BREAK Derby West,DE72 2WW,Derby,52.86787822,-1.370968492,0,0,0,0,0,2,5,2.2159286987861933
6195,ASCONA Refinery,FK3 9BU,Grangemouth,56.01513868,-3.704935091,0,0,1,1,1,1,4,0.780312073738453
6197,MFG Greengate,M24 1RD,Middleton,53.53844436,-2.17836825,0,0,0,1,1,3,11,1.1102186503988605
6198,MFG Jeremeys Corner,RH17 5QD,Haywards Heath,51.00714385,-0.198293131,0,0,0,0,0,0,2,4.1461826943973
6199,MFG Wallasey,CH44 2BY,Wallasey,53.42291979,-3.06620948,0,0,1,1,1,2,8,0.8853178772805856
6200,WELCOME BREAK Three Counties,MK46 4JQ,Olney,52.18482911,-0.686276198,0,0,0,0,0,0,0,7.183172304603607
6201,"Wallsend, U3 Cobalt BP",NE27 0QJ,Wallsend,55.02001,-1.50665,0,0,0,0,0,3,5,2.0050686050233812
6203,"Keswick, 8 Station St",CA12 5HP,Keswick,54.6004642248,-3.135756679628,0,0,0,0,0,0,0,10.101865575771349
6204,RONTEC Taunton West,TA1 5LU,Taunton,51.01288908,-3.126998367,0,0,0,2,2,2,3,1.1416382793289224
6205,RONTEC Chiswick,W4 5QJ,London,51.49158253,-0.283173149,0,0,0,2,2,8,21,1.1654248058130874
6207,"London, U2 Bow Bells, 49 Cheapside",EC2V 6AT,London,51.51401798,-0.094212184,1,1,2,7,11,17,33,0.17225540528096134
6209,Greggs @ Sainsbury's Emersons,BS16 7AE,Emersons Green,51.49159761,-2.471932029,1,1,1,1,1,3,8,0.14240056074567511
6210,Greggs @ Sainsbury's Biggleswade,SG18 0NA,Biggleswade,52.09392596,-0.272351764,0,0,1,1,1,2,3,0.6949681185833899
6211,Greggs @ Sainsbury's Arnold,NG5 6BN,Arnold,52.99951944,-1.135547612,0,1,1,2,2,5,8,0.40429681840631443
6212,"Runcorn, 32 Church St",WA7 1LR,Runcorn,53.342592535972,-2.732626846302,1,1,1,1,3,3,4,0.012229162595645566
6213,RONTEC Dartford,DA1 1YT,Dartford,51.43770128566,0.237076333786,0,1,1,1,1,2,8,0.4122891299202323
6214,MFG Oulton Broad,NR32 2PY,Lowerstoft,52.4782389965,1.71633571077,0,0,0,0,1,1,1,1.5453385124345407
6215,EG On The Move St Asaph,LL17 0LY,St. Asaph,53.26026042,-3.452278598,0,0,0,0,0,0,1,4.371212618275391
6216,"Hinckley, U2, 24 Fieldfare Rd",LE10 3FY,Hinckley,52.54993717,-1.399113411,0,0,0,1,1,1,5,1.2315613030548096
6217,Greggs @ Tesco Haverfordwest,SA61 1BU,Portfield,51.79848,-4.97748,0,0,1,1,1,1,1,0.5451081171080074
6218,"Newtonabbey, UA Abbey SC, Longwood Rd",BT37 9UH,Newtonabbey,54.65555091,-5.918945418,0,0,1,2,2,3,6,0.724473820512816
6219,"Glasgow, U6 Queen Street Stn",G1 2AF,Glasgow,55.86215714,-4.250810202,0,1,1,2,3,7,14,0.445610604984021
6220,"Cwmrhydyceirw, U2 Rhodfa Fadog",SA6 6LQ,Cwmrhydyceirw,51.682893231931,-3.923357734455,0,0,0,1,2,2,5,1.3584744752855251
6221,EG On The Move West End,BB2 6PN,Blackburn,53.75079004,-2.505213101,0,0,0,1,1,1,2,1.1837459690897885
6223,MFG Horley,RH6 0AD,Horley,51.1661204,-0.182317617,0,0,1,1,1,1,4,0.9551256329331399
6224,BLAKEMORE Phoenix Park,NG16 1AE,Nuthall,53.0216571,-1.188743721,0,0,1,1,2,3,7,0.676727429452082
6225,EG On The Move Shelfield,WS4 1PQ,Shelfield,52.61254766,-1.95658216,0,0,0,0,2,3,9,1.7119229041936832
6226,EG On The Move Gibbets Cross,LE17 6AR,Shawell,52.42161738343,-1.224159512,0,0,0,0,0,2,4,2.5136603349239275
6229,"Mountain Ash, U22B Oxford St",CF45 3PG,Mountain Ash,51.68274585,-3.378864303,0,0,0,0,0,1,3,2.2223284388779936
6230,RONTEC Orient,E10 7PN,London,51.5681244,-0.031875122,0,0,1,3,6,9,27,0.9981624205658264
6231,MFG Monktonhall,EH21 8RE,Musselburgh,55.92628750672,-3.063177806109,0,0,0,1,1,3,7,1.2282493469869644
6233,"Hemel Hempstead, 201 The Marlowes",HP1 1BL,Hemel Hempstead,51.749340374527,-0.472239136392,1,1,1,1,2,2,4,0.09381577932078905
6234,"Gowerton, 106 Sterry Rd",SA4 3BW,Gowerton,51.64746401,-4.037047026,0,0,0,0,1,2,5,1.5008464178956515
6235,"Swindon, 21 The Parade SC",SN1 1BB,Swindon,51.562112371251,-1.784053013803,0,0,1,1,2,4,4,0.8401220050121567
6236,ASDA EXPRESS Baynards Green,OX27 7SG,Bicester,51.95865861,-1.202832287,0,0,0,0,0,0,2,4.243485116776237
6237,RONTEC Catford,SE6 1AA,London,51.44533569136,-0.007805061493,0,2,2,2,3,9,21,0.33730805945401493
6238,MFG Tweedbank,TD1 3DJ,Tweedbank,55.602261661541,-2.752167730175,0,0,0,0,0,1,1,2.312451802355832
6239,RONTEC Lockhurst Lane,CV6 5NY,Coventry,52.429648883784,-1.502732976495,0,0,1,2,4,6,8,0.6076698209590089
6240,SSP Cardiff Airport,CF62 3BD,Cardiff,51.397861,-3.338389,0,0,0,0,0,1,1,2.9202445914851967
6241,"Crosby, 19 Liverpool Rd",L23 2SA,Crosby,53.4924256,-3.0258747,1,1,1,1,1,1,5,0.1229283126072902
6242,EG On The Move Telford,TF1 3QA,Telford,52.71778,-2.52489,0,0,0,0,1,1,4,1.7864183211820743
6246,"Liscard, 16 Liscard Way",CH44 5TP,Liscard,53.419317127294,-3.043128142457,1,1,1,1,1,3,9,0.11565442937251309
6248,"Cwmbran, 2 Gwent Sq",NP44 1PN,Cwmbran,51.65461592,-3.020604214,1,1,1,1,1,2,4,0.038896227858708894
6249,"Coseley, 21 Castle St",WV14 9DP,Coseley,52.54096188,-2.088058531,1,1,1,1,1,3,10,0.037793738867301
6251,Greggs @ Tesco Extra Dundee,DD3 8QB,Dundee,56.48289,-2.99263,0,0,1,1,2,3,3,0.8791806714065454
6253,Greggs @ Tesco Extra Ayr,KA8 0QA,Ayr,55.46791,-4.60814,0,0,1,1,1,2,2,0.7877771650518499
6254,SODEXO Manchester Royal Infirmary,M13 9WL,Manchester,53.46137655,-2.224678147,0,0,1,3,3,9,17,0.7788850921029725
6255,"Cwmbran, 10 General Rees Sq",NP44 1AH,Cwmbran,51.65333313,-3.02276888,1,1,1,1,1,2,4,0.15116558330525137
6256,"St. Albans, U1A Colney Flds SP Barnet Rd",AL2 1AB,St Albans,51.716027982556,-0.282644585228,0,0,0,1,1,1,6,1.4385431306334469
6257,MFG Kilmington,EX13 7RB,Axminster,50.77874449,-3.031293267,0,0,0,0,0,0,0,7.05179437187899
6258,"Stenhousemuir, U2 Bellsdyke Rd",FK5 4PT,Stenhousemuir,56.03650461,-3.806272899,0,0,1,1,1,2,4,0.9249163901241962
6262,"Wakefield, 5 Westgate, Ridings Centre",WF1 1JZ,Wakefield,53.6825,-1.49782,0,1,2,2,2,2,3,0.46705094992067864
6263,"Edinburgh, U42 Gyle SC",EH12 9JT,Edinburgh,55.93835828,-3.314770019,0,0,1,1,1,3,7,0.7898007248179002
6264,"Fareham, 97 West St",PO16 0AB,Fareham,50.852699450694,-1.179960012286,1,1,1,1,1,3,7,0.21973230502446495
6265,"Bransholme, U21 North Point SC",HU7 4EE,Bransholme,53.78659,-0.32049,0,0,0,1,3,3,5,1.3727510889480157
6266,"Hedge End, R1 Hedge End TP, Tollbar Way",SO30 2JN,Hedge End,50.9244419,-1.311872804,0,0,1,1,1,3,9,0.8384110681141322
6268,MFG Bridgwater,TA6 4RR,Bridgwater,51.14642027,-2.991708674,0,0,0,1,1,1,1,1.2985836260325323
6269,MFG Walkers Clock,TF2 8JY,Donnington,52.7252538,-2.434307726,0,0,0,1,1,2,5,1.122639583679912
6270,MFG Bruton,BA10 0BQ,Bruton,51.10975029,-2.459204712,0,0,0,0,0,0,0,6.739488091712347
6272,"Leicester, U2 Fletton Close",LE4 9LP,Leicester,52.65759362,-1.083233376,0,0,0,1,1,3,8,1.1207938585615764
6273,"Swansea, 254 Oxford St",SA1 3BN,Swansea,51.61980453,-3.945956286,1,1,1,1,1,2,5,0.18745548844523927
6274,"Bromsgrove, 88 High St",B61 8EX,Bromsgrove,52.33519456,-2.06018368,1,1,1,1,1,1,2,0.1335116902959171
6275,"Northampton, U11 Kingsthorpe Ctr",NN2 7BD,Northampton,52.2628494,-0.900990028,1,1,1,1,3,5,6,0.08120321568577707
6277,"Ldn, U2 Embankment Underground Stn",WC2N 6NS,London,51.507256,-0.122194,0,0,1,5,7,14,32,0.643482419019695
6279,"Ashford, U6 Grove House, Church Rd",TW15 2UD,Ashford,51.43401358,-0.465396401,0,0,0,2,2,3,9,1.3180569894241443
6281,"Luton, U10 Luton RP, Gipsey Lane",LU1 3JH,Luton,51.87366058,-0.400193339,0,0,0,1,2,3,6,1.069771477178036
6282,"Ilford, 28 Cranbrook Rd",IG1 4NE,Ilford,51.55964175,0.070211094,0,0,0,2,2,6,18,1.3530582739568788
6284,MFG Folkestone,CT19 4DP,Folkestone,51.08708872,1.149482676,1,1,1,1,1,1,1,0.14774967903577438
6285,MFG Newington,SE1 4AG,London,51.49443674,-0.090910028,0,1,2,3,5,17,31,0.4019604485178065
6286,Greggs @ Sainsbury's Bath Rd,RG31 7SA,Calcot,51.44157157,-1.060374499,0,0,0,1,1,2,3,1.4492512108874613
6288,"Tyldesley, U4 Parr Bridge RP, Msley Rd",M29 8RZ,Tyldesley,53.511184,-2.431355,0,0,0,0,1,1,6,1.571605883320586
6289,"Outlet: Gorbals, 169 Crown St",G5 9XT,Gorbals,55.8490187,-4.250153456,0,0,1,1,3,7,15,0.6252611895797974
6291,RONTEC Gateway,LS9 0AA,Leeds,53.779478674666,-1.480755658546,0,0,0,0,0,3,7,2.242753909845319
6292,"Strathaven, 24 Common Green",ML10 6AF,Strathaven,55.67676106795,-4.066041562175,0,0,0,0,0,0,0,6.689346294443463
6296,Greggs @ Sainsbury's Dome,WD25 9JS,Watford,51.68154613,-0.388554821,0,0,1,1,2,3,5,0.9392132117860588
6297,Greggs @ Sainsbury's Crystal Peaks,S20 7PJ,Crystal Peaks,53.3415673,-1.350271965,0,0,0,0,1,2,3,1.8272535018335931
6298,"Coventry, U4 CODE Building, Fairfax St",CV1 5RQ,Coventry,52.40950979095,-1.503930256976,0,1,1,3,4,7,8,0.38773860126514753
6299,"High Holborn, 9 Chancery Lane",WC1V 6DR,High Holborn,51.5183959,-0.111914708,0,0,3,5,9,15,31,0.5852843874980198
6300,RONTEC Beverley,HU17 0XL,Beverley,53.83520211,-0.407096297,0,0,0,1,1,1,2,1.2009760403170635
6301,"Blantyre, U2 Hamilton Intrntl Tchnlgy Pk",G72 0BP,Blantyre,55.78045357,-4.098243186,0,0,0,0,0,3,8,2.3987581816954324
6303,"Trowbridge, U27 The Shires SC",BA14 8AT,Trowbridge,51.3203052,-2.209550727,1,1,1,1,1,2,3,0.22397345943904043
6304,"Outlet: Cardiff, St Mellons DC Crkhwl Rd",CF3 0EF,Cardiff,51.52499169,-3.101954365,0,0,0,0,2,2,5,1.6133013951594513
6306,"Outlet: Rednal, 10 Arden Rd",B45 0JA,Rednal,52.40309007,-2.016318356,0,0,1,1,2,2,7,0.6409289736294919
6307,"Newport, U1 Tesco Extra, Spytty Rd",NP19 4TX,Newport,51.57646064,-2.945952321,0,0,0,1,1,2,3,1.2179484353943255
6308,"Gretna, U67B Caledonia Park, Glasgow Rd",DG16 5GG,Gretna,54.99594448,-3.056426881,0,0,0,0,0,0,0,7.167791087290767
6310,"Outlet: Oldham, 23 Henshaw St",OL1 1NH,Oldham,53.542905,-2.115333,0,0,0,1,1,1,5,1.0053984116126173
6312,"Craigavon, Marlborough RP Drive Thru",BT64 1AG,Craigavon,54.4470593,-6.391575,0,0,0,0,1,1,2,1.6140908057397652
6313,MFG Wednesbury,WS10 9HA,Wednesbury,52.555328,-2.013822,0,1,1,1,2,4,8,0.3836688300071798
6314,MFG Viking,MK2 2BA,Milton Keynes,51.995961093439,-0.717198943213,0,0,1,1,2,3,6,0.7077574542815155
6315,"Outlet: Plaistow, 107 Plaistow Rd",E15 3ET,Plaistow,51.53386192,0.011256296,0,0,1,3,4,10,28,0.6038920385706922
6317,"Caernarfon, U1 Pool Street",LL55 2AD,Caernarfon,53.1395875,-4.2719649,0,0,0,0,0,0,0,6.8235552933143735
6318,"Edmonton, U49 Edmonton Green SC",N9 0TT,Edmonton,51.62423863,-0.058479618,1,1,1,3,4,7,17,0.053603460888243575
6319,"Leighton Buzzard, 45 High Street",LU7 1DN,Leighton Buzzard,51.916464565226,-0.662358906737,1,1,1,1,1,1,2,0.056692303411855396
6320,"Oldham, UA Feathrstll Rd Nrth Drive Thru",OL9 6BW,Oldham,53.5456174,-2.1261644,0,0,0,1,1,2,5,1.4227606203828413
6321,"Bridgnorth, 39 High St",WV16 4DB,Bridgnorth,52.5350092,-2.4198359,0,0,0,0,0,0,0,7.077629319059345
6323,RONTEC Solent,PO13 0XL,Gosport,50.82436135,-1.165188006,0,0,0,0,0,4,9,2.142848579247553
6324,"Wrexham, 11 Hope St",LL11 1BG,Wrexham,53.04577,-2.99355,1,1,1,1,1,1,1,0.22315614428336364
6326,"Telford, U15 Hortonwood 33",TF1 7EX,Telford,52.7159921,-2.4640844,0,1,1,1,2,4,4,0.4670161466558763
6327,"Preston, U82 St Georges SC, Fr",PR1 2NQ,Preston,53.7582486,-2.7017412,0,0,1,2,2,3,4,0.9118852950874355
6328,"Tunstall, Sandyford Service Station",ST6 5FE,Tunstall,53.06906377411,-2.214696332477,1,1,1,1,1,1,5,0.06621787078129031
6332,"Brecon, Bethel Sq, 10 Lion St",LD3 7JP,Brecon,51.9478737,-3.390221167,1,1,1,1,1,1,1,0.20675617263566248
6335,"Moseley, U1, 158 Alcester Rd",B13 8HS,Moseley,52.4475829,-1.887817485,0,0,0,0,2,6,12,1.818268744612489
6337,"St Helens, 99 Higher Parr St",WA9 1AG,St Helens,53.45385,-2.72134,0,0,1,1,2,3,6,0.7994455755010061
6338,"Rugeley, U36 Riverside IE, Pow",WS15 2YR,Rugeley,52.7645049,-1.9307084,0,0,1,1,1,1,1,0.9764780105602926
6339,EG On The Move Peterborough,PE2 8RR,Peterborough,52.55025722,-0.211595145971,0,0,0,0,1,3,5,1.8536882751387236
6342,"Glasgow, 319 Byres Rd",G12 8UQ,Glasgow,55.87656137886,-4.292453469396,0,1,1,1,2,6,14,0.3814105335687453
6343,"Swansea, 270 Cockett Rd",SA2 0FN,Swansea,51.634641,-3.981102,0,0,1,1,2,3,5,0.7127874568070305
6345,"Cardiff, U31A St Davids SC",CF10 2DP,Cardiff,51.48106665477,-3.17580047108,0,0,2,4,4,9,11,0.5143126553808893
6347,"Winchester, Easton Lane Drive Thru",SO23 7UD,Winchester,51.07074176,-1.295205155,0,0,1,1,2,2,2,0.9067468024217588
6348,"Bexleyheath, UE Broadway SC",DA6 7JN,Bexleyheath,51.45619060825,0.147071001549,0,0,1,1,4,7,14,0.6077909100755854
6349,"Reading, 162 Bath Rd Drive Thru",RG30 2HA,Reading,51.44440873,-1.020437319,0,0,0,2,2,3,7,1.3000587607837009
6350,"Sutton, 74 High St",SM1 1EZ,Sutton,51.36197140898,-0.19223646289,0,1,2,3,3,5,12,0.2547732775623859
6351,"Shepherds Bush, USU2068 Westfield SC",W12 7GG,Shepherd Bush,51.50787,-0.223179,0,1,1,4,7,10,21,0.2565500457546478
6353,Greggs @ Sainsbury's Hamilton,ML3 0DF,Hamilton,55.780462830213,-4.056403984628,0,0,1,1,1,2,5,0.9686114978180617
6354,"Cardiff, 217 Cowbridge Rd",CF11 9AL,Cardiff,51.481478993,-3.198996834,1,1,1,3,5,8,11,0.22336848109269306
6355,RONTEC Portsbridge,PO6 2SJ,Cosham,50.83899857,-1.069220848,0,1,1,1,2,5,10,0.3705306012554997
6357,MFG Newquay,TR7 2HS,Newquay,50.40359738,-5.072228073,0,0,1,1,1,1,1,0.8399169741448229
6359,MFG Kingsclere,RG20 4TA,Newbury,51.33262938131,-1.255823291172,0,0,0,0,0,0,1,4.909077472369703
6360,"Ipswich, U6 Futura RP, James Bennett Way",IP3 9SR,Ipswich,52.0332383616,1.201780376114,0,0,0,1,1,1,3,1.4662732565749994
6361,"Whiteley, UD3B Whiteley SC, Whitleley Wy",PO15 7PD,Whiteley,50.884484386357,-1.245360642989,0,1,1,2,2,2,5,0.3768266961389563
6362,"Erith, U7 Erith SC, 20 High St",DA8 1RG,Erith,51.4803683594,0.180172128363,1,1,1,1,1,3,13,0.027367440089615246
6364,"Knightswood, 770 Anniesland Rd",G14 0YU,Glasgow,55.8862,-4.36017,1,1,1,3,3,6,10,0.07409954530805539
6366,"Bournemouth, 43 Old Christchur",BH 1 1ED,Bournemouth,50.72055302,-1.877354629,0,0,1,1,2,3,5,0.5344221473860856
6367,"Prestatyn, U16 Prestatyn SP, Nant Hll Rd",LL19 9BJ,Prestatyn,53.33575353,-3.403243431,1,1,1,1,1,1,2,0.07186304208466417
6368,"Middlesbrough, UA1 Cleveland RP",TS6 6UX,Middlesbrough,54.5703543439,-1.1815096542,0,0,0,1,1,2,4,1.1088064877895047
6369,MFG Oaklands Sidmouth,EX5 2JJ,Exeter,50.70708902476,-3.364786361327,0,0,0,0,0,0,1,4.881906166570047
6370,MFG Kilmarnock,KA1 5LQ,Kilmarnock,55.597070066854,-4.474402026269,0,0,0,1,1,2,2,1.0198386539359554
6371,Greggs @ Tesco Extra Guildford,GU2 7UN,Guildford,51.2417312129,-0.6044956163,0,0,1,2,2,2,4,0.9101376469339505
6372,Greggs @ Tesco Extra Brislington,BS4 5AY,Brislington,51.432361676603,-2.555061919091,0,1,1,1,3,6,12,0.36810543468908485
6373,Greggs @ Tesco Extra Kingston Park,NE3 2FP,Kingston Park,55.01379924,-1.66194408,1,1,1,1,3,4,9,0.22292241721267858
6374,Greggs @ Tesco Extra Romford,RM3 0LL,Romford,51.593308387,0.2188327067,0,0,0,2,2,3,8,1.4126844840238324
6379,MFG Centurion,GL7 7JR,Cirencester,51.78295795046,-2.03654357764,0,0,0,0,0,0,0,6.224033952731555
6380,"Glasgow, U26 Glasgow Central S",G1 3SQ,Glasgow,55.859325558083,-4.258409209721,0,0,1,2,3,7,15,0.6001377487747567
6381,"Wellington, 1 New St",TF1 1LU,Wellington,52.700874,-2.518347,0,0,1,1,1,3,4,0.8031821760447029
6384,"Ashby, 22 Broadway",DN16 2SN,Ashby,53.56657153,-0.64880549,1,1,1,1,1,1,1,0.10016969154632725
6387,"Dudley, Peartree Lane, Grazebrook IP",DY2 0XW,Dudley,52.4980119963,-2.0961928278,0,0,1,1,2,5,9,0.949569406912854
6388,"Wellingbrgh, U13A Swansgate SC",NN8 1EX,Wellingborough,52.301372049746,-0.692118995034,0,0,1,2,2,2,4,0.6391025407044498
6390,"Glasgow, 340 Argyle St",G2 8LY,Glasgow,55.858960864102,-4.262111971159,0,0,1,2,3,7,16,0.735801870941107
6392,"Outlet: Edmonton, 235 Bounces Rd",N9 8LP,Edmonton,51.628063225902,-0.046659930293,0,0,1,2,4,7,17,0.582848205502544
6395,"London, U12 Sheldon Sq, Paddington",W2 6EZ,London,51.51932757,-0.180484061,0,0,2,2,3,12,29,0.7209999182873142
6396,"Coatbridge, U62 Main St",ML5 3BQ,Coatbridge,55.862383998897,-4.026215869218,0,0,0,1,2,2,4,1.1472217698315028
6397,"Rickmansworth, 131 High St",WD3 1AN,Rickmansworth,51.6389484,-0.470487001,0,0,1,1,1,1,6,0.5801643400015992
6399,RONTEC Durham Road,SR2 7QX,Sunderland,54.895260016536,-1.398122569939,0,0,1,2,2,3,5,0.9843417823456151
6400,RONTEC Greyhound,WA3 5QQ,Glazebury,53.480263943488,-2.499426958612,0,0,0,0,1,1,3,1.5679212488988
6402,Greggs @ Tesco Express Ealing,W5 5JY,Ealing,51.5122513978,-0.3027158495,0,0,1,2,3,5,19,0.9401032018650016
6403,Greggs @ Tesco Express Bethnal Green,E2 0AN,Bethnal Green,51.5269201086,-0.061584372698,1,1,2,5,10,16,31,0.19042115559185835
6404,MFG Meridian,LE19 1XT,Braunstone,52.607852244948,-1.189591704283,0,0,0,0,1,4,8,1.7811960819927197
6405,MFG Leith Hill,RH5 4QU,Dorking,51.178064312495,-0.31533030209,0,0,0,0,0,0,1,3.8973772355814376
6406,MFG Waterfront,DY5 1LL,Brierley Hill,52.487639699324,-2.119008691246,0,0,0,0,1,4,7,1.8602435160168074
6407,MFG Eastbridge,AL7 1LE,Welwyn Garden City,51.801383241463,-0.195707238706,0,1,1,1,1,1,2,0.45105033187737076
6408,MFG High Wycombe,HP13 7EX,High Wycombe,51.6267526264,-0.71638868528,0,0,0,2,3,4,5,1.343532653270079
6411,MFG Belvedere,DE13 0RF,Burton-on-Trent,52.817648295355,-1.651712441711,0,0,1,2,2,2,4,0.5060636657706167
6412,MFG Latchingdon,CM3 6JP,Latchingdon,51.6712294255,0.717822620348,0,0,0,0,0,0,2,4.511673699210653
6413,BLAKEMORE Ton Pentre,CF41 7EE,Ton Pentre,51.647304915665,-3.48838911714,0,0,0,1,1,2,4,1.1224605437259154
6414,"Hinckley, 3 Castle St",LE10 1DA,Hinckley,52.54114562621,-1.37253245525,1,1,1,1,1,1,4,0.17523770872074163
6415,Greggs @ Tesco Cleethorpes,DN35 9QR,Cleethorpes,53.539479932488,-0.045847220357,0,0,0,1,1,2,3,1.4928646251636286
6416,Greggs @ Tesco Baldock,SG7 6BN,Baldock,51.98530073087,-0.185809325426,0,0,0,0,1,2,4,1.7428747737838206
6420,"Saffron Walden, 3 Market Pl",CB10 1HZ,Saffron Walden,52.02358279691,0.241225443461,1,1,1,1,1,1,1,0.05520445721100581
6421,"London, SU53 London Bridge Station",SE1 9SP,London,51.504983743421,-0.085016976712,0,0,3,5,9,19,30,0.5736301601754465
6422,"Birstall, U2 Bankwood Wy, Centre 27 BP",WF17 9TB,Birstall,53.7441844475,-1.6424430738,0,0,0,0,1,2,6,1.7471202911595363
6423,"Brierley Hill, UL31 Intu Merryhill",DY5 1QX,Brierley Hill,52.481278503635,-2.110849250475,0,0,0,1,1,5,8,1.3215542396473783
6426,"Wolverhampton, 140 Cannock Rd",WV10 8PX,Wolverhampton,52.613463398077,-2.09856983439,1,1,1,1,1,3,7,0.008873704771283597
6431,"Gosforth, U1, 36 Wansbeck Rd S",NE3 3HQ,Gosforth,55.013144089788,-1.634528786581,0,0,0,2,3,7,10,1.2234727191795733
6432,Greggs @ Tesco Huntingdon,PE28 2LA,Huntingdon,52.352459585516,-0.18068579173,0,0,0,1,1,1,1,1.4288577172860157
6434,Greggs @ Tesco Bar Hill,CB23 8EL,Bar Hill,52.254920012329,0.01863158799,0,0,0,0,0,0,2,4.5197876384380855
6435,"Winsford, U1C Dingle Walk",CW7 1BA,Winsford,53.191756931,-2.52843146,0,1,1,1,1,1,2,0.499700744008059
6436,"Blackburn, Grimshaw Park",BB2 3AG,Blackburn,53.73912415,-2.477720729,0,1,1,1,1,1,3,0.47668641641614024
6438,"Norwich, 155 Mile Cross Ln",NR6 6RZ,Norwich,52.65732330361,1.281991386088,0,0,0,1,1,4,5,1.2983490969050935
6439,"Workington, 7A Clay Flatts IE",CA14 3YD,Workington,54.636055356086,-3.561625925722,0,0,1,1,1,1,1,0.8118201057339244
6440,RONTEC Welshpool,SY21 8SL,Welshpool,52.671508096941,-3.1230783526,0,0,0,0,0,0,0,13.501027750222203
6441,"Tonyrefail, U3B Gelligron IE",CF39 8ES,Tonyrefail,51.585598201256,-3.432612972067,0,0,0,1,1,2,4,1.1012828483276393
6443,"Eastbourne, 81 Terminus Rd",BN21 3NJ,Eastbourne,50.76851483736,0.285044070643,1,1,1,1,1,2,3,0.10807237954910667
6444,"Watford, U1 Watford BP, Faraday Close",WD18 8SA,Watford,51.64768083,-0.426246432,0,0,0,0,1,2,7,1.9209299032112053
6445,"Bromley, 103 High St",BR1 1JQ,Bromley,51.40344596824,0.015309985749,1,1,2,2,2,5,15,0.22521898724131378
6446,"Walton On Thames, U45 The Heart",KT12 1GH,Walton On Thames,51.38577483,-0.420364769,0,0,1,1,2,4,9,0.5335280229915642
6448,"Motherwell, U1 Motherwell Station",ML1 1BN,Motherwell,55.791582668,-3.9940633396,0,0,1,1,1,2,5,0.8409014916549394
6449,"Bangor, U67 Dunlop CP, Balloo Link",BT19 7HJ,Bangor,54.645123269903,-5.669253590605,0,0,1,2,2,2,3,0.8259769645826696
6450,"Eastbourne, U2 Langney SC, Kingfisher Dr",BN23 7RT,Eastbourne,50.8034674762,0.30351216752,1,1,1,1,1,3,4,0.020038336674524683
6451,"Glasgow, 393 Sauchiehall St",G2 3HU,Glasgow,55.8657966344,-4.2679439619,0,0,1,2,3,9,15,0.9010730670204318
6452,"South Shields, UA2 Claypath Lane",NE33 4NU,South Shields,54.9938710727,-1.4314242197,0,0,0,0,1,3,4,1.7825600031177053
6456,"Northampton, U5 Brackmills TP, Caswell R",NN4 7PW,Northampton,52.216460975881,-0.870762019951,0,0,0,1,2,2,6,1.3802404042345608
6461,Leeds Train Station,LS1 4DT,Leeds,53.795797160846,-1.547958711223,0,1,2,2,2,4,10,0.4390525915476945
6462,MFG Country,PE8 6TZ,Warmington,52.507238249438,-0.426458995944,0,0,0,0,0,0,0,6.533440127671361
6463,MFG Hyde Road,SK14 6NG,Mottram,53.456341318059,-2.016889429094,0,0,0,0,0,2,5,2.665211768340822
6464,"Glasgow, 2195 Paisley Rd West",G52 3PF,Glasgow,55.845575739891,-4.35745912671,0,0,0,1,1,5,14,1.1993195237228218
6465,"Sheffield, U7A 53 The Moor",S1 4PF,Sheffield,53.3765376492,-1.4729226819,0,1,2,2,3,5,7,0.35985189705986487
6467,EG On The Move Warton,PR4 1XD,Warton,53.7517,-2.88173,0,0,0,0,0,0,2,4.138137253100097
6468,RONTEC Sherborne,DT9 4BQ,Sherborne,50.949580506,-2.5269951438,0,0,0,0,0,0,1,4.304404781916104
6469,RONTEC Academy,L33 7AN,Liverpool,53.47649,-2.8677,0,0,0,0,0,1,8,2.4346775592066185
6470,"Ruthin, Lon parcwr",LL15 1NJ,Ruthin,53.1197324807,-3.3116379485,0,1,1,1,1,1,1,0.46783855562307897
6471,"Bangor, Caernarfon Rd, Bryn Llwyd SS",LL57 4SU,Bangor,53.210426481677,-4.148654233272,0,1,1,2,2,2,2,0.2538844012378363
6474,"Belfast, 537 Lisburn Rd",BT9 7HN,Belfast,54.575851089004,-5.955067072406,0,0,1,2,2,5,7,0.866515125106873
6475,Greggs @ Asda Rotherham,S65 3SW,Rotherham,53.443284841693,-1.31965564737,0,0,0,0,1,2,4,1.9164987017819133
6476,BLAKEMORE Ingoldmells,PE25 1RH,Ingoldmells,53.19472,0.34833,0,0,0,0,0,0,1,3.565417998013955
6477,"Seaham, U72 Dalton Park",SR7 9HU,Seaham,54.81549026147,-1.37316265124,0,0,0,0,0,1,3,2.2209885433481675
6480,"Pontypool, 13 George St",NP4 6LR,Pontypool,51.70339374276,-3.041990094765,0,0,0,1,1,1,2,1.3834125915922826
6481,Greggs @ Tesco Havant,PO9 1TR,Havant,50.849722836821,-0.986102108491,1,1,1,1,1,2,7,0.20798559445035353
6483,"Bishop Auckland, U3 Auckland RP",DL14 9AE,Bishop Auckland,54.638216055418,-1.689810894941,1,1,1,1,1,1,2,0.201515567937883
6484,COMPASS Whiston Hospital,L35 5DR,Prescot,53.42097,-2.78553,0,0,0,1,1,3,8,1.0014453262621406
6485,MFG Winterbourne Abbas,DT2 9LJ,Dorchester,50.712317360391,-2.538646110955,0,0,0,0,0,0,1,4.211316584050688
6487,Greggs @ Sainsbury's Cobham,KT11 1HW,Cobham,51.33357031,-0.422171097,0,0,1,1,1,1,7,0.5138210856246443
6489,MOTO Winchester Sth,SO21 1PP,Winchester,51.116563376484,-1.254165349382,0,0,0,0,0,0,2,4.450764188017248
6490,RONTEC South Shore,FY1 6BF,Blackpool,53.79591765958,-3.047393045217,0,0,1,3,3,4,6,0.9121708195472891
6491,RONTEC Hedon Road,HU9 5QN,Hull,53.748189248301,-0.274065590592,0,0,0,1,1,2,4,1.3974766602268673
6492,MFG Tollgate,IP32 6AX,Bury St Edmunds,52.2604954859,0.710045029462,0,0,1,1,1,1,1,0.7017227569553944
6493,"Queensferry, The Cross, Station Rd",CH5 1SU,Queensferry,53.205668530549,-3.024326396848,1,1,1,1,1,1,2,0.0689501174493971
6494,"Gloucester, St Oswald's RP",GL1 2SG,Gloucester,51.873871922456,-2.247644587427,1,1,1,1,2,2,4,0.05947678984481622
6495,"Peterborough, U9 Ortongate SC",PE2 5TD,Peterborough,52.543224490579,-0.30212511843,0,0,0,1,1,2,4,1.2821985127295774
6496,MOTO Skelton Lake,LS9 0AS,Leeds,53.77294371617,-1.4711642388,0,0,0,0,1,2,6,1.786009643114391
6499,"Folkestone, 65/67 Sandgate Road",CT20 1RY,Folkestone,51.07841094013,1.178560762542,0,0,0,1,1,1,1,1.2495561323837987
6500,RONTEC Peterborough,PE1 4SA,Peterborough,52.599633137656,-0.210692871427,0,0,0,0,0,2,5,2.462206780064736
6501,"Belfast, UA The Arc, Titanic Quarter",BT3 9DT,Belfast,54.605555458162,-5.911670428,0,0,0,1,2,4,10,1.2578552668503782
6502,EG On The Move Cinderford,GL14 2TD,Cinderford,51.82914287324,-2.502636545273,0,0,0,0,0,0,0,6.765581733045212
6504,MFG Roundswell,EX31 3RZ,Barnstaple,51.062925929371,-4.08364930884,0,0,0,1,1,1,1,1.3221789383705882
6507,"Blackpool, U5 Tram Station",FY1 1AQ,Blackpool,53.82121538386,-3.049583902754,0,0,2,2,3,5,6,0.6698615393882107
6508,"Wealdstone, 48 High St",HA3 7AE,Wealdstone,51.594414944912,-0.33499750024,0,0,1,2,3,8,15,0.8699064595285365
6510,"Beckenham, U5, 272 High St",BR3 1DZ,Beckenham,51.406764616823,-0.03069103392,0,0,0,1,2,6,16,1.0482373896332475
6511,"West Wickham, 65 High St",BR4 0LS,West Wickham,51.376263820935,-0.017998087857,1,1,1,1,1,7,12,0.09564907994020345
6512,"Ashton Under Lyne, U3C Ashton RP",OL6 6DJ,Ashton Under Lyne,53.491333167077,-2.09733978603,0,1,1,1,1,4,7,0.31838272427571657
6513,"Hastings, 15 Queens Rd",TN34 1QY,Hastings,50.856472775466,0.58147327275,1,1,1,1,2,2,3,0.2034680754944647
6516,"Kendal, Queen Katherines Ave",LA9 6DU,Kendal,54.340051,-2.734288,0,0,1,1,1,1,1,0.8741149452249154
6517,EG On The Move New Edlington,DN12 1BS,Edlington,53.485970336905,-1.186658047482,0,0,0,0,0,0,4,3.60029477903434
6518,"Beeston, U4A Chilwell RP",NG9 6DS,Beeston,52.903184943455,-1.2449183946,0,0,0,0,0,3,5,2.0455124590136653
6520,MFG Hall St,SK1 4DA,Stockport,53.408403691841,-2.14782716297,0,1,1,2,3,3,12,0.4928385084701079
6522,RONTEC Kingscroft,KT22 7SP,Leatherhead,51.301926407939,-0.330334390123,0,0,1,1,1,1,4,0.7418047928101548
6523,"Derby, USU165 Derbion SC",DE1 2PL,Derby,52.918752981268,-1.47281386498,0,0,0,1,1,4,6,1.484587586805349
6525,"Luton, Wigmore Park District Centre",LU2 9XG,Luton,51.888488688666,-0.37141024485,0,0,1,1,1,3,4,0.9986476252034385
6526,"Bishopbriggs, U9A1 Strathkelvin RP",G64 2TS,Bishopbriggs,55.92149709995,-4.20755763033,0,0,0,0,1,3,8,1.5042688609788017
6527,"Chorley, UB1 Knowles Way",PR6 9GW,Chorley,53.671877908272,-2.62062152837,0,0,0,2,2,2,4,1.3077302310638068
6528,"Manchester, Airp T2 Arrivals",M90 1QX,Manchester,53.367760891949,-2.27986696283,0,0,0,1,1,2,8,1.1476726936326007
6529,"Chiswick, 366 Chiswick High Rd",W4 5TA,Chiswick,51.49262877231,-0.263346579199,0,1,1,3,5,8,18,0.4689390598045581
6530,"Cardiff, U8 Clearwater Way",CF23 6DZ,Cardiff,51.514704765412,-3.169973991228,0,0,0,3,4,7,12,1.159396537328664
6532,"Peterborough, 352 Padholme Rd East",PE1 5XL,Peterborough,52.57651332732,-0.210665469849,0,0,0,1,1,2,6,1.4085790802331046
6533,EG On The Move Ogden Rd,DN2 4SS,Doncaster,53.54505334193,-1.0826967986,0,0,0,0,0,1,3,2.382618544835234
6535,"Burnley, Rossendale Road SS",BB11 5HU,Burnley,53.781293858875,-2.275192992237,0,0,0,0,1,1,2,1.6484654769373406
6537,"Basingstoke, U12 Chineham SC, Reading Rd",RG24 8BQ,Basingstoke,51.284580048397,-1.059692822572,1,1,1,1,1,2,4,0.01833552461084958
6539,"Carlisle, 1 Eastern Way",CA1 3RA,Carlisle,54.879265847527,-2.90920754909,0,0,1,1,1,3,3,0.9051315276427085
6540,"Egremont, 50 Main St",CA22 2AB,Egremont,54.481907672437,-3.52879996399,0,0,0,0,0,0,0,5.3068892306851465
6541,"Featherstone, Wakefield Rd",WF7 5WW,Feathersone,53.674607513744,-1.360378209962,0,0,0,0,0,2,3,2.551927204768484
6542,"Rochdale, U22 Riverside Walk",OL16 1BE,Rochdale,53.617672691963,-2.15377392533,0,0,1,1,1,1,3,0.906395561480437
6543,MFG Bridge Of Don,AB23 8BA,Bridge of Don,57.19035872028,-2.08954732248,0,0,0,1,1,2,5,1.2073529561584546
6544,Greggs @ Tesco Extra Southend On Sea,SS0 0JP,Southend On Sea,51.5606403375,0.68432824881,0,0,1,2,2,2,7,0.776473354546943
6545,MFG Waterbeach,CB25 9PQ,Waterbeach,52.29112037318,0.177472123925,0,0,0,0,0,0,0,5.823788754284312
6547,MFG Haverhill,CB9 7UU,Haverhill,52.07513298257,0.452529489893,0,0,0,0,0,1,1,2.0087757779247446
6548,MFG Viaduct,DY10 1JR,Kidderminster,52.370764499651,-2.246203701398,0,0,0,1,1,2,2,1.2995088879351229
6549,MFG Bordon,GU35 0AW,Bordon,51.108697758675,-0.864967266619,1,1,1,1,1,1,2,0.22368050499102893
6552,EG On The Move Dunningsbridge,L30 6AD,Bootle,53.48268028196,-2.961874285796,0,0,1,1,2,5,7,0.5835503803038384
6553,"Stranraer, U3 Bellevilla Rd",DG9 8ED,Stranraer,54.904990988442,-5.023020495878,1,1,1,1,1,1,1,0.0758050012294246
6555,RONTEC Cowley Bridge,EX4 5AD,Exeter,50.73865750659,-3.54525039872,0,0,0,2,2,2,3,1.2169237621997344
6556,"Bristol, 46 Queens Rd",BS8 1RE,Bristol,51.4564682287,-2.6063896039,0,1,2,3,3,8,12,0.49467245240823504
6558,MFG Aldermaston,RG7 5HT,Padworth,51.406450369976,-1.129677455802,0,0,0,0,0,0,1,3.5931217414118257
6560,"Tillicoultry, U29 Affinity Sterling Mlls",FK13 6HQ,Tillicoultry,56.148992049627,-3.74089029814,0,0,0,0,0,0,1,3.069515672824451
6561,MFG Stone Cross,PE38 9FG,Bexwell,52.59808083093,0.397905617126,0,0,0,1,1,1,1,1.0827656945824073
6563,"Knottingley, U1 The Arcade, Hill Top",WF11 8EA,Knottingley,53.708434587249,-1.255027393282,0,0,0,0,0,1,2,2.354452902525311
6565,"Bristol, U9 Transom House, Vic",BS1 6AH,Bristol,51.45186524157,-2.587883313889,0,1,2,3,4,7,12,0.3642910858438887
6566,"Wolverhampton, 56 Dudley St",WV1 3ER,Wolverhampton,52.585359527719,-2.127264813607,0,0,0,1,1,3,7,1.4956648065950366
6567,"Outlet: Salford, U3 Radclyffe Park",M5 3PH,Salford,53.474279980672,-2.281039609239,0,1,2,2,4,6,16,0.4101824738039549
6568,"Newton Mearns, U1 Greenlaw Vil",G77 6GR,Newton Mearns,55.782419115429,-4.34745973677,1,1,1,1,2,4,6,0.03528893688538663
6570,"Cosham, 34 High St",PO6 3BZ,Cosham,50.845265614521,-1.06689610222,1,1,1,1,1,4,9,0.07512139222292642
6571,"Basildon, 36 Eastgate SC",SS14 1AE,Basildon,51.56893844544,0.459972816079,0,0,0,0,2,2,6,1.740930618114152
6572,"Sutton Coldfield, U50 Gracechurch SC",B72 1PA,Sutton Coldfield,52.562167254605,-1.82426925998,0,0,0,0,2,4,7,1.7485864777009397
6574,"London, 94 Great Portland St",W1W 7NU,London,51.518860222718,-0.14200693642,1,1,2,3,6,14,34,0.09283436137354878
6575,"Caldicot, U6 Wesley Buildings",NP26 4LY,Caldicot,51.5907323238,-2.7522805803,1,1,1,1,1,1,2,0.004018624928920997
6576,"Bangor, U2C Toscana RP",BT19 1FH,Bangor,54.645742925095,-5.683204066474,0,0,1,1,2,2,3,0.8698420955186703
6578,"Walthamstow, U2A Blackhorse View",E17 6HW,Walthamstow,51.5871977038,-0.0423017735,0,0,0,0,3,8,23,1.575862310321182
6579,"Belfast, U1, 48 York St",BT15 1AS,Belfast,54.605488510385,-5.928212433267,0,0,1,2,2,5,10,0.8151777969323477
6581,EG On The Move Saddle Inn,PR4 0AQ,Preston,53.78703621989,-2.779984665389,0,0,0,0,0,1,2,2.5089813208522607
6582,EG On The Move Fickle Mermaid,SK23 0RB,Chapel-en-le-Frith,53.33066,-1.90868,0,0,0,0,0,0,1,4.897185802197782
6583,"Handsworth, 163 Richmond Park Rd",S13 8HR,Handsworth,53.376106476776,-1.39467602846,0,0,1,1,2,2,8,0.5325058580836011
6584,"Eccles, 82 Church St",M30 0DA,Eccles,53.4833947452,-2.3360327006,0,0,1,1,2,5,13,0.9021172399613232
6585,EG On The Move Wherstead,IP2 8NQ,Wherstead,52.025446,1.139235,0,0,0,0,0,2,2,2.3147972272012005
6586,EG On The Move Stone,ST15 0PX,Stone,52.91718,-2.17219,0,0,0,0,1,1,2,1.5297322056052387
6587,"Antrim, U74 The Junction R&LP",BT41 4LL,Antrim,54.729784867379,-6.231305004415,0,0,0,1,1,1,1,1.3163273481711921
6589,"Nottingham, U355 Carlton Hill",NG4 1JE,Nottingham,52.9656410439,-1.1111961251,1,1,1,2,2,4,9,0.04916002870470265
6592,"Colchester, U1A Colchester RP",CO3 3GT,Colchester,51.892993077128,0.890719460933,0,1,1,1,1,3,3,0.25668344771071905
6593,"Leeds, Wellington St",LS1 4JY,Leeds,53.79637415278,-1.55318650795,0,0,2,2,2,4,10,0.5415169075524837
6594,"Outlet: Irlams o'th' Height, 389 Bltn Rd",M6 7NJ,Irlams o' th' Height,53.50084746963,-2.30903459434,0,0,0,2,3,6,14,1.2657798974741812
6595,"Stretford, 30 King St",M32 8AE,Stretford,53.446039095139,-2.30912981519,0,0,0,1,4,4,17,1.2438195872898385
6596,"West Bridgford, Wilford Lane RP",NG2 7BS,West Bridgford,52.92667661168,-1.15281912202,0,0,1,2,2,4,7,0.544007786612168
6597,"Bangor, U9 Menai Centre",LL57 1ED,Bangor,53.22801183695,-4.1258701102,0,1,1,1,2,2,2,0.4737592938371947
6598,EG On The Move Bexhill,TN39 4QR,BEXHILL-ON-SEA,50.84541675974,0.40938397034,0,0,0,0,0,1,1,2.970634085414875
6599,"Dungannon, Unit 1 Oaks SC",BT71 4NA,Dungannon,54.511998337671,-6.76344950356,0,0,1,1,1,1,2,0.7470595468982706
6600,"Islington, 154 Holloway Rd",N7 8DD,Islington,51.551066096776,-0.10988169675,0,1,2,3,7,14,29,0.35997086161611
6601,EG On The Move Macmerry,EH33 1EZ,Gladsmuir,55.95136,-2.88132,0,0,0,0,0,1,1,2.8849446204956166
6604,MFG Cromer,NR27 9HR,Cromer,52.93249874343,1.298298226131,0,0,0,0,0,0,0,17.976119920437817
6605,"Chalfont St Peter, 1 Bishops House",SL9 9HE,Chalfont St peter,51.6069915985,-0.5572584317,1,1,1,1,1,1,2,0.1191410937618168
6607,"Colwyn Bay, Mochdre, Conway Rd",LL28 5HQ,"Mochdre, Colwyn Bay",53.28775799991,-3.76692583819,0,0,0,0,2,2,2,1.6229325918840343
6610,"Shirley, 407/411 Stratford Rd",B90 4AA,Shirley,52.404990336258,-1.82247408843,0,0,1,1,2,4,7,0.6590099366010809
6611,"Edinburgh, RU20B Ocean Termina",EH6 6JJ,Edinburgh,55.98090212291,-3.178284505106,0,0,1,1,2,5,9,0.8827074767803185
6613,"Topcliffe, U2, A168 Southbound",YO7 3HW,Topcliffe,54.194780277551,-1.36349732862,0,0,0,0,0,0,0,7.582460575926281
6615,"Birmingham, U573A Pebble Mill,",B29 7DF,Birmingham,52.449349352397,-1.91247753915,0,0,1,1,2,6,11,0.8760821831569381
6616,"Huddersfield, U2 Queensgate RP",HD1 2RD,Huddersfield,53.642162608944,-1.78232033129,0,0,1,1,2,3,4,0.592156154883456
6617,"Falkirk, U1 Almond Crt",FK2 9HT,Falkirk,56.011385451336,-3.766025703707,0,0,0,0,2,3,4,1.5777940450775862
6618,"Swaffham, 36 Market Pl",PE37 7QH,Swaffham,52.64741350461,0.68776339826,1,1,1,1,1,1,1,0.0972589208918325
6620,"Sunderland, U84 The Bridges SC",SR1 3LB,Sunderland,54.905737420223,-1.38618910598,1,1,1,2,3,3,4,0.12176231710107221
6621,"Devizes, U4 Garden TE",SN10 2HW,Devizes,51.36069714781,-1.97813067462,0,0,1,1,1,1,1,0.7945955309808084
6622,"Newton Abbot, U2 Kingsteignton IE",TQ12 3BN,Newton Abbot,50.54187560587,-3.59914963317,0,0,1,1,1,1,2,0.7638651106376029
6623,"Royston, U6 Royston Gateway TP",SG8 5PF,Royston,52.05716424211,-0.03693340236,0,0,1,1,1,1,1,0.8591294726834512
6624,"High Wycombe, U42 Eden SC",HP11 2BY,High Wycombe,51.62955485211,-0.75514913319,0,1,1,2,2,4,5,0.2826826255530815
6625,MFG Preston Riversway,PR2 2YN,Ashton-on-Ribble,53.761855512692,-2.737698604281,0,0,1,1,2,2,4,0.8830742896363717
6626,"Ellesmere Port, 5 Marina Dr",CH65 0AL,Ellesmere Port,53.279028820074,-2.90034136218,1,1,1,1,2,2,4,0.0342711054680895
6627,EG On The Move Finmere,MK18 4AG,Buckingham,51.986220699402,-1.069548992998,0,0,0,0,0,0,2,3.6051363535614236
6628,"Liverpool, U4, 209 Great Howard St",L5 9ZH,Liverpool,53.426978376708,-2.99733437534,0,0,1,1,2,5,12,0.73418040911234
6629,"Maesteg, U7 Talbot St",CF34 9BT,Maesteg,51.6087945974,-3.6602937766,1,1,1,1,1,1,1,0.030808832322532256
6631,"Banbury, U6 Castle Quay SC",OX16 5UN,Banbury,52.062730779209,-1.335423244321,0,1,1,1,1,1,1,0.3173321643199396
6632,MFG Totton,SO40 8AD,Totton,50.923615535608,-1.524431682786,0,0,0,1,1,1,4,1.4543016909640414
6633,MFG Morton Park,DL1 4PJ,Darlington,54.51880363997,-1.502338388185,0,0,0,0,0,1,1,2.139996532105058
6634,MFG St Ives,PE27 4NB,St.Ives,52.331133123486,-0.059773532216,0,0,1,1,1,1,1,0.6925649963913018
6636,BLAKEMORE Porthmadog,LL49 9EU,Porthmadog,52.927193898975,-4.13182746591,0,0,0,0,0,0,0,19.3839159226552
6638,"Birmingham, U1 Junction 6 IP, Elctrc Ave",B6 7JJ,Birmingham,52.51279991061,-1.87363808724,0,0,0,1,1,4,9,1.3629583025090735
6640,"Basildon, West Pavillion, Town Sq",SS14 1BA,Basildon,51.570113357573,0.457375233791,0,0,0,0,1,2,6,1.6615232269348836
6641,"Worcester, U6B Shrub Hill RP",WR1 2DD,Worcester,52.193044112084,-2.214483274535,0,0,1,3,3,3,3,0.989929800388177
6644,"Gateshead, Metrocentre, 42 The Galleria",NE11 9YP,Gateshead,54.956323968578,-1.66876259553,0,0,1,1,2,5,9,0.8647324274669452
6645,"Slough, U5, 221 High St",SL1 1BY,Slough,51.508021443348,-0.58932024925,0,0,0,1,1,2,4,1.05893080296589
6646,"Crawley, Northwood Park, Gatwick Rd",RH10 9AX,Crawley,51.133236291564,-0.16745734092,0,0,0,1,2,3,3,1.225672874490074
6647,"Uckfield, 49 High St",TN22 1AN,Uckfield,50.970811200964,0.096172807431,1,1,1,1,1,1,1,0.023685415016740756
6648,"Deal, 31 High St",CT14 6EL,Deal,51.223224586056,1.40275003742,1,1,1,1,1,1,1,0.06081090389819157
6649,EG On The Move Solihull,B26 3QS,Birmingham,52.445858241967,-1.748739668228,0,0,0,0,2,4,7,1.5066469081106435
6650,"Giffnock, 172 Fenwick Rd",G46 6XF,Giffnock,55.802713124977,-4.29525728636,1,1,1,1,4,5,9,0.02728799888112345
6651,"Stockton, U2 High Newham Rd",TS19 8JZ,Stockton on Tees,54.583300464868,-1.35076938649,0,0,0,0,1,1,4,1.9614132691780177
6653,"Cleator Moor, 53 High St",CA25 5AA,Cleator Moor,54.521692503043,-3.51716042233,0,0,0,0,0,0,1,3.4647592163438445
6656,"Congleton, 5 Albion Rd",CW12 1GY,Congleton,53.176900263345,-2.22496027426,0,0,1,1,1,1,1,0.6396677153548901
6658,"Luton, 124 The Mall",LU1 2TJ,Luton,51.879290996157,-0.41463644904,0,1,1,1,3,3,6,0.3498993241702058
6660,"Belfast, U4 Forestside SC",BT8 6FX,Belfast,54.564574,-5.908128,0,1,1,1,3,5,8,0.48560698126792023
6661,"St Neots, 15 Market Sq",PE19 2AR,St Neots,52.2278761068,-0.27080200536,1,1,1,1,1,1,1,0.2322638219083199
6662,Greggs @ Tesco Extra Durham,DH1 2XQ,Durham,54.778573611957,-1.54174417358,1,1,1,1,2,2,2,0.13748979056729527
6663,"Wandsworth, U26 Southside SC",SW18 4TE,Wandsworth,51.45537673903,-0.19389169999,0,0,2,2,3,4,18,0.8577767546209508
6664,"Leeds, U14 Bramley SC, Lower Town St",LS13 2ET,Leeds,53.811874663696,-1.62657984287,0,0,0,1,2,5,8,1.1487311471930215
6665,"Outlet: London, 100 Robert St",NW1 3QP,London,51.528665907,-0.1433951955,0,0,2,4,4,13,31,0.5018680935917569
6668,RONTEC Brooklands,RH19 1DJ,East Grinstead,51.12732862356,-0.016658176517,0,1,1,1,1,1,1,0.3604758357631949
6669,"Romford, U1A The Brewery",RM1 1AU,Romford,51.57652151703,0.179870805112,0,0,0,1,3,5,9,1.0859298359186371
6670,RONTEC Fulwood,PR2 9XH,Fulwood,53.787215907246,-2.712717090932,0,0,0,2,2,2,3,1.161513862874546
6672,"Outlet: Tilbury, 39 Calcutta R",RM18 7QT,Tilbury,51.46159167383,0.361302415549,0,0,0,1,3,4,5,1.4495036341021583
6675,"Aberdeen, UGS5 Union Sq",AB11 5RG,Aberdeen,57.1445416,-2.0966204,0,0,0,2,2,3,6,1.047178044354006
6677,Greggs @ Tesco Corby,NN18 8AL,Corby,52.485172235996,-0.68681892566,0,0,0,0,1,2,2,1.7855077123760732
6678,Greggs @ Tesco Cheshunt,EN8 0TA,Cheshunt,51.717886439373,-0.03666001277,0,0,0,1,1,2,6,1.0679689175546048
6683,"Stirchley, 1360 Pershore Rd",B30 2XS,Stirchley,52.42846375239,-1.92194476355,0,0,1,2,3,4,11,0.9211502309303213
6684,"Yaxley, Enterprise Park, Enterprise Wy",PE7 3WY,Yaxley,52.524463842831,-0.2405375139,0,0,0,0,1,2,4,1.6322782073447046
6685,"Outlet: Leeds, 163 Chapeltown",LS7 3DU,Leeds,53.814731661506,-1.53296567032,0,0,0,1,2,4,8,1.005481281552892
6687,Foyleside Shopping Centre,BT48 6XY,Orchard Street,54.995054572479,-7.31883709345,0,1,2,2,2,3,3,0.44525212115350177
6690,"Derby, U16 Sinfin DC",DE24 3DS,Derby,52.877224759789,-1.494048928803,0,0,0,1,1,3,6,1.0998463564534142
6691,COMPASS Midland Met Hospital,B66 2QT,Smethwick,52.49088,-1.94988,0,1,1,1,3,4,8,0.4327013292572626
6693,RONTEC Keighley,BD20 7DT,Keighley,53.903172203387,-1.98950130491,0,0,0,0,0,0,2,4.117653757546241
6694,"Fulwell, 1 Sea Rd",SR6 9BP,Fulwell,54.929475440526,-1.38148175708,1,1,1,1,2,3,4,0.20835625285463039
6695,MFG Wellington,TA21 9AD,Wellington,50.97989666894,-3.20495591835,1,1,1,1,1,1,1,0.04319888155370966
6696,"Wembley, U4 The Hive, Wembley Park Blvrd",HA9 0HP,Wembley,51.556778509,-0.2824628251,0,1,1,2,2,7,20,0.4366045341521527
6698,"Derby, U21 Merlin Park IE",DE24 8AE,Derby,52.905102552745,-1.46265664865,0,0,0,0,3,4,6,1.5695084057718356
6700,ASDA EXPRESS Gowy,CH3 7HN,Chester,53.20025060558,-2.801634832852,0,0,0,0,0,0,3,3.398564933106548
6704,"Edinburgh, 132 Lothian Rd",EH3 9BG,Edinburgh,55.945326322663,-3.20559938247,0,0,3,4,4,9,11,0.6034506112712681
6706,"Durham, Swift House, Mandale Park",DH1 1TH,Durham,54.790692672794,-1.53671104438,0,0,1,1,1,2,4,0.9929325856896564
6707,"Longbenton, U4 The Boulevard S",NE12 8GA,Longbenton,55.011671974399,-1.59120963085,0,0,1,2,3,5,9,0.646499531802674
6708,"Leigh, U13 Spinning Gate SC, Ellsmere St",WN7 4PG,Leigh,53.495213953516,-2.51761650551,0,1,1,1,1,1,2,0.32108439299567626
6709,"Darlington, U50 Cornmill SC, Tubwell Rd",DL1 1LS,Darlington,54.525042547655,-1.55345114482,0,1,1,1,1,1,1,0.25882151609414716
6710,"Scotstoun, 1586 Dumbarton Rd",G14 9DB,Scotstoun,55.880007309059,-4.352698958732,0,1,1,3,4,7,11,0.4479916141925774
6711,"Warrington, UF1C Cockhedge SP, Ckhdge Wy",WA1 2QQ,Warrington,53.390939057282,-2.58940054368,0,1,1,2,2,3,5,0.372755332619897
6712,"Washington, U89 Galleries SC",NE38 7RT,Washington,54.90013488171,-1.53200069131,0,0,1,1,1,1,5,0.9247896779955864
6715,EG On The Move Elmswell,IP30 9RH,Bury St Edmunds,52.2317441094,0.89324926704,0,0,0,0,0,0,0,5.394805778510012
6716,"Belfast, U49A Castle Court SC",BT1 1DD,Belfast,54.600478425001,-5.93333485826,0,0,1,2,2,5,10,0.8838815477679598
6717,EG On The Move Three Arches,BB2 5EP,Blackburn,53.727525277493,-2.535465173307,0,0,0,0,0,1,1,2.01603147378177
6718,EG On The Move Rotherham,S60 1DS,Rotherham,53.423498292036,-1.365870561903,0,0,1,1,1,1,4,0.7091081903035605
6719,Greggs @ Tesco Extra Gatwick,RH6 0AT,Horley,51.168573937656,-0.185348812625,0,0,0,1,1,1,5,1.0229097718914213
6721,MFG Prizet South,LA8 8AA,Kendal,54.295846748286,-2.760361760687,0,0,0,0,0,1,1,2.358124768586305
6727,MFG Bromyard,HR7 4DJ,Bromyard,52.18773299957,-2.504466792834,0,0,0,0,0,0,0,9.033490412337878
6728,"Newcastle, U5 Pilgrims Qtr, Ne",NE1 8BF,Newcastle Upon Tyne,54.973808802179,-1.611105613202,0,1,1,1,3,5,11,0.38442049494646
6729,MFG Mosshall,EH47 7LX,Blackburn,55.870367671643,-3.637621269015,0,0,0,0,0,2,2,2.2032472555365112
6730,MFG Charnwood,LE11 3QU,Loughborough,52.76103432892,-1.25816075124,0,0,0,0,0,2,2,2.0596265074011297
6731,MFG Hothfield,TN26 1AP,Ashford,51.18499175903,0.816173028156,0,0,0,0,0,0,2,3.5075624335255373
6733,MFG Eynsham,OX29 4EN,Witney,51.78818366374,-1.36631154898,0,0,0,0,0,0,3,4.150561445745283
6734,WELCOME BREAK Hickling,LE14 3QG,Melton Mowbray,52.85142596312,-1.030681068179,0,0,0,0,0,0,0,6.912217970297428
6735,MFG Lutterworth,LE17 4NF,Lutterworth,52.457359033518,-1.199562207822,1,1,1,1,1,1,1,0.16744386604541156
6737,"Newbury, 28 Northbrook St",RG14 1DJ,Newbury,51.403390385799,-1.32439551409,1,1,1,1,1,1,2,0.1281412268579609
6738,"Peterlee, U2 Passfield Way",SR8 1BF,Peterlee,54.748962028736,-1.35830709898,1,1,1,1,1,1,1,0.016144706941699116
6741,"Wednesfield, 49 High St",WV11 1ST,Wednesfield,52.600613933716,-2.08153007534,0,0,0,1,2,2,10,1.131270297157857
6745,"Camberley, U5 The Square SC, Cambrdg Wlk",GU15 3SW,Camberley,51.337489697659,-0.74659342443,1,1,1,1,1,5,7,0.11254169061664662
6751,"Llangefni, U2A Herron Services",LL77 7FE,Llangefni,53.249697575583,-4.31271516399,0,1,1,1,1,1,1,0.47404621253445667
6753,"North Shields, U55 Newcastle Quays RP",NE29 6DW,North Shields,54.995232229207,-1.46552902273,0,0,0,1,2,3,5,1.327838252547364
6755,"Willenhall, U14 The Square, Lichfield Rd",WV12 5EA,Willenhall,52.612685184387,-2.03721746452,0,0,0,0,0,3,6,2.1040068785665187
6758,"Swindon, U59 McArthr Gln Designer Outlet",SN2 2DY,Swindon,51.563335116524,-1.79806127037,0,0,0,2,2,4,5,1.3153093233278703
6759,"London, U16.2 Gallions Reach SP",E6 7ER,London,51.516787265256,0.08205759158,0,0,1,2,4,6,20,0.5710739297053965
6760,"London, 50 Ludgate Hill",EC4M 7AW,London,51.514179860059,-0.10267837125,0,1,3,4,11,17,32,0.4524990536923319
6764,"Preston, U9 Queens RP, Queen S",PR1 4HZ,Preston,53.760872497266,-2.6888466344,0,0,1,1,2,3,4,0.6311865667995021
6768,"Bridgend, U75 McArthur Glen Outlet",CF32 9SU,Bridgend,51.532304209626,-3.57768661587,0,0,0,1,2,3,3,1.1991527297397062
6769,"Whickham, 3 St Marys Green",NE16 4DN,Whickham,54.946161516465,-1.67835953412,1,1,1,1,2,2,8,0.09588408270680131
6770,"Stoke on Trent, U4 Alexandra RP",ST6 6AB,Stoke on Trent,53.057580520958,-2.20690854412,0,0,1,1,1,1,6,0.9229684565203446
6772,"High Wycombe, U2 Cressex BP, Lincoln Rd",HP12 3FF,High Wycombe,51.621473715978,-0.77207453332,0,0,1,2,2,2,5,0.5614480257268808
6776,"Pennywell, 3 Pennywell SC",SR4 9AS,Sunderland,54.896924479271,-1.43960944909,0,0,0,1,1,2,5,1.238122628177909
6779,MFG Northumberland Park,N17 0QU,Haringey,51.60302895635,-0.05504403468,0,0,1,1,3,8,21,0.6102657783279591
6782,RONTEC Wythall,B47 6AP,Wythall,52.368151700872,-1.887256679767,0,0,0,0,0,1,5,2.939155979493465
6783,"Farnborough, 62 Queensmead",GU14 7SB,Farnborough,51.291803843976,-0.7562000922,1,1,1,2,3,4,9,0.11983676783384542
6784,RONTEC Keynsham,BS31 1TN,Keynsham,51.409399394392,-2.473363004153,0,1,1,1,1,1,5,0.4870272243603958
6787,"Farnham, U3B Romans BP, East St",GU9 7SX,Farnham,51.218447488524,-0.79074774976,0,1,1,1,1,2,5,0.3086106980684252
6788,Greggs @ Sainsbury's Apsley Mi,HP3 9QZ,Hemel Hempstead,51.735764801139,-0.46549241459,0,0,0,1,2,2,4,1.0707358100917217
6789,Greggs @ Sainsbury's Bolton,BL3 6DH,Bolton,53.573040106608,-2.42951097008,1,1,1,1,1,2,5,0.1927554825692615
6795,"Kidlington, Oxford Airport, The Blvd",OX5 1QX,Kidlington,51.8298720501,-1.31063468417,0,0,0,1,1,1,1,1.052263826615991
6796,MFG Junction,NN11 4EA,Daventry,52.248857383423,-1.156726692102,0,0,1,1,1,1,1,0.5722534461249936
6797,EG On The Move Middlesbrough Sth,TS5 5AY,Middlesbrough,54.55909510945,-1.259719721822,0,0,0,1,1,5,5,1.2520749104011393
6798,MOTO Sawtry,PE28 5XW,Sawtry,52.426195932788,-0.269908369874,0,0,0,0,0,0,0,7.060581135344885
6799,MOTO Sawtry FC,PE28 5XW,Sawtry,52.42629370932,-0.26996656647,0,0,0,0,0,0,0,7.0614669231341765
6800,EG On The Move Crick,NN6 7EX,Northampton,52.352451203228,-1.160707343309,0,0,0,0,0,1,2,2.4479698046704184
6805,"Chard, U8 Tapstone BP, Tapstone Rd",TA20 2LW,Chard,50.873658077011,-2.95506190396,1,1,1,1,1,1,1,0.23121457111720253
6807,"Leeds, U39 Merrion Ctr",LS2 8NG,Leeds,53.801806013795,-1.54459963012,1,1,2,2,2,3,9,0.06554481648141973
6811,MFG Walderslade,ME5 7QB,Chatham,51.35269447241,0.534804717101,0,0,1,1,2,3,6,0.9246632469964876
6815,"Stoke on Trent, UR2B Festival RP",ST1 5SF,Stoke on Trent,53.02830368535,-2.19173034728,0,0,0,1,3,4,6,1.3762641155176083
6816,"Ormesby, U2B Sunnyfield Pde",TS7 9BL,Ormesby,54.547688255357,-1.17894209923,0,0,0,1,1,3,4,1.496050213507595
6818,"Outlet: Bradford, 346 Allerton Rd",BD15 7BN,Bradford,53.805495120237,-1.82122134712,0,0,0,0,1,1,4,1.6205810658701163
6821,MFG Meir,ST3 6HE,Stoke-on-Trent,52.975399914398,-2.093371620394,0,1,1,1,2,2,6,0.48597182742739387
6823,MFG Borehamwood,WD6 2BT,Borehamwood,51.645362637639,-0.255404740542,0,0,0,1,1,3,10,1.1158162859092162
6824,MFG Tottenham,N17 7AB,Tottenham,51.599294646808,-0.076800566653,0,0,1,1,5,8,21,0.5952780714740961
6825,MFG Coalville,LE673FA,Coalville,52.72932378408,-1.366231139672,0,0,1,1,1,1,2,0.5452171025511747
6826,MFG Lincoln Rd,PE4 6AL,Peterborough,52.60153567688,-0.26676158508,0,0,0,2,2,4,5,1.01549522563217
6827,MFG Hayling Down,CR8 2BA,England,51.34493126204,-0.1055772538,0,0,1,1,3,6,13,0.627523387984281
6829,COMPASS Croydon University Hospital,CR7 7YE,Thornton Heath,51.38993,-0.11054,0,1,1,2,3,4,11,0.4095864521512643
6833,"Outlet: Edinburgh, U3, 50 Glenalmnd Pl",EH11 4FF,Edinburgh,55.92413,-3.28579,0,0,0,1,2,5,8,1.2961989670687821
6834,"Lurgan, 32 Market St",BT66 6AH,Lurgan,54.462244504871,-6.33176497248,0,0,0,1,1,1,1,1.0110846711542436
6837,"Livingston, U2B Howden West Rd",EH54 6AA,Livingston,55.89362677274,-3.52457592836,0,0,1,1,1,1,2,0.7024606383882918
6838,"Ystrad Mynach, 15 Bedwlwyn Rd",CF82 7WS,Ystrad Mynach,51.641817025255,-3.236112398677,0,0,0,0,0,2,4,2.110606343028013
6843,Dartford Station Bitesize,DA1 1BP,Dartford,51.44715644873,0.218735594825,0,0,0,2,2,3,8,1.048263966739473
6844,"Outlet: Brierley Hill, U1 The Moor Ctr",DY5 3AH,Brierley Hill,52.4809630968,-2.1225559345,0,0,0,0,2,4,7,1.7421610580556892
6845,"Swanley, U37a Swanley SC",BR8 7TQ,Swanley,51.39645941316,0.173842249443,1,1,1,1,1,1,8,0.18695870644412055
6846,Sevenoaks Station Bitesize,TN13 1DP,Sevenoaks,51.27690333245,0.182348953191,0,0,1,1,1,1,1,0.9021939077729991
6848,"Arbroath, U7 Dundee Rd RP",DD11 2NQ,Arbroath,56.54938,-2.61289,0,0,0,1,1,1,1,1.1807809628062276
6849,"Shenfield, 204 Hutton Rd",CM15 8NR,Shenfield,51.63076564085,0.328689808185,0,0,0,2,2,2,4,1.1786980443583346
6852,EG On The Move Drayton,NR8 6PL,Drayton,52.6758556187,1.223154438468,1,1,1,1,1,2,4,0.03227582719790612
6853,"Galston, U2 Loudoun RP, Newmilns Rd",KA4 8PA,Galston,55.6031203,-4.37773546,0,0,0,0,0,0,2,4.531350673863031
6860,EG On The Move Frodsham,WA6 7HN,Frodsham,53.29879,-2.71403,0,0,0,0,0,1,3,2.010689694927752
6861,"Downpatrick, U14 The Grove SC",BT30 6LY,Downpatrick,54.327048701901,-5.7182385091,1,1,1,1,1,1,1,0.11899121095300905
6865,EG On The Move Chesham,HP5 3PF,Chesham,51.72477,-0.5981,0,0,1,1,1,2,3,0.8172906238455617
6870,ASDA EXPRESS Wembury Road,PL9 0DF,Plymstock,50.3513,-4.07589,0,0,0,0,0,1,3,2.9120153157592825
6871,EG On The Move Basildon,SS14 3AS,Basildon,51.59203,0.47917,0,0,0,0,0,2,6,2.1977472895797443
6873,MFG Highworth,SN6 7DE,Highworth,51.6270064305,-1.71184916215,0,0,0,0,0,0,1,3.258579893712847
6875,"London, 74 Aldgate High St",EC3N 1BD,London,51.513820858605,-0.0754773042,0,0,3,5,9,17,30,0.6148230655399972
6876,Greggs @ Tesco Watford,WD17 2BD,Watford,51.65183091384,-0.38775137907,0,0,0,1,1,2,10,1.2854691017157378
6877,MFG Stamford,PE9 2FT,Stamford,52.65517841449,-0.464445925989,0,1,1,1,1,1,1,0.492740639578457
6880,MFG Cambourne,CB23 6EY,Great Cambourne,52.219964937621,-0.068015246461,1,1,1,1,1,1,1,0.13281024999254035
6881,"Cheltenham, UP4B Kingsditch TP",GL51 9NX,Cheltenham,51.91753458731,-2.09516981715,0,0,0,2,2,4,4,1.187761660516003
6886,"Cambridge, 5 Fitzroy St",CB1 1ER,Cambridge,52.206799335027,0.129735962888,0,0,1,2,2,3,3,0.6590513706364448
6889,EG On The Move Rainton,DH4 5PH,Houghton Le Spring,54.83253,-1.47774,0,0,1,1,1,1,3,0.9023785246684233
6893,BLAKEMORE Battlefield,SY4 3EQ,Battlefield,52.747494783817,-2.717376413849,0,0,1,1,1,1,2,0.5628092932701529
6897,"Outlet: Stevenage, 23 The Hyde",SG2 9SD,Stevenage,51.892766954624,-0.16909338833,0,0,0,1,2,2,2,1.4603923788505895
6900,MFG Penrith,CA11 7JU,Penrith,54.66335674721,-2.757166164465,1,1,1,1,1,1,1,0.15087831975609087
6903,MFG Worle,BS22 6AD,Weston Super Mare,51.356546090992,-2.933886791614,0,0,1,1,2,2,2,0.9192624193922796
6904,"March, 7 Broad St",PE15 8TP,March,52.550180190243,0.088268969174,1,1,1,1,1,1,1,0.03370599561955783
6910,EG On The Move Lincolnshire Showground,LN1 2ZR,Lincoln,53.290558135449,-0.541976027074,0,0,0,0,0,0,3,3.492513604110804
6913,"Crewe, U12 The Market Ctr, Victoria St",CW1 2NG,Crewe,53.099365792842,-2.44114352733,0,0,1,1,1,1,3,0.7329625738606484
6914,"Outlet: Swindon, 78 Cricklade Rd",SN2 8AF,Swindon,51.5718631156,-1.777244695,0,0,0,2,2,4,4,1.3951273095385555
6915,ASDA EXPRESS Coedpoeth,LL11 3UF,Coedpoeth,53.05548570319,-3.0743883049,0,0,0,0,0,0,1,3.2179671479847882
6922,"Milton Keynes, UK Central RP, Patriot Dr",MK13 8PU,Milton Keynes,52.041388654469,-0.77699829017,0,0,0,1,2,3,8,1.0720336819618477
6923,MFG Shepton Mallet,BA4 4LY,Shepton Mallet,51.172982477661,-2.53492070715,0,0,0,1,1,1,1,1.3036685446012142
6926,ASDA EXPRESS Annitsford,NE23 7QA,Cramlington,55.06519,-1.57975,0,0,0,1,1,1,3,1.3818924197487188
6927,"Halifax, 1 Pellon Lane SS",HX1 5RL,Halifax,53.72702736759,-1.87522002409,0,0,1,1,1,1,2,0.740011789682508
6931,"Warrington, Warrington Hospital",WA5 1QG,Warrington,53.394761886612,-2.61048427745,0,0,1,1,1,3,4,0.6874350112843407
6932,"Ellesmere Port, Cheshire Oaks Bitesize",CH65 9JJ,Ellesmere Port,53.2640230328,-2.88008265711,0,0,0,1,1,1,3,1.3281641676759073
6933,"Hanley, 6 Market Sq",ST1 1NU,Hanley,53.026667614174,-2.17489114863,0,0,1,2,2,4,7,0.7233857956911914
6934,"Milngavie, 22 Main St",G62 6BL,Milngavie,55.940411489867,-4.31812918949,0,0,0,0,1,1,7,1.5047157283132582
6943,"Bristol, U15 Imperial RP, Wills Way",BS13 7TJ,Bristol,51.415350074206,-2.60024785563,1,1,1,1,2,4,7,0.00685505580427856
6950,"Buxton, 24 Spring Gardens",SK17 6DE,Buxton,53.258986582538,-1.91196859329,1,1,1,1,1,1,1,0.1104939264723074
6952,"Brandon, U4 Lowland Rd",DH7 8NN,Brandon,54.751738958326,-1.63016489158,0,0,0,0,0,1,3,2.599809129750578
6953,MFG Queensbury,NW9 6RN,Stanmore,51.593038343213,-0.285938491481,0,0,0,2,3,7,15,1.2754903406194036
6954,"Inverness, 46 High St",IV1 1JE,Inverness,57.477713933129,-4.22422417137,0,0,1,2,2,2,2,0.7675971358051646
6961,MFG Anlaby,HU10 6RJ,Hull,53.74744472612,-0.42629900653,0,0,0,1,2,2,5,1.2111014426071007
6962,MFG Earlston,TD4 6DL,Earlston,55.63630259498,-2.68108414935,0,0,0,0,0,0,0,5.072977671356031
6970,MFG Littlehampton,BN17 7LT,Littlehampton,50.82201563247,-0.54441801251,1,1,1,1,2,2,2,0.17243449330420493
6971,MFG Banchory,AB31 5YR,Banchory,57.05427938874,-2.48006482375,0,0,0,0,0,0,0,10.22030819696101
6972,MFG Sheppey,ME11 5AR,Queenborough,51.40968897455,0.758724618931,0,0,0,0,0,1,2,2.141173080570807
6974,MFG Boroughbridge,YO51 9HS,York,54.08555816005,-1.39811320409,0,0,0,0,0,0,0,6.242671143618223
6975,COMPASS Barnsley Hospital,S75 2EP,Barnsley,53.55892,-1.49947,0,0,1,1,1,2,3,0.7430621557367061
6982,EG On The Move Ely,CB6 1SG,Ely,52.42311,0.26855,0,0,0,0,1,1,1,1.718471166717302
6989,MFG Mansfield,NG18 5HL,Mansfield,53.135063821506,-1.229353804555,0,0,0,2,2,4,4,1.3522554913344327
6990,MFG Cheshunt,EN8 0JA,Waltham Cross,51.711734388082,-0.050395378999,0,0,1,1,1,4,6,0.8948802721972398
6991,MFG Wisbech,PE14 0DQ,Wisbech,52.65003939863,0.171270536956,0,0,0,1,1,1,1,1.2851243797717375
7004,MFG Biddulph,ST8 6QW,Stoke on Trent,53.122891117701,-2.16898112213,0,0,0,0,0,0,2,3.765759713288843
7005,MFG Leyton,E10 6JP,London,51.57059850653,-0.0080033258,0,1,2,2,3,9,26,0.3108615394987729
7024,MFG Harston,CB22 7QB,Harston,52.14284636194,0.085506210394,0,0,0,0,0,0,3,3.854644073872172
7027,MFG Deanshanger,MK19 6JU,Deanshanger,52.04226349694,-0.887220345213,0,0,0,0,1,1,3,1.822628924412439
