shopCode,shopName,latitude,longitude,streetName,city,postCode,country,phoneNumber,isPublished,isClosed,isFranchise,franchisePartner,driveThrough,seating,parking,kiosk,wifi,digitalOnly,supplySite,openingDate,channels,hasJustEat,hasUberEats,hasClickCollect
0003,"Ashington, 32 Station Rd",55.18313335,-1.570977237,32 Station Road,Ashington,NE63 9UJ,GB,01670332171,True,,False,,False,False,,,,,,,WalkIn|ClickAndCollect|JustEat|JustEatCollection|UberEatsDelivery|UberEatsCollection,True,True,True
0005,"Benton, 387 Benton Rd",55.00872256,-1.578772975,387/389 Benton Road,Benton,NE7 7EE,GB,01913232904,True,False,False,,False,False,False,False,False,False,SDGO,1969-12-31T23:00:00Z,WalkIn|ClickAndCollect|JustEat|JustEatCollection|UberEatsDelivery|UberEatsCollection,True,True,True
0011,"Birtley, 37 Durham Rd",54.89509159,-1.57780467,37 Durham Road,Birtley,DH3 2QH,GB,01914105387,True,,False,,False,False,,,,,,,WalkIn|ClickAndCollect|JustEat|JustEatCollection|UberEatsDelivery|UberEatsCollection,True,True,True
0012,"Blaydon, U15 The PCT",54.964670690857,-1.712073256587,The Precinct,Blaydon,NE21 5BT,GB,01914066926,True,,False,,False,False,,,,,,,WalkIn|ClickAndCollect|UberEatsDelivery|UberEatsCollection,False,True,True
0018,"North Shields, 40 Bedford St",55.00883711,-1.446838811,40 Bedford Street,North Shields,NE29 6QA,GB,01913232894,True,,False,,False,False,,,,,,,WalkIn|ClickAndCollect|JustEat|JustEatCollection|UberEatsDelivery|UberEatsCollection,True,True,True
0022,"Cramlington, U23 Manor Wlks SC",55.08528,-1.58956,Northumbria House,Cramlington,NE23 6UR,GB,01670331643,True,,False,,False,False,,,,,,,WalkIn|ClickAndCollect|JustEat|JustEatCollection|UberEatsDelivery|UberEatsCollection,True,True,True
0029,"Darlington, 19 High Row",54.5248413,-1.555725615,19 High Row,Darlington,DL3 7QQ,GB,01325524807,True,,False,,False,False,,,,,,,WalkIn|ClickAndCollect|JustEat|JustEatCollection|UberEatsDelivery|UberEatsCollection,True,True,True
0030,"Darlington, 68 Skinnergate",54.52537946,-1.557327907,68 Skinnergate,Darlington,DL3 7LL,GB,01325524808,True,,False,,False,False,,,,,,,WalkIn|ClickAndCollect|JustEat|JustEatCollection|UberEatsDelivery|UberEatsCollection,True,True,True
0032,"Cannock, 1 Market Hall St",52.68935662,-2.030776025,1 Market Hall Street,Cannock,WS11 1BU,GB,01543222905,True,,False,,False,False,,,,,,,WalkIn|ClickAndCollect|JustEat|JustEatCollection|UberEatsDelivery|UberEatsCollection,True,True,True
0036,"Leam Lane, U2 Fewster Sq",54.94070571,-1.545042379,Fewster Square,Leam Lane,NE10 8XQ,GB,01914066967,True,,False,,False,False,,,,,,,WalkIn|ClickAndCollect|JustEat|JustEatCollection|UberEatsDelivery|UberEatsCollection,True,True,True
0037,"Blackheath, 28 Tranquil Vale",51.46628134,0.008950364,28 Tranquil Vale,Blackheath,SE3 0AX,GB,02038898647,True,,False,,False,False,,,,,,,WalkIn|ClickAndCollect|JustEat|JustEatCollection|UberEatsDelivery|UberEatsCollection,True,True,True
0038,"Ferryhill, 17 Market St",54.68907154,-1.556099396,17/18 Market Street,Ferryhill,DL17 8JN,GB,01913232425,True,,False,,False,False,,,,,,,WalkIn|ClickAndCollect|JustEat|JustEatCollection|UberEatsDelivery|UberEatsCollection,True,True,True
0039,"Forest Hall, 19 Station Rd",55.02178131,-1.566218784,19 Station Road,Forest Hall,NE12 7AR,GB,01914065578,True,,False,,False,False,,,,,,,WalkIn|ClickAndCollect|JustEat|JustEatCollection|UberEatsDelivery|UberEatsCollection,True,True,True
0041,"Gateshead, Interchange SC",54.962671976753,-1.604236479681,22 West Street,Gateshead,NE8 1BH,GB,01914066970,True,,False,,False,False,,,,,,,WalkIn|ClickAndCollect|UberEatsDelivery|UberEatsCollection,False,True,True
0043,"Gosforth, 133 High St",55.00457923,-1.620373189,133/135 High Street,Gosforth,NE3 1HA,GB,01913232913,True,False,False,,False,False,False,False,False,False,SDGO,1969-12-31T23:00:00Z,WalkIn|ClickAndCollect|JustEat|JustEatCollection|UberEatsDelivery|UberEatsCollection,True,True,True
0044,"Guisborough, 39 Westgate",54.53525041,-1.053244165,39 Westgate,Guisborough,TS14 6BG,GB,01287551526,True,,False,,False,False,,,,,,,WalkIn|ClickAndCollect|JustEat|JustEatCollection,True,False,True
0048,"Hebburn, U21 St James Mall SC",54.97308396309,-1.519239024185,8,Hebburn,NE31 1LF,GB,01914065594,True,,False,,False,False,,,,,,,WalkIn|ClickAndCollect|JustEat|JustEatCollection|UberEatsDelivery|UberEatsCollection,True,True,True
0049,"Hexham, 41 Fore St",54.970232547218,-2.100956576563,41 Fore Street,Hexham,NE46 1LU,GB,01434629017,True,,False,,False,False,,,,,,,WalkIn|ClickAndCollect,False,False,True
0051,"Jarrow, 17 Bede PCT",54.980753090972,-1.489288177413,17 Bede Precinct,Jarrow,NE32 3LW,GB,01914066977,True,,False,,False,False,,,,,,,WalkIn|ClickAndCollect|JustEat|JustEatCollection|UberEatsDelivery|UberEatsCollection,True,True,True
0052,"Wallington, 86 Woodcote Rd",51.35861734,-0.149773318,86 Woodcote Road,Wallington,SM6 0LY,GB,02038898610,True,,False,,False,False,,,,,,,WalkIn|ClickAndCollect|JustEat|JustEatCollection|UberEatsDelivery|UberEatsCollection,True,True,True
0055,"Leeds, 21 Kirkgate",53.79699851,-1.540556456,21 Kirkgate,Leeds,LS2 7JG,GB,01135177588,True,,False,,False,False,,,,,,,WalkIn|ClickAndCollect,False,False,True
0056,"Low Fell, 487 Durham Rd",54.93607816,-1.599405315,487 Durham Road,Low Fell,NE9 5EX,GB,01914066971,True,,False,,False,False,,,,,,,WalkIn|ClickAndCollect|JustEat|JustEatCollection|UberEatsDelivery|UberEatsCollection,True,True,True
0057,"Spalding, 8 Hall Pl",52.78736217,-0.152217694,8 Hall Place,Spalding,PE11 1SA,GB,01775661123,True,,False,,False,False,,,,,,,WalkIn|ClickAndCollect|JustEat|JustEatCollection|UberEatsDelivery|UberEatsCollection,True,True,True
0059,"Gateshead, Metrocentre, Red Mall",54.957640546294,-1.668555247618,10 Cameron Walk,Gateshead,NE11 9YR,GB,01914066936,True,,False,,False,False,,,,,,,WalkIn|ClickAndCollect,False,False,True
0061,"Houghton Regis, 3 Bedford Sq",51.9048988,-0.51969151,3 Bedford Square,Houghton Regis,LU5 5ES,GB,01582345758,True,,False,,False,False,,,,,,,WalkIn|ClickAndCollect|JustEat|JustEatCollection|UberEatsDelivery|UberEatsCollection,True,True,True
0063,"Middlesbrough, 447 Linthorpe Rd",54.56084473,-1.242906367,447 Linthorpe Road,Middlesbrough,TS5 6HX,GB,01642573703,True,,False,,False,False,,,,,,,WalkIn|ClickAndCollect|JustEat|JustEatCollection|UberEatsDelivery|UberEatsCollection,True,True,True
0076,"Newcastle, 3 St Marys Pl",54.97770573,-1.612995808,3 St Mary's Place,Newcastle Upon Tyne,NE1 7PG,GB,01913232885,True,False,False,,False,False,False,False,False,False,SDGO,1969-12-31T23:00:00Z,WalkIn|ClickAndCollect,False,False,True
0077,"Outlet: Newcastle, 403 Westgate Rd",54.97333767,-1.639174168,403 Westgate Road,Newcastle Upon Tyne,NE4 6PB,GB,01913232908,True,,False,,False,False,,,,,,,WalkIn,False,False,False
0079,"North Ormesby, 40 Kings Rd",54.57061074,-1.213065994,40/42 Kings Road,North Ormesby,TS3 6NF,GB,01642424647,True,,False,,False,False,,,,,,,WalkIn|ClickAndCollect|JustEat|JustEatCollection,True,False,True
0082,"Peterlee, 24 Yoden Way",54.759889605953,-1.334730226892,24 Yoden Way,Peterlee,SR8 1BP,GB,01915946796,True,,False,,False,False,,,,,,,WalkIn|ClickAndCollect,False,False,True
0091,"South Shields, 285 Prince Edward Rd",54.9720125,-1.408979931,285/289 Prince Edward Road,South Shields,NE34 7LZ,GB,01914066934,True,,False,,False,False,,,,,,,WalkIn|ClickAndCollect|JustEat|JustEatCollection|UberEatsDelivery|UberEatsCollection,True,True,True
0094,"Stanley, 52 Front St",54.869483011392,-1.699055015346,52 Front Street,Stanley,DH9 0HU,GB,01207261255,True,,False,,False,False,,,,,,,WalkIn|ClickAndCollect|JustEat|JustEatCollection|UberEatsDelivery|UberEatsCollection,True,True,True
0096,"Sunderland, 220 Chester Rd",54.90168142,-1.403941359,220 Chester Road,Sunderland,SR4 7HR,GB,01915946780,True,,False,,False,False,,,,,,,WalkIn|ClickAndCollect|JustEat|JustEatCollection|UberEatsDelivery|UberEatsCollection,True,True,True
0098,"Hylton Castle, 42 Chiswick Sq",54.92262324,-1.451445136,42 Chiswick Square,Hylton Castle,SR5 3PZ,GB,01915946786,True,,False,,False,False,,,,,,,WalkIn|ClickAndCollect|JustEat|JustEatCollection|UberEatsDelivery|UberEatsCollection,True,True,True
0101,"Grays, 44 High St",51.47714614,0.322712729,44 High Street,Grays,RM17 6NA,GB,01375801521,True,,False,,False,False,,,,,,,WalkIn|ClickAndCollect|JustEat|JustEatCollection|UberEatsDelivery|UberEatsCollection,True,True,True
0102,"Leeds, 355 Harehills Lane",53.80920107,-1.50908085,355 Harehills Lane,Leeds,LS9 6AX,GB,01135177589,True,,False,,False,False,,,,,,,WalkIn|ClickAndCollect|JustEat|JustEatCollection|UberEatsDelivery|UberEatsCollection,True,True,True
0105,"Romford, 57 South St",51.57705189,0.181899578,57 South Street,Romford,RM1 1NL,GB,01708599368,True,,False,,False,False,,,,,,,WalkIn|ClickAndCollect|JustEat|JustEatCollection|UberEatsDelivery|UberEatsCollection,True,True,True
0107,"Sunderland, U1 Union St",54.90677877,-1.383141879,Union Street,Sunderland,SR1 3BT,GB,01915946792,True,,False,,False,False,,,,,,,WalkIn|ClickAndCollect,False,False,True
0117,"Wrekenton, 167 High St",54.92515151,-1.57486884,167 High Street,Wrekenton,NE9 7JR,GB,01914065579,True,,False,,False,False,,,,,,,WalkIn|ClickAndCollect|JustEat|JustEatCollection,True,False,True
0118,"Aldridge, Aldridge SC",52.604271457786,-1.917652608291,17 Anchor Parade,Aldridge,WS9 8QP,GB,01922664813,True,,False,,False,False,,,,,,,WalkIn|ClickAndCollect|JustEat|JustEatCollection|UberEatsDelivery|UberEatsCollection,True,True,True
0120,"Airdrie, 68 Graham St",55.86606103,-3.97849165,68 Graham St,Airdrie,ML6 6DB,GB,01236802650,True,,False,,False,False,,,,,,,WalkIn|ClickAndCollect|JustEat|JustEatCollection,True,False,True
0121,"South Ockendon, 9 Derwent Pde",51.509882279159,0.282742243386,9 Derwent Parade,South Ockendon,RM15 5EF,GB,01708599370,True,,False,,False,False,,,,,,,WalkIn|ClickAndCollect|JustEat|JustEatCollection|UberEatsDelivery|UberEatsCollection,True,True,True
0122,"Alexandria, 139 Main St",55.98683916,-4.581436862,139 Main Street,Alexandria,G83 0NX,GB,01389311228,True,,False,,False,False,,,,,,,WalkIn|ClickAndCollect|JustEat|JustEatCollection|UberEatsDelivery|UberEatsCollection,True,True,True
0125,"Chadderton, U3A Shopping PCT",53.54576559,-2.140953302,Middleton Road,Chadderton,OL9 0LQ,GB,01618419184,True,,False,,False,False,,,,,,,WalkIn|ClickAndCollect|JustEat|JustEatCollection|UberEatsDelivery|UberEatsCollection,True,True,True
0131,"Bishopbriggs, 174 Woodhill Rd",55.90716924,-4.206604312,174 Woodhill Road,Bishopbriggs,G64 1DH,GB,01417267411,True,,False,,False,False,,,,,,,WalkIn|ClickAndCollect|JustEat|JustEatCollection|UberEatsDelivery|UberEatsCollection,True,True,True
0133,"Bonnyrigg, 44 High St",55.87576074,-3.106799568,44 High Street,Bonnyrigg,EH19 2AA,GB,01312873371,True,,False,,False,False,,,,,,,WalkIn|ClickAndCollect|JustEat|JustEatCollection|UberEatsDelivery|UberEatsCollection,True,True,True
0137,"Carluke, U1 Rankin Gait CTR",55.73372407,-3.837216479,,Carluke,ML8 4AT,GB,01555700678,True,,False,,False,False,,,,,,,WalkIn|ClickAndCollect,False,False,True
0142,"West Ealing, 77 The Broadway",51.50986135,-0.325190901,77 Broadway,West Ealing,W13 9BP,GB,02038898599,True,,False,,False,False,,,,,,,WalkIn|ClickAndCollect|JustEat|JustEatCollection|UberEatsDelivery|UberEatsCollection,True,True,True
0144,"Edinburgh, 139A St Johns Rd",55.94249659,-3.281581834,139A St Johns Road,Corstorphine,EH12 7SD,GB,01312873348,True,,False,,False,False,,,,,,,WalkIn|ClickAndCollect|JustEat|JustEatCollection|UberEatsDelivery|UberEatsCollection,True,True,True
0148,"Dalkeith, 17 Jarnac Crt",55.89378281,-3.069940476,17 Jarnac Court,Dalkeith,EH22 1HU,GB,01312873376,True,,False,,False,False,,,,,,,WalkIn|ClickAndCollect|JustEat|JustEatCollection|UberEatsDelivery|UberEatsCollection,True,True,True
0150,"Dumbarton, 81 High St",55.94309082,-4.571128397,81 High Street,Dumbarton,G82 1LF,GB,01389311226,True,,False,,False,False,,,,,,,WalkIn|ClickAndCollect|JustEat|JustEatCollection|UberEatsDelivery|UberEatsCollection,True,True,True
0154,"East Kilbride SC, Princess Mall",55.760560732142,-4.175858705077,7 Princes Mall,East Kilbride,G74 1LB,GB,01355200485,True,,False,,False,False,,,,,,,WalkIn|ClickAndCollect|JustEat|JustEatCollection|UberEatsDelivery|UberEatsCollection,True,True,True
0155,"East Kilbride, 12 Calderwood Sq",55.77277831,-4.157117125,12 Calderwood Square,East Kilbride,G74 3BQ,GB,01355200486,True,,False,,False,False,,,,,,,WalkIn|ClickAndCollect,False,False,True
0158,"Edinburgh, 198 Bruntsfield Pl",55.93603451,-3.209734818,198 Bruntsfield Place,Edinburgh,EH10 4DF,GB,01312873346,True,False,False,,False,False,False,False,False,False,SDCL,1969-12-31T23:00:00Z,WalkIn|ClickAndCollect,False,False,True
0160,"Edinburgh, 106 Easter Rd",55.95916526,-3.171527758,106 Easter Road,Edinburgh,EH7 5RH,GB,01312873375,True,False,False,,False,False,False,False,False,False,SDCL,1969-12-31T23:00:00Z,WalkIn|ClickAndCollect|JustEat|JustEatCollection|UberEatsDelivery|UberEatsCollection,True,True,True
0161,"Edinburgh, 21 Elm Row",55.95898134,-3.183163534,21 Elm Row,Edinburgh,EH7 4AA,GB,01312873367,True,False,False,,False,False,False,False,False,False,SDCL,1969-12-31T23:00:00Z,WalkIn|ClickAndCollect|JustEat|JustEatCollection,True,False,True
0162,"Edinburgh, 224 Gorgie Rd",55.93756753,-3.234197538,224 Gorgie Road,Edinburgh,EH11 2PN,GB,01312873353,True,,False,,False,False,,,,,,,WalkIn|ClickAndCollect|UberEatsDelivery|UberEatsCollection,False,True,True
0164,"Edinburgh, Davidson Mains, 21 Main St",55.9655599,-3.273863704,21 Main Street,Davidsons Mains,EH4 5BZ,GB,01312873352,True,,False,,False,False,,,,,,,WalkIn|ClickAndCollect|UberEatsDelivery|UberEatsCollection,False,True,True
0165,"Edinburgh, 400 Morningside Rd",55.92578217,-3.20958713,400 Morningside Road,Edinburgh,EH10 5HY,GB,01312873361,True,False,False,,False,False,False,False,False,False,SDCL,1969-12-31T23:00:00Z,WalkIn|ClickAndCollect,False,False,True
0166,"Edinburgh, 74 Nicholson St",55.94538907,-3.184234684,74 Nicolson Street,Edinburgh,EH8 9DT,GB,01312873379,True,False,False,,False,False,False,False,False,False,SDCL,1969-12-31T23:00:00Z,WalkIn|ClickAndCollect,False,False,True
0168,"Ealing, 10 The Broadway",51.51374689,-0.303552607,10 The Broadway,Ealing,W5 2NH,GB,02038898644,True,,False,,False,False,,,,,,,WalkIn|ClickAndCollect|JustEat|JustEatCollection|UberEatsDelivery|UberEatsCollection,True,True,True
0170,"Hornchurch, 148 High St",51.56218209,0.219978852,148 High Street,Hornchurch,RM12 6QX,GB,01708599363,True,,False,,False,False,,,,,,,WalkIn|ClickAndCollect|JustEat|JustEatCollection|UberEatsDelivery|UberEatsCollection,True,True,True
0173,"Surbiton, 77 Victoria Rd",51.39250066,-0.305535646,77 Victoria Road,Surbiton,KT6 4NS,GB,02038898563,True,,False,,False,False,,,,,,,WalkIn|ClickAndCollect|JustEat|JustEatCollection|UberEatsDelivery|UberEatsCollection,True,True,True
0176,"Edinburgh, U21 Westside Plaza SC",55.915379778987,-3.28487032499,Upper Mall,Wester Hailes,EH14 2SW,GB,01312873358,True,,False,,False,False,,,,,,,WalkIn|ClickAndCollect,False,False,True
0177,"Falkirk, 4 Lintriggs",56.00014,-3.78664,4/6 Lintriggs,Falkirk,FK1 1DG,GB,01324461315,True,,False,,False,False,,,,,,,WalkIn|ClickAndCollect|JustEat|JustEatCollection|UberEatsDelivery|UberEatsCollection,True,True,True
0181,"Glasgow, 13 George Sq",55.86080626,-4.251292615,13 George Square,Glasgow,G2 1DY,GB,01417267363,True,,False,,False,False,,,,,,,WalkIn|ClickAndCollect|JustEat|JustEatCollection,True,False,True
0185,"Glasgow, 240 Saracen St",55.88349011,-4.254047675,240 Saracen Street,Glasgow,G22 5ER,GB,01417267371,True,,False,,False,False,,,,,,,WalkIn|ClickAndCollect|JustEat|JustEatCollection,True,False,True
0186,"Glasgow, 1029 Shettleston Rd",55.8518508,-4.169765695,1029 Shettleston Road,Glasgow,G32 7PB,GB,01417267417,True,,False,,False,False,,,,,,,WalkIn|ClickAndCollect|JustEat|JustEatCollection,True,False,True
0188,"Glasgow, 28 West Nile St",55.86107819,-4.255119218,28 West Nile Street,Glasgow,G1 2PF,GB,01417267365,True,,False,,False,False,,,,,,,WalkIn|ClickAndCollect,False,False,True
0189,"Grangemouth, 21 La Porte PCT",56.018963163311,-3.722747214121,21,Grangemouth,FK3 8AZ,GB,01324374994,True,,False,,False,False,,,,,,,WalkIn|ClickAndCollect|JustEat|JustEatCollection|UberEatsDelivery|UberEatsCollection,True,True,True
0193,"Hardgate, 5 Rockbank Pl",55.92425023,-4.4021244,5 Rockbank Place,Hardgate,G81 5NZ,GB,01389311230,True,,False,,False,False,,,,,,,WalkIn|ClickAndCollect|JustEat|JustEatCollection|UberEatsDelivery|UberEatsCollection,True,True,True
0194,"Helensburgh, 26 Sinclair St",56.00346639,-4.733456199,26 Sinclair Street,Helensburgh,G84 8SU,GB,01436640335,True,,False,,False,False,,,,,,,WalkIn|ClickAndCollect,False,False,True
0196,"Johnstone, 40 High St",55.83666925,-4.511235645,40 High Street,Johnstone,PA5 8AN,GB,01505800105,True,,False,,False,False,,,,,,,WalkIn|ClickAndCollect|JustEat|JustEatCollection,True,False,True
0197,"Kilmarnock, U11 Burns SC",55.61043542,-4.495529124,11,Kilmarnock,KA1 1LT,GB,01563590213,True,,False,,False,False,,,,,,,WalkIn|ClickAndCollect,False,False,True
0203,Larkhall 73 Union St,55.73975988,-3.973601852,73 Union Street,Larkhall,ML9 1DZ,GB,01698533399,True,,False,,False,False,,,,,,,WalkIn|ClickAndCollect|JustEat|JustEatCollection,True,False,True
0206,"Motherwell, 32 Brandon Pde",55.79065926,-3.991994786,32 Brandon Parade East,Motherwell,ML1 1LY,GB,01698533319,True,,False,,False,False,,,,,,,WalkIn|ClickAndCollect,False,False,True
0210,"Paisley, 16 Moss St",55.84616802,-4.424604478,16 Moss Street,Paisley,PA1 1BL,GB,01417267433,True,,False,,False,False,,,,,,,WalkIn|ClickAndCollect|JustEat|JustEatCollection,True,False,True
0215,"Penicuik, 21 John St",55.827427173763,-3.221808583211,John Street,Penicuik,EH26 8HN,GB,01968700093,True,,False,,False,False,,,,,,,WalkIn|ClickAndCollect,False,False,True
0218,"Edinburgh, 164 High St Portobello",55.95286525,-3.113991213,164/166 High Street,Portobello,EH15 1EX,GB,01312873373,True,,False,,False,False,,,,,,,WalkIn|ClickAndCollect|JustEat|JustEatCollection,True,False,True
0221,"Saltcoats, 29 Dockhead St",55.633043964618,-4.787075259514,29 Dockhead Street,Saltcoats,KA21 5ED,GB,01294442655,True,,False,,False,False,,,,,,,WalkIn|ClickAndCollect|JustEat|JustEatCollection|UberEatsDelivery|UberEatsCollection,True,True,True
0225,"Westcliff On Sea, 163 Hamlet Crt Rd",51.54084349,0.695228239,163 Hamlet Court Road,Westcliff-on-Sea,SS0 7EL,GB,01702417726,True,,False,,False,False,,,,,,,WalkIn|ClickAndCollect|JustEat|JustEatCollection|UberEatsDelivery|UberEatsCollection,True,True,True
0226,"Glasgow, U21 Springburn Way",55.88323,-4.22868,Springburn Way,Springburn,G21 1TS,GB,01417267391,True,,False,,False,False,,,,,,,WalkIn|ClickAndCollect|JustEat|JustEatCollection|UberEatsDelivery|UberEatsCollection,True,True,True
0227,"Frome, U22 Westway CTR",51.23190212,-2.321216294,Scott Road,Frome,BA11 1BS,GB,01373481285,True,,False,,False,False,,,,,,,WalkIn|ClickAndCollect,False,False,True
0230,"Glasgow, 401 Victoria Rd",55.83649239,-4.2645274,401 Victoria Road,Govanhill,G42 8RW,GB,01417267377,True,False,False,,False,False,False,False,False,False,SDCL,1969-12-31T23:00:00Z,WalkIn|ClickAndCollect|JustEat|JustEatCollection,True,False,True
0233,"Wishaw, 83 Main St",55.7746055,-3.921627949,83 Main Street,Wishaw,ML2 7AU,GB,01698533323,True,,False,,False,False,,,,,,,WalkIn|ClickAndCollect,False,False,True
0235,"Alfreton, 1 Institute Lane",53.09707443,-1.388198606,1 Institute Lane,Alfreton,DE55 7BQ,GB,01773301618,True,,False,,False,False,,,,,,,WalkIn|ClickAndCollect|JustEat|JustEatCollection|UberEatsDelivery|UberEatsCollection,True,True,True
0238,"Batley, 73 Commercial St",53.71360382,-1.631755403,73 Commercial Street,Batley,WF17 5EF,GB,01924667567,True,,False,,False,False,,,,,,,WalkIn|ClickAndCollect|JustEat|JustEatCollection|UberEatsDelivery|UberEatsCollection,True,True,True
0239,"Bingley, 5 Rise SC",53.84696557,-1.836477497,,Bingley,BD16 1GL,GB,01274957623,True,,False,,False,False,,,,,,,WalkIn|ClickAndCollect|JustEat|JustEatCollection|UberEatsDelivery|UberEatsCollection,True,True,True
0240,"Bradford, 43 Bank St",53.79437976,-1.753281989,43 Bank Street,Bradford,BD1 1PU,GB,01274957631,True,,False,,False,False,,,,,,,WalkIn|ClickAndCollect|UberEatsDelivery|UberEatsCollection,False,True,True
0249,"Leeds, Chapel Allerton, 110 Harrogate Rd",53.82923741,-1.537822606,110 Harrogate Road,Chapel Allerton,LS7 4NY,GB,01135177603,True,,False,,False,False,,,,,,,WalkIn|ClickAndCollect|JustEat|JustEatCollection|UberEatsDelivery|UberEatsCollection,True,True,True
0252,"Chesterfield, 38 Burlington St",53.23615382,-1.425904695,38 Burlington Street,Chesterfield,S40 1RR,GB,01246382677,True,,False,,False,False,,,,,,,WalkIn|ClickAndCollect,False,False,True
0255,"Catford, 136 Rushey Green",51.44631988,-0.019532193,136 Rushey Green,Catford,SE6 4HQ,GB,02038898551,True,,False,,False,False,,,,,,,WalkIn|ClickAndCollect|JustEat|JustEatCollection|UberEatsDelivery|UberEatsCollection,True,True,True
0256,"Keighley, 36 Low St",53.86578187,-1.907915139,36 Low Street,Keighley,BD21 3PT,GB,01535280790,True,,False,,False,False,,,,,,,WalkIn|ClickAndCollect|JustEat|JustEatCollection|UberEatsDelivery|UberEatsCollection,True,True,True
0257,"Dewsbury, The Princess Of Wales PCT",53.69057017,-1.628620562,,Dewsbury,WF13 1NH,GB,01924667559,True,,False,,False,False,,,,,,,WalkIn|ClickAndCollect|JustEat|JustEatCollection|UberEatsDelivery|UberEatsCollection,True,True,True
0259,"Doncaster, Waterdale SC",53.52099304,-1.133256913,12 Kingsgate,Doncaster,DN1 3JZ,GB,01302243045,True,,False,,False,False,,,,,,,WalkIn|ClickAndCollect|JustEat|JustEatCollection,True,False,True
0262,"Sheffield, 31 Bellhouse Rd",53.41874666,-1.447293714,31A Bellhouse Road,Firth Park,S5 6HJ,GB,01143214011,True,,False,,False,False,,,,,,,WalkIn|ClickAndCollect|JustEat|JustEatCollection|UberEatsDelivery|UberEatsCollection,True,True,True
0263,"Garforth, 55 Main St",53.79414589259,-1.38854676493,55 Main Street,Garforth,LS25 1AF,GB,01135177614,True,,False,,False,False,,,,,,,WalkIn|ClickAndCollect|JustEat|JustEatCollection|UberEatsDelivery|UberEatsCollection,True,True,True
0264,"Halifax, 10 Southgate",53.72249279,-1.860284122,8/10 Southgate,Halifax,HX1 1DL,GB,01422412216,True,,False,,False,False,,,,,,,WalkIn|ClickAndCollect|JustEat|JustEatCollection|UberEatsDelivery|UberEatsCollection,True,True,True
0265,"Halifax, U4 Woolshops SC",53.72341251,-1.858215819,,Halifax,HX1 1RU,GB,01422412215,True,,False,,False,False,,,,,,,WalkIn|ClickAndCollect|JustEat|JustEatCollection|UberEatsDelivery|UberEatsCollection,True,True,True
0266,"Heckmondwike, 65 Market St",53.70696688,-1.674803191,65 Market Street,Heckmondwike,WF16 0EZ,GB,01924667554,True,,False,,False,False,,,,,,,WalkIn|ClickAndCollect|JustEat|JustEatCollection|UberEatsDelivery|UberEatsCollection,True,True,True
0272,"Nuneaton, 12 Queens Rd",52.52256385,-1.469137355,12 Queens Road,Nuneaton,CV11 5JW,GB,02475103345,True,,False,,False,False,,,,,,,WalkIn|ClickAndCollect|JustEat|JustEatCollection|UberEatsDelivery|UberEatsCollection,True,True,True
0277,"Leeds, U1 Boar Lane",53.79576449,-1.544284697,1B Boar Lane,Leeds,LS1 5EQ,GB,01135177587,True,,False,,False,False,,,,,,,WalkIn|ClickAndCollect|JustEat|JustEatCollection|UberEatsDelivery|UberEatsCollection,True,True,True
0279,"Armley, 34 Town St",53.79732371,-1.589866452,34 Town Street,Armley,LS12 3AB,GB,01135177598,True,,False,,False,False,,,,,,,WalkIn|ClickAndCollect|JustEat|JustEatCollection|UberEatsDelivery|UberEatsCollection,True,True,True
0286,"Outlet: Leeds, 1 Hollin Pk Pde",53.82095693,-1.495533205,1 Easterly Road,Leeds,LS8 3AS,GB,01135177573,True,False,False,,False,False,False,False,False,False,SDLE,1969-12-31T23:00:00Z,WalkIn,False,False,False
0287,"Putney, 145 High St",51.46186887,-0.216436505,145 High Street,Putney,SW15 1SU,GB,02038898633,True,,False,,False,False,,,,,,,WalkIn|ClickAndCollect|JustEat|JustEatCollection,True,False,True
0290,"Hunslet, U6 Hunslet District CTR",53.77863582,-1.528701594,Church Street,Hunslet,LS10 2AP,GB,01135177605,True,,False,,False,False,,,,,,,WalkIn|ClickAndCollect|JustEat|JustEatCollection|UberEatsDelivery|UberEatsCollection,True,True,True
0291,"Becontree, 792 Green Lane",51.561955,0.12342449,792 Green Lane,Becontree,RM8 1YT,GB,02038898603,True,,False,,False,False,,,,,,,WalkIn|ClickAndCollect|JustEat|JustEatCollection|UberEatsDelivery|UberEatsCollection,True,True,True
0292,"Redhill, 35 Station Rd",51.24058134,-0.1690998,35 Station Road,Redhill,RH1 1QH,GB,01737301584,True,,False,,False,False,,,,,,,WalkIn|ClickAndCollect|JustEat|JustEatCollection|UberEatsDelivery|UberEatsCollection,True,True,True
0303,"Mansfield, 11 Westgate",53.14501445,-1.197171549,11A/13 Westgate,Mansfield,NG18 1RY,GB,01623701793,True,,False,,False,False,,,,,,,WalkIn|ClickAndCollect|JustEat|JustEatCollection,True,False,True
0305,"Edgware, 190 Station Rd",51.61406065,-0.275572384,190C Station Road,Edgware,HA8 7AR,GB,02038898561,True,,False,,False,False,,,,,,,WalkIn|ClickAndCollect|JustEat|JustEatCollection|UberEatsDelivery|UberEatsCollection,True,True,True
0307,"Leeds, 3 Middleton Pk Ave",53.74760986,-1.547517162,3 Middleton Park Avenue,Leeds,LS10 4HP,GB,01135177604,True,,False,,False,False,,,,,,,WalkIn|ClickAndCollect,False,False,True
0308,"Morley, 13 Windsor Crt",53.745320879777,-1.60221159884,13 Windsor Court,Morley,LS27 9BG,GB,01135177593,True,,False,,False,False,,,,,,,WalkIn|ClickAndCollect|JustEat|JustEatCollection|UberEatsDelivery|UberEatsCollection,True,True,True
0309,"Normanton, 53 High St",53.700169044538,-1.418498524231,53 High Street,Normanton,WF6 2AF,GB,01924667576,True,,False,,False,False,,,,,,,WalkIn|ClickAndCollect|JustEat|JustEatCollection,True,False,True
0310,"Otley, 36 Market Pl",53.90535685,-1.693862447,36/38 Market Place,Otley,LS21 3AQ,GB,01943660187,True,,False,,False,False,,,,,,,WalkIn|ClickAndCollect|JustEat|JustEatCollection|UberEatsDelivery|UberEatsCollection,True,True,True
0311,"Penistone, 1 High St",53.52519027,-1.630707114,1 High Street,Penistone,S36 6BR,GB,01226657659,True,False,False,,False,False,False,False,False,False,SDLE,1969-12-31T23:00:00Z,WalkIn|ClickAndCollect|UberEatsDelivery|UberEatsCollection,False,True,True
0312,"Pontefract, 18 Market Pl",53.69162298,-1.311026793,18 Market Place,Pontefract,WF8 1AT,GB,01977803476,True,,False,,False,False,,,,,,,WalkIn|ClickAndCollect|JustEat|JustEatCollection|UberEatsDelivery|UberEatsCollection,True,True,True
0315,"Rotherham, 2 Effingham St",53.43163122,-1.355389076,2/6 Effingham Street,Rotherham,S65 1AJ,GB,01709222872,True,False,False,,False,False,False,False,False,False,SDLE,1969-12-31T23:00:00Z,WalkIn|ClickAndCollect|JustEat|JustEatCollection|UberEatsDelivery|UberEatsCollection,True,True,True
0317,"Rothwell, 45 Commercial St",53.748401050319,-1.477352127766,45 Commercial Street,Rothwell,LS26 0AP,GB,01135177612,True,,False,,False,False,,,,,,,WalkIn|ClickAndCollect|JustEat|JustEatCollection|UberEatsDelivery|UberEatsCollection,True,True,True
0328,"Shipley, 32 Market Sq",53.83356576,-1.777744915,32 Market Square,Shipley,BD18 3QJ,GB,01274957626,True,,False,,False,False,,,,,,,WalkIn|ClickAndCollect|JustEat|JustEatCollection|UberEatsDelivery|UberEatsCollection,True,True,True
0329,"Stirling, U48 The Thistles SC",56.11704994,-3.936551717,33 Port Street,Stirling,FK8 2EW,GB,01786231640,True,,False,,False,False,,,,,,,WalkIn|ClickAndCollect|JustEat|JustEatCollection|UberEatsDelivery|UberEatsCollection,True,True,True
0331,"Pontefract, 27 Barnsley Rd",53.59485427,-1.290069673,27 Barnsley Road,Pontefract,WF9 2RN,GB,01977803474,True,,False,,False,False,,,,,,,WalkIn|ClickAndCollect|JustEat|JustEatCollection|UberEatsDelivery|UberEatsCollection,True,True,True
0335,"Benwell, 9 Adelaide SC",54.97004226,-1.65518813,9 Adelaide Terrace,Benwell,NE4 8BE,GB,01913232910,True,,False,,False,False,,,,,,,WalkIn|ClickAndCollect|JustEat|JustEatCollection,True,False,True
0341,"Wombwell, 50 High St",53.52345755,-1.399728966,50 High Street,Wombwell,S73 8BH,GB,01226657658,True,False,False,,False,False,False,False,False,False,SDLE,1969-12-31T23:00:00Z,WalkIn|ClickAndCollect|JustEat|JustEatCollection|UberEatsDelivery|UberEatsCollection,True,True,True
0343,"Wortley, U5 Oldfield Lane",53.78903632,-1.58510433,Oldfield Lane,Wortley,LS12 4BR,GB,01135177572,True,,False,,False,False,,,,,,,WalkIn|ClickAndCollect|JustEat|JustEatCollection,True,False,True
0344,"Hitchin, 28 High St",51.94791875,-0.278573902,28 High Street,Hitchin,SG5 1AT,GB,01462412662,True,,False,,False,False,,,,,,,WalkIn|ClickAndCollect|JustEat|JustEatCollection|UberEatsDelivery|UberEatsCollection,True,True,True
0345,"Yeadon, 43 High St",53.86624454,-1.683856204,43 High Street,Yeadon,LS19 7SP,GB,01135177591,True,,False,,False,False,,,,,,,WalkIn|ClickAndCollect|JustEat|JustEatCollection|UberEatsDelivery|UberEatsCollection,True,True,True
0348,"Ashton Under Lyne, 34 Staveleigh Way",53.488761207427,-2.095889161749,34 Staveleigh Mall,Ashton under Lyne,OL6 7JJ,GB,01618419165,True,,False,,False,False,,,,,,,WalkIn|ClickAndCollect|JustEat|JustEatCollection|UberEatsDelivery|UberEatsCollection,True,True,True
0349,"Atherton, 67 Market St",53.52386326,-2.493461188,67 Market Street,Atherton,M46 0DA,GB,01942365232,True,,False,,False,False,,,,,,,WalkIn|ClickAndCollect|JustEat|JustEatCollection|UberEatsDelivery|UberEatsCollection,True,True,True
0350,"Liverpool, Belle Vale SC",53.391050679906,-2.858935753127,24 Childwall Valley Road,Liverpool,L25 2RG,GB,01513328201,True,,False,,False,False,,,,,,,WalkIn|ClickAndCollect|JustEat|JustEatCollection|UberEatsDelivery|UberEatsCollection,True,True,True
0358,"Cardiff, 49 Wilson Rd",51.47670984,-3.255028147,49 Wilson Road,Ely,CF5 4LL,GB,02920032687,True,,False,,False,False,,,,,,,WalkIn|ClickAndCollect|JustEat|JustEatCollection|UberEatsDelivery|UberEatsCollection,True,True,True
0359,"Bristol, 8 Arnside Rd",51.50375685,-2.602337103,8 Arnside Road,Southmead,BS10 6AT,GB,01174544424,True,,False,,False,False,,,,,,,WalkIn|ClickAndCollect,False,False,True
0362,"Bootle, 2 Marian Sq",53.48792456,-2.972686065,2 Marion Square,Netherton,L30 5QA,GB,01513328202,True,,False,,False,False,,,,,,,WalkIn|ClickAndCollect|JustEat|JustEatCollection|UberEatsDelivery|UberEatsCollection,True,True,True
0363,"Bramhall, 7 Woodford Rd",53.35721174,-2.165596125,7 Woodford Road,Bramhall,SK7 1JN,GB,01618419175,True,False,False,,False,False,False,False,False,False,SDMA,1969-12-31T23:00:00Z,WalkIn|ClickAndCollect|JustEat|JustEatCollection|UberEatsDelivery|UberEatsCollection,True,True,True
0364,"Burnley, 69 The Mall, Charter Wlk SC",53.79016947,-2.244240485,69 The Upper Mall,Burnley,BB11 1BA,GB,01282502692,True,,False,,False,False,,,,,,,WalkIn|ClickAndCollect|JustEat|JustEatCollection|UberEatsDelivery|UberEatsCollection,True,True,True
0367,"Bury, 16 Princess Pde, Mill Gate SC",53.59146172,-2.295064435,16 Princess Parade,Bury,BL9 0QL,GB,01618419205,True,,False,,False,False,,,,,,,WalkIn|ClickAndCollect|JustEat|JustEatCollection,True,False,True
0375,"Darwen, 18 Market St",53.69563852,-2.467524826,18 Market Street,Darwen,BB3 1AZ,GB,01254946917,True,,False,,False,False,,,,,,,WalkIn|ClickAndCollect|JustEat|JustEatCollection|UberEatsDelivery|UberEatsCollection,True,True,True
0377,"Denton, 17 Manchester Rd",53.45611116,-2.115020586,17 Manchester Road,Denton,M34 3JU,GB,01618419164,True,,False,,False,False,,,,,,,WalkIn|ClickAndCollect,False,False,True
0378,"Manchester, 733 Wilmslow Rd",53.41624034,-2.231597322,733 Wilmslow Road,Didsbury,M20 6WF,GB,01618419177,True,,False,,False,False,,,,,,,WalkIn|ClickAndCollect|JustEat|JustEatCollection|UberEatsDelivery|UberEatsCollection,True,True,True
0380,"Droylsden, U35 Queens Wlk",53.48014073,-2.145674056,31 Queens Walk,Droylsden,M43 7AD,GB,01618419169,True,,False,,False,False,,,,,,,WalkIn|ClickAndCollect|JustEat|JustEatCollection,True,False,True
0383,"Stockport, 55 Castle St",53.40199997,-2.165510206,55 Castle Street,Edgeley,SK3 9AT,GB,01618419181,True,,False,,False,False,,,,,,,WalkIn|ClickAndCollect|JustEat|JustEatCollection,True,False,True
0386,"West Bromwich, 146 Walsall Rd",52.54470087,-1.983975989,146 Walsall Road,West Bromwich,B71 3HP,GB,01216612695,True,,False,,False,False,,,,,,,WalkIn|ClickAndCollect|JustEat|JustEatCollection|UberEatsDelivery|UberEatsCollection,True,True,True
0388,"Handforth, 134 Wilmslow Rd",53.34998425,-2.214875351,134 Wilmslow Road,Handforth,SK9 3LQ,GB,01625461340,True,False,False,,False,False,False,False,False,False,SDMA,1969-12-31T23:00:00Z,WalkIn|ClickAndCollect|JustEat|JustEatCollection|UberEatsDelivery|UberEatsCollection,True,True,True
0389,"Manchester, U6 Harpurhey SC",53.51266988,-2.212042388,,Harpurhey,M9 4DH,GB,01618419150,True,,False,,False,False,,,,,,,WalkIn|ClickAndCollect|JustEat|JustEatCollection|UberEatsDelivery|UberEatsCollection,True,True,True
0390,"Haslingden, 43 Deardengate",53.70546836,-2.325799444,43 Deardengate,Haslingden,BB4 5QN,GB,01706392776,True,,False,,False,False,,,,,,,WalkIn,False,False,False
0392,"Huyton, 45 Derby Rd",53.411786075344,-2.839224127762,45A Derby Road,Huyton,L36 9UQ,GB,01513328195,True,,False,,False,False,,,,,,,WalkIn|ClickAndCollect|JustEat|JustEatCollection|UberEatsDelivery|UberEatsCollection,True,True,True
0394,"Kirkby, 11 Saint Chads Pde",53.481694020148,-2.887182350973,11E St Chads Parade,Kirkby,L32 8RD,GB,01513328206,True,,False,,False,False,,,,,,,WalkIn|ClickAndCollect|JustEat|JustEatCollection|UberEatsDelivery|UberEatsCollection,True,True,True
0399,"Liverpool, 549 Prescot Rd",53.41376577,-2.911775635,549 Prescot Road,Old Swan,L13 5UR,GB,01513328181,True,,False,,False,False,,,,,,,WalkIn|ClickAndCollect|JustEat|JustEatCollection|UberEatsDelivery|UberEatsCollection,True,True,True
0401,"Manchester, 39 King St West",53.48166133,-2.249157907,39 King Street West,Manchester,M3 2PW,GB,01618419214,True,,False,,False,False,,,,,,,WalkIn|ClickAndCollect,False,False,True
0402,"Manchester, 539 Stockport Rd",53.45711225,-2.200453068,539 Stockport Road,Longsight,M12 4JH,GB,01618419160,True,,False,,False,False,,,,,,,WalkIn|ClickAndCollect|JustEat|JustEatCollection|UberEatsDelivery|UberEatsCollection,True,True,True
0405,"Manchester, 16 Gateway House",53.47774,-2.23185,16 Gateway House,Manchester,M1 2GH,GB,01618419158,True,,False,,False,False,,,,,,,WalkIn|ClickAndCollect,False,False,True
0406,"Cardiff, 114 Crwys Rd",51.49644934,-3.180382908,114 Crwys Road,Cathays,CF24 4NR,GB,02920032670,True,,False,,False,False,,,,,,,WalkIn|ClickAndCollect|JustEat|JustEatCollection|UberEatsDelivery|UberEatsCollection,True,True,True
0408,"Marple, 3 The Hollins",53.39466815,-2.062612133,3 The Hollins,Marple,SK6 6AY,GB,01618419178,True,False,False,,False,False,False,False,False,False,SDMA,1969-12-31T23:00:00Z,WalkIn|ClickAndCollect|JustEat|JustEatCollection|UberEatsDelivery|UberEatsCollection,True,True,True
0413,"Norris Green, 17 Broadway",53.44200524,-2.930131672,17 Broadway,Norris Green,L11 1BX,GB,01513328182,True,,False,,False,False,,,,,,,WalkIn|ClickAndCollect|JustEat|JustEatCollection|UberEatsDelivery|UberEatsCollection,True,True,True
0421,"Telford, Telford SC, 136 Thetford Chase",52.676272,-2.447347,136 Thetford Chase,Telford,TF3 4BQ,GB,01952947967,True,,False,,False,False,,,,,,,WalkIn|ClickAndCollect,False,False,True
0422,"Hetton Le Hole, 15 Front St",54.82113417,-1.452090513,15 Front Street,Hetton le Hole,DH5 9PF,GB,01915946782,True,,False,,False,False,,,,,,,WalkIn|ClickAndCollect|UberEatsDelivery|UberEatsCollection,False,True,True
0428,"Largs, 62 Main St",55.79390294,-4.868574454,62 Main Street,Largs,KA30 8AL,GB,01475601891,True,,False,,False,False,,,,,,,WalkIn|ClickAndCollect,False,False,True
0429,"Sale, 45 School Rd",53.42511563,-2.322881655,45 School Road,Sale,M33 7YE,GB,01618419232,True,,False,,False,False,,,,,,,WalkIn|ClickAndCollect|JustEat|JustEatCollection|UberEatsDelivery|UberEatsCollection,True,True,True
0431,"Salford, 104 Mather Way",53.48940309,-2.287046735,104 Mather Way,Salford,M6 5HU,GB,01618419197,True,,False,,False,False,,,,,,,WalkIn|ClickAndCollect|JustEat|JustEatCollection|UberEatsDelivery|UberEatsCollection,True,True,True
0435,"Shaw, 28 Market St",53.57707801,-2.093910913,28 Market Street,Shaw,OL2 8NH,GB,01706392782,True,,False,,False,False,,,,,,,WalkIn|ClickAndCollect|JustEat|JustEatCollection,True,False,True
0440,"Stalybridge, 48 Melbourne St",53.481876,-2.056987,48 Melbourne Street,Stalybridge,SK15 2JJ,GB,01618419166,True,,False,,False,False,,,,,,,WalkIn|ClickAndCollect|JustEat|JustEatCollection,True,False,True
0443,"Washington, U1 Arndale House SC",54.91301562,-1.522785593,7/8 Victoria Road,Concord,NE37 2SW,GB,01914066929,True,,False,,False,False,,,,,,,WalkIn|ClickAndCollect|JustEat|JustEatCollection|UberEatsDelivery|UberEatsCollection,True,True,True
0447,"Swinton, 30 The Pde",53.51238646033,-2.338410408601,30 The Parade,Swinton,M27 4BH,GB,01618419211,True,,False,,False,False,,,,,,,WalkIn|ClickAndCollect|JustEat|JustEatCollection|UberEatsDelivery|UberEatsCollection,True,True,True
0452,"Warrington, U27 Birchwood SC",53.41421502,-2.527271655,31 Dewhurst Road,Warrington,WA3 7PJ,GB,01925239098,True,,False,,False,False,,,,,,,WalkIn|ClickAndCollect|JustEat|JustEatCollection|UberEatsDelivery|UberEatsCollection,True,True,True
0454,"Waterloo, 100 South Rd",53.47537923,-3.024622686,100 South Road,Waterloo,L22 0ND,GB,01513328221,True,,False,,False,False,,,,,,,WalkIn|ClickAndCollect|JustEat|JustEatCollection|UberEatsDelivery|UberEatsCollection,True,True,True
0457,"Balham, 141 Balham High Rd",51.44442699,-0.151739798,141 Balham High Road,Balham,SW12 9AU,GB,02038898613,True,,False,,False,False,,,,,,,WalkIn|ClickAndCollect|JustEat|JustEatCollection,True,False,True
0458,"Widnes, 101 Widnes Rd",53.36775634,-2.726296622,101 Widnes Road,Widnes,WA8 6BJ,GB,01513328194,True,,False,,False,False,,,,,,,WalkIn|ClickAndCollect|JustEat|JustEatCollection|UberEatsDelivery|UberEatsCollection,True,True,True
0463,"Wythenshawe, U7 The Birtles",53.380410196562,-2.262362620915,18 The Birtles,Wythenshawe,M22 5RF,GB,01618419172,True,,False,,False,False,,,,,,,WalkIn|ClickAndCollect|JustEat|JustEatCollection|UberEatsDelivery|UberEatsCollection,True,True,True
0465,"Acocks Green, 25 Olton Boulevard East",52.44332019,-1.833927602,29 Olton Boulevard East,Acocks Green,B27 7RR,GB,01216612728,True,,False,,False,False,,,,,,,WalkIn|ClickAndCollect,False,False,True
0466,"Birmingham, 164 Alum Rock Rd",52.48941843,-1.852258583,164 Alum Rock Road,Alum Rock,B8 1HU,GB,01216612555,True,,False,,False,False,,,,,,,WalkIn|ClickAndCollect|JustEat|JustEatCollection|UberEatsDelivery|UberEatsCollection,True,True,True
0469,"Outlet: Birmingham, 130 Highgate St",52.46573333,-1.891847467,130 Highgate Street,Highgate,B12 0XR,GB,01216612627,True,,False,,False,False,,,,,,,WalkIn,False,False,False
0470,"Bedworth, 32 All Saints Sq",52.48005718963,-1.473228429531,32 All Saints Square,Bedworth,CV12 8ND,GB,02475103356,True,,False,,False,False,,,,,,,WalkIn|ClickAndCollect|JustEat|JustEatCollection,True,False,True
0473,"Bilston, 102 Church St",52.565114432249,-2.078056822896,102 Church Street,Bilston,WV14 0BJ,GB,01902243950,True,,False,,False,False,,,,,,,WalkIn|ClickAndCollect|JustEat|JustEatCollection|UberEatsDelivery|UberEatsCollection,True,True,True
0475,"Norton, 51 High St",54.58758016,-1.310669178,51 High Street,Norton,TS20 1AH,GB,01642549255,True,,False,,False,False,,,,,,,WalkIn|ClickAndCollect|JustEat|JustEatCollection|UberEatsDelivery|UberEatsCollection,True,True,True
0481,"Blackheath, 181 High St",52.47562537,-2.03966241,181 High Street,Blackheath,B65 0DU,GB,01216612691,True,,False,,False,False,,,,,,,WalkIn|ClickAndCollect|JustEat|JustEatCollection|UberEatsDelivery|UberEatsCollection,True,True,True
0483,"Brownhills, 54 High St",52.64678333,-1.932728301,54 High Street,Brownhills,WS8 6EL,GB,01543222901,True,,False,,False,False,,,,,,,WalkIn|ClickAndCollect|JustEat|JustEatCollection,True,False,True
0485,"Chelmsley Wood, U61 Chelmsly W",52.48030449,-1.739632115,9 Greenwood Square,Chelmsley Wood,B37 5TS,GB,01216612746,True,False,False,,False,False,False,False,False,False,SDBI,1969-12-31T23:00:00Z,WalkIn|ClickAndCollect,False,False,True
0486,"Codsall, 18 Station Rd",52.6298818,-2.20152224,18 Station Road,Codsall,WV8 1BX,GB,01902243968,True,,False,,False,False,,,,,,,WalkIn|ClickAndCollect,False,False,True
0487,"Birmingham, 6 Watford Rd",52.41630103,-1.930270659,6 Watford Road,Cotteridge,B30 1JA,GB,01216612632,True,,False,,False,False,,,,,,,WalkIn|ClickAndCollect|JustEat|JustEatCollection|UberEatsDelivery|UberEatsCollection,True,True,True
0488,"Middleton, U28 Middleton SC",53.548241384223,-2.201051034763,Ground Floor,Middleton,M24 4EL,GB,01618419191,True,,False,,False,False,,,,,,,WalkIn|ClickAndCollect|JustEat|JustEatCollection|UberEatsDelivery|UberEatsCollection,True,True,True
0489,"Coventry, 137 Daventry Rd",52.39448967,-1.506596927,137 Daventry Road,Cheylesmore,CV3 5HD,GB,02475103350,True,,False,,False,False,,,,,,,WalkIn|ClickAndCollect,False,False,True
0490,"Coventry, 38 Jardine Cres",52.40659448,-1.575744808,38 Jardine Crescent,Tile Hill,CV4 9PQ,GB,02475103349,True,,False,,False,False,,,,,,,WalkIn|ClickAndCollect|JustEat|JustEatCollection,True,False,True
0491,"Coventry, 118 Jubilee Cres",52.43026022,-1.516842838,118/120 Jubilee Crescent,Radford,CV6 3ES,GB,02475103352,True,,False,,False,False,,,,,,,WalkIn|ClickAndCollect|JustEat|JustEatCollection,True,False,True
0494,"Sunderland, Park Lane Interchange",54.90305628,-1.385178285,,Sunderland,SR1 3NX,GB,01915946788,True,,False,,False,False,,,,,,,WalkIn|ClickAndCollect|JustEat|JustEatCollection|UberEatsDelivery|UberEatsCollection,True,True,True
0495,"Llanelli, U2 St Elli SC",51.681865209916,-4.159456776462,Murray Street,Llanelli,SA15 1SH,GB,01554701585,True,False,False,,False,False,False,False,False,False,SDTR,1969-12-31T23:00:00Z,WalkIn|ClickAndCollect|JustEat|JustEatCollection|UberEatsDelivery|UberEatsCollection,True,True,True
0502,"Birmingham, 26 Glebe Farm Rd",52.48847657,-1.793976353,26 Glebe Farm Road,Birmingham,B33 9LZ,GB,01216612754,True,,False,,False,False,,,,,,,WalkIn|ClickAndCollect,False,False,True
0503,"Perry Barr, 97 Thornbridge Ave",52.53568332,-1.905836152,97 Thornbridge Avenue,Perry Barr,B42 2AB,GB,01216612609,True,,False,,False,False,,,,,,,WalkIn|ClickAndCollect|JustEat|JustEatCollection|UberEatsDelivery|UberEatsCollection,True,True,True
0504,"Great Barr, Scott Arms SC",52.54522099,-1.932887929,944 Walsall Road,Great Barr,B42 1TQ,GB,01216612610,True,,False,,False,False,,,,,,,WalkIn|ClickAndCollect|JustEat|JustEatCollection|UberEatsDelivery|UberEatsCollection,True,True,True
0506,"Livingston, 72 The Centre",55.884611724888,-3.510493673759,Mall Cafe,Livingston,EH54 6NB,GB,01506376633,True,,False,,False,False,,,,,,,WalkIn|ClickAndCollect|JustEat|JustEatCollection|UberEatsDelivery|UberEatsCollection,True,True,True
0507,"Glasgow, The Forge SC",55.85344117251,-4.199821883908,East Mall,Glasgow,G31 4EB,GB,01417267390,True,,False,,False,False,,,,,,,WalkIn|ClickAndCollect|JustEat|JustEatCollection,True,False,True
0509,"Kenilworth, 19 Warwick Rd",52.34199479,-1.578265942,19 Warwick Road,Kenilworth,CV8 1HN,GB,01926352029,True,,False,,False,False,,,,,,,WalkIn|ClickAndCollect|JustEat|JustEatCollection|UberEatsDelivery|UberEatsCollection,True,True,True
0514,"Kingstanding, 208 Hawthorn Rd",52.54047497,-1.884011619,208 Hawthorn Road,Kingstanding,B44 8PP,GB,01216612616,True,,False,,False,False,,,,,,,WalkIn|ClickAndCollect|JustEat|JustEatCollection|UberEatsDelivery|UberEatsCollection,True,True,True
0516,"Kingstanding, 625 Kingstanding Rd",52.55231278,-1.884183883,625 Kingstanding Road,Kingstanding,B44 9SU,GB,01216612592,True,,False,,False,False,,,,,,,WalkIn|ClickAndCollect|JustEat|JustEatCollection|UberEatsDelivery|UberEatsCollection,True,True,True
0519,"Lichfield, 9 Bakers Ln",52.683287907384,-1.826039144187,9 Bakers Lane,Lichfield,WS13 6NF,GB,01543222899,True,,False,,False,False,,,,,,,WalkIn|ClickAndCollect,False,False,True
0520,"Birmingham, 1013 Alcester Rd Sth",52.40602793,-1.887171144,1013 Alcester Road South,Maypole,B14 5JA,GB,01216612626,True,,False,,False,False,,,,,,,WalkIn|ClickAndCollect|JustEat|JustEatCollection|UberEatsDelivery|UberEatsCollection,True,True,True
0522,"Northfield, U8 Northfield SC",52.41707451,-1.968239955,Bristol Road South,Northfield,B31 2JU,GB,01216612639,True,,False,,False,False,,,,,,,WalkIn|ClickAndCollect|JustEat|JustEatCollection|UberEatsDelivery|UberEatsCollection,True,True,True
0525,"Birmingham, 23 Curdale Rd",52.43361781,-2.005221254,23 Curdale Road,Bartley Green,B32 4HD,GB,01216612636,True,,False,,False,False,,,,,,,WalkIn|ClickAndCollect|JustEat|JustEatCollection|UberEatsDelivery|UberEatsCollection,True,True,True
0527,"Nottingham, U32 Victoria CTR",52.956300318004,-1.147137900259,Lower Parliament Street,Nottingham,NG1 3QE,GB,01158226079,True,,False,,False,False,,,,,,,WalkIn|ClickAndCollect,False,False,True
0529,"Nuneaton, U33 Abbeygate CTR",52.52387646,-1.467671741,24 Harefield Road,Nuneaton,CV11 4HD,GB,02475103343,True,,False,,False,False,,,,,,,WalkIn|ClickAndCollect,False,False,True
0530,"Oakengate, Oakengate SC",52.69510128,-2.451840069,19 Market Street,Oakengates,TF2 6EL,GB,01952947973,True,,False,,False,False,,,,,,,WalkIn|ClickAndCollect,False,False,True
0532,"Wolverhampton, 17 Warstones Dr",52.5681098,-2.165852514,17 Warstones Drive,Wolverhampton,WV4 4PP,GB,01902243946,True,,False,,False,False,,,,,,,WalkIn|ClickAndCollect|JustEat|JustEatCollection|UberEatsDelivery|UberEatsCollection,True,True,True
0535,"Birmingham, Radleys, 399 Sheldon Hth Rd",52.46441608,-1.777087108,399 Sheldon Heath Road,Radleys,B26 2UB,GB,01216612740,True,,False,,False,False,,,,,,,WalkIn|ClickAndCollect|JustEat|JustEatCollection,True,False,True
0536,"Rubery, 175 New Rd",52.39388352,-2.017927233,175 New Road,Rubery,B45 9JW,GB,01216612631,True,,False,,False,False,,,,,,,WalkIn|ClickAndCollect|JustEat|JustEatCollection|UberEatsDelivery|UberEatsCollection,True,True,True
0537,"Liverpool, 17 Castle St",53.40656039,-2.990809539,17 Castle Street,Liverpool,L2 4SX,GB,01513328186,True,,False,,False,False,,,,,,,WalkIn|ClickAndCollect,False,False,True
0540,"Outlet: Sheldon, 2178 Coventry Rd",52.45231625,-1.78312865,2178 Coventry Road,Sheldon,B26 3JE,GB,01216612732,True,,False,,False,False,,,,,,,WalkIn,False,False,False
0552,"Tile Cross, 9 Bell Lane",52.47365308,-1.763037897,9 Bell Lane,Tile Cross,B33 0HS,GB,01216612748,True,False,False,,False,False,False,False,False,False,SDBI,1969-12-31T23:00:00Z,WalkIn|ClickAndCollect|JustEat|JustEatCollection|UberEatsDelivery|UberEatsCollection,True,True,True
0555,"Outlet: Ward End, 638 Washwood",52.49355423,-1.83278594,638 Washwood Heath Road,Ward End,B8 2HQ,GB,01216612572,True,False,False,,False,False,False,False,False,False,SDBI,1969-12-31T23:00:00Z,WalkIn,False,False,False
0556,"Wednesbury, 14 Union St",52.55265,-2.020361,14 Union Street,Wednesbury,WS10 7HD,GB,01216612640,True,,False,,False,False,,,,,,,WalkIn|ClickAndCollect|JustEat|JustEatCollection|UberEatsDelivery|UberEatsCollection,True,True,True
0558,"Birmingham, 144 Weoley Castle",52.43728471,-1.971069798,144 Weoley Castle Road,Weoley Castle,B29 5QL,GB,01216612637,True,False,False,,False,False,False,False,False,False,SDBI,1969-12-31T23:00:00Z,WalkIn|ClickAndCollect|JustEat|JustEatCollection,True,False,True
0559,"West Bridgford, 28 Central Ave",52.9316953,-1.126661724,28 Central Avenue,West Bridgford,NG2 5GR,GB,01158226639,True,,False,,False,False,,,,,,,WalkIn|ClickAndCollect|JustEat|JustEatCollection|UberEatsDelivery|UberEatsCollection,True,True,True
0562,"Willenhall, 83 Stafford St",52.5849503,-2.056203906,83 Stafford Street,Willenhall,WV13 1RT,GB,01902243952,True,,False,,False,False,,,,,,,WalkIn|ClickAndCollect|JustEat|JustEatCollection|UberEatsDelivery|UberEatsCollection,True,True,True
0563,"Bow, 628 Roman Rd",51.53400601,-0.026926113,628 Roman Road,Bow,E3 2RW,GB,02038898677,True,,False,,False,False,,,,,,,WalkIn|ClickAndCollect|JustEat|JustEatCollection,True,False,True
0564,"Catterick, Richmondshire Wlk SC",54.37483418,-1.723098684,,Catterick Garrison,DL9 3EN,GB,01325521701,True,,False,,False,False,,,,,,,WalkIn|ClickAndCollect|JustEat|JustEatCollection|UberEatsDelivery|UberEatsCollection,True,True,True
0566,"Wolverhampton, 24 Market St",52.58502296,-2.125852517,24 Market Street,Wolverhampton,WV1 3AG,GB,01902243948,True,,False,,False,False,,,,,,,WalkIn|ClickAndCollect|JustEat|JustEatCollection|UberEatsDelivery|UberEatsCollection,True,True,True
0574,"Outlet: Barry, 58 Holton Rd",51.40520589,-3.269504652,58 Holton Road,Barry,CF63 4HE,GB,01446501577,True,,False,,False,False,,,,,,,WalkIn,False,False,False
0583,"Caerphilly, 47 Cardiff Rd",51.57379033,-3.220435161,47 Cardiff Road,Caerphilly,CF83 1FP,GB,02920032695,True,,False,,False,False,,,,,,,WalkIn|ClickAndCollect|JustEat|JustEatCollection|UberEatsDelivery|UberEatsCollection,True,True,True
0587,"Sleaford, 42 Southgate",52.99754778,-0.409716416,42 Southgate,Sleaford,NG34 7RR,GB,01529400539,True,,False,,False,False,,,,,,,WalkIn|ClickAndCollect|JustEat|JustEatCollection|UberEatsDelivery|UberEatsCollection,True,True,True
0588,"Bury St Edmunds, 11 Abbeygate St",52.24482701,0.713726908,11 Abbeygate Street,Bury St Edmunds,IP33 1UN,GB,01284338932,True,,False,,False,False,,,,,,,WalkIn|ClickAndCollect|JustEat|JustEatCollection|UberEatsDelivery|UberEatsCollection,True,True,True
0589,"North Chingford, 25 Station Rd",51.63111278,0.002907948,25 Station Road,North Chingford,E4 7BJ,GB,02038898577,True,,False,,False,False,,,,,,,WalkIn|ClickAndCollect|JustEat|JustEatCollection|UberEatsDelivery|UberEatsCollection,True,True,True
0590,"Roath, 20 Clifton St",51.48601252,-3.158181607,20 Clifton Street,Roath,CF24 1PX,GB,02920032666,True,,False,,False,False,,,,,,,WalkIn|ClickAndCollect|JustEat|JustEatCollection|UberEatsDelivery|UberEatsCollection,True,True,True
0593,Outlet: Cardiff. 75 Grand Ave,51.48130481,-3.244246687,75 Grand Avenue,Ely,CF5 4LE,GB,02920032680,True,False,False,,False,False,False,False,False,False,SDTR,1969-12-31T23:00:00Z,WalkIn,False,False,False
0596,"North Berwick, 56 High St",56.05852347,-2.719126015,56 High Street,North Berwick,EH39 4HQ,GB,01620670401,True,False,False,,False,False,False,False,False,False,SDCL,1969-12-31T23:00:00Z,WalkIn|ClickAndCollect,False,False,True
0597,"Cardiff, 1 St Marys St",51.4802354,-3.179545425,1 St Mary Street,Cardiff,CF10 1AT,GB,02920032686,True,,False,,False,False,,,,,,,WalkIn|ClickAndCollect,False,False,True
0598,"Chepstow, 20 High St",51.64179034,-2.674985067,20 High Street,Chepstow,NP16 5LQ,GB,01291441479,True,,False,,False,False,,,,,,,WalkIn|ClickAndCollect,False,False,True
0602,"Thirsk, 38 Market Pl",54.2323618,-1.342276326,38/40 Market Place,Thirsk,YO7 1LH,GB,01845440225,True,,False,,False,False,,,,,,,WalkIn|ClickAndCollect,False,False,True
0605,"Morriston, 29 Woodfield St",51.6648039,-3.925649593,29 Woodfield Street,Morriston,SA6 8AB,GB,01792001451,True,,False,,False,False,,,,,,,WalkIn|ClickAndCollect|JustEat|JustEatCollection|UberEatsDelivery|UberEatsCollection,True,True,True
0612,"Leeds, Central Bus Station",53.796790766404,-1.53582225527,St Peters Street,Leeds,LS2 7HU,GB,01135177579,True,,False,,False,False,,,,,,,WalkIn|ClickAndCollect,False,False,True
0613,"Newport, 31 High St",51.58817927,-2.996713359,31 High Street,Newport,NP20 1GH,GB,01633743291,True,,False,,False,False,,,,,,,WalkIn|ClickAndCollect|JustEat|JustEatCollection,True,False,True
0616,"Penarth, 32 Windsor Rd",51.43923449,-3.175675581,32 Windsor Road,Penarth,CF64 1JH,GB,02920032689,True,,False,,False,False,,,,,,,WalkIn|ClickAndCollect|UberEatsDelivery|UberEatsCollection,False,True,True
0620,"Barnsley, 3 Peel Sq",53.55266659,-1.481716667,3 Peel Square,Barnsley,S70 2QT,GB,01226657650,True,False,False,,False,False,False,False,False,False,SDLE,1969-12-31T23:00:00Z,WalkIn|ClickAndCollect,False,False,True
0621,"High Wycombe, 13 Queens Sq",51.63037663,-0.752646595,13/14 Queens Square,High Wycombe,HP11 2DF,GB,01494923615,True,,False,,False,False,,,,,,,WalkIn,False,False,False
0622,"Porth, 69 Hannah St",51.61161588,-3.407499788,69 Hannah Street,Porth,CF39 9PY,GB,01443583539,True,,False,,False,False,,,,,,,WalkIn|ClickAndCollect|JustEat|JustEatCollection|UberEatsDelivery|UberEatsCollection,True,True,True
0624,"Outlet: Redfield, 209 Church S",51.45933998,-2.554959971,209 Church Road,Redfield,BS5 9HL,GB,01174544420,True,False,False,,False,False,False,False,False,False,SDTR,1969-12-31T23:00:00Z,WalkIn,False,False,False
0626,"Swansea, 8 Whitewalls",51.61966031,-3.944345972,8 Whitewalls,Swansea,SA1 3AA,GB,01792001445,True,,False,,False,False,,,,,,,WalkIn|ClickAndCollect,False,False,True
0627,"Tonypandy, 37 Dunraven St",51.62171052,-3.453895729,37 Dunraven Street,Tonypandy,CF40 1AL,GB,01443583534,True,,False,,False,False,,,,,,,WalkIn|ClickAndCollect|JustEat|JustEatCollection|UberEatsDelivery|UberEatsCollection,True,True,True
0637,"Whitchurch, 19 Merthyr Rd",51.51285899,-3.219440644,19 Merthyr Road,Whitchurch,CF14 1DA,GB,02920032685,True,,False,,False,False,,,,,,,WalkIn|ClickAndCollect|JustEat|JustEatCollection|UberEatsDelivery|UberEatsCollection,True,True,True
0640,"Barkingside, 75 High St",51.59062271,0.082210773,75/77A High Street,Barkingside,IG6 2AF,GB,02038898585,True,,False,,False,False,,,,,,,WalkIn|ClickAndCollect|JustEat|JustEatCollection|UberEatsDelivery|UberEatsCollection,True,True,True
0644,"Hereford, 14 Commercial St",52.05714107,-2.713889548,14 Commercial Street,Hereford,HR1 2DB,GB,01432801538,True,False,False,,False,False,False,False,False,False,SDTR,1969-12-31T23:00:00Z,WalkIn|ClickAndCollect|JustEat|JustEatCollection|UberEatsDelivery|UberEatsCollection,True,True,True
0645,"Outlet: South Shields, 4 Frederick St",54.98933946,-1.437458787,4 Frederick Street,South Shields,NE33 5EA,GB,01914066933,True,,False,,False,False,,,,,,,WalkIn,False,False,False
0646,"Cheshunt, 53 Turners Hill",51.70141311,-0.034745449,53 Turners Hill,Cheshunt,EN8 9DD,GB,01992668228,True,,False,,False,False,,,,,,,WalkIn|ClickAndCollect|JustEat|JustEatCollection|UberEatsDelivery|UberEatsCollection,True,True,True
0648,"Chingford, 4 Albert Cres",51.61730415,-0.018391277,4 Albert Crescent,Chingford,E4 6SH,GB,02038898578,True,,False,,False,False,,,,,,,WalkIn|ClickAndCollect|JustEat|JustEatCollection|UberEatsDelivery|UberEatsCollection,True,True,True
0650,"Crouch End, 29 The Broadway",51.57932369,-0.124013257,29 The Broadway,Crouch End,N8 8DU,GB,02038898553,True,,False,,False,False,,,,,,,WalkIn|ClickAndCollect|JustEat|JustEatCollection|UberEatsDelivery|UberEatsCollection,True,True,True
0651,"Dagenham, 12 Woodward Rd",51.5388827,0.12706443,12 Woodward Road,Dagenham,RM9 4SH,GB,02038898538,True,,False,,False,False,,,,,,,WalkIn|ClickAndCollect,False,False,True
0652,"Dalston, 61 Kingsland High St",51.5483315,-0.075560283,61 Kingsland High Street,Dalston,E8 2JS,GB,02038898494,True,,False,,False,False,,,,,,,WalkIn|ClickAndCollect|JustEat|JustEatCollection|UberEatsDelivery|UberEatsCollection,True,True,True
0655,"Edmonton, Bury St West, 8 Cambridge Tce",51.63430917,-0.070959018,8 Cambridge Terrace,Edmonton,N9 9JJ,GB,02038898556,True,,False,,False,False,,,,,,,WalkIn|ClickAndCollect,False,False,True
0658,"Southend, 67 High St",51.53629719,0.713525576,67 High Street,Southend-on-Sea,SS1 1HZ,GB,01702417727,True,,False,,False,False,,,,,,,WalkIn|ClickAndCollect|JustEat|JustEatCollection|UberEatsDelivery|UberEatsCollection,True,True,True
0660,"Liverpool, 21 Bold St",53.40379375,-2.979443946,21 Bold Street,Liverpool,L1 4DN,GB,01513328217,True,,False,,False,False,,,,,,,WalkIn|ClickAndCollect|UberEatsDelivery|UberEatsCollection,False,True,True
0661,"Chigwell, 197 Manford Way",51.60834533,0.106986154,197 Manford Way,Chigwell,IG7 4DJ,GB,02038898572,True,,False,,False,False,,,,,,,WalkIn|ClickAndCollect|JustEat|JustEatCollection|UberEatsDelivery|UberEatsCollection,True,True,True
0664,"Enfield, 308 Baker St",51.66295974,-0.077847822,308 Baker Street,Enfield,EN1 3LD,GB,02038898558,True,,False,,False,False,,,,,,,WalkIn|ClickAndCollect,False,False,True
0665,"Bromley, 439 Bromley Rd",51.42535846,-0.004523875,439 Bromley Road,Bromley,BR1 4PH,GB,02038898621,True,,False,,False,False,,,,,,,WalkIn|ClickAndCollect|JustEat|JustEatCollection|UberEatsDelivery|UberEatsCollection,True,True,True
0666,"Enfield, 9 Bush Hill Pde",51.63658565,-0.081207123,9 Bush Hill Parade,Enfield,N9 9JS,GB,02038898555,True,,False,,False,False,,,,,,,WalkIn|ClickAndCollect,False,False,True
0667,"Enfield, 188 Hertford Rd",51.65713466,-0.047546232,188 Hertford Road,Enfield,EN3 5AZ,GB,02038898636,True,,False,,False,False,,,,,,,WalkIn|ClickAndCollect|JustEat|JustEatCollection|UberEatsDelivery|UberEatsCollection,True,True,True
0674,"Hackney, 387B Mare S",51.5486275,-0.055271622,387B Mare Street,Hackney,E8 1HY,GB,02038898581,True,,False,,False,False,,,,,,,WalkIn|ClickAndCollect|JustEat|JustEatCollection,True,False,True
0675,"Harlow, 6 Bush Fair SC",51.757661099787,0.112653588101,6 North House Bush Fair,Harlow,CM18 6PA,GB,01279214454,True,False,False,,False,False,False,False,False,False,SDEN,1969-12-31T23:00:00Z,WalkIn|ClickAndCollect|JustEat|JustEatCollection,True,False,True
0676,"Hertford, 5 Railway St",51.79676619,-0.07737743,5/7 Railway Street,Hertford,SG14 1BG,GB,01992668226,True,False,False,,False,False,False,False,False,False,SDEN,1969-12-31T23:00:00Z,WalkIn|ClickAndCollect|JustEat|JustEatCollection|UberEatsDelivery|UberEatsCollection,True,True,True
0677,"Highbury, 3 Highbury Pk",51.55368127,-0.098470752,3 Highbury Park,Highbury,N5 1QJ,GB,02038898485,True,,False,,False,False,,,,,,,WalkIn|ClickAndCollect|JustEat|JustEatCollection|UberEatsDelivery|UberEatsCollection,True,True,True
0680,"Kentish Town, 311 Kentish Town Rd",51.54975145,-0.141137395,311 Kentish Town Road,Kentish Town,NW5 2TJ,GB,02038898511,True,,False,,False,False,,,,,,,WalkIn|ClickAndCollect|JustEat|JustEatCollection|UberEatsDelivery|UberEatsCollection,True,True,True
0684,"Enfield, 110 South St",51.64318593,-0.038433111,110 South Street,Ponders End,EN3 4QA,GB,02038898637,True,,False,,False,False,,,,,,,WalkIn|ClickAndCollect|JustEat|JustEatCollection,True,False,True
0686,"Carlisle, 24 Scotch St",54.89618953,-2.935763525,24 Scotch Street,Carlisle,CA3 8PX,GB,01228582867,True,,False,,False,False,,,,,,,WalkIn|ClickAndCollect,False,False,True
0689,"Globe Town, 112 Roman Rd",51.52864389,-0.047721427,112 Roman Road,Globe Town,E2 0RN,GB,02038898676,True,,False,,False,False,,,,,,,WalkIn|ClickAndCollect|JustEat|JustEatCollection|UberEatsDelivery|UberEatsCollection,True,True,True
0690,"Harold Hill, Romford, 4 Farnham Rd",51.60683358,0.218423421,4 Farnham Road,Harold Hill,RM3 8DX,GB,01708599361,True,,False,,False,False,,,,,,,WalkIn|ClickAndCollect|JustEat|JustEatCollection,True,False,True
0691,"South Woodford, 168 George Ln",51.59390179,0.024717503,168 George Lane,South Woodford,E18 1AY,GB,02038898575,True,,False,,False,False,,,,,,,WalkIn|ClickAndCollect|JustEat|JustEatCollection|UberEatsDelivery|UberEatsCollection,True,True,True
0692,"Southgate, 58 Chase Side",51.6331013,-0.12960971,58 Chase side,Southgate,N14 5PA,GB,02038898658,True,,False,,False,False,,,,,,,WalkIn|ClickAndCollect|JustEat|JustEatCollection|UberEatsDelivery|UberEatsCollection,True,True,True
0693,"Maidstone, 208 The Mall, Pad's Hill",51.272641973213,0.525269498799,208/209 Pad's Hill,Maidstone,ME15 6AT,GB,01622233627,True,,False,,False,False,,,,,,,WalkIn|ClickAndCollect|JustEat|JustEatCollection|UberEatsDelivery|UberEatsCollection,True,True,True
0694,"Stratford, 52 West Mall, Stratford SC",51.54179925,-0.000109632,52 West Mall,Stratford,E15 1XE,GB,02033758229,True,,False,,False,False,,,,,,,WalkIn|ClickAndCollect|JustEat|JustEatCollection|UberEatsDelivery|UberEatsCollection,True,True,True
0697,"Upton Park, 380 Green St",51.53598911,0.034993703,380 Green Street,Upton Park,E13 9AP,GB,02038898586,True,,False,,False,False,,,,,,,WalkIn|ClickAndCollect|JustEat|JustEatCollection|UberEatsDelivery|UberEatsCollection,True,True,True
0701,"Walworth, 273 Walworth Rd",51.48790867,-0.095357888,273 Walworth Road,Walworth,SE17 1RL,GB,02038898521,True,,False,,False,False,,,,,,,WalkIn|ClickAndCollect|JustEat|JustEatCollection,True,False,True
0703,"Wanstead, 85 High St",51.57807443,0.026386587,85 High Street,Wanstead,E11 2AE,GB,02038898678,True,,False,,False,False,,,,,,,WalkIn|ClickAndCollect|JustEat|JustEatCollection|UberEatsDelivery|UberEatsCollection,True,True,True
0705,"Wood Green, 7 The Broadway",51.59592233,-0.109261437,7 High Road,Wood Green,N22 6DS,GB,02038898657,True,,False,,False,False,,,,,,,WalkIn|ClickAndCollect|JustEat|JustEatCollection|UberEatsDelivery|UberEatsCollection,True,True,True
0706,"Barnard Castle, 11 Horsemarket",54.54388283,-1.923716837,11 Horsemarket,Barnard Castle,DL12 8LY,GB,01833600008,True,,False,,False,False,,,,,,,WalkIn|ClickAndCollect,False,False,True
0708,"Berwick, 26 Marygate",55.76974042,-2.003311621,26 Marygate,Berwick-upon-Tweed,TD15 1BN,GB,01289540240,True,,False,,False,False,,,,,,,WalkIn|ClickAndCollect,False,False,True
0713,"Romford, 40 Collier Row Rd",51.59904386,0.161501485,40 Collier Row Road,Romford,RM5 3PA,GB,01708599367,True,,False,,False,False,,,,,,,WalkIn|ClickAndCollect|JustEat|JustEatCollection|UberEatsDelivery|UberEatsCollection,True,True,True
0717,"Wilmslow, 49 Grove St",53.326312015744,-2.232025542914,47 Grove Street,Wilmslow,SK9 1DT,GB,01625461109,True,False,False,,False,False,False,False,False,False,SDMA,1969-12-31T23:00:00Z,WalkIn|ClickAndCollect|JustEat|JustEatCollection|UberEatsDelivery|UberEatsCollection,True,True,True
0719,"Dunfermline, U3 Kingsgate SC",56.072391304342,-3.459578833998,Lower Level,Dunfermline,KY12 7QA,GB,01383347866,True,,False,,False,False,,,,,,,WalkIn|ClickAndCollect|JustEat|JustEatCollection,True,False,True
0721,"Durham, 2 Saddler St",54.77670902,-1.575272298,2/3 Saddler Street,Durham,DH1 3NP,GB,01913230117,True,,False,,False,False,,,,,,,WalkIn|ClickAndCollect|JustEat|JustEatCollection|UberEatsDelivery|UberEatsCollection,True,True,True
0724,"Leeds, U5 The Light SC, Headrow",53.79980135,-1.54638228,66 The Headrow,Leeds,LS1 8EQ,GB,01135177585,True,,False,,False,False,,,,,,,WalkIn|ClickAndCollect,False,False,True
0728,"Hartlepool, 175 Middleton Grange SC",54.683649724701,-1.213782683114,,Hartlepool,TS24 7RR,GB,01429801235,True,,False,,False,False,,,,,,,WalkIn|ClickAndCollect|JustEat|JustEatCollection|UberEatsDelivery|UberEatsCollection,True,True,True
0730,"Finchley, 25 Ballards Lane",51.6025646,-0.192352211,25 Ballards Lane,Finchley,N3 1XP,GB,02038898554,True,,False,,False,False,,,,,,,WalkIn|ClickAndCollect|JustEat|JustEatCollection|UberEatsDelivery|UberEatsCollection,True,True,True
0740,"Slough, Buckingham CTR",51.52140639,-0.625498595,171 Buckingham Avenue,Slough,SL1 4RD,GB,01753291272,True,,False,,False,False,,,,,,,WalkIn|ClickAndCollect|JustEat|JustEatCollection|UberEatsDelivery|UberEatsCollection,True,True,True
0742,"Romford, 1 Quadrant Arc",51.57867391,0.181117322,1/3 Quadrant Arcade,Romford,RM1 3ED,GB,01708599366,True,,False,,False,False,,,,,,,WalkIn|ClickAndCollect|JustEat|JustEatCollection|UberEatsDelivery|UberEatsCollection,True,True,True
0743,"Morpeth, 23 Bridge St",55.16742808,-1.688820469,23 Bridge Street,Morpeth,NE61 1NT,GB,01670332170,True,,False,,False,False,,,,,,,WalkIn|ClickAndCollect|UberEatsDelivery|UberEatsCollection,False,True,True
0744,"Scunthorpe, 133 High St",53.59124501,-0.649672318,133 High Street,Scunthorpe,DN15 6LP,GB,01724700343,True,,False,,False,False,,,,,,,WalkIn|ClickAndCollect|UberEatsDelivery|UberEatsCollection,False,True,True
0750,"Newcastle, 95 Grey St",54.97327612,-1.612961661,95 Grey Street,Newcastle Upon Tyne,NE1 6EG,GB,01913232886,True,False,False,,False,False,False,False,False,False,SDGO,1969-12-31T23:00:00Z,WalkIn|ClickAndCollect,False,False,True
0751,"Newcastle, 42 Neville St",54.96934767,-1.617641912,42 Neville Street,Newcastle Upon Tyne,NE1 5DF,GB,01913232887,True,False,False,,False,False,False,False,False,False,SDGO,1969-12-31T23:00:00Z,WalkIn|ClickAndCollect|JustEat|JustEatCollection|UberEatsDelivery|UberEatsCollection,True,True,True
0754,"Edinburgh, 27A Raeburn Pl",55.95890687,-3.211321522,27A Raeburn Place,Stockbridge,EH4 1HU,GB,01312873349,True,False,False,,False,False,False,False,False,False,SDCL,1969-12-31T23:00:00Z,WalkIn|ClickAndCollect|JustEat|JustEatCollection,True,False,True
0755,"Ripon, 18 Market Pl North",54.1367966,-1.523586139,18 Market Place North,Ripon,HG4 1BW,GB,01765530779,True,,False,,False,False,,,,,,,WalkIn|ClickAndCollect|UberEatsDelivery|UberEatsCollection,False,True,True
0760,"Skipton, 60 High St",53.96154099,-2.017023303,60 High Street,Skipton,BD23 1JP,GB,01756630560,True,,False,,False,False,,,,,,,WalkIn|ClickAndCollect|JustEat|JustEatCollection|UberEatsDelivery|UberEatsCollection,True,True,True
0761,"Worcester Park, 125 Central Rd",51.37885437,-0.242469492,125 Central Road,Worcester Park,KT4 8DY,GB,02038898552,True,,False,,False,False,,,,,,,WalkIn|ClickAndCollect|JustEat|JustEatCollection|UberEatsDelivery|UberEatsCollection,True,True,True
0762,"St Andrews, 116 Market St",56.34031053,-2.797380154,116/118 Market Street,St Andrews,KY16 9PD,GB,01334230058,True,,False,,False,False,,,,,,,WalkIn|ClickAndCollect,False,False,True
0764,"Sunderland, Cafe Mall, The Bridges SC",54.90609,-1.38341,Cafe Mall,Sunderland,SR1 3LB,GB,01915946793,True,,False,,False,False,,,,,,,WalkIn|ClickAndCollect,False,False,True
0765,"Clifton, 230 Southchurch Dr",52.90299908,-1.177917274,230/232 Southchurch Drive,Clifton,NG11 8AA,GB,01156718927,True,,False,,False,False,,,,,,,WalkIn|ClickAndCollect|JustEat|JustEatCollection|UberEatsDelivery|UberEatsCollection,True,True,True
0770,"Northallerton, 185 High St",54.33890226,-1.434153854,185 High Street,Northallerton,DL7 8LF,GB,01609710878,True,,False,,False,False,,,,,,,WalkIn|ClickAndCollect,False,False,True
0772,"York, 15 Saint Sampsons Sq",53.95958313,-1.081637499,15 St Sampsons Square,York,YO1 8RR,GB,01904236947,True,,False,,False,False,,,,,,,WalkIn|ClickAndCollect,False,False,True
0773,"York, 18 Pavement",53.95875572,-1.07958925,18 The Pavement,York,YO1 9UP,GB,01904236948,True,,False,,False,False,,,,,,,WalkIn|ClickAndCollect|JustEat|JustEatCollection|UberEatsDelivery|UberEatsCollection,True,True,True
0777,"Smethwick, 573 Bearwood SC",52.47483353,-1.969094563,573 Bearwood Road,Smethwick,B66 4BH,GB,01216612619,True,False,False,,False,False,False,False,False,False,SDBI,1969-12-31T23:00:00Z,WalkIn|ClickAndCollect|JustEat|JustEatCollection|UberEatsDelivery|UberEatsCollection,True,True,True
0778,"Beccles, 13 Newmarket",52.45743376,1.562762047,13 Newmarket,Beccles,NR34 9HD,GB,01502441097,True,,False,,False,False,,,,,,,WalkIn|ClickAndCollect,False,False,True
0780,"Blackpool, 72 Church St",53.81773213,-3.052582822,72/74 Church Street,Blackpool,FY1 1HP,GB,01253204609,True,False,False,,False,False,False,False,False,False,SDMA,1969-12-31T23:00:00Z,WalkIn|ClickAndCollect|JustEat|JustEatCollection|UberEatsDelivery|UberEatsCollection,True,True,True
0791,"Erdington, 634 Kingsbury Rd",52.51719377,-1.820491937,634 Kingsbury Road,Erdington,B24 9PJ,GB,01216612613,True,,False,,False,False,,,,,,,WalkIn|ClickAndCollect,False,False,True
0792,"Grimsby, 32 Friargate, Freshney Pl SC",53.56580252,-0.086418414,32 Friargate,Grimsby,DN31 1ED,GB,01472400063,True,,False,,False,False,,,,,,,WalkIn|ClickAndCollect,False,False,True
0793,"Hadleigh, 58 High St",52.04374307,0.954111202,58 High Street,Hadleigh,IP7 5AL,GB,01473357429,True,,False,,False,False,,,,,,,WalkIn|ClickAndCollect,False,False,True
0795,"Hanworth, 8 Market Pde",51.44034156,-0.387316069,8/8A Market Parade,Feltham,TW13 6AL,GB,02081031449,True,,False,,False,False,,,,,,,WalkIn|ClickAndCollect|JustEat|JustEatCollection|UberEatsDelivery|UberEatsCollection,True,True,True
0797,"Huntingdon, 123B High St",52.33017271,-0.182847023,123B High Street,Huntingdon,PE29 3LG,GB,01480273962,True,,False,,False,False,,,,,,,WalkIn|ClickAndCollect|JustEat|JustEatCollection|UberEatsDelivery|UberEatsCollection,True,True,True
0798,"Ipswich, 35 Upper Brook St",52.05662622,1.156393004,35/35A Upper Brook Street,Ipswich,IP4 1ED,GB,01473357421,True,,False,,False,False,,,,,,,WalkIn|ClickAndCollect|JustEat|JustEatCollection|UberEatsDelivery|UberEatsCollection,True,True,True
0799,"Kiddminster, U1 Swan SC",52.38824036,-2.249021302,19 Bull Ring,Kidderminster,DY10 2AZ,GB,01562541073,True,,False,,False,False,,,,,,,WalkIn|ClickAndCollect|JustEat|JustEatCollection|UberEatsDelivery|UberEatsCollection,True,True,True
0802,"Alloa, 8 High St",56.11506712,-3.791537081,8 High Street,Alloa,FK10 1JE,GB,01259230386,True,,False,,False,False,,,,,,,WalkIn|ClickAndCollect|JustEat|JustEatCollection|UberEatsDelivery|UberEatsCollection,True,True,True
0803,"Kings Lynn, 93 High St",52.75412163,0.395177529,93 High Street,Kings Lynn,PE30 1BL,GB,01553601582,True,,False,,False,False,,,,,,,WalkIn|ClickAndCollect|JustEat|JustEatCollection|UberEatsDelivery|UberEatsCollection,True,True,True
0804,"Ledbury, 2 High St",52.03706345,-2.422474102,2 High Street,Ledbury,HR8 1DS,GB,01531800512,True,False,False,,False,False,False,False,False,False,SDTR,1969-12-31T23:00:00Z,WalkIn|ClickAndCollect,False,False,True
0810,Lincoln 23 Bailgate,53.23584198,-0.53856777,23 Bailgate,Lincoln,LN1 3AP,GB,01522304028,True,,False,,False,False,,,,,,,WalkIn|ClickAndCollect,False,False,True
0813,"Loughborough, 15 Market Pl",52.77206621,-1.20647227,15 Market Place,Loughborough,LE11 3EA,GB,01509272029,True,,False,,False,False,,,,,,,WalkIn|ClickAndCollect|JustEat|JustEatCollection|UberEatsDelivery|UberEatsCollection,True,True,True
0814,"Luton, 13 Sundon Pk Pde",51.91609215,-0.469707628,13 Sundon Park Parade,Luton,LU3 3BH,GB,01582345752,True,,False,,False,False,,,,,,,WalkIn|ClickAndCollect|JustEat|JustEatCollection|UberEatsDelivery|UberEatsCollection,True,True,True
0815,"Telford, Telford SC, 54 Southwater",52.674888461965,-2.446972052111,54 Southwater,Telford,TF3 4DE,GB,01952947713,True,,False,,False,False,,,,,,,WalkIn|ClickAndCollect,False,False,True
0816,"West Denton, U10 Denton Pk SC",54.99308706,-1.698881986,West Denton Way,West Denton,NE5 2QZ,GB,01913232906,True,,False,,False,False,,,,,,,WalkIn|ClickAndCollect|JustEat|JustEatCollection,True,False,True
0818,"Melton Mowbray, 26 Market Pl",52.76471355,-0.886802394,26 Market Place,Melton Mowbray,LE13 1XD,GB,01664490551,True,,False,,False,False,,,,,,,WalkIn|ClickAndCollect|JustEat|JustEatCollection|UberEatsDelivery|UberEatsCollection,True,True,True
0819,"Clapham Junction, 22 Saint Johns Rd",51.46309418,-0.167969306,22 St Johns Road,Clapham Junction,SW11 1PN,GB,02038898513,True,,False,,False,False,,,,,,,WalkIn|ClickAndCollect|JustEat|JustEatCollection|UberEatsDelivery|UberEatsCollection,True,True,True
0820,"Newport, 63 High St",52.76890653,-2.378759366,63 High Street,Newport,TF10 7AU,GB,01952947975,True,,False,,False,False,,,,,,,WalkIn|ClickAndCollect,False,False,True
0822,"Norwich, 57 St Stephens St",52.62471517,1.291507357,57 St Stephens Street,Norwich,NR1 3QR,GB,01603516005,True,,False,,False,False,,,,,,,WalkIn|ClickAndCollect|JustEat|JustEatCollection|UberEatsDelivery|UberEatsCollection,True,True,True
0830,"Orpington, 113 Cotmandene Cres",51.40363678,0.106063657,113 Cotmandene Crescent,St Pauls Cray,BR5 2RB,GB,02038898543,True,,False,,False,False,,,,,,,WalkIn|ClickAndCollect|JustEat|JustEatCollection|UberEatsDelivery|UberEatsCollection,True,True,True
0835,"Bermondsey, 79 Tower Bridge Rd",51.49615718,-0.082994615,79 Tower Bridge Road,Bermondsey,SE1 4TW,GB,02038898503,True,,False,,False,False,,,,,,,WalkIn|ClickAndCollect|JustEat|JustEatCollection|UberEatsDelivery|UberEatsCollection,True,True,True
0836,"Brixton, 4 Electric Ave",51.46231728,-0.114663495,4 Electric Avenue,Brixton,SW9 8JX,GB,02038898528,True,,False,,False,False,,,,,,,WalkIn,False,False,False
0837,"Stafford, 58 Greengate St",52.80688411,-2.117488759,58 Greengate Street,Stafford,ST16 2JE,GB,01785331475,True,False,False,,False,False,False,False,False,False,SDBI,1969-12-31T23:00:00Z,WalkIn|ClickAndCollect|JustEat|JustEatCollection|UberEatsDelivery|UberEatsCollection,True,True,True
0839,"West Croydon, 10 London Rd",51.37850445,-0.102840773,10 London Road,West Croydon,CR0 2TA,GB,02038898614,True,False,False,,False,False,False,False,False,False,SDEN,1969-12-31T23:00:00Z,WalkIn|ClickAndCollect|JustEat|JustEatCollection|UberEatsDelivery|UberEatsCollection,True,True,True
0840,"Stowmarket, 17 Ipswich St",52.18723811,0.99650761,17 Ipswich Street,Stowmarket,IP14 1AH,GB,01449701385,True,,False,,False,False,,,,,,,WalkIn|ClickAndCollect|UberEatsDelivery|UberEatsCollection,False,True,True
0846,"Thetford, 13 King St",52.413698525189,0.749000809084,13/17 King Street,Thetford,IP24 2AN,GB,01842771469,True,,False,,False,False,,,,,,,WalkIn,False,False,False
0848,"West Bromwich, Sandwell CTR",52.51749,-1.99315,Kings Square,West Bromwich,B70 7NN,GB,01216612688,True,,False,,False,False,,,,,,,WalkIn|ClickAndCollect|JustEat|JustEatCollection|UberEatsDelivery|UberEatsCollection,True,True,True
0852,"Wrexham, 38 Regent St",53.04693702,-2.996575596,38 Regent Street,Wrexham,LL11 1SA,GB,01978803202,True,,False,,False,False,,,,,,,WalkIn|ClickAndCollect|JustEat|JustEatCollection|UberEatsDelivery|UberEatsCollection,True,True,True
0853,"Abbey Wood, 7 Wilton Rd",51.49013729,0.12116388,7 Wilton Road,Abbey Wood,SE2 9RH,GB,02038898548,True,,False,,False,False,,,,,,,WalkIn|ClickAndCollect|JustEat|JustEatCollection|UberEatsDelivery|UberEatsCollection,True,True,True
0854,"Abingdon, 7 Bury St",51.670406755574,-1.282218654662,7 Bury Street,Abingdon,OX14 3QY,GB,01235429411,True,,False,,False,False,,,,,,,WalkIn,False,False,False
0855,"Alton, 56 High St",51.14842922,-0.976243999,56 High Street,Alton,GU34 1ET,GB,01420550931,True,,False,,False,False,,,,,,,WalkIn|ClickAndCollect,False,False,True
0857,"Barking, 59 East St",51.53780384,0.079076961,59 East Street,Barking,IG11 8EJ,GB,02038898602,True,,False,,False,False,,,,,,,WalkIn|ClickAndCollect|JustEat|JustEatCollection|UberEatsDelivery|UberEatsCollection,True,True,True
0861,"Pitsea, 5 Northlands Pavement",51.56634591,0.504106435,5 Northlands Pavement,Pitsea,SS13 3DU,GB,01268399074,True,,False,,False,False,,,,,,,WalkIn|ClickAndCollect|JustEat|JustEatCollection|UberEatsDelivery|UberEatsCollection,True,True,True
0863,"East Bedfont, 382 Staines Rd",51.45365346,-0.429494696,382 Staines Road,East Bedfont,TW14 8BT,GB,02038898660,True,,False,,False,False,,,,,,,WalkIn|ClickAndCollect|JustEat|JustEatCollection|UberEatsDelivery|UberEatsCollection,True,True,True
0864,"Southampton, Bitterne, 381 Bitterne Rd",50.91471494,-1.360635847,381/383 Bitterne Road,Bitterne,SO18 5RR,GB,02382597043,True,,False,,False,False,,,,,,,WalkIn|ClickAndCollect|JustEat|JustEatCollection|UberEatsDelivery|UberEatsCollection,True,True,True
0865,"Braintree, 5 George Yard SC",51.878602207273,0.549923904499,5,Braintree,CM7 1RB,GB,01376297367,True,False,False,,False,False,False,False,False,False,SDEN,1969-12-31T23:00:00Z,WalkIn|ClickAndCollect|JustEat|JustEatCollection|UberEatsDelivery|UberEatsCollection,True,True,True
0866,"Brentwood, 68 High St",51.61985623,0.300823483,68/70 High Street,Brentwood,CM14 4AN,GB,01277281878,True,,False,,False,False,,,,,,,WalkIn|ClickAndCollect|JustEat|JustEatCollection|UberEatsDelivery|UberEatsCollection,True,True,True
0867,"Canvey Island, 30 Furtherwick Rd",51.52238085,0.59225309,30 Furtherwick Road,Canvey Island,SS8 7AE,GB,01268399075,True,,False,,False,False,,,,,,,WalkIn|ClickAndCollect|JustEat|JustEatCollection|UberEatsDelivery|UberEatsCollection,True,True,True
0868,"Chatham, U58 Pentagon SC",51.38401029,0.52512824,80 Brook Street,Chatham,ME4 4HP,GB,01634558808,True,,False,,False,False,,,,,,,WalkIn|ClickAndCollect|JustEat|JustEatCollection|UberEatsDelivery|UberEatsCollection,True,True,True
0869,"Chelmsford, 146 Gloucester Ave",51.71601471,0.474856678,146/146A Gloucester Avenue,Chelmsford,CM2 9LG,GB,01245947295,True,False,False,,False,False,False,False,False,False,SDEN,1969-12-31T23:00:00Z,WalkIn|ClickAndCollect|JustEat|JustEatCollection,True,False,True
0870,"Chesham, 49 High St",51.70559125,-0.612227357,49 High Street,Chesham,HP5 1BW,GB,01494923618,True,,False,,False,False,,,,,,,WalkIn|ClickAndCollect|JustEat|JustEatCollection|UberEatsDelivery|UberEatsCollection,True,True,True
0871,"Chessington, 332 Hook Rd",51.36720385,-0.307019182,332 Hook Road,Chessington,KT9 1NU,GB,02038898562,True,,False,,False,False,,,,,,,WalkIn|ClickAndCollect|JustEat|JustEatCollection|UberEatsDelivery|UberEatsCollection,True,True,True
0873,"Clacton-On-Sea, 19 Station Rd",51.78920025,1.152925466,19 Station Road,Clacton-on-Sea,CO15 1TD,GB,01255441863,True,,False,,False,False,,,,,,,WalkIn|ClickAndCollect|JustEat|JustEatCollection|UberEatsDelivery|UberEatsCollection,True,True,True
0877,"Corringham, 19 Grover Wlk",51.52459245,0.44670116,19 Grover Walk,Corringham,SS17 7LP,GB,01375801522,True,,False,,False,False,,,,,,,WalkIn|ClickAndCollect|JustEat|JustEatCollection,True,False,True
0878,"Oxford, Templars Sq SC",51.73177563,-1.217703197,121 Pound Way,Cowley,OX4 3XH,GB,01865597836,True,False,False,,False,False,False,False,False,False,SDAM,1969-12-31T23:00:00Z,WalkIn|ClickAndCollect|UberEatsDelivery|UberEatsCollection,False,True,True
0881,"Crawley, 17 Queensway",51.1156759,-0.185653242,17 Queensway,Crawley,RH10 1EB,GB,01403332593,True,,False,,False,False,,,,,,,WalkIn|ClickAndCollect|JustEat|JustEatCollection|UberEatsDelivery|UberEatsCollection,True,True,True
0887,"Earls Court, 183 Earls Court Rd",51.4923194,-0.192926691,183 Earls Court Road,Earls Court,SW5 9RD,GB,02038898534,True,,False,,False,False,,,,,,,WalkIn|ClickAndCollect|JustEat|JustEatCollection|UberEatsDelivery|UberEatsCollection,True,True,True
0888,"Haverhill, 30 High St",52.08134381,0.440237011,30 High Street,Haverhill,CB9 8AH,GB,01440840303,True,,False,,False,False,,,,,,,WalkIn|ClickAndCollect|UberEatsDelivery|UberEatsCollection,False,True,True
0891,"Feltham, 22 The Centre",51.44672629,-0.409982083,22C High Street,Feltham,TW13 4AU,GB,02038898659,True,,False,,False,False,,,,,,,WalkIn,False,False,False
0894,"Gravesend, U79 Thamegate SC",51.44239596,0.367978592,New Road,Gravesend,DA11 0AF,GB,01474551908,True,,False,,False,False,,,,,,,WalkIn|ClickAndCollect|JustEat|JustEatCollection|UberEatsDelivery|UberEatsCollection,True,True,True
0895,"Great Baddow, 12 Vineyards CTR",51.71732,0.50116,12 The Causeway,Great Baddow,CM2 7QS,GB,01245947296,True,False,False,,False,False,False,False,False,False,SDEN,1969-12-31T23:00:00Z,WalkIn|ClickAndCollect|JustEat|JustEatCollection|UberEatsDelivery|UberEatsCollection,True,True,True
0900,"Bishop Auckland, U2 Newgate SC",54.664404888739,-1.676123071536,Newgate Street,Bishop Auckland,DL14 7JQ,GB,01388433013,True,,False,,False,False,,,,,,,WalkIn|ClickAndCollect|JustEat|JustEatCollection|UberEatsDelivery|UberEatsCollection,True,True,True
0901,"Haywards Hth, 28 South Rd",50.99649414,-0.101380704,28/30 South Road,Haywards Heath,RH16 4LA,GB,01444223675,True,,False,,False,False,,,,,,,WalkIn|ClickAndCollect|JustEat|JustEatCollection|UberEatsDelivery|UberEatsCollection,True,True,True
0902,"Southampton, Hedge End, 3 Lwr Northam Rd",50.91398453,-1.30310283,3A Lower Northam Road,Hedge End,SO30 4FN,GB,01489358834,True,,False,,False,False,,,,,,,WalkIn|ClickAndCollect,False,False,True
0909,"Maldon, 34 High St",51.73145675,0.676606109,34 High Street,Maldon,CM9 5PN,GB,01621733397,True,,False,,False,False,,,,,,,WalkIn|ClickAndCollect|JustEat|JustEatCollection|UberEatsDelivery|UberEatsCollection,True,True,True
0910,"New Addington, 33 Central Pde",51.34157491,-0.014692315,33/33A Central Parade,New Addington,CR0 0JD,GB,01689661843,True,,False,,False,False,,,,,,,WalkIn|ClickAndCollect|JustEat|JustEatCollection|UberEatsDelivery|UberEatsCollection,True,True,True
0911,"Epping, 257 High St",51.69996404,0.112266339,257 High Street,Epping,CM16 4BP,GB,01992668227,True,False,False,,False,False,False,False,False,False,SDEN,1969-12-31T23:00:00Z,WalkIn|ClickAndCollect|JustEat|JustEatCollection|UberEatsDelivery|UberEatsCollection,True,True,True
0912,"New Malden, 148 High St",51.39958189,-0.255370339,146/148 High Street,New Malden,KT3 4EP,GB,02038898667,True,,False,,False,False,,,,,,,WalkIn|ClickAndCollect|JustEat|JustEatCollection|UberEatsDelivery|UberEatsCollection,True,True,True
0913,"Orpington, 238 High St",51.37613873,0.099347308,238 High Street,Orpington,BR6 0LS,GB,01689661844,True,,False,,False,False,,,,,,,WalkIn|ClickAndCollect|JustEat|JustEatCollection|UberEatsDelivery|UberEatsCollection,True,True,True
0915,"Paddock Wood, 43 Commercial Rd",51.1806089,0.388492242,43 Commercial Road,Paddock Wood,TN12 6EN,GB,01892351986,True,,False,,False,False,,,,,,,WalkIn|ClickAndCollect,False,False,True
0916,"Penge, 139 High St",51.41498963,-0.052398438,139 High Street,Penge,SE20 7DS,GB,02038898632,True,,False,,False,False,,,,,,,WalkIn|ClickAndCollect|JustEat|JustEatCollection|UberEatsDelivery|UberEatsCollection,True,True,True
0917,"Petersfield, 23 Chapel St",51.00503667,-0.938227939,23/23A Chapel Street,Petersfield,GU32 3DY,GB,01730771633,True,,False,,False,False,,,,,,,WalkIn|ClickAndCollect,False,False,True
0918,"Rayleigh, 81 High St",51.58598691,0.60576822,81 High Street,Rayleigh,SS6 7EJ,GB,01268399077,True,,False,,False,False,,,,,,,WalkIn|ClickAndCollect|JustEat|JustEatCollection|UberEatsDelivery|UberEatsCollection,True,True,True
0919,"London Victoria, U29 Palmer St",51.49823929,-0.135258927,29/31 Palmer Street,Westminster,SW1H 0PH,GB,02038898484,True,,False,,False,False,,,,,,,WalkIn|ClickAndCollect,False,False,True
0921,"Rochford, 12 West St",51.58246415,0.707005803,12 West Street,Rochford,SS4 1AL,GB,01702417729,True,,False,,False,False,,,,,,,WalkIn|ClickAndCollect,False,False,True
0924,"Sheerness, 52 High St",51.44055044,0.76134058,52/54 High Street,Sheerness,ME12 1NL,GB,01795503553,True,,False,,False,False,,,,,,,WalkIn|ClickAndCollect|JustEat|JustEatCollection|UberEatsDelivery|UberEatsCollection,True,True,True
0925,"Sidcup, 51 High St",51.42629537,0.103398611,51 High Street,Sidcup,DA14 6ED,GB,02038898546,True,,False,,False,False,,,,,,,WalkIn|ClickAndCollect|JustEat|JustEatCollection|UberEatsDelivery|UberEatsCollection,True,True,True
0926,"Benfleet, 281 High Rd",51.55363406,0.559285548,281 High Road,Benfleet,SS7 5HA,GB,01268399078,True,,False,,False,False,,,,,,,WalkIn|ClickAndCollect|JustEat|JustEatCollection|UberEatsDelivery|UberEatsCollection,True,True,True
0933,"Guildford, 42 North St",51.23618673,-0.575292912,42/43 North Street,Guildford,GU1 4TE,GB,01483931679,True,,False,,False,False,,,,,,,WalkIn|ClickAndCollect|JustEat|JustEatCollection|UberEatsDelivery|UberEatsCollection,True,True,True
0934,Wallingford 5 Market Pl,51.59978268,-1.124435872,5/6 Market Place,Wallingford,OX10 0EG,GB,01491521766,True,,False,,False,False,,,,,,,WalkIn,False,False,False
0937,"Wantage, U1 Victoria Cross",51.58843334,-1.426735027,Market Place,Wantage,OX12 8AS,GB,01235429413,True,,False,,False,False,,,,,,,WalkIn|ClickAndCollect,False,False,True
0938,"Ulverston, 15 Market St",54.19605583,-3.095283004,15 Market Place,Ulverston,LA12 7AY,GB,01229440153,True,,False,,False,False,,,,,,,WalkIn|ClickAndCollect,False,False,True
0940,"Wickford, 26 High St",51.61277664,0.520937815,26 High Street,Wickford,SS12 9AZ,GB,01268399076,True,,False,,False,False,,,,,,,WalkIn|ClickAndCollect,False,False,True
0941,"Warrington, U88 Golden Sq SC",53.39022606384,-2.595429757673,The Mall,Warrington,WA1 1QE,GB,01925239093,True,,False,,False,False,,,,,,,WalkIn|ClickAndCollect,False,False,True
0942,"Cockermouth, 54 Main St",54.66386508,-3.365052205,54 Main Street,Cockermouth,CA13 9LU,GB,01900510976,True,,False,,False,False,,,,,,,WalkIn|ClickAndCollect,False,False,True
0944,"Stevenage, 27 Town Sq",51.90184149,-0.201927138,27 Town Square,Stevenage,SG1 1BP,GB,01462412665,True,,False,,False,False,,,,,,,WalkIn|ClickAndCollect|JustEat|JustEatCollection|UberEatsDelivery|UberEatsCollection,True,True,True
0946,"Witham, 52 Newlands SC",51.79988919,0.639959744,52/54 Newland Street,Witham,CM8 2BB,GB,01376297366,True,False,False,,False,False,False,False,False,False,SDEN,1969-12-31T23:00:00Z,WalkIn|ClickAndCollect|JustEat|JustEatCollection,True,False,True
0948,"Acton, 69 Old Oak Common Lane",51.51467445,-0.249513118,69 Old Oak Common Lane,Acton,W3 7DD,GB,02038898624,True,,False,,False,False,,,,,,,WalkIn|ClickAndCollect|JustEat|JustEatCollection|UberEatsDelivery|UberEatsCollection,True,True,True
0951,"Addlestone, 94 Station Rd",51.37143276,-0.488290453,94 Station Road,Addlestone,KT15 2AD,GB,01932502755,True,,False,,False,False,,,,,,,WalkIn|ClickAndCollect|JustEat|JustEatCollection|UberEatsDelivery|UberEatsCollection,True,True,True
0953,"Battersea, 29 Falcon Rd",51.46918717,-0.170971958,29 Falcon Road,Battersea,SW11 2PH,GB,02038898486,True,,False,,False,False,,,,,,,WalkIn|ClickAndCollect|JustEat|JustEatCollection|UberEatsDelivery|UberEatsCollection,True,True,True
0960,"Edinburgh, 43 Forrest Rd",55.94566217,-3.19140778,43 Forrest Road,Edinburgh,EH1 2QP,GB,01312873343,True,False,False,,False,False,False,False,False,False,SDCL,1969-12-31T23:00:00Z,WalkIn|ClickAndCollect,False,False,True
0962,"Bromley, 15 High St",51.40072486,0.017138037,15 High Street,Bromley,BR1 1LF,GB,02038898566,True,,False,,False,False,,,,,,,WalkIn|ClickAndCollect,False,False,True
0964,"Camberwell, 18 Denmark Hill",51.47369781,-0.093339428,18/20 Denmark Hill,Camberwell,SE5 8RZ,GB,02038898530,True,,False,,False,False,,,,,,,WalkIn|ClickAndCollect|JustEat|JustEatCollection|UberEatsDelivery|UberEatsCollection,True,True,True
0965,"Tonbridge, 86 High St",51.1948691,0.274155361,86/86A High Street,Tonbridge,TN9 1AP,GB,01732443611,True,,False,,False,False,,,,,,,WalkIn|ClickAndCollect|JustEat|JustEatCollection|UberEatsDelivery|UberEatsCollection,True,True,True
0967,"Cippenham, 413 Bath Rd",51.51962077,-0.644933128,413/413A Bath Road,Cippenham,SL1 5QL,GB,01628562182,True,,False,,False,False,,,,,,,WalkIn|ClickAndCollect,False,False,True
0968,"Clapham, 166 Clapham High St",51.46248415,-0.136825822,166 Clapham High Street,Clapham,SW4 7UG,GB,02038898515,True,,False,,False,False,,,,,,,WalkIn|ClickAndCollect|JustEat|JustEatCollection|UberEatsDelivery|UberEatsCollection,True,True,True
0970,"Croydon, 251 Lower Addiscombe Rd",51.38067024,-0.0722249,251 Lower Addiscombe Road,Croydon,CR0 6RD,GB,02038898608,True,,False,,False,False,,,,,,,WalkIn|ClickAndCollect|JustEat|JustEatCollection|UberEatsDelivery|UberEatsCollection,True,True,True
0971,"Croydon, Norfolk House, Wellesley Rd",51.374648182958,-0.096703536099,15 Wellesley Road,Croydon,CR0 1LH,GB,02038898617,True,,False,,False,False,,,,,,,WalkIn|ClickAndCollect|JustEat|JustEatCollection,True,False,True
0973,"Deptford, 91 Deptford High St",51.47709535,-0.026073303,91 High Street,Deptford,SE8 4AA,GB,02038898619,True,,False,,False,False,,,,,,,WalkIn|ClickAndCollect|JustEat|JustEatCollection,True,False,True
0975,"South Ruislip, 708 Field End Rd",51.5611259,-0.381279944,708 Field End Road,South Ruislip,HA4 0QP,GB,02038898653,True,,False,,False,False,,,,,,,WalkIn|ClickAndCollect|JustEat|JustEatCollection|UberEatsDelivery|UberEatsCollection,True,True,True
0977,"Eltham, 166 High St",51.45066153,0.056369211,166 High Street,Eltham,SE9 1BJ,GB,02038898646,True,,False,,False,False,,,,,,,WalkIn|ClickAndCollect|JustEat|JustEatCollection|UberEatsDelivery|UberEatsCollection,True,True,True
0978,"Poplar, Chrisp St, 16 Mkt Sq",51.51275476,-0.015288646,16 Market Way,Poplar,E14 6AQ,GB,02038898512,True,,False,,False,False,,,,,,,WalkIn|ClickAndCollect|JustEat|JustEatCollection,True,False,True
0979,"Fulham, 702 Fulham Rd",51.47443994,-0.207125527,702C Fulham Road,Fulham,SW6 5SA,GB,02038898529,True,,False,,False,False,,,,,,,WalkIn|ClickAndCollect|JustEat|JustEatCollection|UberEatsDelivery|UberEatsCollection,True,True,True
0981,"Greenford, 16 The Broadway",51.52786861,-0.353057842,16 The Broadway,Greenford,UB6 9PR,GB,02038898598,True,,False,,False,False,,,,,,,WalkIn|ClickAndCollect|JustEat|JustEatCollection|UberEatsDelivery|UberEatsCollection,True,True,True
0983,"Greenwich, 5 Greenwich Church St",51.48083824,-0.009725526,5 Greenwich Church Street,Greenwich,SE10 9BJ,GB,02038898651,True,,False,,False,False,,,,,,,WalkIn|ClickAndCollect,False,False,True
0984,"Hayes, 25 Station Rd",51.50643439,-0.41873906,25 Station Road,Hayes,UB3 4BD,GB,02038898592,True,,False,,False,False,,,,,,,WalkIn|ClickAndCollect|JustEat|JustEatCollection|UberEatsDelivery|UberEatsCollection,True,True,True
0985,"South Bermondsey, 1A Ilderton Rd",51.48828232,-0.057726802,1A Ilderton Road,South Bermondsey,SE16 3JU,GB,02038898487,True,,False,,False,False,,,,,,,WalkIn|ClickAndCollect|JustEat|JustEatCollection|UberEatsDelivery|UberEatsCollection,True,True,True
0987,"Hemel Hempstead, 150 The Marlowes",51.7523278,-0.472631574,150 The Marlowes,Hemel Hempstead,HP1 1BA,GB,01442501650,True,,False,,False,False,,,,,,,WalkIn|ClickAndCollect|JustEat|JustEatCollection|UberEatsDelivery|UberEatsCollection,True,True,True
0988,"Hillingdon, 370 Long Lane",51.55081276,-0.448662578,370 Long Lane,Hillingdon,UB10 9PG,GB,01895541539,True,,False,,False,False,,,,,,,WalkIn|ClickAndCollect|JustEat|JustEatCollection|UberEatsDelivery|UberEatsCollection,True,True,True
0989,"Holborn, 81 Leather Ln",51.52129236,-0.110064051,81/81A Leather Lane,Holborn,EC1N 7TS,GB,02038898507,True,,False,,False,False,,,,,,,WalkIn|ClickAndCollect,False,False,True
0990,"Coventry, 2A Earlsdon St",52.39987588,-1.530920931,2A Earlsdon Street,Coventry,CV5 6EG,GB,02475103358,True,,False,,False,False,,,,,,,WalkIn|ClickAndCollect|JustEat|JustEatCollection,True,False,True
0991,"Notting Hill, 238 Portobello Rd",51.51748864,-0.206075,238 Portobello Road,London,W11 1LJ,GB,02038898525,True,,False,,False,False,,,,,,,WalkIn|ClickAndCollect,False,False,True
0992,"Kilburn, 79 High Rd",51.53784493,-0.193510073,79 High Road,Kilburn,NW6 6JE,GB,02038898517,True,,False,,False,False,,,,,,,WalkIn|ClickAndCollect|JustEat|JustEatCollection|UberEatsDelivery|UberEatsCollection,True,True,True
0995,"Harrogate, 7 Cambridge Rd",53.99353516,-1.541508977,7 Cambridge Road,Harrogate,HG1 1PB,GB,01423222475,True,,False,,False,False,,,,,,,WalkIn|ClickAndCollect|JustEat|JustEatCollection|UberEatsDelivery|UberEatsCollection,True,True,True
0996,"Kingsbury, 461 Kingsbury Rd",51.5857086,-0.276235599,461 Kingsbury Road,Kingsbury,NW9 9DY,GB,02080164001,True,,False,,False,False,,,,,,,WalkIn|ClickAndCollect|JustEat|JustEatCollection|UberEatsDelivery|UberEatsCollection,True,True,True
0997,"Ham, 430 Richmond Rd",51.43104167,-0.306850345,430 Richmond Road,Ham,KT2 5PU,GB,02038898582,True,,False,,False,False,,,,,,,WalkIn|ClickAndCollect,False,False,True
1000,"Southend, 2 Southchurch Rd",51.54002448,0.71285407,2 Southchurch Road,Southend-on-Sea,SS1 2NE,GB,01702417728,True,False,False,,False,False,False,False,False,False,SDEN,1969-12-31T23:00:00Z,WalkIn|ClickAndCollect|JustEat|JustEatCollection|UberEatsDelivery|UberEatsCollection,True,True,True
1001,"Brentwood, 19 High St",51.62123793,0.304875644,19 High Street,Brentwood,CM14 4RG,GB,01277281877,True,,False,,False,False,,,,,,,WalkIn|ClickAndCollect,False,False,True
1002,"Mill Hill, 44 The Broadway",51.61471267,-0.24678583,44 The Broadway,Mill Hill,NW7 3LH,GB,02038898674,True,,False,,False,False,,,,,,,WalkIn|ClickAndCollect|JustEat|JustEatCollection|UberEatsDelivery|UberEatsCollection,True,True,True
1003,"Mitcham, 11 Fairgreen Pde",51.40528615,-0.164418219,11 Fairgreen Parade,Mitcham,CR4 3NA,GB,02038898605,True,,False,,False,False,,,,,,,WalkIn|ClickAndCollect|JustEat|JustEatCollection,True,False,True
1005,"Morden, 54 London Rd",51.40274637,-0.193851778,54/54A London Road,Morden,SM4 5BE,GB,02038898606,True,,False,,False,False,,,,,,,WalkIn|ClickAndCollect|JustEat|JustEatCollection|UberEatsDelivery|UberEatsCollection,True,True,True
1006,"North Cheam, 522 London Rd",51.37164666,-0.226996868,522 London Road,North Cheam,SM3 8HW,GB,02038898604,True,,False,,False,False,,,,,,,WalkIn|ClickAndCollect|JustEat|JustEatCollection|UberEatsDelivery|UberEatsCollection,True,True,True
1007,"Bulwell, 83 Main St",53.00103772,-1.197292688,83 Market Side,Bulwell,NG6 8QD,GB,01158220414,True,,False,,False,False,,,,,,,WalkIn|ClickAndCollect,False,False,True
1009,"Pimlico, 111 Lupus St",51.48761152,-0.141624566,111 Lupus Street,Pimlico,SW1V 3EN,GB,02038898533,True,,False,,False,False,,,,,,,WalkIn|ClickAndCollect|JustEat|JustEatCollection|UberEatsDelivery|UberEatsCollection,True,True,True
1010,"Plumstead, 6 Lakedale Rd",51.4872389,0.090979595,6 Lakedale Road,Plumstead,SE18 1PP,GB,02038898650,True,,False,,False,False,,,,,,,WalkIn|ClickAndCollect|JustEat|JustEatCollection|UberEatsDelivery|UberEatsCollection,True,True,True
1014,"Raynes Park, 36 Coombe Ln",51.40959005,-0.230465714,36 Coombe Lane,Raynes Park,SW20 0LA,GB,02038898668,True,,False,,False,False,,,,,,,WalkIn|ClickAndCollect|JustEat|JustEatCollection|UberEatsDelivery|UberEatsCollection,True,True,True
1016,"Reading, 82 Christchurch Rd",51.44267275,-0.955141618,82 Christchurch Road,Reading,RG2 7AZ,GB,01182053392,True,,False,,False,False,,,,,,,WalkIn|ClickAndCollect,False,False,True
1017,"Roehampton, 37 Danebury Ave",51.44952993,-0.241761045,37 Danebury Avenue,Roehampton,SW15 4DQ,GB,02038898634,True,,False,,False,False,,,,,,,WalkIn|ClickAndCollect|JustEat|JustEatCollection|UberEatsDelivery|UberEatsCollection,True,True,True
1020,"South Norwood, 89 High St",51.39829252,-0.076399286,89 High Street,South Norwood,SE25 6EA,GB,02038898607,True,,False,,False,False,,,,,,,WalkIn|ClickAndCollect|JustEat|JustEatCollection|UberEatsDelivery|UberEatsCollection,True,True,True
1022,"Southfields, 8 Replingham Rd",51.44467271,-0.205932423,8 Replingham Road,Southfields,SW18 5LS,GB,02038898655,True,,False,,False,False,,,,,,,WalkIn|ClickAndCollect,False,False,True
1024,"Stockwell, 312 Clapham Rd",51.47076982,-0.124736188,312 Clapham Road,Stockwell,SW9 9AE,GB,02038898516,True,,False,,False,False,,,,,,,WalkIn|ClickAndCollect|JustEat|JustEatCollection|UberEatsDelivery|UberEatsCollection,True,True,True
1026,"Sunbury On Thames, 17 Staines Rd Wst",51.41971788,-0.420034972,17 The Parade,Sunbury on Thames,TW16 7AB,GB,01932502754,True,,False,,False,False,,,,,,,WalkIn|ClickAndCollect|JustEat|JustEatCollection|UberEatsDelivery|UberEatsCollection,True,True,True
1027,"Thornton Heath, 758 London Rd",51.39383065,-0.114027624,758/768A London Road,Thornton Heath,CR7 6JA,GB,02038898616,True,,False,,False,False,,,,,,,WalkIn|ClickAndCollect|JustEat|JustEatCollection|UberEatsDelivery|UberEatsCollection,True,True,True
1029,"Tooting, 41 Mitcham Rd",51.42734027,-0.166688288,41 Mitcham Road,Tooting,SW17 9PB,GB,02038898612,True,,False,,False,False,,,,,,,WalkIn|ClickAndCollect,False,False,True
1031,"Twickenham, 8 King St",51.44655326,-0.328427407,8 King Street,Twickenham,TW1 3SN,GB,02038898661,True,,False,,False,False,,,,,,,WalkIn|ClickAndCollect|JustEat|JustEatCollection|UberEatsDelivery|UberEatsCollection,True,True,True
1035,"West Norwood, 324 Norwood Rd",51.43529115,-0.104181974,324 Norwood Road,West Norwood,SE27 9AF,GB,02038898611,True,,False,,False,False,,,,,,,WalkIn|ClickAndCollect|JustEat|JustEatCollection|UberEatsDelivery|UberEatsCollection,True,True,True
1046,"Newcastle, 24 Northumberland S",54.97495778,-1.611984243,24/32 Northumberland Street,Newcastle Upon Tyne,NE1 7DE,GB,01913232898,True,False,False,,False,False,False,False,False,False,SDGO,1969-12-31T23:00:00Z,WalkIn|ClickAndCollect|JustEat|JustEatCollection|UberEatsDelivery|UberEatsCollection,True,True,True
1047,"Wembley, 504 High Rd",51.55308008,-0.295688909,504 Wembley High Road,Wembley,HA9 7BH,GB,02038898663,True,,False,,False,False,,,,,,,WalkIn|ClickAndCollect|JustEat|JustEatCollection|UberEatsDelivery|UberEatsCollection,True,True,True
1050,"Burnham On Sea, 35 High St",51.23550925,-2.997301785,35 High Street,Burnham on Sea,TA8 1PA,GB,01278550707,True,,False,,False,False,,,,,,,WalkIn|ClickAndCollect|JustEat|JustEatCollection,True,False,True
1051,"Govan, U4 Govan Cross SC",55.862550162137,-4.312749817083,Govan Road,Govan,G51 3JW,GB,01417267381,True,False,False,,False,False,False,False,False,False,SDCL,1969-12-31T23:00:00Z,WalkIn|ClickAndCollect|JustEat|JustEatCollection,True,False,True
1053,"Seacroft, 149 South Parkway",53.81632494,-1.469180129,149 South Parkway,Seacroft,LS14 6ER,GB,01135177608,True,,False,,False,False,,,,,,,WalkIn|ClickAndCollect|JustEat|JustEatCollection|UberEatsDelivery|UberEatsCollection,True,True,True
1055,"Annan, 103 High St",54.98723219,-3.260290273,103 High Street,Annan,DG12 6ED,GB,01461380132,True,,False,,False,False,,,,,,,WalkIn|ClickAndCollect,False,False,True
1064,"Carlisle, 131 Denton St",54.88661914,-2.940253252,131/133 Denton Street,Carlisle,CA2 5EN,GB,01228582865,True,,False,,False,False,,,,,,,WalkIn|ClickAndCollect|JustEat|JustEatCollection|UberEatsDelivery|UberEatsCollection,True,True,True
1066,"Carlisle, 8 Devonshire St",54.89275689,-2.9339525,8 Devonshire Street,Carlisle,CA3 8LP,GB,01228582866,True,,False,,False,False,,,,,,,WalkIn|ClickAndCollect,False,False,True
1070,"Carnforth, 11 Market St",54.1289369,-2.769097719,11 Market Street,Carnforth,LA5 9JX,GB,01524917191,True,,False,,False,False,,,,,,,WalkIn|ClickAndCollect,False,False,True
1073,"Dalton In Furness, 79 Market St",54.1564998,-3.181051814,79 Market Street,Dalton in Furness,LA15 8DL,GB,01229440119,True,,False,,False,False,,,,,,,WalkIn|ClickAndCollect|JustEat|JustEatCollection,True,False,True
1078,"Louth, 16 Market Pl",53.36619568,-0.004313207,16 Market Place,Louth,LN11 9PB,GB,01507308348,True,,False,,False,False,,,,,,,WalkIn|ClickAndCollect|JustEat|JustEatCollection,True,False,True
1084,"Lancaster, 9 Cheapside",54.049095008858,-2.799522419038,9 Cheapside,Lancaster,LA1 1LY,GB,01524917201,True,,False,,False,False,,,,,,,WalkIn|ClickAndCollect|JustEat|JustEatCollection,True,False,True
1086,"Lancaster Uni, 8 Alexandra Sq",54.01038318,-2.784651492,8 Alexandra Square,Bailrigg,LA1 4XX,GB,01524917199,True,,False,,False,False,,,,,,,WalkIn|ClickAndCollect|JustEat|JustEatCollection,True,False,True
1089,"Lockerbie, 67 High St",55.12136099,-3.355690768,67 High Street,Lockerbie,DG11 2JH,GB,01576220103,True,,False,,False,False,,,,,,,WalkIn|ClickAndCollect,False,False,True
1091,"Maryport, 67 Senhouse St",54.71396924,-3.497603512,67 Senhouse Street,Maryport,CA15 6BU,GB,01900510974,True,,False,,False,False,,,,,,,WalkIn|ClickAndCollect|UberEatsDelivery|UberEatsCollection,False,True,True
1095,"Morecambe, 23 Glentworth Rd Wst",54.061857137837,-2.852913591841,23 Glentworth Road West,Morecambe,LA4 4SZ,GB,01524917197,True,,False,,False,False,,,,,,,WalkIn|ClickAndCollect|JustEat|JustEatCollection|UberEatsDelivery|UberEatsCollection,True,True,True
1096,"Prestonpans, 135 High St",55.95924787,-2.984741993,135 High Street,Prestonpans,EH32 9AX,GB,01875440195,True,,False,,False,False,,,,,,,WalkIn|ClickAndCollect|JustEat|JustEatCollection|UberEatsDelivery|UberEatsCollection,True,True,True
1113,"Wigton, 3 King St",54.82504732,-3.161185766,3 King Street,Wigton,CA7 9DT,GB,01697325187,True,,False,,False,False,,,,,,,WalkIn|ClickAndCollect,False,False,True
1118,"Leicester, U58G Haymarket SC",52.63698393,-1.131408925,14 Kemble Square,Leicester,LE1 3YD,GB,01164783582,True,,False,,False,False,,,,,,,WalkIn|ClickAndCollect,False,False,True
1119,"Nottingham, 25 Upper Parliament St",52.95500974,-1.149034349,25 Upper Parliament Street,Nottingham,NG1 2AP,GB,01158226074,True,,False,,False,False,,,,,,,WalkIn|ClickAndCollect,False,False,True
1124,"Newcastle, 112 West Rd",54.97604567,-1.65499801,112/116 West Road,Newcastle Upon Tyne,NE4 9QA,GB,01913232907,True,,False,,False,False,,,,,,,WalkIn|ClickAndCollect|JustEat|JustEatCollection|UberEatsDelivery|UberEatsCollection,True,True,True
1125,"Maidenhead, 43 High St",51.52275103,-0.720098438,43 High Street,Maidenhead,SL6 1JF,GB,01628562180,True,,False,,False,False,,,,,,,WalkIn|ClickAndCollect|JustEat|JustEatCollection|UberEatsDelivery|UberEatsCollection,True,True,True
1126,"Leeds, Northside RP",53.82856281,-1.564330547,Stonegate Road,Leeds,LS7 2TT,GB,01135177571,True,,False,,False,False,,,,,,,WalkIn|ClickAndCollect|JustEat|JustEatCollection|UberEatsDelivery|UberEatsCollection,True,True,True
1129,"Tranent, 30 High St",55.94432716,-2.952859907,30 High Street,Tranent,EH33 1HQ,GB,01875440194,True,,False,,False,False,,,,,,,WalkIn|ClickAndCollect|JustEat|JustEatCollection|UberEatsDelivery|UberEatsCollection,True,True,True
1134,"Cowbridge, 25 High St",51.46198817,-3.447687309,25 High Street,Cowbridge,CF71 7AE,GB,01446501578,True,,False,,False,False,,,,,,,WalkIn|ClickAndCollect,False,False,True
1135,"Billericay, 121 High St",51.62413598,0.416108758,121 High Street,Billericay,CM12 9AH,GB,01277281879,True,,False,,False,False,,,,,,,WalkIn|ClickAndCollect|JustEat|JustEatCollection|UberEatsDelivery|UberEatsCollection,True,True,True
1140,"Felixstowe, 35 Hamilton Rd",51.96184691,1.351109669,35 Hamilton Road,Felixstowe,IP11 7BB,GB,01394331708,True,,False,,False,False,,,,,,,WalkIn|ClickAndCollect|JustEat|JustEatCollection|UberEatsDelivery|UberEatsCollection,True,True,True
1142,"Alnwick, 44 Bondgate",55.41387185,-1.706298427,44 Bondgate Within,Alnwick,NE66 1JD,GB,01665660507,True,,False,,False,False,,,,,,,WalkIn|ClickAndCollect,False,False,True
1143,"Aylesbury, Mkt Hse, Mkt Sq",51.8167728,-0.812392546,1 High Street,Aylesbury,HP20 1TN,GB,01296320360,True,,False,,False,False,,,,,,,WalkIn|ClickAndCollect|JustEat|JustEatCollection|UberEatsDelivery|UberEatsCollection,True,True,True
1147,"East Dereham, U1 Nelson Pl",52.68085101,0.941165688,Nelson Place,Dereham,NR19 1EA,GB,01362700935,True,,False,,False,False,,,,,,,WalkIn|ClickAndCollect|UberEatsDelivery|UberEatsCollection,False,True,True
1149,"Port Talbot, U9 Aberafan SC",51.59698394,-3.785557963,West Mall,Port Talbot,SA13 1PB,GB,01639500998,True,,False,,False,False,,,,,,,WalkIn|ClickAndCollect,False,False,True
1150,"Evesham, 14 Bridge St",52.09242732,-1.946547937,12/14 Bridge Street,Evesham,WR11 4RR,GB,01386571256,True,,False,,False,False,,,,,,,WalkIn|ClickAndCollect|JustEat|JustEatCollection|UberEatsDelivery|UberEatsCollection,True,True,True
1160,"Newmarket, 66 High St",52.24447766,0.406499553,66/72 High Street,Newmarket,CB8 8LB,GB,01638591225,True,,False,,False,False,,,,,,,WalkIn|ClickAndCollect|JustEat|JustEatCollection|UberEatsDelivery|UberEatsCollection,True,True,True
1161,"Cleckheaton, 16 Northgate",53.72447176,-1.713660601,16 Northgate,Cleckheaton,BD19 5AE,GB,01274957637,True,,False,,False,False,,,,,,,WalkIn|ClickAndCollect,False,False,True
1162,"Stratford, 2B Bridge St",52.19259885,-1.704466515,2B Bridge Street,Stratford Upon Avon,CV37 6AB,GB,01789651005,True,,False,,False,False,,,,,,,WalkIn|ClickAndCollect,False,False,True
1166,"Liverpool, 565 West Derby Rd",53.42469149,-2.932990925,565 West Derby Road,Tuebrook,L13 8AD,GB,01513328185,True,,False,,False,False,,,,,,,WalkIn|ClickAndCollect|JustEat|JustEatCollection|UberEatsDelivery|UberEatsCollection,True,True,True
1167,"Manchester, 28 Cross St",53.48191006,-2.244714505,28 Cross Street,Manchester,M2 7AQ,GB,01618419219,True,,False,,False,False,,,,,,,WalkIn|ClickAndCollect,False,False,True
1168,"Richmond, 14 Market Pl",54.4035565,-1.737807642,14 Market Place,Richmond,DL10 4PX,GB,01748900704,True,,False,,False,False,,,,,,,WalkIn|ClickAndCollect|JustEat|JustEatCollection|UberEatsDelivery|UberEatsCollection,True,True,True
1169,"Hull, 54 Jameson St",53.74497795,-0.341697842,54 Jameson Street,Hull,HU1 3LS,GB,01482420593,True,False,False,,False,False,False,False,False,False,SDLE,1969-12-31T23:00:00Z,WalkIn,False,False,False
1172,"Bradford, 3 Interchange, Bridge St",53.79157733,-1.750245433,3 Bridge Street,Bradford,BD1 1TU,GB,01274957618,True,,False,,False,False,,,,,,,WalkIn|ClickAndCollect|JustEat|JustEatCollection|UberEatsDelivery|UberEatsCollection,True,True,True
1175,"Oakwood, 197 Bramley Rd",51.64909629,-0.128863469,197 Bramley Road,Oakwood,N14 4XA,GB,02038898557,True,,False,,False,False,,,,,,,WalkIn|ClickAndCollect|JustEat|JustEatCollection|UberEatsDelivery|UberEatsCollection,True,True,True
1178,"Bedford, 13 All Hallows",52.13766853,-0.470144925,13 All Hallows,Bedford,MK40 1LN,GB,01234237011,True,,False,,False,False,,,,,,,WalkIn|ClickAndCollect|JustEat|JustEatCollection|UberEatsDelivery|UberEatsCollection,True,True,True
1180,"Leeds, U13 The Light SC, Albion St",53.79993866,-1.545077966,115 Albion Street,Leeds,LS1 8EQ,GB,01135177586,True,,False,,False,False,,,,,,,WalkIn|ClickAndCollect,False,False,True
1181,"Inverkeithing, 47 High St",56.0306533,-3.398298148,47 High Street,Inverkeithing,KY11 1NL,GB,01383347863,True,,False,,False,False,,,,,,,WalkIn|ClickAndCollect|JustEat|JustEatCollection,True,False,True
1182,"St Ives, 5 The Pavement",52.32358727,-0.073305991,5 The Pavement,St Ives,PE27 5AD,GB,01480273964,True,,False,,False,False,,,,,,,WalkIn|ClickAndCollect|JustEat|JustEatCollection|UberEatsDelivery|UberEatsCollection,True,True,True
1183,"Wakefield, U1 Bus Station",53.68590585082,-1.498309678381,Marsh Way,Wakefield,WF1 3AQ,GB,01924667552,True,,False,,False,False,,,,,,,WalkIn|ClickAndCollect|JustEat|JustEatCollection|UberEatsDelivery|UberEatsCollection,True,True,True
1186,"Basildon, 44 East Wlk",51.57052446,0.461097953,44 East Walk,Basildon,SS14 1HE,GB,01268399073,True,,False,,False,False,,,,,,,WalkIn|ClickAndCollect|JustEat|JustEatCollection,True,False,True
1187,"Bishops Stortford, U2 South St",51.86981712,0.159942748,South Street,Bishops Stortford,CM23 3AT,GB,01279214457,True,False,False,,False,False,False,False,False,False,SDEN,1969-12-31T23:00:00Z,WalkIn,False,False,False
1188,"Lowestoft, 65 London Rd North",52.47573174,1.751928489,65/67 London Road North,Lowestoft,NR32 1LS,GB,01502441096,True,,False,,False,False,,,,,,,WalkIn|ClickAndCollect|JustEat|JustEatCollection|UberEatsDelivery|UberEatsCollection,True,True,True
1189,"Leeds, Seacroft Green SC",53.82257651,-1.460628398,6 Seacroft Avenue,Seacroft,LS14 6PA,GB,01135177607,True,,False,,False,False,,,,,,,WalkIn|ClickAndCollect|JustEat|JustEatCollection,True,False,True
1190,"Whitehaven, 61 Kings St",54.54846594,-3.589733109,61 King Street,Whitehaven,CA28 7JH,GB,01946550790,True,,False,,False,False,,,,,,,WalkIn|ClickAndCollect,False,False,True
1193,"Wimbledon, 17 Wimbledon Bridge",51.4210438,-0.206537777,17 Wimbledon Bridge,Wimbledon,SW19 7NH,GB,02038898656,True,,False,,False,False,,,,,,,WalkIn|ClickAndCollect|JustEat|JustEatCollection|UberEatsDelivery|UberEatsCollection,True,True,True
1194,"Waltham Abbey, 14 Sun St",51.68695219,-0.001642676,14 Sun Street,Waltham Abbey,EN9 1EE,GB,01992668229,True,,False,,False,False,,,,,,,WalkIn|ClickAndCollect|JustEat|JustEatCollection|UberEatsDelivery|UberEatsCollection,True,True,True
1195,"Durham, 1 North Rd",54.77632294,-1.579291113,1/4 North Road,Durham,DH1 4SH,GB,01913230118,True,,False,,False,False,,,,,,,WalkIn|ClickAndCollect|JustEat|JustEatCollection|UberEatsDelivery|UberEatsCollection,True,True,True
1196,"Birmingham, 85 New St",52.47933868,-1.901779855,85 New Street,Birmingham,B2 4BA,GB,01216612698,True,,False,,False,False,,,,,,,WalkIn|ClickAndCollect|JustEat|JustEatCollection|UberEatsDelivery|UberEatsCollection,True,True,True
1197,"Hounslow, 181 High St",51.469017725995,-0.360991895019,181 High Street,Hounslow,TW3 1BL,GB,02038898597,True,,False,,False,False,,,,,,,WalkIn|ClickAndCollect|JustEat|JustEatCollection|UberEatsDelivery|UberEatsCollection,True,True,True
1198,"Scunthorpe, 33 High St",53.59206259,-0.645200313,33 High Street,Scunthorpe,DN15 6SB,GB,01724700340,True,,False,,False,False,,,,,,,WalkIn|ClickAndCollect|UberEatsDelivery|UberEatsCollection,False,True,True
1200,"Brighouse, 15 Commercial St",53.70227101,-1.78012955,15 Commercial Street,Brighouse,HD6 1AF,GB,01484502972,True,,False,,False,False,,,,,,,WalkIn|ClickAndCollect|JustEat|JustEatCollection|UberEatsDelivery|UberEatsCollection,True,True,True
1201,"Borehamwood, 149 Shenley Rd",51.65688469,-0.273974758,149 Shenley Road,Borehamwood,WD6 1AH,GB,02038898664,True,,False,,False,False,,,,,,,WalkIn|ClickAndCollect|JustEat|JustEatCollection|UberEatsDelivery|UberEatsCollection,True,True,True
1203,"Rugeley, 23 Lower Brook St",52.75971339,-1.935644906,23 Lower Brook Street,Rugeley,WS15 2BZ,GB,01889221134,True,,False,,False,False,,,,,,,WalkIn|ClickAndCollect|JustEat|JustEatCollection|UberEatsDelivery|UberEatsCollection,True,True,True
1204,"Dartford, 28 High St",51.44444708,0.218116095,28 High Street,Dartford,DA1 1BZ,GB,01322474824,True,,False,,False,False,,,,,,,WalkIn|ClickAndCollect|JustEat|JustEatCollection|UberEatsDelivery|UberEatsCollection,True,True,True
1206,"Birmingham, 51 Warstone Ln",52.48693437,-1.912974669,51 Warstone Lane,Birmingham,B18 6NG,GB,01216612762,True,,False,,False,False,,,,,,,WalkIn|ClickAndCollect|JustEat|JustEatCollection|UberEatsDelivery|UberEatsCollection,True,True,True
1207,"Warwick, 20 Swan St",52.28144666,-1.589202491,20 Swan Street,Warwick,CV34 4BJ,GB,01926352027,True,,False,,False,False,,,,,,,WalkIn|ClickAndCollect|JustEat|JustEatCollection|UberEatsDelivery|UberEatsCollection,True,True,True
1211,"Dunfermline, 92 High St",56.07157713,-3.460484814,92 High Street,Dunfermline,KY12 7DP,GB,01383347865,True,,False,,False,False,,,,,,,WalkIn|ClickAndCollect|JustEat|JustEatCollection|UberEatsDelivery|UberEatsCollection,True,True,True
1212,"Runcorn, 34 Forest Wlk",53.327701624615,-2.698491459205,34A Forest Walk,Runcorn,WA7 2GX,GB,01928241438,True,,False,,False,False,,,,,,,WalkIn|ClickAndCollect|JustEat|JustEatCollection,True,False,True
1213,"Reading, 10 Queen Victoria St",51.45633283,-0.971798518,10 Queen Victoria Street,Reading,RG1 1TG,GB,01182053383,True,,False,,False,False,,,,,,,WalkIn|ClickAndCollect,False,False,True
1214,"Lewisham, 114 High St",51.46214511,-0.010559188,114 High Street,Lewisham,SE13 6JG,GB,02038898542,True,,False,,False,False,,,,,,,WalkIn|ClickAndCollect|JustEat|JustEatCollection|UberEatsDelivery|UberEatsCollection,True,True,True
1223,"Bridgwater, U2, 8 High St",51.12864152,-3.004390547,8/10 High Street,Bridgwater,TA6 3BH,GB,01278550701,True,,False,,False,False,,,,,,,WalkIn|ClickAndCollect|JustEat|JustEatCollection|UberEatsDelivery|UberEatsCollection,True,True,True
1225,"Lincoln, 188 High St",53.22715445,-0.541468145,188 High Street,Lincoln,LN5 7AL,GB,01522304030,True,,False,,False,False,,,,,,,WalkIn|ClickAndCollect|JustEat|JustEatCollection|UberEatsDelivery|UberEatsCollection,True,True,True
1232,"Nottingham, 178 Broxtowe Lane",52.97936267,-1.208270425,178 Broxtowe Lane,Broxtowe,NG8 5NG,GB,01158226637,True,,False,,False,False,,,,,,,WalkIn|ClickAndCollect,False,False,True
1236,"Coventry, 42 Broadgate",52.40766713,-1.511019559,42 Broadgate,Coventry,CV1 1NF,GB,02475103351,True,,False,,False,False,,,,,,,WalkIn|ClickAndCollect,False,False,True
1237,Rumney. 767 Newport Rd,51.50902983,-3.132237279,767 Newport Road,Rumney Hill,CF3 4AJ,GB,02920032691,True,,False,,False,False,,,,,,,WalkIn|ClickAndCollect|JustEat|JustEatCollection|UberEatsDelivery|UberEatsCollection,True,True,True
1238,"Aberdeen, 55 Union St",57.14705434,-2.096629948,55 Union Street,Aberdeen,AB11 5BJ,GB,01224907113,True,,False,,False,False,,,,,,,WalkIn|ClickAndCollect|JustEat|JustEatCollection,True,False,True
1247,"St Albans, 15 St Peters St",51.75301456,-0.337603936,15 St Peters Street,St Albans,AL1 3LW,GB,01727222178,True,,False,,False,False,,,,,,,WalkIn|ClickAndCollect|JustEat|JustEatCollection,True,False,True
1251,"Portsmouth, 120 Commercial Rd",50.79962133,-1.09072565,120 Commercial Road,Portsmouth,PO1 1EJ,GB,02392004584,True,,False,,False,False,,,,,,,WalkIn|ClickAndCollect|JustEat|JustEatCollection|UberEatsDelivery|UberEatsCollection,True,True,True
1252,"Solihull, Touchwood SC",52.41373884,-1.778664181,4 Mill Lane Arcade,Solihull,B91 3GS,GB,01216612726,True,,False,,False,False,,,,,,,WalkIn|ClickAndCollect,False,False,True
1256,"Whitehaven, 52 Market Pl",54.54705847,-3.591231107,52 Market Place,Whitehaven,CA28 7JB,GB,01946550794,True,,False,,False,False,,,,,,,WalkIn|ClickAndCollect|UberEatsDelivery|UberEatsCollection,False,True,True
1257,"Devizes, 43 Market Pl",51.35227661,-1.994989293,43/44 Market Place,Devizes,SN10 1JG,GB,01380711179,True,,False,,False,False,,,,,,,WalkIn|ClickAndCollect,False,False,True
1258,"Shirley, 45 High St",50.92194451,-1.432816183,45 High Street,Shirley,SO15 3NN,GB,02382597045,True,,False,,False,False,,,,,,,WalkIn|ClickAndCollect|JustEat|JustEatCollection|UberEatsDelivery|UberEatsCollection,True,True,True
1259,"Taunton, 8 North St",51.01588712,-3.103487002,8 North Street,Taunton,TA1 1LH,GB,01823214357,True,,False,,False,False,,,,,,,WalkIn|ClickAndCollect|JustEat|JustEatCollection|UberEatsDelivery|UberEatsCollection,True,True,True
1260,"Keynsham, 42A High St",51.41574374,-2.498701989,42A High Street,Keynsham,BS31 1DX,GB,01174544434,True,,False,,False,False,,,,,,,WalkIn|ClickAndCollect|JustEat|JustEatCollection|UberEatsDelivery|UberEatsCollection,True,True,True
1261,"Manchester, 175 Arndale SC",53.4831,-2.24028,175 Halle Mall,Manchester,M4 2HU,GB,01618419218,True,,False,,False,False,,,,,,,WalkIn|ClickAndCollect,False,False,True
1262,"Hounslow, 8 High St",51.468503,-0.363528848,8 High Street,Hounslow,TW3 1HG,GB,02038898589,True,,False,,False,False,,,,,,,WalkIn|ClickAndCollect,False,False,True
1263,"Daventry, U20 Bowen Sq",52.25734156,-1.161484289,Bowen Square,Daventry,NN11 4DR,GB,01327221309,True,,False,,False,False,,,,,,,WalkIn|ClickAndCollect|JustEat|JustEatCollection,True,False,True
1266,"Workington, 19 Murray Rd",54.64357148,-3.547471469,19 Murray Road,Workington,CA14 2AD,GB,01900510978,True,,False,,False,False,,,,,,,WalkIn|ClickAndCollect|JustEat|JustEatCollection|UberEatsDelivery|UberEatsCollection,True,True,True
1267,"Luton, U160 The Mall SC",51.87972344,-0.416103059,,Luton,LU1 2TJ,GB,01582345750,True,,False,,False,False,,,,,,,WalkIn|ClickAndCollect|JustEat|JustEatCollection|UberEatsDelivery|UberEatsCollection,True,True,True
1268,"Middlesbrough, 12 Gilkes St",54.575485,-1.238041,12/14 Gilkes Street,Middlesbrough,TS1 5ET,GB,01642424875,True,,False,,False,False,,,,,,,WalkIn|ClickAndCollect|JustEat|JustEatCollection|UberEatsDelivery|UberEatsCollection,True,True,True
1269,"Southampton, 101 Above Bar St",50.90620164,-1.404667387,101 Above Bar Street,Southampton,SO14 7FG,GB,02382597046,True,,False,,False,False,,,,,,,WalkIn|ClickAndCollect|JustEat|JustEatCollection|UberEatsDelivery|UberEatsCollection,True,True,True
1270,"Street, 98B High St",51.12628252,-2.741025855,98B High Street,Street,BA16 0EN,GB,01458552431,True,,False,,False,False,,,,,,,WalkIn|ClickAndCollect|JustEat|JustEatCollection|UberEatsDelivery|UberEatsCollection,True,True,True
1271,"Sheffield, 21 Market Pl",53.38349312,-1.466255255,21 Market Place,Sheffield,S1 2GH,GB,01143214042,True,,False,,False,False,,,,,,,WalkIn|ClickAndCollect|JustEat|JustEatCollection|UberEatsDelivery|UberEatsCollection,True,True,True
1272,"Tamworth, U20 Ankerside SC",52.63263,-1.69341,George Street,Tamworth,B79 7LG,GB,01827214978,True,,False,,False,False,,,,,,,WalkIn|ClickAndCollect|JustEat|JustEatCollection|UberEatsDelivery|UberEatsCollection,True,True,True
1277,"Northampton, 51 Abington St",52.23881042,-0.892370978,51 Abington Street,Northampton,NN1 2AW,GB,01604213259,True,,False,,False,False,,,,,,,WalkIn|ClickAndCollect|JustEat|JustEatCollection|UberEatsDelivery|UberEatsCollection,True,True,True
1279,"Grimsby, 47 Victoria St",53.5656316,-0.085386202,47 Victoria Street,Grimsby,DN31 1UU,GB,01472400685,True,,False,,False,False,,,,,,,WalkIn|ClickAndCollect|JustEat|JustEatCollection|UberEatsDelivery|UberEatsCollection,True,True,True
1282,"Consett, 34 Middle St",54.85230066,-1.833188539,34 Middle Street,Consett,DH8 5QJ,GB,01207261257,True,,False,,False,False,,,,,,,WalkIn|ClickAndCollect|JustEat|JustEatCollection|UberEatsDelivery|UberEatsCollection,True,True,True
1283,"Croydon, 66 High St",51.37146037,-0.100595551,66 High Street,Croydon,CR0 1NA,GB,02038898618,True,,False,,False,False,,,,,,,WalkIn|ClickAndCollect|JustEat|JustEatCollection|UberEatsDelivery|UberEatsCollection,True,True,True
1287,"Southampton, 8 East St",50.90185592,-1.403222967,8 East Street,Southampton,SO14 3HE,GB,02382597047,True,,False,,False,False,,,,,,,WalkIn|ClickAndCollect|JustEat|JustEatCollection|UberEatsDelivery|UberEatsCollection,True,True,True
1288,"Dartford, 15 Priory SC",51.444010057154,0.216091680043,15,Dartford,DA1 2HR,GB,01322474825,True,,False,,False,False,,,,,,,WalkIn|ClickAndCollect|JustEat|JustEatCollection,True,False,True
1294,"Aldershot, 33 Wellington St",51.24878408,-0.763853108,33 Wellington Street,Aldershot,GU11 1DX,GB,01252881182,True,,False,,False,False,,,,,,,WalkIn|ClickAndCollect|JustEat|JustEatCollection|UberEatsDelivery|UberEatsCollection,True,True,True
1295,"Elm Park, 12 Broadway Parade",51.55079471,0.198766708,12/13 Broadway Parade,Elm Park,RM12 4RS,GB,01708599364,True,,False,,False,False,,,,,,,WalkIn|ClickAndCollect|JustEat|JustEatCollection|UberEatsDelivery|UberEatsCollection,True,True,True
1298,"Letchworth, 22 East Cheap",51.9783608,-0.22821105,22 East Cheap,Letchworth,SG6 3DD,GB,01462412663,True,,False,,False,False,,,,,,,WalkIn|ClickAndCollect|JustEat|JustEatCollection|UberEatsDelivery|UberEatsCollection,True,True,True
1299,"Southend, 100 High St",51.53777386,0.713634465,100 High Street,Southend-on-Sea,SS1 1JN,GB,01702417730,True,,False,,False,False,,,,,,,WalkIn|ClickAndCollect|JustEat|JustEatCollection,True,False,True
1301,"Woolwich, 64 Powis St",51.49159114,0.066242614,64 Powis Street,Woolwich,SE18 6LQ,GB,02038898547,True,,False,,False,False,,,,,,,WalkIn|ClickAndCollect|JustEat|JustEatCollection,True,False,True
1307,"Derby, 40 Cornmarket",52.92259525,-1.476753652,40 Cornmarket,Derby,DE1 2DG,GB,01332315394,True,,False,,False,False,,,,,,,WalkIn|ClickAndCollect,False,False,True
1310,"Windermere, 19 Crescent Rd",54.37844829,-2.905564801,19 Crescent Road,Windermere,LA23 1EA,GB,01539637294,True,,False,,False,False,,,,,,,WalkIn|ClickAndCollect,False,False,True
1311,"Keighley, 58 Towngate",53.86758131,-1.907406624,58 Towngate,Keighley,BD21 3QE,GB,01535280791,True,,False,,False,False,,,,,,,WalkIn|ClickAndCollect|JustEat|JustEatCollection|UberEatsDelivery|UberEatsCollection,True,True,True
1312,"Great Yarmouth, 182 King St",52.60740933,1.726857921,182 King Street,Great Yarmouth,NR30 1LS,GB,01493802058,True,False,False,,False,False,False,False,False,False,SDEN,1969-12-31T23:00:00Z,WalkIn|ClickAndCollect|JustEat|JustEatCollection|UberEatsDelivery|UberEatsCollection,True,True,True
1316,"Bristol, Ucg12 The Galleries",51.456750113664,-2.58986044546,,Bristol,BS1 3XD,GB,01174544411,True,False,False,,False,False,False,False,False,False,SDTR,1969-12-31T23:00:00Z,WalkIn|ClickAndCollect,False,False,True
1317,"Blackwood, 124 High St",51.66608782,-3.195222864,124/128 High Street,Blackwood,NP12 1AF,GB,01495361630,True,,False,,False,False,,,,,,,WalkIn|ClickAndCollect|JustEat|JustEatCollection|UberEatsDelivery|UberEatsCollection,True,True,True
1318,"Bath, 44 Moorland Rd",51.37682945,-2.378084629,44 Moorland Road,Oldfield Park,BA2 3PN,GB,01225234627,True,,False,,False,False,,,,,,,WalkIn|ClickAndCollect|JustEat|JustEatCollection|UberEatsDelivery|UberEatsCollection,True,True,True
1321,"Leven, 53 High St",56.194473150297,-2.997093534822,53/55 High Street,Leven,KY8 4NE,GB,01333406878,True,,False,,False,False,,,,,,,WalkIn|ClickAndCollect|JustEat|JustEatCollection|UberEatsDelivery|UberEatsCollection,True,True,True
1323,"Glasgow, U4 Hillington RP",55.86151798,-4.366919603,Earl Haig Road,Hillington,G52 4LY,GB,01417267423,True,,False,,False,False,,,,,,,WalkIn|ClickAndCollect|JustEat|JustEatCollection|UberEatsDelivery|UberEatsCollection,True,True,True
1324,"Wallsend, 28 Segedunum Way, The Forum SC",54.991354200692,-1.53572822505,28/30 Segedunum Way,Wallsend,NE28 8JP,GB,01913232899,True,,False,,False,False,,,,,,,WalkIn|ClickAndCollect|JustEat|JustEatCollection|UberEatsDelivery|UberEatsCollection,True,True,True
1325,"Walthamstow, 1 Palace Pde",51.58417851926,-0.024307057815,High Street,Walthamstow,E17 7BU,GB,02038898576,True,,False,,False,False,,,,,,,WalkIn|ClickAndCollect|JustEat|JustEatCollection|UberEatsDelivery|UberEatsCollection,True,True,True
1328,"Salisbury, 29 The Maltings",51.06983773,-1.798093662,29 The Maltings,Salisbury,SP1 1BD,GB,01722444117,True,,False,,False,False,,,,,,,WalkIn|ClickAndCollect|JustEat|JustEatCollection|UberEatsDelivery|UberEatsCollection,True,True,True
1330,"Romford, 16 Western Rd",51.57698797,0.183163891,16 Western Road,Romford,RM1 3LD,GB,01708599365,True,,False,,False,False,,,,,,,WalkIn|ClickAndCollect|JustEat|JustEatCollection|UberEatsDelivery|UberEatsCollection,True,True,True
1338,"Glasgow, 543 Duke St",55.85856852,-4.217293014,543/545 Duke Street,Glasgow,G31 1DL,GB,01417267389,True,,False,,False,False,,,,,,,WalkIn|ClickAndCollect|JustEat|JustEatCollection|UberEatsDelivery|UberEatsCollection,True,True,True
1339,"Middlesbrough, U25 Cleveland SC",54.57549,-1.23623,Centre Mall,Middlesbrough,TS1 2NR,GB,01642130739,True,,False,,False,False,,,,,,,WalkIn|ClickAndCollect,False,False,True
1341,"Wickersley, 236 Bawtry Rd",53.42105651,-1.283696003,236 Bawtry Road,Wickersley,S66 1AA,GB,01709913506,True,False,False,,False,False,False,False,False,False,SDLE,1969-12-31T23:00:00Z,WalkIn|ClickAndCollect|JustEat|JustEatCollection|UberEatsDelivery|UberEatsCollection,True,True,True
1343,"Lewisham, U13 The Mall",51.46219416,-0.010526042,,Lewisham,SE13 7EP,GB,02038898567,True,,False,,False,False,,,,,,,WalkIn|ClickAndCollect|JustEat|JustEatCollection|UberEatsDelivery|UberEatsCollection,True,True,True
1344,"Horsham, 27 West St",51.06305063,-0.331564123,27 West Street,Horsham,RH12 1PB,GB,01403332573,True,,False,,False,False,,,,,,,WalkIn|ClickAndCollect|JustEat|JustEatCollection|UberEatsDelivery|UberEatsCollection,True,True,True
1346,"Staines, 60 High St",51.43426142,-0.511381586,60 High Street,Staines,TW18 4DY,GB,01784779342,True,,False,,False,False,,,,,,,WalkIn|ClickAndCollect|JustEat|JustEatCollection|UberEatsDelivery|UberEatsCollection,True,True,True
1348,"Hull, U7 Prospect Ctr",53.74598533,-0.342801948,70 Prospect Street,Hull,HU2 8PW,GB,01482296277,True,,False,,False,False,,,,,,,WalkIn|ClickAndCollect|UberEatsDelivery|UberEatsCollection,False,True,True
1350,"Burnley, 31 The Mall, Charter Wlk SC",53.790247877119,-2.244191615514,31 The Lower Mall,Burnley,BB11 1BA,GB,01282502691,True,,False,,False,False,,,,,,,WalkIn|ClickAndCollect|JustEat|JustEatCollection,True,False,True
1352,"Oldham, U6 Town Sq SC",53.541723105581,-2.113709635223,,Oldham,OL1 1XD,GB,01618419186,True,,False,,False,False,,,,,,,WalkIn|ClickAndCollect|JustEat|JustEatCollection|UberEatsDelivery|UberEatsCollection,True,True,True
1355,"Billingham, 57 Queensway",54.607333,-1.291896,57 Queensway,Billingham,TS23 2ND,GB,01642549356,True,,False,,False,False,,,,,,,WalkIn|ClickAndCollect|JustEat|JustEatCollection|UberEatsDelivery|UberEatsCollection,True,True,True
1359,"Birmingham, U38 Great Western Arc",52.48194607,-1.897458586,37/38 Great Western Arcade,Birmingham,B2 5HU,GB,01216612552,True,,False,,False,False,,,,,,,WalkIn|ClickAndCollect,False,False,True
1364,"Falkirk, 163 High St",55.998667007948,-3.781913589507,163 High Street,Falkirk,FK1 1DU,GB,01324461317,True,,False,,False,False,,,,,,,WalkIn|ClickAndCollect|JustEat|JustEatCollection|UberEatsDelivery|UberEatsCollection,True,True,True
1365,"Edinburgh, 9 South Clerk St",55.941601461572,-3.181268694082,9 South Clerk Street,Edinburgh,EH8 9JD,GB,01312873380,True,False,False,,False,False,False,False,False,False,SDCL,1969-12-31T23:00:00Z,WalkIn|ClickAndCollect,False,False,True
1366,"Edinburgh, 21 South Bridge",55.94929925,-3.186947715,21 South Bridge,Edinburgh,EH1 1LL,GB,01312873368,True,False,False,,False,False,False,False,False,False,SDCL,1969-12-31T23:00:00Z,WalkIn|ClickAndCollect|JustEat|JustEatCollection,True,False,True
1368,"Loughborough, 5 Market St",52.77115358,-1.20732978,5 Market Street,Loughborough,LE11 3EP,GB,01509272031,True,,False,,False,False,,,,,,,WalkIn|ClickAndCollect|JustEat|JustEatCollection,True,False,True
1369,"Long Eaton, 67 High St",52.89683969,-1.269490117,67 High Street,Long Eaton,NG10 1HZ,GB,01158226636,True,,False,,False,False,,,,,,,WalkIn|ClickAndCollect,False,False,True
1373,"Banbury, 17 High St",52.061271864906,-1.336733382537,17 High Street,Banbury,OX16 5EE,GB,01295233116,True,,False,,False,False,,,,,,,WalkIn|ClickAndCollect|JustEat|JustEatCollection|UberEatsDelivery|UberEatsCollection,True,True,True
1382,"Leeds, 26 Cross Gates SC",53.80668749,-1.450374715,26/27,Crossgates,LS15 8BZ,GB,01135177600,True,,False,,False,False,,,,,,,WalkIn|ClickAndCollect|JustEat|JustEatCollection|UberEatsDelivery|UberEatsCollection,True,True,True
1383,"Market Harborough, U5 St Marys Pl SC",52.47744541,-0.919128875,,Market Harborough,LE16 7DR,GB,01858450983,True,,False,,False,False,,,,,,,WalkIn|ClickAndCollect|JustEat|JustEatCollection|UberEatsDelivery|UberEatsCollection,True,True,True
1385,"Coventry, 243 Walsgrave Rd",52.41119094,-1.481975274,243 Walsgrave Road,Coventry,CV2 4BA,GB,02475103347,True,,False,,False,False,,,,,,,WalkIn|ClickAndCollect|JustEat|JustEatCollection,True,False,True
1386,"Kendal, U11 Westmorland Ctr",54.329022044801,-2.746557259023,,Kendal,LA9 4LR,GB,01539637356,True,,False,,False,False,,,,,,,WalkIn|ClickAndCollect|UberEatsDelivery|UberEatsCollection,False,True,True
1390,"Solihull, 33 High St",52.41367553,-1.778659332,33 High Street,Solihull,B91 3SJ,GB,01216612722,True,False,False,,False,False,False,False,False,False,SDBI,1969-12-31T23:00:00Z,WalkIn|ClickAndCollect|JustEat|JustEatCollection|UberEatsDelivery|UberEatsCollection,True,True,True
1391,"Nottingham, 6 Listergate",52.95145376,-1.148825395,6/8 Listergate,Nottingham,NG1 7DD,GB,01158226492,True,,False,,False,False,,,,,,,WalkIn|ClickAndCollect|JustEat|JustEatCollection,True,False,True
1392,"Kettering, 57 High St",52.39948355,-0.728479003,57 High Street,Kettering,NN16 8SY,GB,01536212725,True,,False,,False,False,,,,,,,WalkIn|ClickAndCollect|JustEat|JustEatCollection|UberEatsDelivery|UberEatsCollection,True,True,True
1393,"Liverpool, St Johns SC, 60 Houghton St",53.4061875,-2.981551777,60 Houghton Street,Liverpool,L1 1LP,GB,01513328220,True,,False,,False,False,,,,,,,WalkIn|ClickAndCollect|JustEat|JustEatCollection|UberEatsDelivery|UberEatsCollection,True,True,True
1396,"Walsall, Townend Sq",52.58566495,-1.984365307,62/64 Park Street,Walsall,WS1 1NG,GB,01922664818,True,,False,,False,False,,,,,,,WalkIn|ClickAndCollect|JustEat|JustEatCollection|UberEatsDelivery|UberEatsCollection,True,True,True
1397,"Swadlincote, 6 High St",52.77348099,-1.55677358,6 High Street,Swadlingcote,DE11 8HY,GB,01283241954,True,,False,,False,False,,,,,,,WalkIn|ClickAndCollect|JustEat|JustEatCollection|UberEatsDelivery|UberEatsCollection,True,True,True
1400,"Darlington, 52 Northgate",54.52707727,-1.553574139,52 Northgate,Darlington,DL1 1PR,GB,01325524805,True,,False,,False,False,,,,,,,WalkIn|ClickAndCollect|JustEat|JustEatCollection|UberEatsDelivery|UberEatsCollection,True,True,True
1401,"Maidstone, 6 Coleman Pde",51.27404509,0.523845839,Kings Street,Maidstone,ME14 1DJ,GB,01622233629,True,,False,,False,False,,,,,,,WalkIn|ClickAndCollect|JustEat|JustEatCollection|UberEatsDelivery|UberEatsCollection,True,True,True
1402,"Winchester, 16 High St",51.06202565,-1.312683991,16 High Street,Winchester,SO23 9JX,GB,01962670946,True,,False,,False,False,,,,,,,WalkIn|ClickAndCollect|JustEat|JustEatCollection|UberEatsDelivery|UberEatsCollection,True,True,True
1404,"Prestwick, 85 Main St",55.49964902,-4.610639838,85 Main Street,Prestwick,KA9 1JS,GB,01292431717,True,,False,,False,False,,,,,,,WalkIn|ClickAndCollect|JustEat|JustEatCollection,True,False,True
1405,"Bath, 8 Westgate St",51.38133837,-2.361414756,8 Westgate Street,Bath,BA1 1EQ,GB,01225234625,True,,False,,False,False,,,,,,,WalkIn|ClickAndCollect,False,False,True
1406,"Warminster, U18 Three Horseshoes Wlk",51.2054004,-2.1799489,Three Horseshoes Walk,Warminster,BA12 9BT,GB,01985800587,True,,False,,False,False,,,,,,,WalkIn|ClickAndCollect|UberEatsDelivery|UberEatsCollection,False,True,True
1409,"Basingstoke, Festival Pl SC",51.26612873,-1.087607585,,Basingstoke,RG21 7JT,GB,01256631678,True,,False,,False,False,,,,,,,WalkIn|ClickAndCollect,False,False,True
1413,"Huddersfield, U39 Kingsgate SC",53.64590036,-1.779952867,39,Huddersfield,HD1 2QB,GB,01484502967,True,,False,,False,False,,,,,,,WalkIn|ClickAndCollect|JustEat|JustEatCollection|UberEatsDelivery|UberEatsCollection,True,True,True
1418,"Castleford, 9 The Square",53.72364544,-1.314512794,9 The Square,Airedale,WF10 3JJ,GB,01977803471,True,False,False,,False,False,False,False,False,False,SDLE,1969-12-31T23:00:00Z,WalkIn|ClickAndCollect|JustEat|JustEatCollection|UberEatsDelivery|UberEatsCollection,True,True,True
1422,"Morecambe, U8 Arndale CTR",54.071870583986,-2.865672793737,Royalty Mall,Morecambe,LA4 5DH,GB,01524917190,True,,False,,False,False,,,,,,,WalkIn|ClickAndCollect|JustEat|JustEatCollection|UberEatsDelivery|UberEatsCollection,True,True,True
1423,"Paisley, 66 Neilston Rd",55.83508006,-4.423535791,66 Neilston Road,Paisley,PA2 6NE,GB,01417267428,True,,False,,False,False,,,,,,,WalkIn|ClickAndCollect|JustEat|JustEatCollection|UberEatsDelivery|UberEatsCollection,True,True,True
1424,"Newcastle, U1B Haymarket",54.976860791214,-1.614443796632,Haymarket,Newcastle Upon Tyne,NE1 7PF,GB,01913232896,True,False,False,,False,False,False,False,False,False,SDGO,1969-12-31T23:00:00Z,WalkIn|ClickAndCollect,False,False,True
1429,"Diss, 22 Mere St",52.37489132,1.109085426,22/24 Mere Street,Diss,IP22 4AD,GB,01379770169,True,,False,,False,False,,,,,,,WalkIn|ClickAndCollect,False,False,True
1435,"Hereford, 53 Broad St",52.05615128,-2.717777464,53 Broad Street,Hereford,HR4 9AB,GB,01432801537,True,False,False,,False,False,False,False,False,False,SDTR,1969-12-31T23:00:00Z,WalkIn|ClickAndCollect|JustEat|JustEatCollection|UberEatsDelivery|UberEatsCollection,True,True,True
1436,"Cheltenham, Coronation Sq",51.90269228,-2.114961668,78 Edinburgh Place,Cheltenham,GL51 7SE,GB,01242439237,True,,False,,False,False,,,,,,,WalkIn|ClickAndCollect|JustEat|JustEatCollection,True,False,True
1437,"Glasgow, 172 Battlefield Rd",55.82599291,-4.264754064,172 Battlefield Road,Glasgow,G42 9JT,GB,01417267394,True,False,False,,False,False,False,False,False,False,SDCL,1969-12-31T23:00:00Z,WalkIn|ClickAndCollect|JustEat|JustEatCollection,True,False,True
1438,"Clarkston, U5 Busby Rd",55.79002232,-4.277035679,Busby Road,Clarkston,G76 7BG,GB,01417267397,True,False,False,,False,False,False,False,False,False,SDCL,1969-12-31T23:00:00Z,WalkIn|ClickAndCollect|JustEat|JustEatCollection|UberEatsDelivery|UberEatsCollection,True,True,True
1439,"Stretford, Trafford Park, 388 Third Ave",53.46606225,-2.310194847,388 Third Avenue,Stretford,M17 1JE,GB,01618419226,True,,False,,False,False,,,,,,,WalkIn|ClickAndCollect,False,False,True
1442,"Coalville, U17 Belvoir SC",52.7240291081,-1.372691155274,40,Coalville,LE67 3XB,GB,01530441293,True,False,False,,False,False,False,False,False,False,SDBI,1969-12-31T23:00:00Z,WalkIn|ClickAndCollect|JustEat|JustEatCollection|UberEatsDelivery|UberEatsCollection,True,True,True
1443,"Newcastle, 31 Quayside",54.96913578,-1.60498404,31 Quayside,Newcastle Upon Tyne,NE1 3DE,GB,01913232882,True,,False,,False,False,,,,,,,WalkIn|ClickAndCollect,False,False,True
1444,"Birmingham, U3B Bullring SC, Lower Mall",52.47681352,-1.895363736,Lower Mall,Birmingham,B5 4BA,GB,01216612703,True,,False,,False,False,,,,,,,WalkIn|ClickAndCollect|JustEat|JustEatCollection,True,False,True
1445,"Kiddminster, U6 Weavers Whf RP",52.387018739283,-2.249014521862,,Kidderminster,DY10 1AA,GB,01562541071,True,,False,,False,False,,,,,,,WalkIn|ClickAndCollect|JustEat|JustEatCollection|UberEatsDelivery|UberEatsCollection,True,True,True
1449,"Kelso, 47 The Square",55.59888371,-2.433586647,47/49 The Square,Kelso,TD5 7HW,GB,01573400195,True,,False,,False,False,,,,,,,WalkIn|ClickAndCollect,False,False,True
1451,"Gosport, 87 High St",50.79494589,-1.119088492,87 High Street,Gosport,PO12 1DS,GB,02392004636,True,,False,,False,False,,,,,,,WalkIn|ClickAndCollect|JustEat|JustEatCollection|UberEatsDelivery|UberEatsCollection,True,True,True
1454,"Portsmouth, Quartremaine Rd",50.8215076,-1.052608773,Quartermaine Road,Portsmouth,PO3 5QP,GB,02392004653,True,,False,,False,False,,,,,,,WalkIn|ClickAndCollect,False,False,True
1455,"Didcot, U13 Orchard CTR",51.60714901,-1.239467897,Station Road,Didcot,OX11 7LG,GB,01235429410,True,,False,,False,False,,,,,,,WalkIn|ClickAndCollect|JustEat|JustEatCollection|UberEatsDelivery|UberEatsCollection,True,True,True
1456,"Northampton, 5 Mercers Row",52.23754085,-0.896541805,5 Mercers Row,Northampton,NN1 2QL,GB,01604213260,True,,False,,False,False,,,,,,,WalkIn|ClickAndCollect|JustEat|JustEatCollection,True,False,True
1457,"Downham Market, U1 Wales Crt",52.602371486268,0.376654538614,,Downham Market,PE38 9JZ,GB,01366310479,True,,False,,False,False,,,,,,,WalkIn|ClickAndCollect,False,False,True
1458,"Birmingham, U6 Cherry St",52.48052424,-1.897366957,Cherry Street,Birmingham,B2 5AL,GB,01216612720,True,,False,,False,False,,,,,,,WalkIn|ClickAndCollect,False,False,True
1461,"Harrogate, 17 Market Pl",53.99301723,-1.539748528,17 Market Place,Harrogate,HG1 1RP,GB,01423222474,True,,False,,False,False,,,,,,,WalkIn|ClickAndCollect,False,False,True
1462,"Stenhousemuir, 35 King St",56.026134697819,-3.817247321649,35 King Street,Stenhousemuir,FK5 4HD,GB,01324461314,True,,False,,False,False,,,,,,,WalkIn|ClickAndCollect|JustEat|JustEatCollection|UberEatsDelivery|UberEatsCollection,True,True,True
1463,"Woolwich, 6 Powis St",51.49098487,0.068339169,6 Powis Street,Woolwich,SE18 6LF,GB,02038898649,True,,False,,False,False,,,,,,,WalkIn|ClickAndCollect|UberEatsDelivery|UberEatsCollection,False,True,True
1467,"Newcastle, Binswood Ave",54.99238911,-1.675429444,Binswood Avenue,Blakelaw,NE5 3PN,GB,01913232916,True,,False,,False,False,,,,,,,WalkIn|ClickAndCollect|JustEat|JustEatCollection|UberEatsDelivery|UberEatsCollection,True,True,True
1468,"Gateshead, Metro Pk West, Gibside Way",54.96180838,-1.678052341,Gibside Way,Gateshead,NE11 9YA,GB,01914066964,True,,False,,False,False,,,,,,,WalkIn|ClickAndCollect|JustEat|JustEatCollection|UberEatsDelivery|UberEatsCollection,True,True,True
1470,"Cardiff, 140 Queen St",51.48291711,-3.171233249,140 Queen Street,Cardiff,CF10 2GP,GB,02920032669,True,,False,,False,False,,,,,,,WalkIn|ClickAndCollect|UberEatsDelivery|UberEatsCollection,False,True,True
1473,"Mansfield, 19 Market Pl",53.14458938,-1.196965134,19/21 Market Place,Mansfield,NG18 1HZ,GB,01623701794,True,,False,,False,False,,,,,,,WalkIn|ClickAndCollect|JustEat|JustEatCollection|UberEatsDelivery|UberEatsCollection,True,True,True
1474,"Rotherham, U15 College Wlk",53.43322223,-1.35647067,College Walk,Rotherham,S60 1QB,GB,01709913521,True,False,False,,False,False,False,False,False,False,SDLE,1969-12-31T23:00:00Z,WalkIn|ClickAndCollect|JustEat|JustEatCollection|UberEatsDelivery|UberEatsCollection,True,True,True
1478,"Portsmouth, U4 Charter House",50.795326149966,-1.0943651735,Lord Montgomery Way,Portsmouth,PO1 2SB,GB,02392004655,True,,False,,False,False,,,,,,,WalkIn,False,False,False
1479,"Maidstone, Northumberland Crt",51.25271057,0.545435865,14 Northumberland Road,Maidstone,ME15 7LW,GB,01622233626,True,,False,,False,False,,,,,,,WalkIn|ClickAndCollect|JustEat|JustEatCollection,True,False,True
1480,"Horsforth, 33 Town St",53.837681,-1.641283003,33B Town Street,Horsforth,LS18 5LJ,GB,01135177597,True,,False,,False,False,,,,,,,WalkIn|ClickAndCollect|JustEat|JustEatCollection|UberEatsDelivery|UberEatsCollection,True,True,True
1484,"Derby, 830 Osmaston Rd",52.8906679,-1.452351014,830 Osmaston Road,Allenton,DE24 9AA,GB,01332316612,True,False,False,,False,False,False,False,False,False,SDBI,1969-12-31T23:00:00Z,WalkIn|ClickAndCollect|JustEat|JustEatCollection|UberEatsDelivery|UberEatsCollection,True,True,True
1486,"Bristol, Cabot Circus, 110 The",51.4585573,-2.587036026,110/112 Horsefair,Bristol,BS1 3JX,GB,01174544419,True,False,False,,False,False,False,False,False,False,SDTR,1969-12-31T23:00:00Z,WalkIn|ClickAndCollect,False,False,True
1488,"Newcastle, Airport",55.038001,-1.709798,Newcastle International Airport,Woolsington,NE13 8BZ,GB,01913232915,True,,False,,False,False,,,,,,,WalkIn|ClickAndCollect,False,False,True
1490,"Leicester, 20 Belgrave Gate",52.63696896,-1.131434677,20 Belgrave Gate,Leicester,LE1 3GP,GB,01164646774,True,,False,,False,False,,,,,,,WalkIn|ClickAndCollect|UberEatsDelivery|UberEatsCollection,False,True,True
1492,"Manchester, 10 Oxford Rd",53.47295942,-2.239865498,10 Oxford Road,Manchester,M1 5QA,GB,01618419155,True,,False,,False,False,,,,,,,WalkIn|ClickAndCollect|JustEat|JustEatCollection|UberEatsDelivery|UberEatsCollection,True,True,True
1494,"Fleet, 239 Fleet Rd",51.28089146,-0.842235888,239/239A Fleet Road,Fleet,GU51 3BN,GB,01252881184,True,,False,,False,False,,,,,,,WalkIn|ClickAndCollect|JustEat|JustEatCollection|UberEatsDelivery|UberEatsCollection,True,True,True
1496,"Worthing, 111 Montague St",50.80999357,-0.375028008,111 Montague Street,Worthing,BN11 3BP,GB,01273007952,True,,False,,False,False,,,,,,,WalkIn|ClickAndCollect|JustEat|JustEatCollection|UberEatsDelivery|UberEatsCollection,True,True,True
1497,"Crawley, 26 The Martletts",51.11414845,-0.186922424,26 The Martletts,Crawley,RH10 1ES,GB,01403332594,True,,False,,False,False,,,,,,,WalkIn,False,False,False
1501,"Edinburgh, 17 West Maitland St",55.94666113,-3.216369154,17 West Maitland Street,Edinburgh,EH12 5EA,GB,01312873344,True,False,False,,False,False,False,False,False,False,SDCL,1969-12-31T23:00:00Z,WalkIn,False,False,False
1502,"Dundee, 259 Brook St Broughty Ferry",56.46716925,-2.873892483,259 Brook Street,Broughty Ferry,DD5 2AG,GB,01382238181,True,,False,,False,False,,,,,,,WalkIn|ClickAndCollect|JustEat|JustEatCollection|UberEatsDelivery|UberEatsCollection,True,True,True
1504,"Sunderland, Doxford BP",54.86399956,-1.434660072,3 Victory Way,Sunderland,SR3 3XL,GB,01915946783,True,,False,,False,False,,,,,,,WalkIn|ClickAndCollect|JustEat|JustEatCollection|UberEatsDelivery|UberEatsCollection,True,True,True
1508,"Jarrow, U2 Bede IE",54.97670982,-1.468569233,Abbots Way,Jarrow,NE32 3HE,GB,01914066972,True,,False,,False,False,,,,,,,WalkIn|ClickAndCollect|JustEat|JustEatCollection|UberEatsDelivery|UberEatsCollection,True,True,True
1509,"Gateshead, Metrocentre, Blue Mall",54.957640546294,-1.668555247618,89 Russell Way,Gateshead,NE11 9XX,GB,01914066963,True,,False,,False,False,,,,,,,WalkIn|ClickAndCollect,False,False,True
1510,"Goole, 5 Wesley Sq",53.70503064,-0.871741666,5 Wesley Square,Goole,DN14 5EZ,GB,01405800179,True,,False,,False,False,,,,,,,WalkIn|ClickAndCollect|JustEat|JustEatCollection|UberEatsDelivery|UberEatsCollection,True,True,True
1512,"Brighton, 51 Western Rd",50.82398952,-0.147814408,51 Western Road,Brighton,BN1 2EB,GB,01273007904,True,,False,,False,False,,,,,,,WalkIn|ClickAndCollect|JustEat|JustEatCollection,True,False,True
1514,"Kettering, U1 Henson Cl, Telford Way IE",52.41193685,-0.739104051,1 Henson Close,Kettering,NN16 8PZ,GB,01536212724,True,,False,,False,False,,,,,,,WalkIn|ClickAndCollect|JustEat|JustEatCollection|UberEatsDelivery|UberEatsCollection,True,True,True
1515,"Ross On Wye, 11 Broad St",51.91505722,-2.583148269,11 Broad Street,Ross on Wye,HR9 7EA,GB,01989550224,True,False,False,,False,False,False,False,False,False,SDTR,1969-12-31T23:00:00Z,WalkIn|ClickAndCollect,False,False,True
1516,"Welwyn Garden City, 30 Stonehills",51.80210423,-0.205647568,30 Stonehills,Welwyn Garden City,AL8 6PD,GB,01707241754,True,,False,,False,False,,,,,,,WalkIn|ClickAndCollect|JustEat|JustEatCollection|UberEatsDelivery|UberEatsCollection,True,True,True
1520,"Kingswinford, Bay 2 Pensnett I",52.503247252184,-2.151002182909,39 Second Avenue,Kingswinford,DY6 7XN,GB,01384886417,True,False,False,,False,False,False,False,False,False,SDBI,1969-12-31T23:00:00Z,WalkIn|ClickAndCollect|JustEat|JustEatCollection|UberEatsDelivery|UberEatsCollection,True,True,True
1521,"Bletchley, 108 Queensway",51.99442495,-0.730978591,108 Queensway,Bletchley,MK2 2RU,GB,01908015396,True,,False,,False,False,,,,,,,WalkIn|ClickAndCollect|JustEat|JustEatCollection|UberEatsDelivery|UberEatsCollection,True,True,True
1522,"Wolverhampton, New Cross Hospital",52.599879,-2.096208,Wolverhampton Road,Wolverhampton,WV10 0QP,GB,01902243957,True,,False,,False,False,,,,,,,WalkIn|ClickAndCollect,False,False,True
1528,"Bathgate, 2 George Pl",55.90088019,-3.641087298,2/4 George Place,Bathgate,EH48 1PW,GB,01506376634,True,,False,,False,False,,,,,,,WalkIn|ClickAndCollect|JustEat|JustEatCollection|UberEatsDelivery|UberEatsCollection,True,True,True
1530,"Bridgend, U7 Raven Cl, Bridgend IE",51.50045866,-3.561561002,Raven Close,Bridgend,CF31 3RF,GB,01656334195,True,,False,,False,False,,,,,,,WalkIn|ClickAndCollect|JustEat|JustEatCollection|UberEatsDelivery|UberEatsCollection,True,True,True
1531,"Weston Super Mare, 42 Regent St",51.3474555,-2.97832454,42 Regent Street,Weston Super Mare,BS23 1SL,GB,01934312821,True,,False,,False,False,,,,,,,WalkIn|ClickAndCollect|JustEat|JustEatCollection|UberEatsDelivery|UberEatsCollection,True,True,True
1534,"Chelmsford, U5C Interchange",51.736080807677,0.466485105764,Duke Street,Chelmsford,CM1 1GZ,GB,01245947293,True,False,False,,False,False,False,False,False,False,SDEN,1969-12-31T23:00:00Z,WalkIn|ClickAndCollect|JustEat|JustEatCollection|UberEatsDelivery|UberEatsCollection,True,True,True
1536,"Dunstable, U18 Quadrant SC",51.887133293792,-0.520569968559,15 Broadwalk,Dunstable,LU5 4RH,GB,01582345753,True,,False,,False,False,,,,,,,WalkIn|ClickAndCollect|JustEat|JustEatCollection|UberEatsDelivery|UberEatsCollection,True,True,True
1538,"Liverpool, U5 Brownlow Hill",53.40583557,-2.967178121,172 Brownlow Hill,Liverpool,L3 5TY,GB,01513328211,True,,False,,False,False,,,,,,,WalkIn|ClickAndCollect|JustEat|JustEatCollection|UberEatsDelivery|UberEatsCollection,True,True,True
1540,"Manchester, U34 Fort SP",53.4978408,-2.236696121,Cheetham Hill Road,Manchester,M8 8EP,GB,01618419220,True,False,False,,False,False,False,False,False,False,SDMA,1969-12-31T23:00:00Z,WalkIn|ClickAndCollect|JustEat|JustEatCollection|UberEatsDelivery|UberEatsCollection,True,True,True
1541,"Sheffield, 6 Fargate",53.38233757,-1.468793341,6 Fargate,Sheffield,S1 2HE,GB,01143214043,True,,False,,False,False,,,,,,,WalkIn|ClickAndCollect|JustEat|JustEatCollection|UberEatsDelivery|UberEatsCollection,True,True,True
1543,"Elgin, U2271K Elgin IE",51.57487801,-1.770475239,Dunbeath Road,Elgin,SN2 8EA,GB,01793224334,True,,False,,False,False,,,,,,,WalkIn|ClickAndCollect,False,False,True
1544,"North Finchley, 720 High Rd",51.61404936,-0.175921851,720 High Road,North Finchley,N12 9QD,GB,02038898571,True,,False,,False,False,,,,,,,WalkIn|ClickAndCollect|JustEat|JustEatCollection|UberEatsDelivery|UberEatsCollection,True,True,True
1545,"Baillieston, 80 Main St",55.8501065,-4.111419405,80 Main Street,Baillieston,G69 6SL,GB,01417267409,True,,False,,False,False,,,,,,,WalkIn|ClickAndCollect|JustEat|JustEatCollection,True,False,True
1546,"Epsom, 48 High St",51.3338035,-0.266048407,48 High Street,Epsom,KT19 8AJ,GB,01372233714,True,,False,,False,False,,,,,,,WalkIn|ClickAndCollect|JustEat|JustEatCollection|UberEatsDelivery|UberEatsCollection,True,True,True
1549,"Castle Bromwich, 28 Timberley Ln",52.50114726,-1.771408091,28 Timberley Lane,Castle Bromwich,B34 7EH,GB,01216612741,True,,False,,False,False,,,,,,,WalkIn|ClickAndCollect,False,False,True
1551,"Eastwood, 67 Nottingham Rd",53.01788022,-1.304648278,67 Nottingham Road,Eastwood,NG16 3AL,GB,01773301615,True,False,False,,False,False,False,False,False,False,SDBI,1969-12-31T23:00:00Z,WalkIn|ClickAndCollect|JustEat|JustEatCollection|UberEatsDelivery|UberEatsCollection,True,True,True
1555,"Broadstairs, U27 Westwood Cross",51.36004088,1.393588669,Margate Road,Broadstairs,CT10 2BF,GB,01843260677,True,,False,,False,False,,,,,,,WalkIn|ClickAndCollect|JustEat|JustEatCollection|UberEatsDelivery|UberEatsCollection,True,True,True
1556,"Kingston, 28 Market Pl",51.40966457,-0.305802081,28 Market Place,Kingston,KT1 1JH,GB,02038898583,True,,False,,False,False,,,,,,,WalkIn|ClickAndCollect|UberEatsDelivery|UberEatsCollection,False,True,True
1560,"Blyth, 16 Regent St",55.127616161814,-1.509371606701,16 Regent Street,Blyth,NE24 1LP,GB,01670332169,True,,False,,False,False,,,,,,,WalkIn|ClickAndCollect|JustEat|JustEatCollection|UberEatsDelivery|UberEatsCollection,True,True,True
1561,"Tunbridge Wells, 6 Grosvenor Rd",51.13475894,0.263694101,6 Grosvenor Road,Tunbridge Wells,TN1 2AH,GB,01892351985,True,,False,,False,False,,,,,,,WalkIn|ClickAndCollect|JustEat|JustEatCollection|UberEatsDelivery|UberEatsCollection,True,True,True
1562,"Hammersmith, 129 King St",51.4924599,-0.230638605,129 King Street,Hammersmith,W6 9JG,GB,02038898626,True,,False,,False,False,,,,,,,WalkIn|ClickAndCollect|JustEat|JustEatCollection|UberEatsDelivery|UberEatsCollection,True,True,True
1567,"Leigh Park, U59 Greywell SC",50.867350928192,-0.98520943058,Greywell Road,Leigh Park,PO9 5AH,GB,02392004635,True,,False,,False,False,,,,,,,WalkIn|ClickAndCollect|JustEat|JustEatCollection|UberEatsDelivery|UberEatsCollection,True,True,True
1569,"Gillingham, 139 High St",51.38686585,0.547535625,139 High Street,Gillingham,ME7 1AQ,GB,01634558809,True,,False,,False,False,,,,,,,WalkIn|ClickAndCollect|JustEat|JustEatCollection|UberEatsDelivery|UberEatsCollection,True,True,True
1577,"Biggleswade, 1A Market Sq",52.08656516,-0.265262505,1A Market Square,Biggleswade,SG18 8AP,GB,01767661227,True,,False,,False,False,,,,,,,WalkIn|ClickAndCollect,False,False,True
1578,"Nottingham, 3 Beast Market",52.95333795,-1.151667987,3 Beast Market Hill,Nottingham,NG1 6FB,GB,01158226075,True,,False,,False,False,,,,,,,WalkIn|ClickAndCollect|JustEat|JustEatCollection|UberEatsDelivery|UberEatsCollection,True,True,True
1579,"Dundee, UL28 Overgate SC",56.460028903974,-2.972917777544,,Dundee,DD1 1UF,GB,01382238177,True,,False,,False,False,,,,,,,WalkIn|ClickAndCollect|JustEat|JustEatCollection|UberEatsDelivery|UberEatsCollection,True,True,True
1580,"Gainsborough, U21 Marshalls Yard",53.39869835,-0.772644807,Marshalls Yard,Gainsborough,DN21 2NA,GB,01427800672,True,,False,,False,False,,,,,,,WalkIn|ClickAndCollect|UberEatsDelivery|UberEatsCollection,False,True,True
1581,"Livingston, 25 Hawkbrae",55.8977101,-3.53280096,25 Hawk Brae,Livingston,EH54 6TW,GB,01506376631,True,,False,,False,False,,,,,,,WalkIn|ClickAndCollect|JustEat|JustEatCollection|UberEatsDelivery|UberEatsCollection,True,True,True
1587,"Liverpool, 38 Old Hall St",53.40930377,-2.994028421,38 Old Hall Street,Liverpool,L3 9PP,GB,01513328188,True,,False,,False,False,,,,,,,WalkIn|ClickAndCollect,False,False,True
1589,"Parkstone, 332 Ashley Rd",50.72878414,-1.936199087,332 Ashley Road,Parkstone,BH14 9DF,GB,01202120028,True,,False,,False,False,,,,,,,WalkIn|ClickAndCollect|JustEat|JustEatCollection|UberEatsDelivery|UberEatsCollection,True,True,True
1590,"Bognor Regis, 2B London Rd",50.78393392,-0.673133438,2B London Road,Bognor Regis,PO21 1PY,GB,01243210929,True,,False,,False,False,,,,,,,WalkIn|ClickAndCollect|JustEat|JustEatCollection|UberEatsDelivery|UberEatsCollection,True,True,True
1591,"Erskine, U6 Bridgewater SC",55.9038299,-4.448808846,,Erskine,PA8 7AA,GB,01417267419,True,,False,,False,False,,,,,,,WalkIn|ClickAndCollect|JustEat|JustEatCollection,True,False,True
1597,"Havant, 1 West St",50.85147512,-0.982519853,1 West Street,Havant,PO9 1EH,GB,02392004633,True,,False,,False,False,,,,,,,WalkIn|ClickAndCollect|JustEat|JustEatCollection|UberEatsDelivery|UberEatsCollection,True,True,True
1599,"Leeds, 385 Kirkstall Rd",53.80703188,-1.586369809,385 Kirkstall Road,Leeds,LS4 2EZ,GB,01135177570,True,,False,,False,False,,,,,,,WalkIn,False,False,False
1601,"Doncaster, U16  Food Mall, Frnchgate CTR",53.52287,-1.13889,Food Mall,Doncaster,DN1 1LB,GB,01302243046,True,,False,,False,False,,,,,,,WalkIn|ClickAndCollect,False,False,True
1602,"Marton, U3 Marton Estates Sq",54.53111356,-1.199038231,Stokesley Road,Marton,TS7 8DU,GB,01642548213,True,,False,,False,False,,,,,,,WalkIn|ClickAndCollect|JustEat|JustEatCollection|UberEatsDelivery|UberEatsCollection,True,True,True
1608,"Cardiff, 23 Caroline St",51.47829511,-3.175933562,23 Caroline Street,Cardiff,CF10 1FG,GB,02920032662,True,,False,,False,False,,,,,,,WalkIn,False,False,False
1609,"Bridgend, 11B Vlg Farm IE",51.52547284,-3.691509165,11B Heol Mostyn,Pyle,CF33 6BJ,GB,01656334198,True,,False,,False,False,,,,,,,WalkIn|ClickAndCollect|UberEatsDelivery|UberEatsCollection,False,True,True
1610,"Oadby, 28 The Parade",52.59918378,-1.083954302,28 The Parade,Oadby,LE2 5BF,GB,01164785425,True,,False,,False,False,,,,,,,WalkIn|ClickAndCollect,False,False,True
1613,"Carlisle, U1 Kingstown IE",54.92582082,-2.947567188,Grearshill Road,Carlisle,CA3 0ET,GB,01228582868,True,,False,,False,False,,,,,,,WalkIn|ClickAndCollect|JustEat|JustEatCollection|UberEatsDelivery|UberEatsCollection,True,True,True
1622,"Atherstone, 91 Long St",52.57734146,-1.54725053,91 Long Street,Atherstone,CV9 1BB,GB,01827214976,True,,False,,False,False,,,,,,,WalkIn|ClickAndCollect,False,False,True
1624,"Andover, 57 High St",51.20825401,-1.479155112,57 High Street,Andover,SP10 1LP,GB,01264311620,True,,False,,False,False,,,,,,,WalkIn|ClickAndCollect|JustEat|JustEatCollection|UberEatsDelivery|UberEatsCollection,True,True,True
1625,"Thurrock, U5 Intu Lakeside SC",51.485706,0.283371,,Thurrock,RM20 2ZT,GB,01708599373,True,,False,,False,False,,,,,,,WalkIn|ClickAndCollect,False,False,True
1626,"Macclesfield, Grosvenor CTR",53.2603185,-2.12619514,Mill Street Mall,Macclesfield,SK11 6AJ,GB,01625461108,True,False,False,,False,False,False,False,False,False,SDMA,1969-12-31T23:00:00Z,WalkIn|ClickAndCollect|JustEat|JustEatCollection|UberEatsDelivery|UberEatsCollection,True,True,True
1630,"Shawlands, 15 Kilmarnock Rd",55.82967007,-4.281664068,15 Kilmarnock Road,Shawlands,G41 3YN,GB,01417267393,True,False,False,,False,False,False,False,False,False,SDCL,1969-12-31T23:00:00Z,WalkIn|ClickAndCollect|JustEat|JustEatCollection|UberEatsDelivery|UberEatsCollection,True,True,True
1636,"Birmingham, U33 Newtown SC",52.49754535,-1.896303629,,Newtown,B19 2SS,GB,01216612611,True,,False,,False,False,,,,,,,WalkIn|ClickAndCollect|JustEat|JustEatCollection|UberEatsDelivery|UberEatsCollection,True,True,True
1637,"Bradford, U4 Euroway Te",53.75844005,-1.738825093,Wharfedale Road,Bradford,BD4 6SG,GB,01274957630,True,,False,,False,False,,,,,,,WalkIn|ClickAndCollect|JustEat|JustEatCollection|UberEatsDelivery|UberEatsCollection,True,True,True
1638,"Workington, Washington Square SC",54.64344,-3.54573,2 Campbell Savours Way,Workington,CA14 3DZ,GB,01900510977,True,,False,,False,False,,,,,,,WalkIn|ClickAndCollect,False,False,True
1639,"Hartlepool, The Fens SC",54.65541946,-1.233351719,398 Catcote Road,Hartlepool,TS25 2LS,GB,01429801238,True,,False,,False,False,,,,,,,WalkIn|ClickAndCollect|JustEat|JustEatCollection,True,False,True
1640,"Retford, 18A Carolgate",53.321872564354,-0.942509228462,18A Carolgate,Retford,DN22 6BU,GB,01777801102,True,,False,,False,False,,,,,,,WalkIn|ClickAndCollect,False,False,True
1641,"Preston, St George SC, 13 Orch",53.7603939,-2.7005563,14 Orchard Street,Preston,PR1 2EN,GB,01772288516,True,False,False,,False,False,False,False,False,False,SDMA,1969-12-31T23:00:00Z,WalkIn|ClickAndCollect|JustEat|JustEatCollection|UberEatsDelivery|UberEatsCollection,True,True,True
1642,"Gateshead, U3 Saltmeadows Rd",54.96755833,-1.588765805,Saltmeadows Road,Gateshead,NE8 3AH,GB,01914061622,True,,False,,False,False,,,,,,,WalkIn|ClickAndCollect|UberEatsDelivery|UberEatsCollection,False,True,True
1643,"Kings Lynn, Ue5 Vancouver SC",52.75441568,0.397776439,Broad Street,Kings Lynn,PE30 1DP,GB,01553601583,True,,False,,False,False,,,,,,,WalkIn|ClickAndCollect|JustEat|JustEatCollection|UberEatsDelivery|UberEatsCollection,True,True,True
1645,"Thornliebank, 77 Main St",55.80757174,-4.316363543,77 Main Street,Thornliebank,G46 7RY,GB,01417267398,True,False,False,,False,False,False,False,False,False,SDCL,1969-12-31T23:00:00Z,WalkIn|ClickAndCollect|JustEat|JustEatCollection|UberEatsDelivery|UberEatsCollection,True,True,True
1646,"Prudhoe, 55 Front St",54.96132333,-1.849085068,55 Front Street,Prudhoe,NE42 5AA,GB,01661521127,True,,False,,False,False,,,,,,,WalkIn|ClickAndCollect|JustEat|JustEatCollection|UberEatsDelivery|UberEatsCollection,True,True,True
1648,"Chatham, 176 High St",51.38264334,0.524926259,176 High Street,Chatham,ME4 4AS,GB,01634558811,True,False,False,,False,False,False,False,False,False,SDEN,1969-12-31T23:00:00Z,WalkIn,False,False,False
1649,"Waterlooville, 302 London Rd",50.88000864,-1.031011364,302 London Road,Waterlooville,PO7 7DS,GB,02392004583,True,,False,,False,False,,,,,,,WalkIn|ClickAndCollect|JustEat|JustEatCollection|UberEatsDelivery|UberEatsCollection,True,True,True
1654,"Cupar, 5 Crossgate",56.31932395,-3.012031927,5 Crossgate,Cupar,KY15 5HA,GB,01334230059,True,,False,,False,False,,,,,,,WalkIn|ClickAndCollect,False,False,True
1655,"Darlington, 289 Yarm Rd",54.52240906,-1.524592317,289 Yarm Road,Darlington,DL1 1BA,GB,01325524809,True,,False,,False,False,,,,,,,WalkIn|ClickAndCollect|JustEat|JustEatCollection|UberEatsDelivery|UberEatsCollection,True,True,True
1656,"Sheffield, 100 The Moor",53.37532422,-1.474642513,100 The Moor,Sheffield,S1 4PB,GB,01143214038,True,,False,,False,False,,,,,,,WalkIn|ClickAndCollect,False,False,True
1658,"Brighton, 112 London Rd",50.83123353,-0.13617793,112 London Road,Brighton,BN1 4JG,GB,01273007907,True,,False,,False,False,,,,,,,WalkIn|ClickAndCollect|JustEat|JustEatCollection|UberEatsDelivery|UberEatsCollection,True,True,True
1659,"Ayr, 239 High St",55.46041518,-4.628845445,239 High Street,Ayr,KA7 1RB,GB,01292431713,True,,False,,False,False,,,,,,,WalkIn|ClickAndCollect|JustEat|JustEatCollection,True,False,True
1661,"Ammanford, 27 Quay St",51.79208923,-3.987805162,27 Quay Street,Ammanford,SA18 3DB,GB,01269503847,True,False,False,,False,False,False,False,False,False,SDTR,1969-12-31T23:00:00Z,WalkIn|ClickAndCollect,False,False,True
1662,"Newport, 42 Commercial St",51.58562221,-2.994515571,42B Commercial Street,Newport,NP20 1LP,GB,01633743281,True,,False,,False,False,,,,,,,WalkIn|ClickAndCollect|JustEat|JustEatCollection,True,False,True
1664,"Leeds, 68 Merrion St",53.80102118,-1.543532812,68 Merrion Street,Leeds,LS2 8LW,GB,01135177582,True,,False,,False,False,,,,,,,WalkIn|ClickAndCollect|JustEat|JustEatCollection|UberEatsDelivery|UberEatsCollection,True,True,True
1665,"Cambuslang, 136 Main St",55.81904751,-4.168645975,136 Main Street,Cambuslang,G72 7EL,GB,01417267401,True,,False,,False,False,,,,,,,WalkIn|ClickAndCollect|JustEat|JustEatCollection,True,False,True
1666,"Sheffield, U41 Crystal Peaks",53.3413423,-1.352499116,West Mall,Sheffield,S20 7PN,GB,01143214008,True,,False,,False,False,,,,,,,WalkIn|ClickAndCollect|JustEat|JustEatCollection|UberEatsDelivery|UberEatsCollection,True,True,True
1668,"Leamington Spa, 19 The Parade",52.2925701,-1.535638379,19/21 The Parade,Leamington Spa,CV32 4DE,GB,01926352026,True,,False,,False,False,,,,,,,WalkIn|ClickAndCollect|JustEat|JustEatCollection|UberEatsDelivery|UberEatsCollection,True,True,True
1675,"Peterlee, 1 Cook Way",54.76289709,-1.36916318,1 Cook Way,Peterlee,SR8 2HY,GB,01915946797,True,,False,,False,False,,,,,,,WalkIn|ClickAndCollect|JustEat|JustEatCollection|UberEatsDelivery|UberEatsCollection,True,True,True
1676,"Manchester, 41 Arndale SC",53.483458549469,-2.241687461059,,Manchester,M4 3AQ,GB,01618419221,True,,False,,False,False,,,,,,,WalkIn|ClickAndCollect,False,False,True
1678,"Marlborough, 104 High St",51.41938277,-1.733102591,104 High Street,Marlborough,SN8 1LT,GB,01672550354,True,,False,,False,False,,,,,,,WalkIn|ClickAndCollect,False,False,True
1680,"Swansea, U6F Swansea EP",51.65849966,-3.90861481,Lion Way,Swansea,SA7 9EH,GB,01792001450,True,,False,,False,False,,,,,,,WalkIn|ClickAndCollect|JustEat|JustEatCollection|UberEatsDelivery|UberEatsCollection,True,True,True
1682,"Hamilton, 7 Quarry St",55.77431807,-4.036794867,7 Quarry Street,Hamilton,ML3 7AW,GB,01698533320,True,,False,,False,False,,,,,,,WalkIn|ClickAndCollect|JustEat|JustEatCollection|UberEatsDelivery|UberEatsCollection,True,True,True
1683,"Cardiff, 33 Albany Rd",51.49324892,-3.169789428,33 Albany Road,Cardiff,CF24 3LJ,GB,02920032677,True,,False,,False,False,,,,,,,WalkIn|ClickAndCollect|JustEat|JustEatCollection|UberEatsDelivery|UberEatsCollection,True,True,True
1684,"Ripley, 28 Oxford St",53.04989716,-1.40534949,28 Oxford Street,Ripley,DE5 3AP,GB,01773301613,True,,False,,False,False,,,,,,,WalkIn|ClickAndCollect|JustEat|JustEatCollection|UberEatsDelivery|UberEatsCollection,True,True,True
1686,"Bradford, U19C Forster Square RP",53.8011135,-1.75373388,53 Valley Road,Bradford,BD1 4RN,GB,01274957635,True,,False,,False,False,,,,,,,WalkIn|ClickAndCollect|JustEat|JustEatCollection|UberEatsDelivery|UberEatsCollection,True,True,True
1690,"Dewsbury, U8 Ravensthorpe SP",53.68006782,-1.662640561,Huddersfield Road,Ravensthorpe,WF13 3HN,GB,01924667568,True,False,False,,False,False,False,False,False,False,SDLE,1969-12-31T23:00:00Z,WalkIn|ClickAndCollect|JustEat|JustEatCollection|UberEatsDelivery|UberEatsCollection,True,True,True
1696,"Leatherhead, 4 High St",51.29522156,-0.329105619,4 High Street,Leatherhead,KT22 8AN,GB,01372233695,True,,False,,False,False,,,,,,,WalkIn|ClickAndCollect|JustEat|JustEatCollection|UberEatsDelivery|UberEatsCollection,True,True,True
1698,"Edinburgh, 19 Rose St",55.95299227,-3.196073733,19 Rose Street,Edinburgh,EH2 2PR,GB,01312873345,True,False,False,,False,False,False,False,False,False,SDCL,1969-12-31T23:00:00Z,WalkIn,False,False,False
1699,"Manchester, 36 Brazennose St",53.47965531,-2.246381929,36/38 Brazennose Street,Manchester,M2 5EA,GB,01618419215,True,,False,,False,False,,,,,,,WalkIn|ClickAndCollect,False,False,True
1703,"Rutherglen, 72 Main St",55.82819843,-4.216617312,72 Main Street,Rutherglen,G73 2HY,GB,01417267404,True,,False,,False,False,,,,,,,WalkIn|ClickAndCollect|JustEat|JustEatCollection|UberEatsDelivery|UberEatsCollection,True,True,True
1704,"East Kilbride, 44 Kirkton Pk",55.76488151,-4.17244392,44 Kirkton Park,East Kilbride,G74 4HX,GB,01355200489,True,,False,,False,False,,,,,,,WalkIn|ClickAndCollect|JustEat|JustEatCollection,True,False,True
1707,"Rotherham, U33 Parkgate SP",53.44453205,-1.346633592,Stadium Way,Rotherham,S60 1TG,GB,01709913520,True,False,False,,False,False,False,False,False,False,SDLE,1969-12-31T23:00:00Z,WalkIn|ClickAndCollect|JustEat|JustEatCollection|UberEatsDelivery|UberEatsCollection,True,True,True
1708,"Cardiff, 33 Salisbury Rd",51.48815283,-3.173860399,33 Salisbury Road,Cardiff,CF24 4AA,GB,02920032661,True,,False,,False,False,,,,,,,WalkIn|ClickAndCollect,False,False,True
1709,"Harborne, 83 High St",52.46006092,-1.946113341,83 High Street,Harborne,B17 9NR,GB,01216612625,True,False,False,,False,False,False,False,False,False,SDBI,1969-12-31T23:00:00Z,WalkIn|ClickAndCollect|JustEat|JustEatCollection|UberEatsDelivery|UberEatsCollection,True,True,True
1711,"Portsmouth, 13 Crasswell St",50.80129034,-1.088203255,13 Crasswell Street,Portsmouth,PO1 1HA,GB,02392004658,True,,False,,False,False,,,,,,,WalkIn|ClickAndCollect,False,False,True
1712,"Manchester, U10 Grove Vlg Pde",53.46555729,-2.215486747,182 Stockport Road,Ardwick,M13 9AB,GB,01618419161,True,,False,,False,False,,,,,,,WalkIn|ClickAndCollect|JustEat|JustEatCollection,True,False,True
1717,"Portsmouth, 78 London Rd",50.81533553,-1.07940684,78 London Road,Portsmouth,PO2 0LN,GB,02392004654,True,,False,,False,False,,,,,,,WalkIn|ClickAndCollect|JustEat|JustEatCollection|UberEatsDelivery|UberEatsCollection,True,True,True
1720,"Hucknall, 54 High St",53.03835705,-1.203085429,54 High Street,Hucknall,NG15 7AX,GB,01158226632,True,,False,,False,False,,,,,,,WalkIn|ClickAndCollect|JustEat|JustEatCollection|UberEatsDelivery|UberEatsCollection,True,True,True
1721,"Blackburn, The Mall SC, King W",53.74835451,-2.483588853,26 King William Street,Blackburn,BB1 7DP,GB,01254946914,True,False,False,,False,False,False,False,False,False,SDMA,1969-12-31T23:00:00Z,WalkIn|ClickAndCollect|JustEat|JustEatCollection|UberEatsDelivery|UberEatsCollection,True,True,True
1723,"Bridgend, U1 Triangle SC",51.50710671,-3.560431849,,Bridgend,CF31 2LL,GB,01656333703,True,,False,,False,False,,,,,,,WalkIn|ClickAndCollect|JustEat|JustEatCollection|UberEatsDelivery|UberEatsCollection,True,True,True
1725,"Broomhill, U12 Broomhill SC",55.8760011,-4.323751755,24 Norby Road,Broomhill,G11 7BN,GB,01417267373,True,,False,,False,False,,,,,,,WalkIn|ClickAndCollect|JustEat|JustEatCollection|UberEatsDelivery|UberEatsCollection,True,True,True
1729,"Linlithgow, U22 Regent Sq",55.97747073,-3.594794208,22 Blackness Road,Linlithgow,EH49 7HU,GB,01506376635,True,,False,,False,False,,,,,,,WalkIn|ClickAndCollect|UberEatsDelivery|UberEatsCollection,False,True,True
1731,"Bradford, Lister Hills",53.79309414,-1.77200705,Legrams Lane,Listerhills,BD7 1ND,GB,01274957632,True,,False,,False,False,,,,,,,WalkIn|ClickAndCollect|JustEat|JustEatCollection|UberEatsDelivery|UberEatsCollection,True,True,True
1733,"Leeds, 57 The Headrow",53.79911473,-1.542787023,57/59 The Headrow,Leeds,LS1 6LR,GB,01135177575,True,,False,,False,False,,,,,,,WalkIn|ClickAndCollect,False,False,True
1734,"Stroud, 54 High St",51.74533687,-2.215817159,54 High Street,Stroud,GL5 1AP,GB,01453700671,True,,False,,False,False,,,,,,,WalkIn|ClickAndCollect|JustEat|JustEatCollection|UberEatsDelivery|UberEatsCollection,True,True,True
1735,"Yeovil, 11 Middle St",50.94157364,-2.631262565,11 Middle Street,Yeovil,BA20 1LE,GB,01935311611,True,,False,,False,False,,,,,,,WalkIn|ClickAndCollect|JustEat|JustEatCollection|UberEatsDelivery|UberEatsCollection,True,True,True
1736,"Seaham, Byron Pl SC",54.836346797179,-1.331216362032,,Seaham,SR7 7DR,GB,01915946794,True,,False,,False,False,,,,,,,WalkIn|ClickAndCollect|JustEat|JustEatCollection|UberEatsDelivery|UberEatsCollection,True,True,True
1745,"Perth, 87 South St",56.39527753,-3.430286813,87 South Street,Perth,PH2 8PA,GB,01738230314,True,,False,,False,False,,,,,,,WalkIn|ClickAndCollect|JustEat|JustEatCollection|UberEatsDelivery|UberEatsCollection,True,True,True
1746,"Uddingston, 49 Main St",55.81905737,-4.082355848,49 Main Street,Uddingston,G71 7EP,GB,01698533395,True,,False,,False,False,,,,,,,WalkIn|ClickAndCollect|JustEat|JustEatCollection|UberEatsDelivery|UberEatsCollection,True,True,True
1749,"Cardiff, Leckwith Rd, Capital SP",51.47178788,-3.205045602,The Pod,Cardiff,CF11 8EG,GB,02920032667,True,,False,,False,False,,,,,,,WalkIn|ClickAndCollect|JustEat|JustEatCollection|UberEatsDelivery|UberEatsCollection,True,True,True
1750,"Cardiff, Avenue RP",51.49922674,-3.139985828,Newport Road,Cardiff,CF23 9FF,GB,02920032672,True,,False,,False,False,,,,,,,WalkIn|ClickAndCollect|JustEat|JustEatCollection|UberEatsDelivery|UberEatsCollection,True,True,True
1751,"Bristol, U8 Peterson Ave",51.40479109,-2.598242571,Peterson Avenue,Hartcliffe,BS13 0BE,GB,01174544425,True,,False,,False,False,,,,,,,WalkIn|ClickAndCollect|JustEat|JustEatCollection|UberEatsDelivery|UberEatsCollection,True,True,True
1752,"Stockley Pk, U4 The Arena",51.51239209,-0.444481489,The Arena,Stockley Park,UB11 1AA,GB,02038898642,True,,False,,False,False,,,,,,,WalkIn|ClickAndCollect|JustEat|JustEatCollection|UberEatsDelivery|UberEatsCollection,True,True,True
1754,"Winton, 379 Wimborne Rd",50.74191091,-1.878834707,379 Wimborne Road,Winton,BH9 2AQ,GB,01202120023,True,,False,,False,False,,,,,,,WalkIn|ClickAndCollect,False,False,True
1756,"Quinton, 524 Hagley Rd Wst",52.46355904,-1.996849165,524 Hagley Road West,Quinton,B68 0BZ,GB,01216612620,True,False,False,,False,False,False,False,False,False,SDBI,1969-12-31T23:00:00Z,WalkIn|ClickAndCollect|JustEat|JustEatCollection|UberEatsDelivery|UberEatsCollection,True,True,True
1758,"Glasgow, 429 Alexandra Pde",55.86429672,-4.220992995,429 Alexandra Parade,Glasgow,G31 3AD,GB,01417267388,True,,False,,False,False,,,,,,,WalkIn|ClickAndCollect|JustEat|JustEatCollection|UberEatsDelivery|UberEatsCollection,True,True,True
1759,"Tiverton, 1 Bampton St",50.90317433,-3.486123152,1 Bampton Street,Tiverton,EX16 6AA,GB,01884211175,True,,False,,False,False,,,,,,,WalkIn|ClickAndCollect|UberEatsDelivery|UberEatsCollection,False,True,True
1760,"Rustington, 11 Churchill Pde",50.81073831,-0.5071782,11 Churchhill Parade,Rustington,BN16 3DJ,GB,01273007955,True,,False,,False,False,,,,,,,WalkIn|ClickAndCollect|JustEat|JustEatCollection|UberEatsDelivery|UberEatsCollection,True,True,True
1761,"Paulsgrove, 179 Allaway Ave",50.84965028,-1.094042909,179 Allaway Avenue,Paulsgrove,PO6 4HG,GB,02392004609,True,,False,,False,False,,,,,,,WalkIn|ClickAndCollect,False,False,True
1762,"Harlow, Edinburgh Way",51.78593584,0.118265278,5 Mill Hatch,Harlow,CM20 2DG,GB,01279214453,True,False,False,,False,False,False,False,False,False,SDEN,1969-12-31T23:00:00Z,WalkIn|ClickAndCollect,False,False,True
1763,"Dunfermline, Turnstone Rd",56.06160853,-3.406151501,Turnstone Rd,Dunfermline,KY11 8EG,GB,01383347868,True,,False,,False,False,,,,,,,WalkIn|ClickAndCollect|JustEat|JustEatCollection,True,False,True
1766,"Sheffield, Meadowhall SC, The Arcade",53.41524731,-1.411422884,17 The Arcade,Sheffield,S9 1EH,GB,01143214010,True,,False,,False,False,,,,,,,WalkIn|ClickAndCollect|JustEat|JustEatCollection|UberEatsDelivery|UberEatsCollection,True,True,True
1767,"Leeds, U1 Thorpe Pk",53.79954438,-1.42675021,Plot 4600 Park Appraoch,Leeds,LS15 8ZB,GB,01135177599,True,,False,,False,False,,,,,,,WalkIn|ClickAndCollect|JustEat|JustEatCollection|UberEatsDelivery|UberEatsCollection,True,True,True
1768,"Cumbernauld, U32 Antonine CTR",55.954863871245,-3.98047743822,Tryst Road,Cumbernauld,G67 1PZ,GB,01236802648,True,,False,,False,False,,,,,,,WalkIn|ClickAndCollect|JustEat|JustEatCollection|UberEatsDelivery|UberEatsCollection,True,True,True
1769,"Hull, U44A St Stephens SC",53.74578903,-0.347811015,Ferensway,Hull,HU2 8LN,GB,01482296271,True,,False,,False,False,,,,,,,WalkIn|ClickAndCollect|JustEat|JustEatCollection|UberEatsDelivery|UberEatsCollection,True,True,True
1770,"Bradford, U5 The Parkside CTR",53.81649703,-1.773527716,Keighley Road,Bradford,BD9 4JR,GB,01274957621,True,,False,,False,False,,,,,,,WalkIn|ClickAndCollect|JustEat|JustEatCollection|UberEatsDelivery|UberEatsCollection,True,True,True
1771,"Hull, Ferensway, Paragon Interchange",53.74580772,-0.347813033,Ferensway,Hull,HU1 3QX,GB,01482296276,True,,False,,False,False,,,,,,,WalkIn|ClickAndCollect,False,False,True
1772,"Mansfield, U8 St Peters RP",53.14120017,-1.198241115,Station Road,Mansfield,NG18 1BE,GB,01623701795,True,,False,,False,False,,,,,,,WalkIn|ClickAndCollect|JustEat|JustEatCollection|UberEatsDelivery|UberEatsCollection,True,True,True
1773,"Hull, U15 Kingswood RP",53.79501845,-0.349894274,Kingswood Retail Park,Hull,HU7 3DA,GB,01482421226,True,,False,,False,False,,,,,,,WalkIn|ClickAndCollect|JustEat|JustEatCollection|UberEatsDelivery|UberEatsCollection,True,True,True
1774,"Openshaw, U7 Lime Sq",53.47408057,-2.164717518,Ashton Old Road,Openshaw,M11 1DA,GB,01618419168,True,,False,,False,False,,,,,,,WalkIn|ClickAndCollect|JustEat|JustEatCollection|UberEatsDelivery|UberEatsCollection,True,True,True
1775,"Horwich, Middlebrook RP",53.58471722,-2.537343557, Middlebrook Retail Park,Horwich,BL6 6JA,GB,01204968316,True,,False,,False,False,,,,,,,WalkIn|ClickAndCollect|JustEat|JustEatCollection|UberEatsDelivery|UberEatsCollection,True,True,True
1777,"Liverpool, 18 Richmond St",53.40642689,-2.984083178,18 Richmond Street,Liverpool,L1 1EF,GB,01513328219,True,,False,,False,False,,,,,,,WalkIn|ClickAndCollect,False,False,True
1778,"Liverpool, 4 Wall St",53.40433339,-2.986775957,4 Wall Street,Liverpool,L1 8BU,GB,01513328213,True,,False,,False,False,,,,,,,WalkIn|ClickAndCollect|JustEat|JustEatCollection,True,False,True
1780,"Newcastle, U8 Eldon Sq",54.97512175897,-1.6153788357,St Georges Way,Newcastle Upon Tyne,NE1 7JD,GB,01913232888,True,False,False,,False,False,False,False,False,False,SDGO,1969-12-31T23:00:00Z,WalkIn|ClickAndCollect,False,False,True
1781,"Bradley Stoke, U2 Willow Brook Ctr",51.53515404,-2.548718493,,Bradley Stoke,BS32 8EF,GB,01454802094,True,,False,,False,False,,,,,,,WalkIn|ClickAndCollect|JustEat|JustEatCollection|UberEatsDelivery|UberEatsCollection,True,True,True
1786,"Burnside, 224 Stonelaw Rd",55.81855734,-4.202468219,224 Stonelaw Road,Burnside,G73 3SA,GB,01417267403,True,False,False,,False,False,False,False,False,False,SDCL,1969-12-31T23:00:00Z,WalkIn|ClickAndCollect|JustEat|JustEatCollection|UberEatsDelivery|UberEatsCollection,True,True,True
1787,"Nottingham, 65 Bracebridge Dr",52.96480655,-1.227573403,65 Bracebridge Drive,Bilborough,NG8 4PH,GB,01158226023,True,,False,,False,False,,,,,,,WalkIn|ClickAndCollect|JustEat|JustEatCollection|UberEatsDelivery|UberEatsCollection,True,True,True
1788,"Abergavenny, 22 High St",51.822594108906,-3.019035823012,22 High Street,Abergavenny,NP7 5RY,GB,01873770221,True,,False,,False,False,,,,,,,WalkIn|ClickAndCollect|UberEatsDelivery|UberEatsCollection,False,True,True
1789,"Stockton, Preston Farm IE",54.54616939,-1.320561069,Falcon Court,Stockton on Tees,TS18 3TS,GB,01642573612,True,,False,,False,False,,,,,,,WalkIn|ClickAndCollect|JustEat|JustEatCollection|UberEatsDelivery|UberEatsCollection,True,True,True
1791,"Newport, Coedkernew, 3 Lakeside Dr",51.55905113,-3.03642517,3 Lakeside Drive,Newport,NP10 8BB,GB,01633743293,True,,False,,False,False,,,,,,,WalkIn|ClickAndCollect|JustEat|JustEatCollection|UberEatsDelivery|UberEatsCollection,True,True,True
1792,"Swindon, 10 Havelock Sq",51.56055,-1.78452,10 Havelock Square,Swindon,SN1 1LE,GB,01793224333,True,,False,,False,False,,,,,,,WalkIn|ClickAndCollect,False,False,True
1794,"Hartlepool, U6 Belle Vue Way",54.66937311,-1.211584995,Belle Vue Way,Hartlepool,TS25 1QF,GB,01429801237,True,,False,,False,False,,,,,,,WalkIn|ClickAndCollect|JustEat|JustEatCollection|UberEatsDelivery|UberEatsCollection,True,True,True
1795,"Sheffield, Meadowhall SC, The Gallery",53.41518654,-1.411337943,14A The Gallery,Sheffield,S9 1ER,GB,01143214009,True,,False,,False,False,,,,,,,WalkIn|ClickAndCollect,False,False,True
1796,"Doncaster, U16 The Wheatley Hall RP",53.5427321,-1.103684896,Wheatley Hall Road,Doncaster,DN2 4PE,GB,01302243040,True,,False,,False,False,,,,,,,WalkIn|ClickAndCollect|JustEat|JustEatCollection|UberEatsDelivery|UberEatsCollection,True,True,True
1797,"Fulham, 411 North End Rd",51.48274436,-0.200125991,411 North End Road,Fulham,SW6 1NS,GB,02038898502,True,,False,,False,False,,,,,,,WalkIn|ClickAndCollect|JustEat|JustEatCollection|UberEatsDelivery|UberEatsCollection,True,True,True
1802,"Aspley, Carr Pit Rd",53.64425345,-1.77173981,Carr Pit Road,Aspley,HD5 9AD,GB,01484502969,True,,False,,False,False,,,,,,,WalkIn|ClickAndCollect|JustEat|JustEatCollection|UberEatsDelivery|UberEatsCollection,True,True,True
1803,"Rosyth, UA Backmarsh Rd",56.03699084,-3.426522583,Backmarsh Road,Rosyth,KY11 2RS,GB,01383347862,True,,False,,False,False,,,,,,,WalkIn|ClickAndCollect|JustEat|JustEatCollection,True,False,True
1804,"Pontyclun, 48 Talbot Rd",51.53714385,-3.384175979,48 Talbot Road,Talbot Green,CF72 8AF,GB,01443583535,True,,False,,False,False,,,,,,,WalkIn|ClickAndCollect|JustEat|JustEatCollection|UberEatsDelivery|UberEatsCollection,True,True,True
1805,"Liverpool, 51 North John St",53.40562069,-2.988122511,51 North John Street,Liverpool,L2 6SG,GB,01513328187,True,,False,,False,False,,,,,,,WalkIn|ClickAndCollect,False,False,True
1808,"Leeds, 49 Great George St",53.8010333,-1.551421814,49 Great George Street,Leeds,LS1 3BB,GB,01135177577,True,,False,,False,False,,,,,,,WalkIn|ClickAndCollect,False,False,True
1809,"Aberdare, 22A Victoria Sq",51.71334464,-3.444114441,22A Victoria Square,Aberdare,CF44 7LB,GB,01685701650,True,,False,,False,False,,,,,,,WalkIn|ClickAndCollect|JustEat|JustEatCollection|UberEatsDelivery|UberEatsCollection,True,True,True
1810,"Cardiff, U8 Regent TP",51.47486636,-3.153720767,Galdames Place,Cardiff,CF24 5PF,GB,02920032675,True,,False,,False,False,,,,,,,WalkIn|ClickAndCollect|JustEat|JustEatCollection|UberEatsDelivery|UberEatsCollection,True,True,True
1812,"Wakefield, U36 Trinity Wlk SC",53.68494742,-1.496843937,Market Walk,Wakefield,WF1 1QS,GB,01924664013,True,,False,,False,False,,,,,,,WalkIn|ClickAndCollect|JustEat|JustEatCollection|UberEatsDelivery|UberEatsCollection,True,True,True
1814,"Telford, Kiosk, Kielder Sq, Telford SC",52.67677369,-2.446674367,Kielder Square,Telford,TF3 4DX,GB,01952947969,True,,False,,False,False,,,,,,,WalkIn,False,False,False
1816,"Leeds, U28 White Rose SC",53.75995262,-1.573699246,North Side,Leeds,LS11 8LL,GB,01135177609,True,,False,,False,False,,,,,,,WalkIn|ClickAndCollect|JustEat|JustEatCollection|UberEatsDelivery|UberEatsCollection,True,True,True
1817,"Manchester, 998 Ashton New Rd",53.48129047,-2.170058406,998 Ashton New Road,Clayton,M11 4PE,GB,01618419154,True,,False,,False,False,,,,,,,WalkIn|ClickAndCollect|JustEat|JustEatCollection|UberEatsDelivery|UberEatsCollection,True,True,True
1819,"Worthing, 2 Chapel Rd",50.81206883,-0.370146176,2 Chapel Road,Worthing,BN11 1BJ,GB,01273007953,True,,False,,False,False,,,,,,,WalkIn|ClickAndCollect|JustEat|JustEatCollection|UberEatsDelivery|UberEatsCollection,True,True,True
1820,"Portslade, 78 Boundary Rd",50.83485353,-0.206193178,78 Boundary Road,Portslade,BN3 5TD,GB,01273007905,True,,False,,False,False,,,,,,,WalkIn|ClickAndCollect|JustEat|JustEatCollection|UberEatsDelivery|UberEatsCollection,True,True,True
1822,"Motherwell, U2 Carfin RP",55.80674939,-3.964286651,20 Bell Quadrant,Motherwell,ML1 4GN,GB,01698533309,True,,False,,False,False,,,,,,,WalkIn|ClickAndCollect|JustEat|JustEatCollection|UberEatsDelivery|UberEatsCollection,True,True,True
1823,"Kelvinbridge, 6 Gibson St",55.87244982,-4.281704863,6 Gibson Street,Kelvinbridge,G12 8NX,GB,01417267370,True,,False,,False,False,,,,,,,WalkIn|ClickAndCollect|JustEat|JustEatCollection,True,False,True
1827,"Corby, Rockingham Park LC",52.5083967,-0.705253627,Princewood Court,Corby,NN17 4BH,GB,01536212722,True,,False,,False,False,,,,,,,WalkIn|ClickAndCollect|JustEat|JustEatCollection|UberEatsDelivery|UberEatsCollection,True,True,True
1829,"Blackpool, Houndshill SC",53.8153,-3.05413,16 Adelaide Street West,Blackpool,FY1 4HU,GB,01253204611,True,False,False,,False,False,False,False,False,False,SDMA,1969-12-31T23:00:00Z,WalkIn|ClickAndCollect|JustEat|JustEatCollection,True,False,True
1831,"Urmston, U9B Eden Square SC",53.44889657,-2.354305541,Golden Way,Urmston,M41 0NA,GB,01618419201,True,,False,,False,False,,,,,,,WalkIn|ClickAndCollect|JustEat|JustEatCollection|UberEatsDelivery|UberEatsCollection,True,True,True
1834,"Pontyclun, 19 Cowbridge Rd",51.52271569,-3.391380548,19 Cowbridge Road,Pontyclun,CF72 9EA,GB,01443583532,True,,False,,False,False,,,,,,,WalkIn|ClickAndCollect,False,False,True
1835,"Wellington, 9 Fore St",50.97819765,-3.228073057,9/9A Fore Street,Wellington,TA21 8AA,GB,01823214359,True,,False,,False,False,,,,,,,WalkIn|ClickAndCollect|JustEat|JustEatCollection|UberEatsDelivery|UberEatsCollection,True,True,True
1836,"Byker, 24 Shields Rd",54.97636075,-1.585548185,24 Shields Road,Byker,NE6 1DR,GB,01913232901,True,,False,,False,False,,,,,,,WalkIn|ClickAndCollect|UberEatsDelivery|UberEatsCollection,False,True,True
1837,"Battle Hill, U6 Battle Hill SC",55.00542064,-1.518474409,Battlehill Drive,Battle Hill,NE28 9PA,GB,01913232900,True,,False,,False,False,,,,,,,WalkIn|ClickAndCollect|JustEat|JustEatCollection|UberEatsDelivery|UberEatsCollection,True,True,True
1838,"Stirling, U2 Springkerse TP",56.11164091,-3.917895678,Craig Leith Road,Stirling,FK7 7GN,GB,01786231641,True,,False,,False,False,,,,,,,WalkIn|ClickAndCollect|JustEat|JustEatCollection|UberEatsDelivery|UberEatsCollection,True,True,True
1839,"Houghton Le Spring, 36 Newbottle St",54.84388184,-1.471702514,36 Newbottle Street,Houghton le Spring,DH4 4AB,GB,01915946795,True,,False,,False,False,,,,,,,WalkIn|ClickAndCollect|JustEat|JustEatCollection|UberEatsDelivery|UberEatsCollection,True,True,True
1841,"Brighton, 150 North St",50.82318322,-0.140892907,150 North Street,Brighton,BN1 1RE,GB,01273007908,True,,False,,False,False,,,,,,,WalkIn|ClickAndCollect|JustEat|JustEatCollection,True,False,True
1842,"Anniesland, 1580 Great Western Rd",55.88955743,-4.323161402,1580 Great Western Road,Anniesland,G13 1HQ,GB,01417267442,True,,False,,False,False,,,,,,,WalkIn|ClickAndCollect|JustEat|JustEatCollection,True,False,True
1843,"Dumbarton, U4 St James RP",55.94356337,-4.560871607,53 Glasgow Road,Dumbarton,G82 1RB,GB,01389311227,True,,False,,False,False,,,,,,,WalkIn|ClickAndCollect|JustEat|JustEatCollection|UberEatsDelivery|UberEatsCollection,True,True,True
1845,"Portishead, 66 High St",51.48316032,-2.769220578,66 High Street,Portishead,BS20 6EH,GB,01275401853,True,,False,,False,False,,,,,,,WalkIn|ClickAndCollect,False,False,True
1846,"Nottingham, 4 Clumber St",52.95382738,-1.147381654,4 Clumber Street,Nottingham,NG1 3GA,GB,01158226493,True,,False,,False,False,,,,,,,WalkIn|ClickAndCollect|JustEat|JustEatCollection|UberEatsDelivery|UberEatsCollection,True,True,True
1848,"Glossop, 25 High St West",53.44323762,-1.950679069,25 High Street West,Glossop,SK13 8AZ,GB,01457600672,True,False,False,,False,False,False,False,False,False,SDMA,1969-12-31T23:00:00Z,WalkIn|ClickAndCollect|JustEat|JustEatCollection|UberEatsDelivery|UberEatsCollection,True,True,True
1850,"Killingworth, U35 Killingworth SC",55.03642246,-1.5660184,The Killingworth Centre,Killingworth,NE12 6YT,GB,01914065596,True,,False,,False,False,,,,,,,WalkIn|ClickAndCollect|JustEat|JustEatCollection|UberEatsDelivery|UberEatsCollection,True,True,True
1853,"Rochdale, Yorkshire St",53.61822254,-2.158025622,64 Yorkshire Street,Rochdale,OL16 1EA,GB,01706392779,True,,False,,False,False,,,,,,,WalkIn|ClickAndCollect|JustEat|JustEatCollection|UberEatsDelivery|UberEatsCollection,True,True,True
1857,"Clevedon, 3 Station Rd",51.43584516,-2.852549321,3 Station Road,Clevedon,BS21 6NH,GB,01275401855,True,,False,,False,False,,,,,,,WalkIn|ClickAndCollect,False,False,True
1859,"Colne, 41 Market St",53.85731571,-2.166533704,41 Market Street,Colne,BB8 0LJ,GB,01282502696,True,,False,,False,False,,,,,,,WalkIn|ClickAndCollect|JustEat|JustEatCollection|UberEatsDelivery|UberEatsCollection,True,True,True
1864,"Madeley, U14 Anstice Sq",52.636579447513,-2.450305018044,Anstice Square,Madeley,TF7 5BD,GB,01952947971,True,,False,,False,False,,,,,,,WalkIn|ClickAndCollect|JustEat|JustEatCollection|UberEatsDelivery|UberEatsCollection,True,True,True
1865,"Sittingbourne, 95 High St",51.34008476,0.735165802,95/97 High Street,Sittingbourne,ME10 4AJ,GB,01795503550,True,,False,,False,False,,,,,,,WalkIn|ClickAndCollect|JustEat|JustEatCollection|UberEatsDelivery|UberEatsCollection,True,True,True
1866,"Ashford, 94 High St",51.1496961,0.871165815,94 High Street,Ashford,TN24 8SD,GB,01233222377,True,,False,,False,False,,,,,,,WalkIn|ClickAndCollect|JustEat|JustEatCollection|UberEatsDelivery|UberEatsCollection,True,True,True
1868,"Glasgow, 1111 Argyle St",55.86461437,-4.28393885,1111 Argyle Street,Glasgow,G3 8ND,GB,01417267361,True,,False,,False,False,,,,,,,WalkIn|ClickAndCollect,False,False,True
1869,"Lichfield, 30 Market St",52.682899488861,-1.82876657008,30 Market Street,Lichfield,WS13 6LH,GB,01543222902,True,,False,,False,False,,,,,,,WalkIn|ClickAndCollect|JustEat|JustEatCollection|UberEatsDelivery|UberEatsCollection,True,True,True
1870,"Nottingham, 93 Carrington St",52.94831243,-1.147475159,93 Carrington Street,Nottingham,NG1 7FE,GB,01158220412,True,,False,,False,False,,,,,,,WalkIn|ClickAndCollect,False,False,True
1872,"Ashby De La Zouch, 25 Market P",52.74696978,-1.472399448,25 Market Place,Ashby De La Zouch,LE65 1AF,GB,01530441291,True,False,False,,False,False,False,False,False,False,SDBI,1969-12-31T23:00:00Z,WalkIn|ClickAndCollect|UberEatsDelivery|UberEatsCollection,False,True,True
1873,"Redditch, Washford TP",52.28546134,-1.905117752,,Redditch,B98 0GZ,GB,01527912812,True,False,False,,False,False,False,False,False,False,SDBI,1969-12-31T23:00:00Z,WalkIn|ClickAndCollect|JustEat|JustEatCollection,True,False,True
1875,"Denaby Main, Hill Top Rd",53.4913028,-1.255473885,Hill Top Road,Denaby Main,DN12 4TJ,GB,01709913509,True,False,False,,False,False,False,False,False,False,SDLE,1969-12-31T23:00:00Z,WalkIn|ClickAndCollect,False,False,True
1876,"Edinburgh, 17 South Gyle Cres",55.92997122,-3.299662346,17 South Gyle Crescent,South Gyle,EH12 9EB,GB,01312873351,True,,False,,False,False,,,,,,,WalkIn|ClickAndCollect|JustEat|JustEatCollection|UberEatsDelivery|UberEatsCollection,True,True,True
1880,"Northampton, U46 Weston Favell SC",52.2570692,-0.8361341,,Northampton,NN3 8JZ,GB,01604213255,True,,False,,False,False,,,,,,,WalkIn,False,False,False
1882,"Wolverhampton, 16 Marsh Ln Pde",52.62093224,-2.130390967,16 Marsh Lane Parade,Wolverhampton,WV10 6RT,GB,01902243961,True,,False,,False,False,,,,,,,WalkIn|ClickAndCollect|JustEat|JustEatCollection,True,False,True
1883,"Dundee, 7 Cowgate",56.46352699,-2.968254051,7 Cowgate,Dundee,DD1 2HS,GB,01382238179,True,False,False,,False,False,False,False,False,False,SDCL,1969-12-31T23:00:00Z,WalkIn|ClickAndCollect,False,False,True
1884,"Glasgow, 183 Shieldhall Rd",55.85512864,-4.331290728,183 Shieldhall Road,Glasgow,G51 4DJ,GB,01417267425,True,False,False,,False,False,False,False,False,False,SDCL,1969-12-31T23:00:00Z,WalkIn|ClickAndCollect|JustEat|JustEatCollection,True,False,True
1886,"Bristol, 44 Ridingleaze",51.50163847,-2.658681537,44 Ridingleaze,Bristol,BS11 0QE,GB,01174544433,True,,False,,False,False,,,,,,,WalkIn|ClickAndCollect|JustEat|JustEatCollection|UberEatsDelivery|UberEatsCollection,True,True,True
1887,"Swansea, 51 Queensway",51.64290974,-3.986947059,51 Queensway,Swansea,SA5 4EB,GB,01792001448,True,,False,,False,False,,,,,,,WalkIn|ClickAndCollect|JustEat|JustEatCollection|UberEatsDelivery|UberEatsCollection,True,True,True
1888,"Risca, 43A Tredegar St",51.60821246,-3.100966818,43A Tredegar Street,Risca,NP11 6BW,GB,01633743290,True,False,False,,False,False,False,False,False,False,SDTR,1969-12-31T23:00:00Z,WalkIn|ClickAndCollect|JustEat|JustEatCollection|UberEatsDelivery|UberEatsCollection,True,True,True
1889,"Dundee, 134 Strathmartin Rd",56.47431632,-2.98031167,134 Stathmartin Road,Dundee,DD3 7SE,GB,01382238183,True,,False,,False,False,,,,,,,WalkIn|ClickAndCollect|JustEat|JustEatCollection|UberEatsDelivery|UberEatsCollection,True,True,True
1891,"Stockton, U6A Portrack TP",54.57665036,-1.282772164,Cheltenham Road,Stockton on Tees,TS18 2SL,GB,01642573426,True,,False,,False,False,,,,,,,WalkIn|ClickAndCollect,False,False,True
1892,"Syston, 1286 Melton Rd",52.69860244,-1.073892517,1286 Melton Road,Syston,LE7 2HD,GB,01164785117,True,,False,,False,False,,,,,,,WalkIn|ClickAndCollect|UberEatsDelivery|UberEatsCollection,False,True,True
1893,"Chesterfield, U3 Lockoford Lane",53.25217287,-1.42363403,Lockoford Lane,Chesterfield,S41 7JB,GB,01246382676,True,,False,,False,False,,,,,,,WalkIn|ClickAndCollect,False,False,True
1895,"Huddersfield, Leeds Rd",53.67812359,-1.741393639,862 Leeds Road,Huddersfield,HD2 1UU,GB,01484502970,True,,False,,False,False,,,,,,,WalkIn|ClickAndCollect|JustEat|JustEatCollection|UberEatsDelivery|UberEatsCollection,True,True,True
1896,"Llandudno, 73 Mostyn St",53.32417674,-3.829204151,73 Mostyn Street,Llandudno,LL30 2NN,GB,01492550834,True,,False,,False,False,,,,,,,WalkIn|ClickAndCollect|JustEat|JustEatCollection|UberEatsDelivery|UberEatsCollection,True,True,True
1897,"Altrincham, 54 George St",53.38744266,-2.350218354,54 George Street,Altrincham,WA14 1RH,GB,01618419231,True,,False,,False,False,,,,,,,WalkIn|ClickAndCollect,False,False,True
1898,"Haverfordwest, 19 Bridge St",51.80298859,-4.969004232,19 Bridge Street,Haverfordwest,SA61 2AL,GB,01646401172,True,False,False,,False,False,False,False,False,False,SDTR,1969-12-31T23:00:00Z,WalkIn|ClickAndCollect|UberEatsDelivery|UberEatsCollection,False,True,True
1900,"Bridgwater, Carvers Mill BP, Wylds Rd",51.13867567,-2.996867917,Wylds Rd,Bridgwater,TA6 4BH,GB,01278550704,True,,False,,False,False,,,,,,,WalkIn|ClickAndCollect|JustEat|JustEatCollection|UberEatsDelivery|UberEatsCollection,True,True,True
1903,"Skegness, 76 Lumley Rd",53.14299272,0.338869886,76 Lumley Road,Skegness,PE25 3NG,GB,01754801235,True,,False,,False,False,,,,,,,WalkIn|ClickAndCollect|JustEat|JustEatCollection|UberEatsDelivery|UberEatsCollection,True,True,True
1904,"Solihull, 113 Hobs Moat Rd",52.44490755,-1.784861566,113 Hobs Moat Road,Solihull,B92 8JN,GB,01216612733,True,,False,,False,False,,,,,,,WalkIn|ClickAndCollect|JustEat|JustEatCollection|UberEatsDelivery|UberEatsCollection,True,True,True
1905,"Sedgley, 31 Dudley St",52.54053709,-2.120865943,31 Dudley Street,Sedgley,DY3 1SA,GB,01902243971,True,,False,,False,False,,,,,,,WalkIn|ClickAndCollect|JustEat|JustEatCollection|UberEatsDelivery|UberEatsCollection,True,True,True
1908,"Fenham, 313 Two Ball Lonnen",54.98661795,-1.662536937,313/315 Two Ball Lonnen,Fenham,NE4 9RX,GB,01913232911,True,,False,,False,False,,,,,,,WalkIn|ClickAndCollect|JustEat|JustEatCollection|UberEatsDelivery|UberEatsCollection,True,True,True
1909,"Market Drayton, 31 Cheshire St",52.9045305,-2.485067458,31 Cheshire Street,Market Drayton,TF9 1PH,GB,01630410430,True,,False,,False,False,,,,,,,WalkIn|ClickAndCollect,False,False,True
1910,"Hairmyres, U6 St James Ave",55.76057521,-4.227281623,St James Avenue,East Kilbride,G74 5QD,GB,01355200488,True,,False,,False,False,,,,,,,WalkIn|ClickAndCollect|JustEat|JustEatCollection|UberEatsDelivery|UberEatsCollection,True,True,True
1913,"Manchester, U5 Thorncliffe House",53.46141704,-2.229255495,,Manchester,M13 9NG,GB,01618419162,True,,False,,False,False,,,,,,,WalkIn|ClickAndCollect|JustEat|JustEatCollection|UberEatsDelivery|UberEatsCollection,True,True,True
1917,"Belper, 40 King St",53.02317155,-1.482108697,40 King Street,Belper,DE56 1PL,GB,01773301617,True,,False,,False,False,,,,,,,WalkIn|ClickAndCollect|JustEat|JustEatCollection,True,False,True
1918,"Thornaby, U2 The Pavillion SC",54.539084011066,-1.290767457039,,Thornaby,TS17 9FD,GB,01642548212,True,,False,,False,False,,,,,,,WalkIn|ClickAndCollect|JustEat|JustEatCollection|UberEatsDelivery|UberEatsCollection,True,True,True
1919,"Tow Law, 47A High St",54.74605916,-1.81499975,47A High Street,Tow Law,DL13 4DH,GB,01388311024,True,,False,,False,False,,,,,,,WalkIn|ClickAndCollect,False,False,True
1920,"Prestwich, U10 Radius Retail",53.53340105,-2.283793337,,Prestwich,M25 1AY,GB,01618419207,True,,False,,False,False,,,,,,,WalkIn|ClickAndCollect|JustEat|JustEatCollection|UberEatsDelivery|UberEatsCollection,True,True,True
1923,"Neath, 55 Wind St",51.66361116,-3.804020907,55 Wind Street,Neath,SA11 3EN,GB,01639500996,True,,False,,False,False,,,,,,,WalkIn|ClickAndCollect|JustEat|JustEatCollection|UberEatsDelivery|UberEatsCollection,True,True,True
1924,"Henbury, 175 Crow Ln",51.50949837,-2.620181018,175 Crow Lane,Henbury,BS10 7DR,GB,01174544421,True,,False,,False,False,,,,,,,WalkIn|ClickAndCollect|JustEat|JustEatCollection,True,False,True
1926,"Ferndale, 64 High St",51.66171864,-3.448133483,64 High Street,Ferndale,CF43 4RR,GB,01443583541,True,,False,,False,False,,,,,,,WalkIn|ClickAndCollect|UberEatsDelivery|UberEatsCollection,False,True,True
1927,"Merthyr Tydfl, 21 Chestnut Way",51.76271638,-3.380702885,21 Chestnut Way,Merthyr Tydfl,CF47 9SB,GB,01685701644,True,,False,,False,False,,,,,,,WalkIn|ClickAndCollect|JustEat|JustEatCollection,True,False,True
1928,"Exeter, 195 High St",50.72305928,-3.532242234,195 High Street,Exeter,EX4 3EB,GB,01392343738,True,,False,,False,False,,,,,,,WalkIn|ClickAndCollect,False,False,True
1930,"Aberdeen, 166 George St",57.15049159,-2.101652077,166/170 George Street,Aberdeen,AB25 1BS,GB,01224907115,True,,False,,False,False,,,,,,,WalkIn|ClickAndCollect|JustEat|JustEatCollection,True,False,True
1931,"Renfrew, 11 High St",55.87879056,-4.386152759,11/13 High Street,Renfrew,PA4 8QL,GB,01417267426,True,False,False,,False,False,False,False,False,False,SDCL,1969-12-31T23:00:00Z,WalkIn|ClickAndCollect|JustEat|JustEatCollection,True,False,True
1935,"Dover, 71 Biggin St",51.1272777,1.309893275,71 Biggin Street,Dover,CT16 1BB,GB,01304744031,True,,False,,False,False,,,,,,,WalkIn|ClickAndCollect,False,False,True
1942,"Ipswich, 51 Westgate St",52.05876831,1.150052134,51 Westgate Street,Ipswich,IP1 3DX,GB,01473357420,True,,False,,False,False,,,,,,,WalkIn|ClickAndCollect|JustEat|JustEatCollection|UberEatsDelivery|UberEatsCollection,True,True,True
1943,"Colchester, 36 Long Wyre St",51.88842848,0.902529144,36 Long Wyre Street,Colchester,CO1 1LJ,GB,01206695454,True,,False,,False,False,,,,,,,WalkIn|ClickAndCollect|JustEat|JustEatCollection|UberEatsDelivery|UberEatsCollection,True,True,True
1944,"Portsmouth, Southsea, 15 Palmerston Rd",50.78627531,-1.088070318,15 Palmerston Road,Southsea,PO5 3QQ,GB,02392004668,True,,False,,False,False,,,,,,,WalkIn|ClickAndCollect|JustEat|JustEatCollection|UberEatsDelivery|UberEatsCollection,True,True,True
1948,"Cockerton, 301 Woodland Rd",54.53344392,-1.578248314,301 Woodland Road,Cockerton,DL3 9AA,GB,01325524803,True,,False,,False,False,,,,,,,WalkIn|ClickAndCollect|JustEat|JustEatCollection|UberEatsDelivery|UberEatsCollection,True,True,True
1949,"Kingston Pk, U8 Kingston Pk SC",55.01306193,-1.669045528,Kingston Park Ave,Kingston Park,NE3 2FP,GB,01914061368,True,,False,,False,False,,,,,,,WalkIn|ClickAndCollect|JustEat|JustEatCollection|UberEatsDelivery|UberEatsCollection,True,True,True
1952,"Moreton, 243 Hoylake Rd",53.40073073,-3.11339171,243 Hoylake Road,Moreton,CH46 0PF,GB,01513328210,True,,False,,False,False,,,,,,,WalkIn|ClickAndCollect|JustEat|JustEatCollection|UberEatsDelivery|UberEatsCollection,True,True,True
1953,"Salford, U4 Seaford Rd",53.49624909,-2.272827664,Seaford Road,Salford,M6 6BA,GB,01618419198,True,False,False,,False,False,False,False,False,False,SDMA,1969-12-31T23:00:00Z,WalkIn|ClickAndCollect|JustEat|JustEatCollection|UberEatsDelivery|UberEatsCollection,True,True,True
1957,"Bristol, U1 St James Crt",51.45892308,-2.592710178,Cannon Street,Bristol,BS1 3LH,GB,01174544418,True,False,False,,False,False,False,False,False,False,SDTR,1969-12-31T23:00:00Z,WalkIn|ClickAndCollect|JustEat|JustEatCollection|UberEatsDelivery|UberEatsCollection,True,True,True
1961,"Derby, Pride Park Stadium Grou",52.91587202,-1.447345498,,Derby,DE24 8XL,GB,01332316614,True,False,False,,False,False,False,False,False,False,SDBI,1969-12-31T23:00:00Z,WalkIn|ClickAndCollect|JustEat|JustEatCollection|UberEatsDelivery|UberEatsCollection,True,True,True
1964,"Barnsley, U5 Eldon Arc",53.55371116,-1.478486883,,Barnsley,S70 2JP,GB,01226657652,True,False,False,,False,False,False,False,False,False,SDLE,1969-12-31T23:00:00Z,WalkIn|ClickAndCollect,False,False,True
1966,"Liverpool, UD1 Prospect Point, Prscot St",53.41087024,-2.964759109,Prescot Street,Liverpool,L6 1BA,GB,01513328189,True,,False,,False,False,,,,,,,WalkIn|ClickAndCollect|JustEat|JustEatCollection|UberEatsDelivery|UberEatsCollection,True,True,True
1968,"Christchurch, U1 Saxon Sq SC",50.73556343,-1.777727958,,Christchurch,BH23 1QA,GB,01202120022,True,,False,,False,False,,,,,,,WalkIn|ClickAndCollect|JustEat|JustEatCollection|UberEatsDelivery|UberEatsCollection,True,True,True
1971,"Grantham, U3 Isaac Newton CTR",52.91032696,-0.642142755,,Grantham,NG31 6EE,GB,01476851507,True,,False,,False,False,,,,,,,WalkIn,False,False,False
1974,"Burgess Hill, U17 Market Place SC",50.95493,-0.13115,,Burgess Hill,RH15 9NP,GB,01444223674,True,,False,,False,False,,,,,,,WalkIn|ClickAndCollect|JustEat|JustEatCollection|UberEatsDelivery|UberEatsCollection,True,True,True
1975,"Calverton, U10 St Wilfrids Sq",53.03721193,-1.08193945,St Wilfrids Square,Calverton,NG14 6FP,GB,01158226633,True,,False,,False,False,,,,,,,WalkIn|ClickAndCollect,False,False,True
1976,"Stapleford, 44 Derby Rd",52.92900304,-1.276232585,44 Derby Road,Stapleford,NG9 7AA,GB,01158226072,True,,False,,False,False,,,,,,,WalkIn|ClickAndCollect|JustEat|JustEatCollection|UberEatsDelivery|UberEatsCollection,True,True,True
1977,"Potters Bar, 114 Darkes Lane",51.69824342,-0.191258905,114 Darkes Lane,Potters Bar,EN6 1AE,GB,01707241755,True,,False,,False,False,,,,,,,WalkIn|ClickAndCollect|JustEat|JustEatCollection|UberEatsDelivery|UberEatsCollection,True,True,True
1981,"Tottenham Hale, Uc1 Tottenham Hale RP",51.587971847816,-0.062306998271,Broad Lane,Tottenham,N15 4QD,GB,02038898640,True,,False,,False,False,,,,,,,WalkIn|ClickAndCollect|JustEat|JustEatCollection|UberEatsDelivery|UberEatsCollection,True,True,True
1983,"Harlow, 1A Broadwalk",51.77078403,0.094150204,1A Broadwalk,Harlow,CM20 1HX,GB,01279214456,True,False,False,,False,False,False,False,False,False,SDEN,1969-12-31T23:00:00Z,WalkIn|ClickAndCollect|JustEat|JustEatCollection,True,False,True
1985,"Coventry, 6 Ironmonger Row",52.40900869,-1.510534671,6 Ironmonger Row,Coventry,CV1 1FD,GB,02475103355,True,,False,,False,False,,,,,,,WalkIn|ClickAndCollect,False,False,True
1987,"Rhyl, 73 High St",53.32080581,-3.489880814,73 High Street,Rhyl,LL18 1TH,GB,01745771269,True,,False,,False,False,,,,,,,WalkIn|ClickAndCollect|JustEat|JustEatCollection,True,False,True
1990,"Cardiff, 4 St Johns St",51.48128624,-3.178573531,4 St John Street,Cardiff,CF10 1GJ,GB,02920032668,True,False,False,,False,False,False,False,False,False,SDTR,1969-12-31T23:00:00Z,WalkIn|ClickAndCollect|UberEatsDelivery|UberEatsCollection,False,True,True
1991,"Pencoed,15 Coychurch Rd",51.522507297723,-3.500646623185,15 Coychurch Road,Pencoed,CF35 5NH,GB,01656334211,True,,False,,False,False,,,,,,,WalkIn|ClickAndCollect|JustEat|JustEatCollection|UberEatsDelivery|UberEatsCollection,True,True,True
1992,"Swansea, UB Swansea Bus Station",51.61806402,-3.946505491,,Swansea,SA1 3QF,GB,01792001447,True,,False,,False,False,,,,,,,WalkIn|ClickAndCollect|JustEat|JustEatCollection|UberEatsDelivery|UberEatsCollection,True,True,True
1994,"Glasgow, 453 Paisley Rd",55.8535788,-4.277755162,453 Paisley Road,Glasgow,G5 8RJ,GB,01417267379,True,False,False,,False,False,False,False,False,False,SDCL,1969-12-31T23:00:00Z,WalkIn|ClickAndCollect|JustEat|JustEatCollection|UberEatsDelivery|UberEatsCollection,True,True,True
1998,"Nottingham, U7 Midland Way RP",52.95597088,-1.18300881,7 Midland Way,Nottingham,NG7 3NY,GB,01158226635,True,,False,,False,False,,,,,,,WalkIn|ClickAndCollect|JustEat|JustEatCollection|UberEatsDelivery|UberEatsCollection,True,True,True
2001,"Salford, 258 Eccles Old Rd",53.4893293,-2.326404324,258 Eccles Old Road,Salford,M6 8HH,GB,01618419195,True,False,False,,False,False,False,False,False,False,SDMA,1969-12-31T23:00:00Z,WalkIn|ClickAndCollect|JustEat|JustEatCollection|UberEatsDelivery|UberEatsCollection,True,True,True
2003,"Arbroath, U1 Abbeygate SC",56.56096225,-2.582977483,High Street,Arbroath,DD11 1HY,GB,01241463243,True,,False,,False,False,,,,,,,WalkIn|ClickAndCollect|UberEatsDelivery|UberEatsCollection,False,True,True
2004,"Harlow, U3 The Watergardens SC",51.76808307,0.09484927,,Harlow,CM20 1AN,GB,01279214455,True,False,False,,False,False,False,False,False,False,SDEN,1969-12-31T23:00:00Z,WalkIn|ClickAndCollect|JustEat|JustEatCollection,True,False,True
2005,"Shard End, 3 Ownall Rd",52.49456821,-1.777761868,,Shard End,B34 7BA,GB,01216612743,True,,False,,False,False,,,,,,,WalkIn|ClickAndCollect,False,False,True
2009,"Littlehampton, 53 High St",50.80955652,-0.541972027,53 High Street,Littlehampton,BN17 5EJ,GB,01273007954,True,,False,,False,False,,,,,,,WalkIn|ClickAndCollect|JustEat|JustEatCollection|UberEatsDelivery|UberEatsCollection,True,True,True
2011,"Forfar, 25 Castle St",56.64466002,-2.888947595,25 Castle Street,Forfar,DD8 3AE,GB,01307490149,True,False,False,,False,False,False,False,False,False,SDCL,1969-12-31T23:00:00Z,WalkIn|ClickAndCollect|UberEatsDelivery|UberEatsCollection,False,True,True
2013,"Manchester, U7 Abbey House, Mosley St",53.47907722,-2.242022667,74 Mosley St,Manchester,M2 3LW,GB,01618419159,True,,False,,False,False,,,,,,,WalkIn|ClickAndCollect,False,False,True
2018,"Edinburgh, U10D Newbridge IE",55.935753691033,-3.402446485363,Cliftonhall Road,Newbridge,EH28 8PJ,GB,01312873350,True,,False,,False,False,,,,,,,WalkIn|ClickAndCollect,False,False,True
2020,"Peterborough, 27 Bridge St",52.57164288,-0.242058935,27 Bridge Street,Peterborough,PE1 1HJ,GB,01733666853,True,,False,,False,False,,,,,,,WalkIn|ClickAndCollect|JustEat|JustEatCollection|UberEatsDelivery|UberEatsCollection,True,True,True
2022,"Clydebank, 113 Sylvania Way, Clyde SC",55.904638654651,-4.404226310653,113 Sylvania Way,Clydebank,G81 2RR,GB,01417267440,True,,False,,False,False,,,,,,,WalkIn|ClickAndCollect|JustEat|JustEatCollection|UberEatsDelivery|UberEatsCollection,True,True,True
2025,"Congleton, 1 Duke St",53.16369576,-2.214068918,1 Duke Street,Congleton,CW12 1AP,GB,01260540773,True,,False,,False,False,,,,,,,WalkIn|ClickAndCollect|UberEatsDelivery|UberEatsCollection,False,True,True
2026,"Manchester, Avro Way",53.36159571,-2.28826667,Avro Way,Manchester,M90 5PZ,GB,01618419174,True,,False,,False,False,,,,,,,WalkIn|ClickAndCollect,False,False,True
2027,"Hyde, 14 Clarendon Sq",53.450932763717,-2.07815603158,Calrendon Square,Hyde,SK14 2QT,GB,01618419228,True,,False,,False,False,,,,,,,WalkIn|ClickAndCollect|JustEat|JustEatCollection|UberEatsDelivery|UberEatsCollection,True,True,True
2028,"Outlet: Howdon, 18 Tynemouth Rd",54.99661312,-1.502227394,18 Tynemouth Road,Howdon,NE28 0LF,GB,01913232889,True,,False,,False,False,,,,,,,WalkIn,False,False,False
2032,"Glasgow, 100 George St",55.86109517,-4.244026739,100 George Street,Glasgow,G1 1RF,GB,01417267383,True,,False,,False,False,,,,,,,WalkIn|ClickAndCollect|JustEat|JustEatCollection|UberEatsDelivery|UberEatsCollection,True,True,True
2033,"Maryhill, U8 Maryhill SC",55.887252843697,-4.286521866263,,Maryhill,G20 9SH,GB,01417267436,True,,False,,False,False,,,,,,,WalkIn|ClickAndCollect|JustEat|JustEatCollection|UberEatsDelivery|UberEatsCollection,True,True,True
2034,"Armthorpe, Armthorpe SC",53.53615602,-1.057591107,Church Street,Armthorpe,DN3 3AN,GB,01302243048,True,,False,,False,False,,,,,,,WalkIn|ClickAndCollect|JustEat|JustEatCollection|UberEatsDelivery|UberEatsCollection,True,True,True
2035,"Rushden, 40 High St",52.29045502,-0.59765458,40 High Street,Rushden,NN10 0PJ,GB,01933421634,True,,False,,False,False,,,,,,,WalkIn|ClickAndCollect|JustEat|JustEatCollection|UberEatsDelivery|UberEatsCollection,True,True,True
2037,"Cardiff, 39 Wellfield Rd",51.49548332,-3.165532668,39 Wellfield Road,Cardiff,CF24 3PA,GB,02920032673,True,,False,,False,False,,,,,,,WalkIn|ClickAndCollect|JustEat|JustEatCollection|UberEatsDelivery|UberEatsCollection,True,True,True
2038,"Yate, U61 Beeches IE",51.54332341,-2.439430047,Waverley Road,Yate,BS37 5QR,GB,01454802092,True,,False,,False,False,,,,,,,WalkIn|ClickAndCollect|UberEatsDelivery|UberEatsCollection,False,True,True
2040,"Exeter, Sowton IE, Kestrel Way",50.7169473,-3.466141661,Kestrel Way,Exeter,EX2 7LA,GB,01392343733,True,,False,,False,False,,,,,,,WalkIn,False,False,False
2041,"Cwmbran, 6 Monmouth Wlk",51.652047780499,-3.021782599148,6 Monmouth Walk,Cwmbran,NP44 1PE,GB,01633743289,True,,False,,False,False,,,,,,,WalkIn|ClickAndCollect|JustEat|JustEatCollection|UberEatsDelivery|UberEatsCollection,True,True,True
2045,"Frinton-On-Sea, 66 Connaught Ave",51.83270183,1.245380397,66 Connaught Avenue,Frinton-On-Sea,CO13 9PT,GB,01255441866,True,,False,,False,False,,,,,,,WalkIn|ClickAndCollect,False,False,True
2048,"Kilwinning, 72 Main St",55.654154,-4.697764,72/80 Main Street,Kilwinning,KA13 6AG,GB,01294442657,True,,False,,False,False,,,,,,,WalkIn|ClickAndCollect|JustEat|JustEatCollection|UberEatsDelivery|UberEatsCollection,True,True,True
2049,"Mackworth, 91 Prince Charles Ave",52.92818012,-1.518843835,91 Prince Charles Avenue,Mackworth,DE22 4BG,GB,01332316613,True,,False,,False,False,,,,,,,WalkIn|ClickAndCollect|JustEat|JustEatCollection|UberEatsDelivery|UberEatsCollection,True,True,True
2054,"Swanage, 14 Station Rd",50.60960169,-1.95791042,14/16 Station Road,Swanage,BH19 1AE,GB,01929500389,True,,False,,False,False,,,,,,,WalkIn|ClickAndCollect,False,False,True
2057,"Glasgow, 1158 Cathcart Rd",55.82478232,-4.257757287,1158 Cathcart Road,Glasgow,G42 9EG,GB,01417267406,True,False,False,,False,False,False,False,False,False,SDCL,1969-12-31T23:00:00Z,WalkIn|ClickAndCollect|JustEat|JustEatCollection|UberEatsDelivery|UberEatsCollection,True,True,True
2059,"Bingham, 9 Eaton Pl",52.95224568,-0.953281125,9 Eaton Place,Bingham,NG13 8BD,GB,01949480068,True,,False,,False,False,,,,,,,WalkIn|ClickAndCollect|UberEatsDelivery|UberEatsCollection,False,True,True
2062,"Debden, 45 The Broadway",51.64779809,0.08327071,45 The Broadway,Debden,IG10 3SP,GB,02038898573,True,,False,,False,False,,,,,,,WalkIn|ClickAndCollect|JustEat|JustEatCollection,True,False,True
2063,"Thamesmead, U6 Joyce Dawson Way",51.50695,0.10667,Joyce Dawson Way,Thamesmead,SE28 8RA,GB,02038898549,True,,False,,False,False,,,,,,,WalkIn|ClickAndCollect|JustEat|JustEatCollection|UberEatsDelivery|UberEatsCollection,True,True,True
2064,"Yardley, U9 Swan SC",52.4628218,-1.8138876,20 Church Road,Yardley,B25 8UJ,GB,01216612729,True,,False,,False,False,,,,,,,WalkIn|ClickAndCollect|JustEat|JustEatCollection|UberEatsDelivery|UberEatsCollection,True,True,True
2067,"Bury St Edmunds, 29 Cornhill",52.24656135,0.712243488,29 Cornhill,Bury St Edmunds,IP33 1DY,GB,01284338931,True,,False,,False,False,,,,,,,WalkIn|ClickAndCollect|JustEat|JustEatCollection|UberEatsDelivery|UberEatsCollection,True,True,True
2068,"Stockport, 23 Warren St",53.41277193,-2.157194648,23/25 Warren Street,Stockport,SK1 1UD,GB,01618419180,True,,False,,False,False,,,,,,,WalkIn|ClickAndCollect|JustEat|JustEatCollection|UberEatsDelivery|UberEatsCollection,True,True,True
2069,"Preston, U4 Tulkth Mill RP, Bl",53.77190543,-2.723644224,Blackpool Road,Preston,PR2 2DZ,GB,01772288533,True,False,False,,False,False,False,False,False,False,SDMA,1969-12-31T23:00:00Z,WalkIn|ClickAndCollect|JustEat|JustEatCollection|UberEatsDelivery|UberEatsCollection,True,True,True
2074,"Walsall, U5 Littleton St West",52.58743245552,-1.983756108355,Littleton Street West,Walsall,WS2 8EQ,GB,01922664816,True,,False,,False,False,,,,,,,WalkIn|ClickAndCollect|JustEat|JustEatCollection|UberEatsDelivery|UberEatsCollection,True,True,True
2075,"Northampton, Harvey Reeves Rd",52.23492269,-0.916320925,Harvey Reeves Road,Northampton,NN5 5JR,GB,01604213257,True,,False,,False,False,,,,,,,WalkIn|ClickAndCollect|JustEat|JustEatCollection|UberEatsDelivery|UberEatsCollection,True,True,True
2076,"Milton Keynes, 104 Silbury Arcade",52.043207222119,-0.756375706838,104 Silbury Arcade,Milton Keynes,MK9 3BE,GB,01908015397,True,,False,,False,False,,,,,,,WalkIn|ClickAndCollect|JustEat|JustEatCollection|UberEatsDelivery|UberEatsCollection,True,True,True
2080,"Bradford, 172 Norman Lane",53.82372147,-1.736074477,172 Norman Lane,Bradford,BD2 2JU,GB,01274957628,True,,False,,False,False,,,,,,,WalkIn|ClickAndCollect|JustEat|JustEatCollection|UberEatsDelivery|UberEatsCollection,True,True,True
2081,"Stockton, U23 Teesside RP",54.55588929,-1.275847335,,Stockton,TS17 7BW,GB,01642549358,True,,False,,False,False,,,,,,,WalkIn|ClickAndCollect|JustEat|JustEatCollection,True,False,True
2084,"Paisley, 69 Glasgow Rd",55.84700243,-4.407259599,69 Glasgow Road,Paisley,PA1 3PD,GB,01417267429,True,,False,,False,False,,,,,,,WalkIn|ClickAndCollect|JustEat|JustEatCollection|UberEatsDelivery|UberEatsCollection,True,True,True
2089,"Stratford, U3 Westfield SC",51.5435545,-0.0066512,36 The Arcade,Stratford,E20 1EH,GB,02038898587,True,,False,,False,False,,,,,,,WalkIn|ClickAndCollect|UberEatsDelivery|UberEatsCollection,False,True,True
2090,"Warwick, UN Leamington SP",52.27972379,-1.549099323,Tachbrook Park Drive,Warwick,CV34 6RH,GB,01926352025,True,,False,,False,False,,,,,,,WalkIn|ClickAndCollect|JustEat|JustEatCollection|UberEatsDelivery|UberEatsCollection,True,True,True
2091,"Llanishen, U9A Cardiff BP",51.52254437,-3.195224719,,Llanishen,CF14 5DN,GB,02920032690,True,,False,,False,False,,,,,,,WalkIn|ClickAndCollect|JustEat|JustEatCollection|UberEatsDelivery|UberEatsCollection,True,True,True
2092,"Southampton, UJ2 Antelope Park",50.90565043,-1.339320819,Bursledon Road,Southampton,SO19 8NE,GB,02382597044,True,,False,,False,False,,,,,,,WalkIn|ClickAndCollect|JustEat|JustEatCollection|UberEatsDelivery|UberEatsCollection,True,True,True
2093,"Malvern, 326 Worcester Rd",52.13354812,-2.303116786,326 Worcester Road,Malvern,WR14 1BD,GB,01684211178,True,,False,,False,False,,,,,,,WalkIn|ClickAndCollect|JustEat|JustEatCollection|UberEatsDelivery|UberEatsCollection,True,True,True
2094,"Caerphilly, U29 Castle Court SC",51.57594112,-3.217301569,,Caerphilly,CF83 1NU,GB,02920032693,True,,False,,False,False,,,,,,,WalkIn|ClickAndCollect|JustEat|JustEatCollection|UberEatsDelivery|UberEatsCollection,True,True,True
2096,"Brierley Hill, 240 High St",52.50102847,-2.122478877,240 High Street,Brierley Hill,DY5 4JD,GB,01384886419,True,,False,,False,False,,,,,,,WalkIn|ClickAndCollect|JustEat|JustEatCollection|UberEatsDelivery|UberEatsCollection,True,True,True
2097,"Outlet: Hendon, 62 Villette Rd",54.89473441,-1.372967818,62 Villette Road,Hendon,SR2 8RW,GB,01915946790,True,,False,,False,False,,,,,,,WalkIn,False,False,False
2100,"Huddersfield, 39 New St",53.64526878,-1.782734673,39 New Street,Huddersfield,HD1 2BQ,GB,01484502968,True,,False,,False,False,,,,,,,WalkIn|ClickAndCollect|JustEat|JustEatCollection|UberEatsDelivery|UberEatsCollection,True,True,True
2101,"Wakefield, 77 Stanley Rd",53.68560199,-1.489428221,77 Stanley Road,Wakefield,WF1 4LH,GB,01924667549,True,False,False,,False,False,False,False,False,False,SDLE,1969-12-31T23:00:00Z,WalkIn|ClickAndCollect|JustEat|JustEatCollection|UberEatsDelivery|UberEatsCollection,True,True,True
2102,"Gloucester, U4a Gloucester BP",51.84798915,-2.171542568,Whittle Way,Gloucester,GL3 4BJ,GB,01452225670,True,False,False,,False,False,False,False,False,False,SDTR,1969-12-31T23:00:00Z,WalkIn|ClickAndCollect|JustEat|JustEatCollection|UberEatsDelivery|UberEatsCollection,True,True,True
2106,"Luton, 8 Nursery Pde, Marsh Rd",51.90502742,-0.453656665,8 Marsh Road,Luton,LU3 2QP,GB,01582345751,True,,False,,False,False,,,,,,,WalkIn|ClickAndCollect|JustEat|JustEatCollection|UberEatsDelivery|UberEatsCollection,True,True,True
2108,"Perth, U4 Inveralmond Rd",56.4177721689,-3.473608252634,Inveralmond Road,Perth,PH1 3TW,GB,01738230311,True,,False,,False,False,,,,,,,WalkIn|ClickAndCollect|JustEat|JustEatCollection|UberEatsDelivery|UberEatsCollection,True,True,True
2111,"Hartlepool, U2 Powlett Rd",54.69872364,-1.220618293,Powlett Road,Hartlepool,TS24 8NA,GB,01429801236,True,,False,,False,False,,,,,,,WalkIn|ClickAndCollect|JustEat|JustEatCollection|UberEatsDelivery|UberEatsCollection,True,True,True
2112,"Rotherham, U2 Onyx RP, Harris",53.51077619,-1.356560665,Harris Hawk Way,Wath-upon-Dearne,S63 7FN,GB,01709913522,True,False,False,,False,False,False,False,False,False,SDLE,1969-12-31T23:00:00Z,WalkIn|ClickAndCollect|JustEat|JustEatCollection|UberEatsDelivery|UberEatsCollection,True,True,True
2114,"Thornbury, U5 St Marys Way",51.608069273462,-2.525350695619,St Mary's Way,Thornbury,BS35 2BH,GB,01454802093,True,,False,,False,False,,,,,,,WalkIn|ClickAndCollect,False,False,True
2115,"Tunbridge Wells, U7 Fountains RP",51.15656467,0.289186617,Dowding Way,Tunbridge Wells,TN2 3FB,GB,01892351984,True,,False,,False,False,,,,,,,WalkIn|ClickAndCollect|JustEat|JustEatCollection|UberEatsDelivery|UberEatsCollection,True,True,True
2116,"Blaby, 9 St Johns Crt",52.57490972,-1.163798537,9,Blaby,LE8 4DJ,GB,01164785788,True,,False,,False,False,,,,,,,WalkIn|ClickAndCollect|UberEatsDelivery|UberEatsCollection,False,True,True
2117,"Birmingham, 35 Burtons Way",52.50372828,-1.749423812,35 Burtons Way,Smiths Wood,B36 0UG,GB,01216612751,True,,False,,False,False,,,,,,,WalkIn|ClickAndCollect|JustEat|JustEatCollection|UberEatsDelivery|UberEatsCollection,True,True,True
2118,"Telford, U1 Hadley Centre",52.7054526,-2.485277828,High Street,Telford,TF1 5GQ,GB,01952947966,True,,False,,False,False,,,,,,,WalkIn|ClickAndCollect|JustEat|JustEatCollection|UberEatsDelivery|UberEatsCollection,True,True,True
2119,"Telford, U7 Birchfield Way",52.67664036,-2.481188752,Birchfield Way,Telford,TF3 5BZ,GB,01952947970,True,,False,,False,False,,,,,,,WalkIn|ClickAndCollect|JustEat|JustEatCollection|UberEatsDelivery|UberEatsCollection,True,True,True
2122,"Edinburgh, 162 Restalig Rd Sth",55.96138205,-3.151938772,162 Restalrig Road South,Edinburgh,EH7 6EH,GB,01312873374,True,,False,,False,False,,,,,,,WalkIn|ClickAndCollect|JustEat|JustEatCollection|UberEatsDelivery|UberEatsCollection,True,True,True
2124,MOTO Lymm,53.35894216,-2.504905746,Cliff Lane,Lymm,WA13 0SP,GB,01925239097,True,,True,10006,False,False,,,,,,,WalkIn,False,False,False
2125,"Outlet: Walker, 265 Welbeck Rd",54.97410937,-1.562166717,265 Welbeck Road,Walker,NE6 2QX,GB,01913232912,True,,False,,False,False,,,,,,,WalkIn,False,False,False
2129,"Falkirk, U1 Carron Rd",56.01693134,-3.792495599,Carron Road,Falkirk,FK2 7RS,GB,01324461316,True,,False,,False,False,,,,,,,WalkIn|ClickAndCollect|JustEat|JustEatCollection|UberEatsDelivery|UberEatsCollection,True,True,True
2132,"Montrose, 33 High St",56.71263479,-2.467878205,33/35 High Street,Montrose,DD10 8LR,GB,01674900218,True,False,False,,False,False,False,False,False,False,SDCL,1969-12-31T23:00:00Z,WalkIn|ClickAndCollect,False,False,True
2138,"Canterbury, 22 St Georges St",51.27740926,1.082059896,22 St George's Street,Canterbury,CT1 2SS,GB,01227203631,True,,False,,False,False,,,,,,,WalkIn|ClickAndCollect|JustEat|JustEatCollection|UberEatsDelivery|UberEatsCollection,True,True,True
2141,"Bletchley, U1C Beacon RP",52.00317756,-0.725097301,Beacon Retail Park,Bletchley,MK1 1BN,GB,01908015393,True,,False,,False,False,,,,,,,WalkIn|ClickAndCollect|JustEat|JustEatCollection|UberEatsDelivery|UberEatsCollection,True,True,True
2143,"Middlesbrough, Newport Rd",54.57166589,-1.25284,Newport Road,Middlesbrough,TS1 5QH,GB,01642424646,True,,False,,False,False,,,,,,,WalkIn|ClickAndCollect|JustEat|JustEatCollection,True,False,True
2144,"Leeds, U7 Central Arc",53.79645126,-1.542240675,,Leeds,LS1 6DX,GB,01135177581,True,,False,,False,False,,,,,,,WalkIn|ClickAndCollect,False,False,True
2147,"Whitton, 83 High St",51.45094288,-0.357673389,83 High Street,Whitton,TW2 7LD,GB,02038898662,True,,False,,False,False,,,,,,,WalkIn|ClickAndCollect|JustEat|JustEatCollection|UberEatsDelivery|UberEatsCollection,True,True,True
2148,"Watford, 114C High St",51.65439401,-0.394736288,114C High Street,Watford,WD17 2BJ,GB,01923609103,True,,False,,False,False,,,,,,,WalkIn|ClickAndCollect|JustEat|JustEatCollection|UberEatsDelivery|UberEatsCollection,True,True,True
2149,"Nottingham, U13 Lady Bay RP",52.94607168,-1.131266466,,Nottingham,NG2 3GZ,GB,01158226640,True,,False,,False,False,,,,,,,WalkIn|ClickAndCollect|JustEat|JustEatCollection|UberEatsDelivery|UberEatsCollection,True,True,True
2150,"Kimberley, 41 Greens Lane",52.99689284,-1.25592547,41 Greens Lane,Kimberley,NG16 2PB,GB,01158226071,True,,False,,False,False,,,,,,,WalkIn|ClickAndCollect|JustEat|JustEatCollection,True,False,True
2154,"Bridgend, U5A Parc Plaza RO",51.49417873,-3.558909286,,Bridgend,CF31 3XY,GB,01656331667,True,,False,,False,False,,,,,,,WalkIn|ClickAndCollect|UberEatsDelivery|UberEatsCollection,False,True,True
2155,"Newcastle, 1 Penn St",54.96316688,-1.630887962,1/3 Penn Street,Newcastle Upon Tyne,NE4 7BG,GB,01913232909,True,,False,,False,False,,,,,,,WalkIn|ClickAndCollect,False,False,True
2156,"Hall Green, 1182 Stratford Rd",52.43741039,-1.846570524,1182 Stratford Road,Hall Green,B28 8AB,GB,01216612747,True,,False,,False,False,,,,,,,WalkIn|ClickAndCollect|JustEat|JustEatCollection|UberEatsDelivery|UberEatsCollection,True,True,True
2157,"Stratford, Maybird RP",52.20087065,-1.713546984,,Stratford,CV37 0HZ,GB,01789651006,True,,False,,False,False,,,,,,,WalkIn|ClickAndCollect|JustEat|JustEatCollection,True,False,True
2162,"Rainham, U3 Rainham SC",51.364113250406,0.607893767547,,Rainham,ME8 7HW,GB,01634558805,True,,False,,False,False,,,,,,,WalkIn|ClickAndCollect|JustEat|JustEatCollection|UberEatsDelivery|UberEatsCollection,True,True,True
2163,"Liverpool, 2A Catharine St",53.4008118,-2.967839288,2A Catharine Street,Liverpool,L8 7NL,GB,01513328215,True,,False,,False,False,,,,,,,WalkIn|ClickAndCollect|JustEat|JustEatCollection|UberEatsDelivery|UberEatsCollection,True,True,True
2166,"Eston, U4 Low Grange Farm SC",54.57168799,-1.164469166,,Eston,TS6 9TN,GB,01642548214,True,,False,,False,False,,,,,,,WalkIn|ClickAndCollect|JustEat|JustEatCollection|UberEatsDelivery|UberEatsCollection,True,True,True
2167,"Team Valley IE, U3 Tenth Ave",54.92481673,-1.617686975,Tenth Avenue Way,Team Valley,NE11 0HL,GB,01914066973,True,,False,,False,False,,,,,,,WalkIn|ClickAndCollect|JustEat|JustEatCollection|UberEatsDelivery|UberEatsCollection,True,True,True
2168,"Luton, 658 Hitchin Rd",51.90268037,-0.394914946,658 Hitchin Road,Stopsley,LU2 7XH,GB,01582345755,True,,False,,False,False,,,,,,,WalkIn|ClickAndCollect|JustEat|JustEatCollection|UberEatsDelivery|UberEatsCollection,True,True,True
2169,"Margate, 106 High St",51.38681287,1.381009252,106 High Street,Margate,CT9 1JW,GB,01843260676,True,,False,,False,False,,,,,,,WalkIn|ClickAndCollect|JustEat|JustEatCollection|UberEatsDelivery|UberEatsCollection,True,True,True
2176,"Outlet: Tipton, 162 High St",52.54250143,-2.062272485,162 High Street,Princes End,DY4 9JB,GB,01216612650,True,,False,,False,False,,,,,,,WalkIn,False,False,False
2177,"Longbridge, 4 High Street",52.39553749,-1.984114904,4 High Street,Longbridge,B31 2UQ,GB,01216612635,True,,False,,False,False,,,,,,,WalkIn|ClickAndCollect|JustEat|JustEatCollection|UberEatsDelivery|UberEatsCollection,True,True,True
2184,"Pentwyn, U3 Pentwyn RP",51.52315885,-3.13952572,Pentwyn Retail Park,Pentwyn,CF23 7XH,GB,02920032679,True,,False,,False,False,,,,,,,WalkIn|ClickAndCollect|JustEat|JustEatCollection|UberEatsDelivery|UberEatsCollection,True,True,True
2185,"Middlesbrough, U34 Hill St SC",54.57711802,-1.238854982,29 East Mall,Middlesbrough,TS1 1TB,GB,01642424876,True,,False,,False,False,,,,,,,WalkIn|ClickAndCollect|JustEat|JustEatCollection|UberEatsDelivery|UberEatsCollection,True,True,True
2186,"Lymington, 37 High St",50.75829048,-1.541312055,37 High Street,Lymington,SO41 9AF,GB,01590630676,True,,False,,False,False,,,,,,,WalkIn|ClickAndCollect,False,False,True
2188,"Perth, 9 Scott St",56.39636831,-3.432551182,9 Scott Street,Perth,PH1 5EJ,GB,01738230312,True,,False,,False,False,,,,,,,WalkIn|ClickAndCollect|JustEat|JustEatCollection,True,False,True
2189,"Glasgow, 428A Carmunnock Rd",55.81033693,-4.244862652,428A Carmunnock Road,Glasgow,G44 5EH,GB,01417267396,True,False,False,,False,False,False,False,False,False,SDCL,1969-12-31T23:00:00Z,WalkIn|ClickAndCollect|JustEat|JustEatCollection,True,False,True
2190,"Derby, UP2 Kingsway RP",52.92133135,-1.506073874,Kingsway Retail Park,Derby,DE22 3FA,GB,01332315395,True,,False,,False,False,,,,,,,WalkIn|ClickAndCollect|JustEat|JustEatCollection|UberEatsDelivery|UberEatsCollection,True,True,True
2193,"Fakenham, U14 Miller'S Wlk",52.829670408011,0.849288359657,Miller Walk,Fakenham,NR21 9AP,GB,01328801703,True,,False,,False,False,,,,,,,WalkIn|ClickAndCollect,False,False,True
2195,"Peckham, U8 Aylesham CTR",51.47253306,-0.069592634,Rye Lane,Peckham,SE15 5EW,GB,02038898527,True,,False,,False,False,,,,,,,WalkIn|ClickAndCollect|JustEat|JustEatCollection|UberEatsDelivery|UberEatsCollection,True,True,True
2200,"Kings Heath, 134 High St",52.43340117,-1.893318542,134 High Street,Kings Heath,B14 7LG,GB,01216612629,True,,False,,False,False,,,,,,,WalkIn|ClickAndCollect|JustEat|JustEatCollection|UberEatsDelivery|UberEatsCollection,True,True,True
2201,"Bonnybridge, U3 Bridge St",56.0008958,-3.888046915,Bridge Street,Bonnybridge,FK4 1AA,GB,01324461319,True,,False,,False,False,,,,,,,WalkIn|ClickAndCollect|JustEat|JustEatCollection|UberEatsDelivery|UberEatsCollection,True,True,True
2202,"Godalming, 8 High St",51.18589796,-0.610567608,8 High Street,Godalming,GU7 1AD,GB,01483931677,True,,False,,False,False,,,,,,,WalkIn,False,False,False
2203,"Barnsley, 20 May Day Green",53.55264808,-1.479691838,20 May Day Green,Barnsley,S70 1SH,GB,01226657651,True,False,False,,False,False,False,False,False,False,SDLE,1969-12-31T23:00:00Z,WalkIn|ClickAndCollect|JustEat|JustEatCollection|UberEatsDelivery|UberEatsCollection,True,True,True
2205,"Pitlochry, 92 Atholl Rd",56.7034914,-3.734580301,92 Atholl Road,Pitlochry,PH16 5BL,GB,01796510186,True,,False,,False,False,,,,,,,WalkIn|ClickAndCollect,False,False,True
2207,"Northwich, 8 Leicester St",53.26225449,-2.512376371,8 Leicester Street,Northwich,CW9 5LA,GB,01606535417,True,,False,,False,False,,,,,,,WalkIn|ClickAndCollect|JustEat|JustEatCollection|UberEatsDelivery|UberEatsCollection,True,True,True
2208,"Scarborough, 6 Westborough",54.281985686256,-0.401058460615,6/7 Westborough,Scarborough,YO11 1UH,GB,01723644020,True,,False,,False,False,,,,,,,WalkIn|ClickAndCollect|JustEat|JustEatCollection|UberEatsDelivery|UberEatsCollection,True,True,True
2210,"Outlet: Leicester, 237C Uppingham Rd",52.64205294,-1.090438534,237C Uppingham Road,Leicester,LE5 4DG,GB,01164785787,True,,False,,False,False,,,,,,,WalkIn,False,False,False
2212,"Airdrie, 22 High St",55.86837495,-3.98501721,22C High Street,Airdrie,ML6 0DT,GB,01236802651,True,,False,,False,False,,,,,,,WalkIn|ClickAndCollect|JustEat|JustEatCollection|UberEatsDelivery|UberEatsCollection,True,True,True
2213,"Pontardawe, 70 Herbert St",51.71953645,-3.849672201,70 Herbert Street,Pontardawe,SA8 4ED,GB,01792001454,True,,False,,False,False,,,,,,,WalkIn|ClickAndCollect|UberEatsDelivery|UberEatsCollection,False,True,True
2214,"Lincoln, U4 Brant Rd SC",53.19114098,-0.557011055,Brant Road,Lincoln,LN5 9TR,GB,01522304032,True,,False,,False,False,,,,,,,WalkIn|ClickAndCollect|JustEat|JustEatCollection|UberEatsDelivery|UberEatsCollection,True,True,True
2216,MOTO Birch East,53.56832819,-2.232318632,,Heywood,OL10 2QH,GB,01618419189,True,,True,10006,False,False,,,,,,,WalkIn,False,False,False
2217,"Wishaw, 398A Coltness Rd",55.79001949,-3.91312107,398A Coltness Road,Wishaw,ML2 8JZ,GB,01698535399,True,,False,,False,False,,,,,,,WalkIn|ClickAndCollect|JustEat|JustEatCollection|UberEatsDelivery|UberEatsCollection,True,True,True
2222,"Archway, 33 Junction Rd",51.56459483,-0.134746552,33 Junction Road,Archway,N19 5QT,GB,02038898493,True,,False,,False,False,,,,,,,WalkIn|ClickAndCollect|JustEat|JustEatCollection|UberEatsDelivery|UberEatsCollection,True,True,True
2232,"Poole, Nuffield IE",50.74150419,-1.977460444,37/41 Nuffield Road,Poole,BH17 0RA,GB,01202120025,True,,False,,False,False,,,,,,,WalkIn|ClickAndCollect|JustEat|JustEatCollection|UberEatsDelivery|UberEatsCollection,True,True,True
2233,"Abertillery, 13 Church St",51.73088512,-3.13433132,13 Church Street,Abertillery,NP13 1DA,GB,01495361629,True,False,False,,False,False,False,False,False,False,SDTR,1969-12-31T23:00:00Z,WalkIn|ClickAndCollect|UberEatsDelivery|UberEatsCollection,False,True,True
2234,"Gateshead, G109 Trinity Sq",54.96255119,-1.602378081,18 Ellison Walk,Gateshead,NE8 1BF,GB,01914066969,True,,False,,False,False,,,,,,,WalkIn|ClickAndCollect|JustEat|JustEatCollection|UberEatsDelivery|UberEatsCollection,True,True,True
2235,"Chelmsley Wood, Ulg Wst Chelmsly Wood SC",52.47963603,-1.739890054,Lower West Mall,Chelmsley Wood,B37 5TN,GB,01216612750,True,,False,,False,False,,,,,,,WalkIn|ClickAndCollect|JustEat|JustEatCollection|UberEatsDelivery|UberEatsCollection,True,True,True
2236,"Sutton Coldfield, Princess Alice RP",52.55059806,-1.85893813,17 Princess Alice Drive,Sutton Coldfield,B73 6RB,GB,01216612589,True,,False,,False,False,,,,,,,WalkIn|ClickAndCollect|JustEat|JustEatCollection|UberEatsDelivery|UberEatsCollection,True,True,True
2237,"Girvan, 69 Dalrymple St",55.24158971,-4.855164992,69 Dalrymple Street,Girvan,KA26 9BS,GB,01465750057,True,,False,,False,False,,,,,,,WalkIn,False,False,False
2238,"Rossington, U2 Rossington Market",53.47806747,-1.078625103,Norman Cresent,New Rossington,DN11 0TS,GB,01302243052,True,,False,,False,False,,,,,,,WalkIn|ClickAndCollect|JustEat|JustEatCollection,True,False,True
2239,"Netherfield, U1 Victoria BP",52.96213558,-1.067472205,,Netherfield,NG4 2PE,GB,01158226641,True,,False,,False,False,,,,,,,WalkIn|ClickAndCollect|JustEat|JustEatCollection|UberEatsDelivery|UberEatsCollection,True,True,True
2240,"Pembroke Dock, 6 Dimond St",51.69370497,-4.942183297,6 Dimond Street,Pembroke Dock,SA72 6AH,GB,01646401168,True,False,False,,False,False,False,False,False,False,SDTR,1969-12-31T23:00:00Z,WalkIn|ClickAndCollect|UberEatsDelivery|UberEatsCollection,False,True,True
2242,"Matlock, U2 Crown CTR",53.13877896,-1.555836812,9 Crown Square,Matlock,DE4 3AT,GB,01629701221,True,,False,,False,False,,,,,,,WalkIn|ClickAndCollect|UberEatsDelivery|UberEatsCollection,False,True,True
2247,"Pontypridd, 79A Taff St",51.60224149,-3.340273587,79A Taff Street,Pontypridd,CF37 4SU,GB,01443583538,True,,False,,False,False,,,,,,,WalkIn|ClickAndCollect,False,False,True
2249,"Gorleston-On-Sea, 147 High St",52.57902374,1.727734486,147 High Street,Gorleston-on-Sea,NR31 6RB,GB,01493802057,True,,False,,False,False,,,,,,,WalkIn|ClickAndCollect|JustEat|JustEatCollection|UberEatsDelivery|UberEatsCollection,True,True,True
2250,"Norwich, 82 Colman Rd",52.62184284,1.262481904,82 Colman Road,Norwich,NR4 7EH,GB,01603516003,True,,False,,False,False,,,,,,,WalkIn|ClickAndCollect|JustEat|JustEatCollection,True,False,True
2256,"Cambuslang, 151 Western Rd",55.80915174,-4.179737324,151 Western Road,Cambuslang,G72 8PE,GB,01417267400,True,,False,,False,False,,,,,,,WalkIn|ClickAndCollect|JustEat|JustEatCollection,True,False,True
2257,"Glasgow, 3 Budhill Ave",55.85455254,-4.158681437,3 Budhill Avenue,Shettleston,G32 0PW,GB,01417267413,True,,False,,False,False,,,,,,,WalkIn|ClickAndCollect|JustEat|JustEatCollection,True,False,True
2258,MOTO Lancaster South,53.96169663,-2.760383985,White Carr Lane,Bay Horse,LA2 9DU,GB,01524917196,True,,True,10006,False,False,,,,,,,WalkIn,False,False,False
2259,MOTO Blackburn,53.71287044,-2.477515676,,Darwen,BB3 0DB,GB,01254946918,True,,True,10006,False,False,,,,,,,WalkIn,False,False,False
2260,MOTO Baldock,52.01459332,-0.202317423,,Radwell,SG7 5TR,GB,01462412664,True,,True,10006,False,False,,,,,,,WalkIn,False,False,False
2261,MOTO Beaconsfield,51.58832968,-0.627569683,Unit 5 Windsor Road,Beaconsfield,HP9 2SE,GB,01494923616,True,,True,10006,False,False,,,,,,,WalkIn,False,False,False
2262,MOTO Doncaster North,53.59171454,-0.990433826,,Hatfield,DN8 5GS,GB,01302243049,True,,True,10006,False,False,,,,,,,WalkIn,False,False,False
2263,MOTO Frankley North,52.42931082,-2.019047712,Illey Lane,Birmingham,B32 4AR,GB,01216612694,True,False,True,10006,False,False,False,False,False,False,SDBI,1969-12-31T23:00:00Z,WalkIn,False,False,False
2264,MOTO Medway East,51.34168584,0.608061927,,Rainham,ME8 8PQ,GB,01634558806,True,,True,10006,False,False,,,,,,,WalkIn,False,False,False
2266,MOTO Cobham,51.30438402,-0.405772572,,Cobham,KT11 3DB,GB,01932502756,True,,True,10006,False,False,,,,,,,WalkIn,False,False,False
2267,MOTO Ferrybridge,53.6976003,-1.266597,Great North Road,Knottingley,WF11 0AF,GB,01977803477,True,,True,10006,False,False,,,,,,,WalkIn,False,False,False
2269,"Richmond, 35 The Quadrant",51.46228872,-0.302611766,35 The Quadrant,Richmond,TW9 1DN,GB,02038898671,True,,False,,False,False,,,,,,,WalkIn|ClickAndCollect|JustEat|JustEatCollection|UberEatsDelivery|UberEatsCollection,True,True,True
2270,"East Ham, 95 High St North",51.53578538,0.052367241,95 High Street North,East Ham,E6 1HZ,GB,02038898568,True,,False,,False,False,,,,,,,WalkIn|ClickAndCollect|JustEat|JustEatCollection|UberEatsDelivery|UberEatsCollection,True,True,True
2271,"Barnet, 134 High St",51.6550799,-0.201549167,134 High Street,Barnet,EN5 5XQ,GB,02038898565,True,,False,,False,False,,,,,,,WalkIn|ClickAndCollect|JustEat|JustEatCollection|UberEatsDelivery|UberEatsCollection,True,True,True
2272,"Wigan, 21 Market Pl",53.54639794,-2.631373839,21/23 Market Place,Wigan,WN1 1PE,GB,01942365229,True,,False,,False,False,,,,,,,WalkIn|ClickAndCollect|JustEat|JustEatCollection|UberEatsDelivery|UberEatsCollection,True,True,True
2273,"Warrington, Winwick Rd",53.41436585,-2.596900045,Winwick Road,Warrington,WA2 9SX,GB,01925239091,True,,False,,False,False,,,,,,,WalkIn|ClickAndCollect|JustEat|JustEatCollection|UberEatsDelivery|UberEatsCollection,True,True,True
2274,"Enfield, 8 Church St",51.6520593,-0.0829589,8 Church Street,Enfield,EN2 6BE,GB,02038898559,True,,False,,False,False,,,,,,,WalkIn|ClickAndCollect|JustEat|JustEatCollection|UberEatsDelivery|UberEatsCollection,True,True,True
2275,"Edinburgh, 141 Boswall Parkway",55.97518631,-3.238070843,141 Boswall Parkway,Edinburgh,EH5 2LY,GB,01312873362,True,,False,,False,False,,,,,,,WalkIn|ClickAndCollect|JustEat|JustEatCollection|UberEatsDelivery|UberEatsCollection,True,True,True
2278,"Felling, U5 Booth St",54.94980739,-1.569358929,Booth Street,Felling,NE10 9BF,GB,01914066932,True,,False,,False,False,,,,,,,WalkIn|ClickAndCollect|JustEat|JustEatCollection|UberEatsDelivery|UberEatsCollection,True,True,True
2281,"Whitburn, 19 West Main St",55.86649367,-3.685452686,19 West Main Street,Whitburn,EH47 0QB,GB,01501640100,True,,False,,False,False,,,,,,,WalkIn|ClickAndCollect|JustEat|JustEatCollection|UberEatsDelivery|UberEatsCollection,True,True,True
2286,"Bromsgrove, 53 Sherwood Rd",52.31759237,-2.061610212,53 Sherwood Road,Bromsgrove,B60 3DR,GB,01527912814,True,False,False,,False,False,False,False,False,False,SDBI,1969-12-31T23:00:00Z,WalkIn|ClickAndCollect|JustEat|JustEatCollection|UberEatsDelivery|UberEatsCollection,True,True,True
2287,"Milton Keynes, U1 Phoenix Hse",52.034160863925,-0.771685790101,Phoenix House,Milton Keynes,MK9 1BE,GB,01908015395,True,,False,,False,False,,,,,,,WalkIn|ClickAndCollect|JustEat|JustEatCollection|UberEatsDelivery|UberEatsCollection,True,True,True
2289,"Bury, The Rock SC, 22 Central St",53.59482306,-2.291614723,22 Central Street,Bury,BL9 0JN,GB,01618419204,True,,False,,False,False,,,,,,,WalkIn|ClickAndCollect|JustEat|JustEatCollection|UberEatsDelivery|UberEatsCollection,True,True,True
2290,"Cheltenham, 219 High St",51.9016624,-2.075410348,219 High Street,Cheltenham,GL50 3HH,GB,01242439235,True,,False,,False,False,,,,,,,WalkIn|ClickAndCollect|JustEat|JustEatCollection|UberEatsDelivery|UberEatsCollection,True,True,True
2292,"Chester, 9 Frodsham St",53.19165276,-2.888504735,9 Frodsham Street,Chester,CH1 3JJ,GB,01244918741,True,,False,,False,False,,,,,,,WalkIn|ClickAndCollect|JustEat|JustEatCollection|UberEatsDelivery|UberEatsCollection,True,True,True
2293,"Wirral, U2 Croft RP, Welton Rd",53.34102533,-2.977126139,37A Welton Road,Bromborough,CH62 3PN,GB,01513328192,True,,False,,False,False,,,,,,,WalkIn|ClickAndCollect|JustEat|JustEatCollection|UberEatsDelivery|UberEatsCollection,True,True,True
2295,"Burnley, Trafalgar St",53.78776709,-2.250543483,Trafalgar Street,Burnley,BB11 1TQ,GB,01282502694,True,,False,,False,False,,,,,,,WalkIn|ClickAndCollect|JustEat|JustEatCollection|UberEatsDelivery|UberEatsCollection,True,True,True
2296,"Cradley Heath, 190C Halesowen",52.47692986,-2.068135288,190C Halesowen Road,Cradley Heath,B64 6HU,GB,01384886421,True,False,False,,False,False,False,False,False,False,SDBI,1969-12-31T23:00:00Z,WalkIn|ClickAndCollect|JustEat|JustEatCollection|UberEatsDelivery|UberEatsCollection,True,True,True
2299,"Bury, U22 The Mall, Mill Gate SC",53.59239389,-2.295368731,The Mall,Bury,BL9 0QQ,GB,01618419202,True,,False,,False,False,,,,,,,WalkIn|ClickAndCollect|JustEat|JustEatCollection|UberEatsDelivery|UberEatsCollection,True,True,True
2303,"Stonehaven, 31 Market Sq",56.96443791,-2.208555949,31 Market Place,Stonehaven,AB39 2BA,GB,01569690299,True,,False,,False,False,,,,,,,WalkIn|ClickAndCollect,False,False,True
2304,"Barnsley, U8 Wombwell Lane RP",53.53979549,-1.431142052,Wombwell Lane,Barnsley,S70 3PB,GB,01226657654,True,False,False,,False,False,False,False,False,False,SDLE,1969-12-31T23:00:00Z,WalkIn|ClickAndCollect|JustEat|JustEatCollection|UberEatsDelivery|UberEatsCollection,True,True,True
2305,"Leeds, U1 Butt Lane",53.79554235,-1.620798384,Butt Lane,Leeds,LS13 4JF,GB,01135177611,True,False,False,,False,False,False,False,False,False,SDLE,1969-12-31T23:00:00Z,WalkIn|ClickAndCollect|JustEat|JustEatCollection|UberEatsDelivery|UberEatsCollection,True,True,True
2307,"Kings Lynn, Hansa Rd",52.74161786,0.411315601,Hansa Road,Kings Lynn,PE30 4HX,GB,01553601584,True,,False,,False,False,,,,,,,WalkIn|ClickAndCollect|JustEat|JustEatCollection|UberEatsDelivery|UberEatsCollection,True,True,True
2308,MOTO Toddington North,51.94695381,-0.503396648,,Toddington,LU5 6HR,GB,01525300534,True,,True,10006,False,False,,,,,,,WalkIn,False,False,False
2309,MOTO Cardiff West,51.50868009,-3.307178919,,Pontyclun,CF72 8SA,GB,02920032699,True,,True,10006,False,False,,,,,,,WalkIn,False,False,False
2310,MOTO Hilton Park North,52.6429694,-2.0576985,,Essington,WV11 2AT,GB,01922664810,True,,True,10006,False,False,,,,,,,WalkIn,False,False,False
2311,MOTO Grantham North,52.94900276,-0.678567377,,Grantham,NG32 2AB,GB,01476851506,True,,True,10006,False,False,,,,,,,WalkIn,False,False,False
2313,MOTO Southwaite North,54.79820995,-2.871451093,,Carlisle,CA4 0NT,GB,01697424082,True,,True,10006,False,False,,,,,,,WalkIn,False,False,False
2314,MOTO Heston West,51.48854643,-0.396127978,Phoenix Way,Heston,TW5 9NB,GB,02038898594,True,,True,10006,False,False,,,,,,,WalkIn,False,False,False
2315,MOTO Washington South,54.88989325,-1.558204527,,Birtley,DH3 2SJ,GB,01914066924,True,,True,10006,False,False,,,,,,,WalkIn,False,False,False
2316,MOTO Knutsford North,53.30066233,-2.402441075,Northwich Road,Knutsford,WA16 0TL,GB,01565740852,True,,True,10006,False,False,,,,,,,WalkIn,False,False,False
2317,MOTO Wetherby,53.9466817,-1.368844078,,Wetherby,LS22 5GT,GB,01937221197,True,,True,10006,False,False,,,,,,,WalkIn,False,False,False
2318,MOTO Chieveley,51.44938427,-1.311025596,Oxford Road,Hermitage,RG18 9XX,GB,01635881627,True,,True,10006,False,False,,,,,,,WalkIn,False,False,False
2319,MOTO Reading West,51.42385392,-1.036677204,,Burghfield,RG30 3UQ,GB,01182053382,True,,True,10006,False,False,,,,,,,WalkIn,False,False,False
2320,MOTO Exeter,50.716625829296,-3.46379774724,Sandygate Roundabout,Exeter,EX2 7HF,GB,01392343734,True,,True,10006,False,False,,,,,,,WalkIn,False,False,False
2321,MOTO Cherwell Valley,51.94980831,-1.197903549,Northampton Road,Ardley,OX27 7RD,GB,01869221293,True,,True,10006,False,False,,,,,,,WalkIn,False,False,False
2322,MOTO Stafford North,52.88619769,-2.17346167,,Staffordshire,ST15 0EU,GB,01785331477,True,,True,10006,False,False,,,,,,,WalkIn,False,False,False
2324,MOTO Reading East,51.42590324,-1.035184813,,Burghfield,RG30 3UQ,GB,01182053386,True,,True,10006,False,False,,,,,,,WalkIn,False,False,False
2326,MOTO Leigh Delamere East,51.51195558,-2.158268263,,Chippenham,SN14 6LB,GB,01666330831,True,,True,10006,False,False,,,,,,,WalkIn,False,False,False
2327,MOTO Leigh Delamere West,51.50982176,-2.15803328,,Chippenham,SN14 6LB,GB,01666330832,True,,True,10006,False,False,,,,,,,WalkIn,False,False,False
2328,MOTO Toddington South,51.94760741,-0.501004903,,Toddington,LU5 6HR,GB,01525300535,True,,True,10006,False,False,,,,,,,WalkIn,False,False,False
2329,MOTO Tamworth,52.60765944,-1.64083125,Green Lane,Tamworth,B77 5PS,GB,01827214975,True,,True,10006,False,False,,,,,,,WalkIn,False,False,False
2330,"Nottingham, 331 Nuthall Rd",52.97465148,-1.1877552,331 Nuthall Road,Aspley,NG8 5BU,GB,01157733575,True,,False,,False,False,,,,,,,WalkIn|ClickAndCollect|JustEat|JustEatCollection|UberEatsDelivery|UberEatsCollection,True,True,True
2333,"Glasgow, 242 Smithycroft Rd",55.87058902,-4.18649222,242 Smithycroft Road,Glasgow,G33 2QZ,GB,01417267408,True,,False,,False,False,,,,,,,WalkIn|ClickAndCollect|JustEat|JustEatCollection,True,False,True
2334,"Manchester, 93 Piccadilly",53.48023149,-2.233479166,93 Piccadilly,Manchester,M1 2DA,GB,01618419151,True,,False,,False,False,,,,,,,WalkIn|ClickAndCollect|JustEat|JustEatCollection|UberEatsDelivery|UberEatsCollection,True,True,True
2335,"Bedwas, U5A Bedwas IE",51.59085817,-3.204162447,,Bedwas,CF83 8DU,GB,02920032696,True,,False,,False,False,,,,,,,WalkIn|ClickAndCollect|JustEat|JustEatCollection|UberEatsDelivery|UberEatsCollection,True,True,True
2337,"Bradford, 228 Sticker Lane",53.78459888,-1.720578094,228/230 Sticker Lane,Bradford,BD4 8QQ,GB,01274957629,True,False,False,,False,False,False,False,False,False,SDLE,1969-12-31T23:00:00Z,WalkIn|ClickAndCollect|JustEat|JustEatCollection|UberEatsDelivery|UberEatsCollection,True,True,True
2338,"Sunderland, Hylton Riverside RP",54.91780578,-1.433011366,Timber Beach Road,Sunderland,SR5 3XG,GB,01915946787,True,,False,,False,False,,,,,,,WalkIn|ClickAndCollect|JustEat|JustEatCollection|UberEatsDelivery|UberEatsCollection,True,True,True
2340,"Huddersfield, Bus Station",53.645788,-1.7865004,Upperhead Row,Huddersfield,HD1 2JN,GB,01484502971,True,False,False,,False,False,False,False,False,False,SDLE,1969-12-31T23:00:00Z,WalkIn|ClickAndCollect|JustEat|JustEatCollection,True,False,True
2345,"Cardiff, U1 Thornhill Rd",51.53106451,-3.204892964,Thornhill Road,Cardiff,CF14 6RG,GB,02920032684,True,,False,,False,False,,,,,,,WalkIn|ClickAndCollect|JustEat|JustEatCollection|UberEatsDelivery|UberEatsCollection,True,True,True
2347,"Porthcawl, 31 St John",51.47767534,-3.703784867,31 John Street,Porthcawl,CF36 3AP,GB,01656334199,True,,False,,False,False,,,,,,,WalkIn|ClickAndCollect,False,False,True
2349,"Perry Barr, One Stop SC, 2 Walsall Rd",52.51739174,-1.903181164,Walsall Road,Perry Barr,B42 1AA,GB,01216612608,True,,False,,False,False,,,,,,,WalkIn|ClickAndCollect|JustEat|JustEatCollection|UberEatsDelivery|UberEatsCollection,True,True,True
2350,"Camelon, 332 Main St",56.00344376,-3.813785522,332 Main Street,Camelon,FK1 4EG,GB,01324461318,True,,False,,False,False,,,,,,,WalkIn|ClickAndCollect|JustEat|JustEatCollection|UberEatsDelivery|UberEatsCollection,True,True,True
2354,"Driffield, 53a Middle St",54.00434099,-0.438187017,53A/54 Middle Street,Driffield,YO25 6PS,GB,01377310717,True,,False,,False,False,,,,,,,WalkIn|ClickAndCollect,False,False,True
2355,"Edinburgh, 74 Stenhouse Pl East",55.9332243,-3.260706604,74 Stenhouse Place East,Edinburgh,EH11 3DQ,GB,01312873359,True,,False,,False,False,,,,,,,WalkIn|ClickAndCollect|JustEat|JustEatCollection|UberEatsDelivery|UberEatsCollection,True,True,True
2362,"Newport, U1 Usk Way",51.58065839,-2.985440536,Usk Way,Newport,NP20 2BL,GB,01633743294,True,,False,,False,False,,,,,,,WalkIn|ClickAndCollect|JustEat|JustEatCollection|UberEatsDelivery|UberEatsCollection,True,True,True
2363,"Witney, U4 Welch Way",51.78644215,-1.485913569,5 Welch Way,Witney,OX28 6JH,GB,01993463010,True,,False,,False,False,,,,,,,WalkIn|ClickAndCollect|JustEat|JustEatCollection|UberEatsDelivery|UberEatsCollection,True,True,True
2364,"Treorchy, 110 Bute St",51.66058815,-3.507750011,110 Bute Street,Treorchy,CF42 6AU,GB,01443583542,True,,False,,False,False,,,,,,,WalkIn|ClickAndCollect,False,False,True
2365,"Southampton, Totton, U15 Totton SC",50.919298495492,-1.488447726595,,Totton,SO40 3BX,GB,02382597049,True,,False,,False,False,,,,,,,WalkIn|ClickAndCollect|JustEat|JustEatCollection|UberEatsDelivery|UberEatsCollection,True,True,True
2366,"Glasgow, 64 Gordon St",55.86069391,-4.257195844,64 Gordon Street,Glasgow,G1 3RS,GB,01417267360,True,False,False,,False,False,False,False,False,False,SDCL,1969-12-31T23:00:00Z,WalkIn|ClickAndCollect|JustEat|JustEatCollection|UberEatsDelivery|UberEatsCollection,True,True,True
2371,"Hamilton, Low Waters Rd",55.76094955,-4.045662507,Low Waters Road,Hamilton,ML3 7QR,GB,01698533394,True,,False,,False,False,,,,,,,WalkIn|ClickAndCollect|JustEat|JustEatCollection|UberEatsDelivery|UberEatsCollection,True,True,True
2373,"Glenrothes, U1 Leslie Rd",56.19866625,-3.173042046,Leslie Road,Glenrothes,KY7 5PS,GB,01592407645,True,,False,,False,False,,,,,,,WalkIn|ClickAndCollect|JustEat|JustEatCollection|UberEatsDelivery|UberEatsCollection,True,True,True
2374,"Coventry, U7 Cannon Park SC",52.38813017,-1.554734162,Lynchgate Road,Canley,CV4 7EH,GB,02475103361,True,,False,,False,False,,,,,,,WalkIn|ClickAndCollect|JustEat|JustEatCollection|UberEatsDelivery|UberEatsCollection,True,True,True
2376,MOTO Donington Park North,52.82182266,-1.308223414,,Castle Donington,DE74 2TN,GB,01509272032,True,,True,10006,False,False,,,,,,,WalkIn,False,False,False
2377,MOTO Blyth,53.38752,-1.06091,Hill Top Roundabout,Blyth,S81 8HG,GB,01909491274,True,,True,10006,False,False,,,,,,,WalkIn,False,False,False
2379,MOTO Thurrock South,51.4923,0.27223,Arterial Road,West Thurrock,RM16 3BG,GB,01708599371,True,,True,10006,False,False,,,,,,,WalkIn,False,False,False
2380,MOTO Pease Pottage,51.08331894,-0.199805664,Brighton Road,Pease Pottage,RH11 9YA,GB,01403332592,True,,True,10006,False,False,,,,,,,WalkIn,False,False,False
2382,MOTO Scotch Corner North,54.44362889,-1.667123347,Middleton Tyas Lane,Richmond,DL10 6PQ,GB,01325524806,True,,True,10006,False,False,,,,,,,WalkIn,False,False,False
2383,EG On The Move Blackburn (Beehive),53.73042031,-2.451698682,Beehive Trading Park,Blackburn,BB1 2EE,GB,01254263089,True,,True,10081,False,False,,,,,,,WalkIn|ClickAndCollect,False,False,True
2389,"Musselburgh, 134 High St",55.94238516,-3.050844141,134 High Street,Musselburgh,EH21 7EA,GB,01312873370,True,,False,,False,False,,,,,,,WalkIn|ClickAndCollect|JustEat|JustEatCollection,True,False,True
2390,"Rutherglen, 210 Main St",55.82827251,-4.212065708,210 Main Street,Rutherglen,G73 2HP,GB,01417267402,True,,False,,False,False,,,,,,,WalkIn|ClickAndCollect|JustEat|JustEatCollection,True,False,True
2391,"Bedminster, 78 East St",51.44194998,-2.597549012,78 East Street,Bedminster,BS3 4JD,GB,01174544427,True,False,False,,False,False,False,False,False,False,SDTR,1969-12-31T23:00:00Z,WalkIn|ClickAndCollect|JustEat|JustEatCollection|UberEatsDelivery|UberEatsCollection,True,True,True
2394,"Wakefield, U2 Westgate Station",53.68295,-1.50567,,Wakefield,WF1 2QN,GB,01924664012,True,,False,,False,False,,,,,,,WalkIn|ClickAndCollect|JustEat|JustEatCollection|UberEatsDelivery|UberEatsCollection,True,True,True
2395,"Swansea, Morriston, U1 Heron Wy",51.66435536,-3.913066354,Heron Way,Morriston,SA6 8PS,GB,01792001452,True,,False,,False,False,,,,,,,WalkIn|ClickAndCollect|JustEat|JustEatCollection|UberEatsDelivery|UberEatsCollection,True,True,True
2397,"Bargoed, U5 Lowry Plaza, Hanbury Rd",51.68821777,-3.228920986,Hanbury Road,Bargoed,CF81 8QT,GB,01443583543,True,,False,,False,False,,,,,,,WalkIn|ClickAndCollect|JustEat|JustEatCollection|UberEatsDelivery|UberEatsCollection,True,True,True
2399,"Oswestry, 1 Church St",52.85887632,-3.055567323,1 Church Street,Oswestry,SY11 2SU,GB,01691880870,True,,False,,False,False,,,,,,,WalkIn,False,False,False
2402,"Merthyr Tydfl, 16 Nwmrkt Wlk, Tydfil SC",51.745150732275,-3.380192494682,16 New Market Walk,Merthyr Tydfil,CF47 8EL,GB,01685701645,True,,False,,False,False,,,,,,,WalkIn|ClickAndCollect,False,False,True
2404,"Cardiff, 2A Park Pl",51.48276912,-3.174619056,2A Park Place,Cardiff,CF10 3DP,GB,02920032664,True,,False,,False,False,,,,,,,WalkIn|ClickAndCollect|UberEatsDelivery|UberEatsCollection,False,True,True
2405,ASDA EXPRESS Kettering,52.4241323,-0.727985527,Rockingham Road,Kettering,NN14 1UD,GB,01536212726,True,,True,10004,False,False,,,,,,,WalkIn,False,False,False
2406,ASDA EXPRESS Causeway,53.380467,-2.588779669,Wilderspool Causeway,Warrington,WA4 6QE,GB,01925239092,True,,True,10004,False,False,,,,,,,WalkIn,False,False,False
2408,ASDA EXPRESS Deeside,53.232633410372,-3.005523944946,Parkway,Deeside Industrial Estate,CH5 2NS,GB,01244918740,True,,True,10004,False,False,,,,,,,WalkIn,False,False,False
2409,EG On The Move Calder Park,53.65236147,-1.523749125,Calder Park,Wakefield,WF2 7BL,GB,01924249727,True,,True,10081,False,False,,,,,,,WalkIn|ClickAndCollect,False,False,True
2410,ASDA EXPRESS Ross Spurr,51.92759064,-2.56954755,Ledbury Road,Ross On Wye,HR9 7QJ,GB,01989604993,True,,True,10004,False,False,,,,,,,WalkIn,False,False,False
2411,EG On The Move Larkhill,53.42878814,-2.919643334,Queens Drive,Liverpool,L13 0AR,GB,01512285099,True,,True,10081,False,False,,,,,,,WalkIn|ClickAndCollect,False,False,True
2412,ASDA EXPRESS Newtown,53.5506251,-2.809020729,Railway Road,Skelmersdale,WN8 8TL,GB,01695661271,True,,True,10004,False,False,,,,,,,WalkIn,False,False,False
2414,ASDA EXPRESS Lomondgate,55.95725204,-4.56133651,1/1 Lomondgate Drive,Dumbarton,G82 2QU,GB,01389311229,True,,True,10004,False,False,,,,,,,WalkIn,False,False,False
2415,EG On The Move Cleckheaton,53.73557314,-1.721095536,Whitehall Road,Cleckheaton,BD19 5AW,GB,01274878364,True,,True,10081,False,False,,,,,,,WalkIn|ClickAndCollect,False,False,True
2416,ASDA EXPRESS Singing Kettle,53.27407037,-3.305810551,St Aspah Road,Holywell,CH8 8RF,GB,01352871710,True,,True,10004,False,False,,,,,,,WalkIn,False,False,False
2417,ASDA EXPRESS Milnrow,53.60705843,-2.106930026,Newhey Road,Milnrow,OL16 4JD,GB,01706392777,True,,True,10004,False,False,,,,,,,WalkIn,False,False,False
2418,ASDA EXPRESS Royle Green,53.40245154,-2.254636794,Longley Lane,Northenden,M22 4SY,GB,01618419235,True,,True,10004,False,False,,,,,,,WalkIn,False,False,False
2419,EG On The Move Ashton Road,53.42872058,-2.121264431,Ashton Road,Bredbury,SK6 2QN,GB,01614305916,True,,True,10081,False,False,,,,,,,WalkIn,False,False,False
2421,"Castleford, 64 Carlton St",53.726070239074,-1.353030684962,64 Carlton Street,Castleford,WF10 1DB,GB,01977803473,True,,False,,False,False,,,,,,,WalkIn|ClickAndCollect|JustEat|JustEatCollection|UberEatsDelivery|UberEatsCollection,True,True,True
2422,"Crook, U3 The Royal Corner",54.71497763,-1.746379927,The Royal Corner,Crook,DL15 9UA,GB,01388311025,True,,False,,False,False,,,,,,,WalkIn|ClickAndCollect|UberEatsDelivery|UberEatsCollection,False,True,True
2423,"East Kilbride SC, The Plaza",55.760031403739,-4.179861798098,22/23 Plaza Mall,East Kilbride,G74 1LW,GB,01355200484,True,,False,,False,False,,,,,,,WalkIn|ClickAndCollect|JustEat|JustEatCollection,True,False,True
2424,"Glasgow, 162 Buchanan St",55.86232245,-4.253210761,162/164 Buchanan Street,Glasgow,G1 2LW,GB,01417267369,True,,False,,False,False,,,,,,,WalkIn|ClickAndCollect,False,False,True
2425,EG On The Move Speke,53.34921817,-2.862140936,Speke Boulevard,Speke,L24 1UX,GB,01514860558,True,,True,10081,False,False,,,,,,,WalkIn,False,False,False
2426,ASDA EXPRESS Markham Vale,53.24341174,-1.333549437,Markham Lane,Duckmanton,S44 5HS,GB,01246382679,True,,True,10004,False,False,,,,,,,WalkIn,False,False,False
2428,ASDA EXPRESS Monmouth South,51.77253201,-2.812936945,A40 Southbound,Monmouth Service Area,NP25 4BG,GB,01600731256,True,,True,10004,False,False,,,,,,,WalkIn,False,False,False
2430,ASDA EXPRESS Weyhill West,51.21468883,-1.535344834,A303,Hampshire,SP11 0PN,GB,01264311622,True,,True,10004,False,False,,,,,,,WalkIn,False,False,False
2431,"Shirley, U14 Parkgate SC",52.41193,-1.82197,Stratford Road,Shirley,B90 3GG,GB,01216612737,True,,False,,False,False,,,,,,,WalkIn|ClickAndCollect|JustEat|JustEatCollection|UberEatsDelivery|UberEatsCollection,True,True,True
2432,"Martlesham Heath, U1A Betts Ave",52.06167138,1.279012232,1A Betts Avenue,Martlesham Heath,IP5 3RH,GB,01473357423,True,,False,,False,False,,,,,,,WalkIn|ClickAndCollect|JustEat|JustEatCollection|UberEatsDelivery|UberEatsCollection,True,True,True
2433,"Rugby, 19 Market Pl",52.37269792,-1.262472491,19 Market Place,Rugby,CV21 3DU,GB,01788222584,True,,False,,False,False,,,,,,,WalkIn|ClickAndCollect|JustEat|JustEatCollection|UberEatsDelivery|UberEatsCollection,True,True,True
2434,"Stretford, U1B Trafford Pk",53.46552672,-2.32344082,Longwood Road,Stretford,M17 1PZ,GB,01618419225,True,,False,,False,False,,,,,,,WalkIn|ClickAndCollect|UberEatsDelivery|UberEatsCollection,False,True,True
2436,ASDA EXPRESS Whitchurch,52.96710708,-2.705308298,Wrexham Road,Whitchurch,SY13 1JZ,GB,01948800311,True,,True,10004,False,False,,,,,,,WalkIn,False,False,False
2437,ASDA EXPRESS Oswestery,52.84965157,-3.028058117,Shrewsbury Road,Oswestry,SY11 4JA,GB,01691880869,True,,True,10004,False,False,,,,,,,WalkIn,False,False,False
2439,"Linwood, U4 Bridge St",55.84831327,-4.48932718,Bridge Street,Linwood,PA3 3DB,GB,01505800106,True,,False,,False,False,,,,,,,WalkIn|ClickAndCollect|JustEat|JustEatCollection,True,False,True
2440,MOTO Doncaster North FC,53.5918212,-0.990407003,,Hatfield,DN8 5GS,GB,01302243050,True,,True,10006,False,False,,,,,,,WalkIn,False,False,False
2444,"Sudbury, 5 Market Hill",52.03842439,0.729837515,5/6 Market Hill,Sudbury,CO10 2EA,GB,01787320845,True,,False,,False,False,,,,,,,WalkIn|ClickAndCollect|JustEat|JustEatCollection|UberEatsDelivery|UberEatsCollection,True,True,True
2446,BLAKEMORE Brumby Corner,53.57504952,-0.655600114,96 Old Brumby Street,Scunthorpe,DN16 2AW,GB,01724700342,True,,True,10000,False,False,,,,,,,WalkIn,False,False,False
2447,BLAKEMORE Fairfield,53.38288817,-0.012367825,Bollingbroke Road,Louth,LN11 0WA,GB,01507308347,True,,True,10000,False,False,,,,,,,WalkIn,False,False,False
2448,"St Helens, Church Sq SC",53.45227181,-2.736540523,,St Helens,WA10 1BD,GB,01744411764,True,,False,,False,False,,,,,,,WalkIn|ClickAndCollect|JustEat|JustEatCollection|UberEatsDelivery|UberEatsCollection,True,True,True
2449,"Bridgend, 15 Adare St",51.507506164845,-3.577766834243,15 Adare Street,Bridgend,CF31 1ET,GB,01656334194,True,,False,,False,False,,,,,,,WalkIn|ClickAndCollect|JustEat|JustEatCollection|UberEatsDelivery|UberEatsCollection,True,True,True
2454,BLAKEMORE Leegomery,52.71191463,-2.500268884,Pool Farm Avenue,Apley,TF1 6XQ,GB,01952947909,True,,True,10000,False,False,,,,,,,WalkIn,False,False,False
2455,"Watford, 5 The Parade, High St",51.65696449,-0.398152362,5 High Street,Watford,WD17 1LQ,GB,01923609102,True,,False,,False,False,,,,,,,WalkIn|ClickAndCollect|JustEat|JustEatCollection|UberEatsDelivery|UberEatsCollection,True,True,True
2456,"Troon, 26 Portland St",55.5442078,-4.662954005,26/28 Portland Street,Troon,KA10 6EA,GB,01292431716,True,,False,,False,False,,,,,,,WalkIn|ClickAndCollect|JustEat|JustEatCollection,True,False,True
2459,"Wimborne, Ferndown IE, 110 Cobham Rd",50.81417298,-1.912663789,110 Cobham Road,Wimborne,BH21 7PQ,GB,01202120031,True,,False,,False,False,,,,,,,WalkIn|ClickAndCollect|JustEat|JustEatCollection|UberEatsDelivery|UberEatsCollection,True,True,True
2461,ASDA EXPRESS Blackford Bridge,53.57087575,-2.294050708,Manchester Road,Bury,BL9 9ST,GB,01618419212,True,,True,10004,False,False,,,,,,,WalkIn,False,False,False
2462,"Bath, U56 Southgate, Southgate St",51.37872223,-2.359536219,Southgate Street,Bath,BA1 1AQ,GB,01225234626,True,,False,,False,False,,,,,,,WalkIn|ClickAndCollect|JustEat|JustEatCollection|UberEatsDelivery|UberEatsCollection,True,True,True
2463,"Bristol, U5 Gloucester Rd Nth",51.50274799,-2.57929739,Gloucester Road North,Filton,BS7 0SH,GB,01174544429,True,,False,,False,False,,,,,,,WalkIn|ClickAndCollect|JustEat|JustEatCollection|UberEatsDelivery|UberEatsCollection,True,True,True
3464,"Ilkeston, 33 Bath St",52.97290988,-1.30901151,33/35 Bath Street,Ilkeston,DE7 8AH,GB,01158226034,True,,False,,False,False,,,,,,,WalkIn|ClickAndCollect|JustEat|JustEatCollection|UberEatsDelivery|UberEatsCollection,True,True,True
3465,"Wolverhampton, U25A Wulfrun SC",52.583204414285,-2.126999271411,38A Wulfrun Way,Wolverhampton,WV1 3HG,GB,01902243949,True,,False,,False,False,,,,,,,WalkIn|ClickAndCollect|JustEat|JustEatCollection|UberEatsDelivery|UberEatsCollection,True,True,True
3466,"Fishponds, 741 Fishponds Rd",51.48040815,-2.529434568,741 Fishponds Road,Fishponds,BS16 3UP,GB,01174544426,True,False,False,,False,False,False,False,False,False,SDTR,1969-12-31T23:00:00Z,WalkIn|ClickAndCollect|JustEat|JustEatCollection|UberEatsDelivery|UberEatsCollection,True,True,True
3468,ASDA EXPRESS Moorland,53.0484718,-2.178690304,Moorland Road,Stoke-on-Trent,ST6 1JP,GB,01782890451,True,,True,10004,False,False,,,,,,,WalkIn,False,False,False
3469,"Porthcawl, U2 New Rd",51.48308531,-3.682866458,New Road,Porthcawl,CF36 5BA,GB,01656334210,True,,False,,False,False,,,,,,,WalkIn|ClickAndCollect,False,False,True
3477,MOTO Trowell North,52.96174305,-1.268659814,,Trowell,NG9 3PL,GB,01158226078,True,,True,10006,False,False,,,,,,,WalkIn,False,False,False
3478,MOTO Woolley Edge South,53.62226841,-1.545461004,Bramley Lane,West Bretton,WF4 4LQ,GB,01924667575,True,,True,10006,False,False,,,,,,,WalkIn,False,False,False
3480,"Bradford, 23 Broadway",53.79381495,-1.751547595,23/25 Bradford Broadway,Bradford,BD1 1HA,GB,01274957633,True,,False,,False,False,,,,,,,WalkIn|ClickAndCollect|UberEatsDelivery|UberEatsCollection,False,True,True
3481,ASDA EXPRESS Uttoxeter,52.90775325,-1.855280893,A50 Derby Road,Uttoxeter,ST14 5AA,GB,01889221132,True,,True,10004,False,False,,,,,,,WalkIn,False,False,False
3482,"Walsall, 7 Sister Dora Buildns, Dgbth Sq",52.58358195,-1.983548035,Digbeth,Walsall,WS1 1LR,GB,01922664817,True,,False,,False,False,,,,,,,WalkIn|ClickAndCollect|JustEat|JustEatCollection|UberEatsDelivery|UberEatsCollection,True,True,True
3484,"Caterham, U38 Church Wlk SC",51.28149176972,-0.0772586513,Station Avenue,Caterham,CR3 6RT,GB,01883770833,True,,False,,False,False,,,,,,,WalkIn|ClickAndCollect|JustEat|JustEatCollection,True,False,True
3485,"Tamworth, 17 Middle Entry SC",52.63323821,-1.695207196,17 Middle Entry,Tamworth,B79 7NJ,GB,01827211183,True,,False,,False,False,,,,,,,WalkIn|ClickAndCollect|JustEat|JustEatCollection|UberEatsDelivery|UberEatsCollection,True,True,True
3486,"Braehead, U107 Intu SC",55.8766427178,-4.365160768357,Upper Level,Braehead,G51 4BS,GB,01417267427,True,,False,,False,False,,,,,,,WalkIn|ClickAndCollect,False,False,True
3487,"Poynton, 21 Park Ln",53.34902755,-2.120510666,21\23 Park Lane,Poynton,SK12 1RD,GB,01625461110,True,False,False,,False,False,False,False,False,False,SDMA,1969-12-31T23:00:00Z,WalkIn|ClickAndCollect|JustEat|JustEatCollection|UberEatsDelivery|UberEatsCollection,True,True,True
3488,"Stockport, U5 Manchester Rd",53.42042111,-2.162034062,Manchester Road,Stockport,SK4 1TN,GB,01618419182,True,,False,,False,False,,,,,,,WalkIn|ClickAndCollect|JustEat|JustEatCollection|UberEatsDelivery|UberEatsCollection,True,True,True
3491,"Porthill Service Station, Porthill Rd",53.04060858,-2.214154962,Porthill Road,Porthill,ST6 4NL,GB,01782890452,True,,False,,False,False,,,,,,,WalkIn|ClickAndCollect|JustEat|JustEatCollection|UberEatsDelivery|UberEatsCollection,True,True,True
3492,"Aberdare, 3A Riverside RP",51.70207123,-3.420174924,,Aberdare,CF44 0AH,GB,01685701651,True,,False,,False,False,,,,,,,WalkIn|ClickAndCollect|JustEat|JustEatCollection|UberEatsDelivery|UberEatsCollection,True,True,True
3493,"Team Valley, U4 Maingate",54.94330135,-1.624294784,Kingsway North,Team Valley,NE11 0BE,GB,01914066975,True,,False,,False,False,,,,,,,WalkIn|ClickAndCollect|JustEat|JustEatCollection|UberEatsDelivery|UberEatsCollection,True,True,True
3494,"Durham, UO Arnison RC",54.806742919239,-1.581765255041,Pity Me,Durham,DH1 5GB,GB,01913230119,True,,False,,False,False,,,,,,,WalkIn|ClickAndCollect|JustEat|JustEatCollection|UberEatsDelivery|UberEatsCollection,True,True,True
3495,"Newton Aycliffe, U2, Beveridge Wy",54.620787,-1.57073,Beveridge Way,Newton Aycliffe,DL5 4DP,GB,01325524800,True,,False,,False,False,,,,,,,WalkIn|ClickAndCollect|JustEat|JustEatCollection|UberEatsDelivery|UberEatsCollection,True,True,True
3496,"Blyth, The Windmill, Cowpen Rd",55.13033793,-1.541558953,Cowpen Road,Blyth,NE24 5JP,GB,01670331652,True,,False,,False,False,,,,,,,WalkIn|ClickAndCollect|JustEat|JustEatCollection|UberEatsDelivery|UberEatsCollection,True,True,True
3497,"Newcastle, 44 Blackett St",54.974238891569,-1.614346312501,42/44B Blackett Street,Newcastle Upon Tyne,NE1 7UG,GB,01913232880,True,False,False,,False,False,False,False,False,False,SDGO,1969-12-31T23:00:00Z,WalkIn|ClickAndCollect,False,False,True
3498,"Glenrothes, 31 Lyon Wy",56.196044,-3.172062,31 Lyon Way,Glenrothes,KY7 5NN,GB,01592407644,True,,False,,False,False,,,,,,,WalkIn|ClickAndCollect|JustEat|JustEatCollection|UberEatsDelivery|UberEatsCollection,True,True,True
3499,"Edinburgh, U12 Princes Mall",55.95267358,-3.190956186,3 Waverley Market,Edinburgh,EH1 1BQ,GB,01312873366,True,False,False,,False,False,False,False,False,False,SDCL,1969-12-31T23:00:00Z,WalkIn|ClickAndCollect,False,False,True
3500,"Dumfries, 9 Castle St",55.06996488,-3.612718366,9/13 Castle Street,Dumfries,DG1 1DJ,GB,01387214082,True,,False,,False,False,,,,,,,WalkIn|ClickAndCollect|JustEat|JustEatCollection|UberEatsDelivery|UberEatsCollection,True,True,True
3501,"Partick, 392 Dumbarton Road",55.87090785,-4.309270315,392 Dumbarton Road,Partick,G11 6RZ,GB,01417267374,True,,False,,False,False,,,,,,,WalkIn|ClickAndCollect|JustEat|JustEatCollection|UberEatsDelivery|UberEatsCollection,True,True,True
3502,EG On The Move Camberwell,51.48112057,-0.094679875,96/106 Camberwell Road,Camberwell,SE5 0EG,GB,02038898520,True,,True,10081,False,False,,,,,,,WalkIn|ClickAndCollect,False,False,True
3503,RONTEC Crawley,51.10999481,-0.206188304,Applegreen Crawley,Crawley,RH10 8BA,GB,01403332591,True,,True,10046,False,False,,,,,,,WalkIn|ClickAndCollect,False,False,True
3505,"Edinburgh, U6 Edin West RP, Chesser Rd",55.92978841,-3.246408369,Chesser Road,Edinburgh,EH14 1UD,GB,01312873360,True,,False,,False,False,,,,,,,WalkIn|ClickAndCollect|JustEat|JustEatCollection|UberEatsDelivery|UberEatsCollection,True,True,True
3506,"Walsall, U12A Saddlers SC",52.58361738,-1.983436856,1 Bradford Mall,Walsall,WS1 1YT,GB,01922664821,True,,False,,False,False,,,,,,,WalkIn|ClickAndCollect|JustEat|JustEatCollection|UberEatsDelivery|UberEatsCollection,True,True,True
3507,"Newcastle, U2 Wellbar Central",54.9739203,-1.619270943,36 Gallowgate,Newcastle Upon Tyne,NE1 4TD,GB,01913232881,True,False,False,,False,False,False,False,False,False,SDGO,1969-12-31T23:00:00Z,WalkIn|ClickAndCollect|JustEat|JustEatCollection|UberEatsDelivery|UberEatsCollection,True,True,True
3508,"Crewe, Beswick Dr",53.09384823,-2.414548461,Beswick Drive,Crewe,CW1 5NP,GB,01270297102,True,,False,,False,False,,,,,,,WalkIn|ClickAndCollect|JustEat|JustEatCollection|UberEatsDelivery|UberEatsCollection,True,True,True
3509,MOTO Ferrybridge FC,53.69740028,-1.265499608,Great North Road,Knottingley,WF11 0AF,GB,01977803475,True,,True,10006,False,False,,,,,,,WalkIn,False,False,False
3510,"Ystradgynlais, 34 Heol Eglwys",51.77744173,-3.758482059,34 Heol Eglwys,Ystradgynlais,SA9 1NS,GB,01639500997,True,,False,,False,False,,,,,,,WalkIn|ClickAndCollect,False,False,True
3515,APPLEGREEN Northern Ireland M2,54.69415698,-6.017482781,M2 Northbound,Newtownabbey,BT36 4RN,GB,02890025841,True,,True,10008,False,False,,,,,,,WalkIn,False,False,False
3516,ASDA EXPRESS Oakhurst,54.65429452,-3.3724699,Lamplugh Road,Cockermouth,CA13 0QT,GB,01900824356,True,,True,10004,False,False,,,,,,,WalkIn,False,False,False
3520,"Chelmsley Wood SS, Chester Rd",52.49019231,-1.738237735,Chester Road,Chelmsley Wood,B37 6RD,GB,01216612744,True,,False,,False,False,,,,,,,WalkIn|ClickAndCollect,False,False,True
3521,"Bedford, U19 Harpur SC",52.136062170691,-0.469291391176,Midland Road Mall,Bedford,MK40 1TQ,GB,01234237010,True,,False,,False,False,,,,,,,WalkIn,False,False,False
3522,"Erdington, 96 High St",52.52476477,-1.837641424,96 High Street,Erdington,B23 6RS,GB,01216612615,True,,False,,False,False,,,,,,,WalkIn|ClickAndCollect|JustEat|JustEatCollection|UberEatsDelivery|UberEatsCollection,True,True,True
3523,"Doncaster, 19 Baxtergate",53.52453384,-1.134125585,19\21 Baxtergate,Doncaster,DN1 1LD,GB,01302243041,True,,False,,False,False,,,,,,,WalkIn|ClickAndCollect|JustEat|JustEatCollection|UberEatsDelivery|UberEatsCollection,True,True,True
3524,"Castleford, Castlford Bus Stn, Alboin St",53.7249151,-1.357408776,Albion Street,Castleford,WF10 1EG,GB,01977803472,True,,False,,False,False,,,,,,,WalkIn|ClickAndCollect|JustEat|JustEatCollection|UberEatsDelivery|UberEatsCollection,True,True,True
3526,"Manchester, Concourse Ksk, Victoria Stn",53.48728505,-2.242421203,Victoria Station,Manchester,M3 1WY,GB,01613934623,True,,False,,False,False,,,,,,,WalkIn|ClickAndCollect,False,False,True
3527,"Telford, UA4 Stafford Park 4",52.67634457,-2.423779697,Stafford Park 4,Telford,TF3 3BA,GB,01952947968,True,,False,,False,False,,,,,,,WalkIn|ClickAndCollect|JustEat|JustEatCollection|UberEatsDelivery|UberEatsCollection,True,True,True
3528,"Blackpool, Oxford Sq",53.80380394,-3.027141148,Oxford Square,Blackpool,FY4 4DP,GB,01253203570,True,False,False,,False,False,False,False,False,False,SDMA,1969-12-31T23:00:00Z,WalkIn|ClickAndCollect|JustEat|JustEatCollection|UberEatsDelivery|UberEatsCollection,True,True,True
3529,"Exeter, 9 St Thomas Ctr",50.71760493,-3.540455984,9A,Exeter,EX4 1DG,GB,01392343737,True,False,False,,False,False,False,False,False,False,SDTR,1969-12-31T23:00:00Z,WalkIn|ClickAndCollect|JustEat|JustEatCollection|UberEatsDelivery|UberEatsCollection,True,True,True
3530,"Ayr, U15 Heathfield RP",55.47901969,-4.594927653,Liberton Drive,Ayr,KA8 9BF,GB,01292431718,True,False,False,,False,False,False,False,False,False,SDCL,1969-12-31T23:00:00Z,WalkIn|ClickAndCollect|JustEat|JustEatCollection,True,False,True
3531,"Barrhead, 186 Main Street",55.80120496,-4.387956723,186/188 Main Street,Barrhead,G78 1SL,GB,01417267422,True,False,False,,False,False,False,False,False,False,SDCL,1969-12-31T23:00:00Z,WalkIn|ClickAndCollect|JustEat|JustEatCollection,True,False,True
3532,"Newtown, 25 High St",52.51501536,-3.315453093,25 High Street,Newtown,SY16 2NP,GB,01686805021,True,False,False,,False,False,False,False,False,False,SDBI,1969-12-31T23:00:00Z,WalkIn|ClickAndCollect,False,False,True
3533,"Llandrindod Wells, Station Cres",52.24148854,-3.37895736,Station Crescent,Llandrindod Wells,LD1 5BB,GB,01597730024,True,,False,,False,False,,,,,,,WalkIn|ClickAndCollect,False,False,True
3534,"Aberystwyth, 23 Great Darkgate",52.41468967,-4.084819733,23 Darkgate Street,Aberystwyth,SY23 1DE,GB,01970601296,True,False,False,,False,False,False,False,False,False,SDTR,1969-12-31T23:00:00Z,WalkIn|ClickAndCollect|JustEat|JustEatCollection|UberEatsDelivery|UberEatsCollection,True,True,True
3535,"Shrewsbury, 1 Harlescott Ln",52.73740305,-2.726332564,1 Harlescott Lane,Shrewsbury,SY1 3AH,GB,01743291663,True,,False,,False,False,,,,,,,WalkIn|ClickAndCollect|JustEat|JustEatCollection|UberEatsDelivery|UberEatsCollection,True,True,True
3536,BLAKEMORE Newbold,53.25587955,-1.446053558,,Littlemore,S41 8QN,GB,01246382678,True,,True,10000,False,False,,,,,,,WalkIn,False,False,False
3539,"Carlisle, U3 Globe Ln, The Lanes SC",54.895421,-2.934924,3 Globe Lane,Carlisle,CA3 8NX,GB,01228582864,True,,False,,False,False,,,,,,,WalkIn|ClickAndCollect|JustEat|JustEatCollection,True,False,True
3541,"Keighley, Keighley RP, Hard Ings Rd",53.87501148,-1.905532433,Hard Ings Road,Keighley,BD21 3NJ,GB,01535280792,True,,False,,False,False,,,,,,,WalkIn|ClickAndCollect|JustEat|JustEatCollection|UberEatsDelivery|UberEatsCollection,True,True,True
3542,ASDA EXPRESS Salford Quays,53.46892503,-2.282417018,Trafford Road,Salford,M5 4QD,GB,01618419224,True,,True,10004,False,False,,,,,,,WalkIn,False,False,False
3544,"Drumchapel, 71 Kinfauns Dr",55.91073881,-4.372164163,71 Kinfauns Drive,Drumchapel,G15 7TG,GB,01417267435,True,,False,,False,False,,,,,,,WalkIn|ClickAndCollect|JustEat|JustEatCollection,True,False,True
3546,MOTO Toddington North FC,51.94694469,-0.503359379,,Toddington,LU5 6HR,GB,01525300536,True,,True,10006,False,False,,,,,,,WalkIn,False,False,False
3551,"York Uni, U4 Heslington East Campus",53.95049939,-1.029679866,Kimberlow Lane,York,YO10 5LA,GB,01904236946,True,,False,,False,False,,,,,,,WalkIn|ClickAndCollect|JustEat|JustEatCollection|UberEatsDelivery|UberEatsCollection,True,True,True
3552,"York, U2 Clifton Moor RP",53.99254276,-1.104178108,Stirling Road,York,YO30 4XZ,GB,01904236951,True,,False,,False,False,,,,,,,WalkIn|ClickAndCollect|JustEat|JustEatCollection|UberEatsDelivery|UberEatsCollection,True,True,True
3553,"Huddersfield, U2 Halifax Rd",53.66749752,-1.824135943,215 Halifax Road,Huddersfield,HD3 3QP,GB,01422412214,True,,False,,False,False,,,,,,,WalkIn|ClickAndCollect|JustEat|JustEatCollection|UberEatsDelivery|UberEatsCollection,True,True,True
3554,"Maidstone, 1B Longshaw Rd",51.23991205,0.5572623,1B Longshaw Road,Maidstone,ME15 9JD,GB,01622233070,True,,False,,False,False,,,,,,,WalkIn|ClickAndCollect|JustEat|JustEatCollection|UberEatsDelivery|UberEatsCollection,True,True,True
3555,"Selby, 24 Gowthorpe",53.78397401,-1.070771236,24/28 Gowthorpe,Selby,YO8 4ET,GB,01757600468,True,,False,,False,False,,,,,,,WalkIn|ClickAndCollect|JustEat|JustEatCollection|UberEatsDelivery|UberEatsCollection,True,True,True
3557,"Derby, U2A Ctrl Hall, East St",52.92146846,-1.474407198,East Street,Derby,DE1 2AF,GB,01332315392,True,False,False,,False,False,False,False,False,False,SDBI,1969-12-31T23:00:00Z,WalkIn|ClickAndCollect|JustEat|JustEatCollection|UberEatsDelivery|UberEatsCollection,True,True,True
3558,"Wednesfield, U1 Phoenix Rd IE",52.59266688,-2.079686643,Phoenix Road,Wednesfield,WV11 3PX,GB,01902243955,True,,False,,False,False,,,,,,,WalkIn|ClickAndCollect|JustEat|JustEatCollection|UberEatsDelivery|UberEatsCollection,True,True,True
3559,"West Bromwich, Birmingham Rd",52.50972576,-1.965146167,2 Birmimgham Road,West Bromwich,B71 4JZ,GB,01216612656,True,,False,,False,False,,,,,,,WalkIn|ClickAndCollect|JustEat|JustEatCollection|UberEatsDelivery|UberEatsCollection,True,True,True
3560,"Birmingham, U54 Cuckoo TP",52.50581224,-1.863485419,Cuckoo Road,Aston,B7 5SY,GB,01216612588,True,,False,,False,False,,,,,,,WalkIn|ClickAndCollect|JustEat|JustEatCollection|UberEatsDelivery|UberEatsCollection,True,True,True
3561,"Coventry, UA2 Island Site, Vanguard Ave",52.40357,-1.55768,Vanguard Avenue,Coventry,CV5 6UA,GB,02475103359,True,,False,,False,False,,,,,,,WalkIn|ClickAndCollect|JustEat|JustEatCollection|UberEatsDelivery|UberEatsCollection,True,True,True
3562,"Newport, U4, 389 Malpas Rd",51.6097704,-3.00680401,389/431 Malpas Road,Newport,NP20 6WB,GB,01633743295,True,,False,,False,False,,,,,,,WalkIn|ClickAndCollect|JustEat|JustEatCollection|UberEatsDelivery|UberEatsCollection,True,True,True
3563,"Newport, U29 Friars Walk SC",51.58703928,-2.994536628,,Newport,NP20 1DU,GB,01633743280,True,,False,,False,False,,,,,,,WalkIn|ClickAndCollect|JustEat|JustEatCollection|UberEatsDelivery|UberEatsCollection,True,True,True
3565,"Newcastle, 39 Clayton St",54.97267605,-1.615851897,39 Clayton Street,Newcastle Upon Tyne,NE1 5PN,GB,01913232884,True,False,False,,False,False,False,False,False,False,SDGO,1969-12-31T23:00:00Z,WalkIn|ClickAndCollect,False,False,True
3568,"Bootle, 156 Parkway, The Strand SC",53.452166358738,-2.99223399776,156 Parkside,Bootle,L20 4XX,GB,01513328223,True,,False,,False,False,,,,,,,WalkIn|ClickAndCollect|JustEat|JustEatCollection|UberEatsDelivery|UberEatsCollection,True,True,True
3569,"Heaton, 209 Chillingham Rd",54.98697058,-1.577290608,209 Chillingham Road,Newcastle Upon Tyne,NE6 5LL,GB,01913232903,True,,False,,False,False,,,,,,,WalkIn|ClickAndCollect|JustEat|JustEatCollection|UberEatsDelivery|UberEatsCollection,True,True,True
3571,"Newcastle, 73 Grainger St",54.97141741,-1.615367713,73/75 Grainger Street,Newcastle Upon Tyne,NE1 5JE,GB,01913232895,True,,False,,False,False,,,,,,,WalkIn|ClickAndCollect|JustEat|JustEatCollection|UberEatsDelivery|UberEatsCollection,True,True,True
3572,"Yateley, 117 Reading Rd",51.34195043,-0.82954615,117 Reading Road,Yateley,GU46 7LR,GB,01252881186,True,,False,,False,False,,,,,,,WalkIn|ClickAndCollect|JustEat|JustEatCollection|UberEatsDelivery|UberEatsCollection,True,True,True
3574,"Dudley, 11 Castle St",52.51101948,-2.081221355,11/12 Castle Street,Dudley,DY1 1LF,GB,01384886414,True,,False,,False,False,,,,,,,WalkIn|ClickAndCollect|JustEat|JustEatCollection|UberEatsDelivery|UberEatsCollection,True,True,True
3575,"Pontypridd, U1 Taffs Fall Rd, Treforest",51.57281196,-3.291216214,Taffs Fall Road,Pontypridd,CF37 5YG,GB,01443583545,True,,False,,False,False,,,,,,,WalkIn,False,False,False
3577,EG On The Move Westholme Kirkham,53.79596562,-2.890539793,Westholme Kirkham,Greenhalgh,PR4 3HE,GB,01253836037,True,,True,10081,False,False,,,,,,,WalkIn|ClickAndCollect,False,False,True
3579,"Durham, 1B Dryburn View",54.79289427,-1.590779468,1B Dryburn View,Durham,DH1 5AP,GB,01913230116,True,,False,,False,False,,,,,,,WalkIn|ClickAndCollect|JustEat|JustEatCollection|UberEatsDelivery|UberEatsCollection,True,True,True
3580,"Llanharan, U3 Bridgend Rd",51.53323664,-3.451712793,Bridgend Road,Llanharan,CF72 9RP,GB,01443583531,True,,False,,False,False,,,,,,,WalkIn|ClickAndCollect|JustEat|JustEatCollection|UberEatsDelivery|UberEatsCollection,True,True,True
3581,"South Shields, 15 King St",54.99846056,-1.433013837,15 King Street,South Shields,NE33 1DA,GB,01914066935,True,,False,,False,False,,,,,,,WalkIn|ClickAndCollect|UberEatsDelivery|UberEatsCollection,False,True,True
3582,"Motherwell, Windmillhill St",55.7826718,-3.9795302,341 Windmillhill Street,Motherwell,ML1 2UA,GB,01698533308,True,,False,,False,False,,,,,,,WalkIn|ClickAndCollect|JustEat|JustEatCollection,True,False,True
3583,EG On The Move Sugarbrook,53.4570104,-2.916693142,East Lancashire Road,Fazakerley,L11 2ST,GB,01515254631,True,,True,10081,False,False,,,,,,,WalkIn,False,False,False
3585,"Norwich, U2 Harford Place, Hall Rd",52.6070515,1.288254413,Hall Road,Norwich,NR4 6NF,GB,01603516007,True,,False,,False,False,,,,,,,WalkIn|ClickAndCollect|JustEat|JustEatCollection,True,False,True
3587,ASDA EXPRESS Greatbridge,50.99810939,-1.498786572,1 Great Bridge Road,Romsey,SO51 0HB,GB,01794330035,True,,True,10004,False,False,,,,,,,WalkIn,False,False,False
3588,ASDA EXPRESS Micheldever,51.19468191,-1.228329717,Borough Arch,Micheldever,SO21 3BE,GB,01256631676,True,,True,10004,False,False,,,,,,,WalkIn,False,False,False
3589,ASDA EXPRESS Calcutt,51.63530543,-1.834376942,Calcutt Service Station,Swindon,SN6 6JR,GB,01793224337,True,,True,10004,False,False,,,,,,,WalkIn,False,False,False
3592,ASDA EXPRESS Heathrow S,51.46121914,-0.481760055,6017A Southern Perimeter Road,Stanwell,TW6 3PF,GB,02038898588,True,,True,10004,False,False,,,,,,,WalkIn,False,False,False
3593,ASDA EXPRESS Clockhouse,51.44834323,-0.447381579,Clockhouse Lane,Feltham,TW14 8RX,GB,01784251533,True,,True,10004,False,False,,,,,,,WalkIn,False,False,False
3594,ASDA EXPRESS Heathrow North,51.49604224,-0.446533482,Shepiston Lane,Hayes,UB3 1LL,GB,01895541856,True,,True,10004,False,False,,,,,,,WalkIn,False,False,False
3595,ASDA EXPRESS Aldersbrook,51.56234983,0.033399011,19 Aldersbrook Road,Aldersbrook,E12 5HH,GB,02038898580,True,,True,10004,False,False,,,,,,,WalkIn,False,False,False
3597,ASDA EXPRESS Bicester,51.89362585,-1.162766048,Oxford Road,Bicester,OX26 1BT,GB,01869221292,True,,True,10004,False,False,,,,,,,WalkIn,False,False,False
3598,ASDA EXPRESS Braywick,51.5055203,-0.711928596,11 Windsor Road,Maidenhead,SL6 1UZ,GB,01628629305,True,,True,10004,False,False,,,,,,,WalkIn,False,False,False
3599,ASDA EXPRESS Chiseldon Camp,51.51473064,-1.723503477,Marlborough Road,Chiseldon,SN4 0NR,GB,01793224336,True,,True,10004,False,False,,,,,,,WalkIn,False,False,False
3600,ASDA EXPRESS Copthrone,51.1364159,-0.097624852,Copthorne Common,Crawley,RH10 3LF,GB,01342649514,True,,True,10004,False,False,,,,,,,WalkIn,False,False,False
3601,ASDA EXPRESS Dorcan Way,51.56855534,-1.744082009,Dorcan Way,Swindon,SN3 3RA,GB,01793224331,True,,True,10004,False,False,,,,,,,WalkIn,False,False,False
3602,ASDA EXPRESS Ermont Way,52.06899897,-1.316337017,Ermont Way,Banbury,OX16 8SZ,GB,01295250988,True,,True,10004,False,False,,,,,,,WalkIn,False,False,False
3603,ASDA EXPRESS Hartlebury,52.32346303,-2.233000668,A449 Crown Lane,Kidderminster,DY11 7XP,GB,01299660739,True,,True,10004,False,False,,,,,,,WalkIn,False,False,False
3604,ASDA EXPRESS Hogs Back,51.22591591,-0.725865609,Hogsback A31,Tongham,GU10 1EU,GB,01252881185,True,,True,10004,False,False,,,,,,,WalkIn,False,False,False
3605,ASDA EXPRESS Holtspur,51.59983448,-0.668379854,Oxford Road,Beaconsfield,HP9 1UB,GB,01494923617,True,,True,10004,False,False,,,,,,,WalkIn,False,False,False
3607,ASDA EXPRESS Marcham Rd,51.66875208,-1.30302477,Marcham Road,Abingdon,OX14 1TZ,GB,01235429412,True,,True,10004,False,False,,,,,,,WalkIn,False,False,False
3608,ASDA EXPRESS Ramshill,51.00991971,-0.928223079,London Road,Ramshill,GU31 4AT,GB,01730771634,True,,True,10004,False,False,,,,,,,WalkIn,False,False,False
3609,ASDA EXPRESS Rossmore,50.74323225,-1.946169293,347 Ringwood Road,Poole,BH12 3JN,GB,01202120027,True,,True,10004,False,False,,,,,,,WalkIn,False,False,False
3610,ASDA EXPRESS Shinfield,51.40565466,-0.944439661,Arborfield Road,Shinfield,RG2 9DY,GB,01182053380,True,,True,10004,False,False,,,,,,,WalkIn,False,False,False
3611,ASDA EXPRESS Tadley,51.3515614,-1.139007277,Mulfords Hill,Tadley,RG26 3LG,GB,01182053390,True,,True,10004,False,False,,,,,,,WalkIn,False,False,False
3612,ASDA EXPRESS Thame,51.75677918,-0.979130846,A418/B4011,Thame,OX9 3SB,GB,01844214447,True,,True,10004,False,False,,,,,,,WalkIn,False,False,False
3613,ASDA EXPRESS Rothwell,52.41449221,-0.790175923,Kettering Road,Rothwell,NN14 1SS,GB,01417267415,True,,True,10004,False,False,,,,,,,WalkIn,False,False,False
3614,"Croydon, 51 North End Rd",51.37518593,-0.101185595,51 North End Road,Croydon,CR0 1TG,GB,02038898615,True,,False,,False,False,,,,,,,WalkIn|ClickAndCollect|JustEat|JustEatCollection,True,False,True
3615,"Kettering, U14 The Mall, Newlands SC",52.401455133887,-0.727396348494,The Mall,Kettering,NN16 8JL,GB,01536212727,True,,False,,False,False,,,,,,,WalkIn|ClickAndCollect|JustEat|JustEatCollection|UberEatsDelivery|UberEatsCollection,True,True,True
3616,"Basingstoke, U7 Houndmills TP",51.27345835,-1.105568826,Houndsmills Road,Basingstoke,RG21 6AH,GB,01256631674,True,,False,,False,False,,,,,,,WalkIn|ClickAndCollect|JustEat|JustEatCollection,True,False,True
3618,"Beverley, Unit 9A Flemingate SC",53.8400084,-0.4206332,Chantry Lane,Beverley,HU17 0PW,GB,01482421227,True,,False,,False,False,,,,,,,WalkIn|ClickAndCollect|JustEat|JustEatCollection|UberEatsDelivery|UberEatsCollection,True,True,True
3619,"Sheffield, Drake House Cre",53.34580175,-1.355266755,Drake House Crescent,Sheffield,S20 7JJ,GB,01143212669,True,,False,,False,False,,,,,,,WalkIn|ClickAndCollect|JustEat|JustEatCollection|UberEatsDelivery|UberEatsCollection,True,True,True
3620,ASDA EXPRESS Shoppen,51.50927498,-0.732583849,Shoppenhangers Road,Maidenhead,SL6 2QJ,GB,0162856281,True,,True,10004,False,False,,,,,,,WalkIn,False,False,False
3621,ASDA EXPRESS Bellfields,51.26093656,-0.573788364,Woking Road,Guildford,GU1 1NH,GB,01483571950,True,,True,10004,False,False,,,,,,,WalkIn,False,False,False
3622,ASDA EXPRESS Langley Mill,53.01997165,-1.325212208,Derby Road,Langley Mill,NG16 4AA,GB,01773718378,True,,True,10004,False,False,,,,,,,WalkIn,False,False,False
3623,ASDA EXPRESS Monmouth North,51.77344892,-2.813522358,A40 Northbound,Monmouth Service Area,NP25 4BG,GB,01600731255,True,,True,10004,False,False,,,,,,,WalkIn,False,False,False
3624,ASDA EXPRESS Sheepcot,51.69191269,-0.39805188,North Orbital Road,Watford,WD25 7LW,GB,01768425063,True,,True,10004,False,False,,,,,,,WalkIn,False,False,False
3625,"Rochdale, U2 Kingsway RP",53.61528437,-2.129823044,,Rochdale,OL16 5AF,GB,01706392778,True,,False,,False,False,,,,,,,WalkIn|ClickAndCollect|JustEat|JustEatCollection|UberEatsDelivery|UberEatsCollection,True,True,True
3626,"Bellshill, 13A Hamilton Rd",55.81816199,-4.025610814,13A/15A Hamilton Road,Bellshill,ML4 1AF,GB,01698533398,True,,False,,False,False,,,,,,,WalkIn|ClickAndCollect|JustEat|JustEatCollection|UberEatsDelivery|UberEatsCollection,True,True,True
3627,"Gateshead, Metrocentre, Yellow Mall",54.958334219691,-1.670308052133,10 Garden Walk,Gateshead,NE11 9XY,GB,01914066965,True,,False,,False,False,,,,,,,WalkIn|ClickAndCollect|UberEatsDelivery|UberEatsCollection,False,True,True
3628,"London, Park Royal, U1 Acton Lane",51.530054,-0.26853,Acton Lane,London,NW10 7GF,GB,02038898675,True,,False,,False,False,,,,,,,WalkIn|ClickAndCollect|JustEat|JustEatCollection|UberEatsDelivery|UberEatsCollection,True,True,True
3631,"Sheffield, U3 Parkway Central RP",53.38446624,-1.442395181,,Sheffield,S2 5AU,GB,01143214034,True,,False,,False,False,,,,,,,WalkIn|ClickAndCollect|JustEat|JustEatCollection|UberEatsDelivery|UberEatsCollection,True,True,True
3632,"Edinburgh, U5 Newkirkgate SC",55.971566339342,-3.171302424137,Leith,Edinburgh,EH6 6AD,GB,01312873365,True,False,False,,False,False,False,False,False,False,SDCL,2016-07-15T23:00:00Z,WalkIn|ClickAndCollect|JustEat|JustEatCollection|UberEatsDelivery|UberEatsCollection,True,True,True
3633,"Bristol, 30 St Augustines Pde",51.45396585,-2.598041035,30/31 St Augustine's Parade,Bristol,BS1 4UL,GB,01174544413,True,False,False,,False,False,False,False,False,False,SDTR,2016-08-11T23:00:00Z,WalkIn|ClickAndCollect|JustEat|JustEatCollection,True,False,True
3635,EG On The Move Heap Bridge,53.59108711,-2.265923251,Bury New Road,Heap Bridge,BL9 7HY,GB,01617637669,True,,True,10081,False,False,,,,,,,WalkIn|ClickAndCollect,False,False,True
3636,APPLEGREEN Crankhill Belfast,54.93755676,-6.32817692,Crankhill Road,Belfast,BT43 5NW,GB,02825440582,True,,True,10008,False,False,,,,,,,WalkIn,False,False,False
3640,ASDA EXPRESS Lawnswood,53.8489061,-1.59254415,Lawnswood Service Station,Lawnswood,LS16 8AA,GB,01135177602,True,,True,10004,False,False,,,,,,,WalkIn,False,False,False
3641,"Belfast, U9B Boucher SP, Boucher Cres",54.58119302,-5.966089325,Boucher Crescent,Belfast,BT12 6HU,GB,02890025838,True,,False,,False,False,,,,,,,WalkIn|ClickAndCollect|JustEat|JustEatCollection|UberEatsDelivery|UberEatsCollection,True,True,True
3642,"Greenock, 44 Hamilton Way",55.947814032622,-4.758480336289,44 Hamilton Way,Greenock,PA15 1JJ,GB,01475601892,True,,False,,False,False,,,,,,,WalkIn|ClickAndCollect|JustEat|JustEatCollection|UberEatsDelivery|UberEatsCollection,True,True,True
3645,MOTO Heston West FC,51.48861641,-0.396115959,Phoenix Way,Heston,TW5 9NB,GB,02038898600,True,,True,10006,False,False,,,,,,,WalkIn,False,False,False
3646,MOTO Hilton Park North FC,52.64447697,-2.058830498,,Essington,WV11 2AT,GB,01922664811,True,,True,10006,False,False,,,,,,,WalkIn,False,False,False
3647,MOTO Lancaster North FC,53.961627130009,-2.761355062468,,Lancaster,LA2 9DU,GB,01524917194,True,,True,10006,False,False,,,,,,,WalkIn,False,False,False
3648,MOTO Southwaite North FC,54.79816395,-2.871535583,,Carlisle,CA4 0NT,GB,01697424083,True,,True,10006,False,False,,,,,,,WalkIn,False,False,False
3649,MOTO Trowell North FC,52.96262204,-1.267572594,,Trowell,NG9 3PL,GB,01158226035,True,,True,10006,False,False,,,,,,,WalkIn,False,False,False
3650,"Cardiff, U21 Mermaid Quay",51.463474222378,-3.165360155803,,Cardiff,CF10 5BZ,GB,02920032676,True,,False,,False,False,,,,,,,WalkIn|ClickAndCollect|JustEat|JustEatCollection|UberEatsDelivery|UberEatsCollection,True,True,True
3651,"Chester, Greyhound RP",53.19616134,-2.91474411,,Chester,CH1 4QG,GB,01244918744,True,,False,,False,False,,,,,,,WalkIn|ClickAndCollect|JustEat|JustEatCollection|UberEatsDelivery|UberEatsCollection,True,True,True
3653,"Longbenton, Quorum Retail Pde",55.02036422,-1.582240873,Dukes Walk,Longbenton,NE12 8BS,GB,01914065595,True,False,False,,False,False,False,False,False,False,SDGO,1969-12-31T23:00:00Z,WalkIn|ClickAndCollect|JustEat|JustEatCollection|UberEatsDelivery|UberEatsCollection,True,True,True
3654,"Cumnock, U7 Townhead St",55.45425,-4.262144651,50 Town Head Street,Cumnock,KA18 1LD,GB,01290430119,True,,False,,False,False,,,,,,,WalkIn|ClickAndCollect,False,False,True
3656,"Mablethorpe, 37 High St",53.34141774,0.260590076,37 High Street,Mablethorpe,LN12 1AX,GB,01507430352,True,,False,,False,False,,,,,,,WalkIn,False,False,False
3657,"Outlet: Bradford, 45 Great Hor",53.79092963,-1.762405357,45 Great Horton Road,Bradford,BD7 1AZ,GB,01274957634,True,False,False,,False,False,False,False,False,False,SDLE,2021-03-26T00:00:00Z,WalkIn,False,False,False
3658,APPLEGREEN M1 Belfast,54.52607146,-6.002498814,M1 Southbound,Tullynacross,BT27 5TL,GB,02890025840,True,,True,10008,False,False,,,,,,,WalkIn,False,False,False
3660,"Peacehaven, 165 South Coast Rd",50.79047096,0.00471284,165 South Coast Road,Peacehaven,BN10 8NP,GB,01273007906,True,,False,,False,False,,,,,,,WalkIn|ClickAndCollect|JustEat|JustEatCollection|UberEatsDelivery|UberEatsCollection,True,True,True
3661,"Birmingham, 41 High St",52.47929612,-1.894432995,41 High Street,Birmingham,B4 7SL,GB,01216612697,True,,False,,False,False,,,,,,,WalkIn|ClickAndCollect|JustEat|JustEatCollection|UberEatsDelivery|UberEatsCollection,True,True,True
3662,"Stocksbridge, UA4 Fox Valley R",53.48326418,-1.589355357,6 Fox Valley Way,Stocksbridge,S36 2AA,GB,01143214045,True,False,False,,False,False,False,False,False,False,SDLE,2016-06-15T23:00:00Z,WalkIn|ClickAndCollect|UberEatsDelivery|UberEatsCollection,False,True,True
3663,"Pudsey, 14 Church Ln",53.79590903,-1.663932872,14 Church Lane,Pudsey,LS28 7TY,GB,01135177595,True,,False,,False,False,,,,,,,WalkIn|ClickAndCollect|JustEat|JustEatCollection|UberEatsDelivery|UberEatsCollection,True,True,True
3664,ASDA EXPRESS Locksheath,50.87229714,-1.27125174,Bridge Road,Southampton,SO31 7ZE,GB,01489358832,True,,True,10004,False,False,,,,,,,WalkIn,False,False,False
3665,ASDA EXPRESS Ivy Cross,51.010620762976,-2.1927741377,1 Ivy Cross,Shaftesbury,SP7 8DS,GB,01747441186,True,,True,10004,False,False,,,,,,,WalkIn,False,False,False
3666,ASDA EXPRESS Browns Blue,52.70086265,-1.305425858,32 Shaw Lane,Markfield,LE67 9PU,GB,01530441290,True,False,True,10004,False,False,False,False,False,False,SDBI,1969-12-31T23:00:00Z,WalkIn,False,False,False
3667,"Chippenham, 23 High St",51.45856812,-2.11529799,23 High Street,Chippenham,SN15 3EU,GB,01249477325,True,,False,,False,False,,,,,,,WalkIn|ClickAndCollect|JustEat|JustEatCollection|UberEatsDelivery|UberEatsCollection,True,True,True
3668,"Reading, 38 Market Place",51.45554874,-0.969826531,38 Market Place,Reading,RG1 2DE,GB,01182053381,True,,False,,False,False,,,,,,,WalkIn|ClickAndCollect|JustEat|JustEatCollection|UberEatsDelivery|UberEatsCollection,True,True,True
3669,ASDA EXPRESS Acorn,51.65076744,-1.5773562,Park Road,Faringdon,SN7 7BU,GB,01367700626,True,,True,10004,False,False,,,,,,,WalkIn,False,False,False
3670,ASDA EXPRESS Elstree Hill,51.6376959,-0.3040372,Elstree Hill South,Watford,WD6 3BL,GB,02038898673,True,,True,10004,False,False,,,,,,,WalkIn,False,False,False
3671,ASDA EXPRESS Coronation,53.84031413,-1.470353164,213 Wetherby Road,Leeds,LS17 8ND,GB,01135177601,True,,True,10004,False,False,,,,,,,WalkIn,False,False,False
3672,ASDA EXPRESS St Matthews,54.95973873,-1.491026319,York Avenue,Jarrow,NE32 5JX,GB,01914066978,True,,True,10004,False,False,,,,,,,WalkIn,False,False,False
3673,ASDA EXPRESS Billinge,53.52395656,-2.716417156,275 Upholland Road,Billinge Wigan,WN5 7DN,GB,01695661273,True,,True,10004,False,False,,,,,,,WalkIn,False,False,False
3674,ASDA EXPRESS Denham,51.56888654,-0.504426161,Denham,Uxbridge,UB9 4DF,GB,01895541857,True,,True,10004,False,False,,,,,,,WalkIn,False,False,False
3675,ASDA EXPRESS Wiloughby Hedge,51.10147173,-2.185581397,West Knoyle,Warminster,BA12 6AQ,GB,01747441185,True,,True,10004,False,False,,,,,,,WalkIn,False,False,False
3676,"Dundee, 80 High St",56.46141627,-2.969202098,80 High Street,Dundee,DD1 1SD,GB,01382238180,True,,False,,False,False,,,,,,,WalkIn|ClickAndCollect|JustEat|JustEatCollection,True,False,True
3677,"Mexborough, 26 High St",53.49351873,-1.289054144,26/28 High Street,Mexborough,S64 9AS,GB,01709913507,True,False,False,,False,False,False,False,False,False,SDLE,2016-12-01T00:00:00Z,WalkIn|ClickAndCollect|JustEat|JustEatCollection|UberEatsDelivery|UberEatsCollection,True,True,True
3678,ASDA EXPRESS Greencroft,53.55665924,-2.316776889,New Road,Radcliffe,M26 1LS,GB,01618419196,True,,True,10004,False,False,,,,,,,WalkIn,False,False,False
3682,"Edinburgh, 2 Shandwick Pl",55.95015313,-3.208560727,2/4 Shandwick Place,Edinburgh,EH2 4RN,GB,01312873341,True,False,False,,False,False,False,False,False,False,SDCL,2016-06-20T23:00:00Z,WalkIn|ClickAndCollect|JustEat|JustEatCollection|UberEatsDelivery|UberEatsCollection,True,True,True
3683,"Kirkcaldy, U5 The Mercat CTR",56.10940417,-3.15902788,Kirkcaldy,Kirkcaldy,KY1 1NX,GB,01592407643,True,,False,,False,False,,,,,,,WalkIn|ClickAndCollect|JustEat|JustEatCollection|UberEatsDelivery|UberEatsCollection,True,True,True
3685,"Aylesbury, U12b Aylsbry RP, Cambridge Cl",51.81969465,-0.809000348,Cambridge Close,Aylesbury,HP20 1DG,GB,01296320221,True,,False,,False,False,,,,,,,WalkIn|ClickAndCollect|JustEat|JustEatCollection|UberEatsDelivery|UberEatsCollection,True,True,True
3688,"Dalgety Bay, U1 Hillend IP",56.04198119,-3.359638471,Ridge Way,Dalgety Bay,KY11 9AB,GB,01383347867,True,,False,,False,False,,,,,,,WalkIn|ClickAndCollect|JustEat|JustEatCollection,True,False,True
3690,"Belfast, 8 Donegall Square West",54.59671957,-5.93177333,8 Donegall Square West,Belfast,BT1 6JH,GB,02890025831,True,,False,,False,False,,,,,,,WalkIn|ClickAndCollect,False,False,True
3692,"Darlington, 7 North Rd RP",54.53568629,-1.552335019,7,Darlington,DL1 2EE,GB,01325524810,True,,False,,False,False,,,,,,,WalkIn|ClickAndCollect|JustEat|JustEatCollection|UberEatsDelivery|UberEatsCollection,True,True,True
3694,"Welshpool, 9 Broad St",52.66026383,-3.148009761,9/10 Broad Street,Welshpool,SY21 7RZ,GB,01938530186,True,,False,,False,False,,,,,,,WalkIn|ClickAndCollect,False,False,True
3695,"Belfast, U48 Kennedy Centre, Falls Rd",54.5804183,-5.9774359,Falls Road,Belfast,BT11 9AE,GB,02890025833,True,,False,,False,False,,,,,,,WalkIn|ClickAndCollect|JustEat|JustEatCollection|UberEatsDelivery|UberEatsCollection,True,True,True
3697,"Belfast, U3 Dargan Rd, Duncrue Serv Ctr",54.62929658,-5.913718857,7 Dargan Road,Belfast,BT3 9JZ,GB,02890025839,True,,False,,False,False,,,,,,,WalkIn,False,False,False
3700,"Taunton, U26 Orchard SC",51.01399056941,-3.10195043391,,Taunton,TA1 3TP,GB,01823214356,True,,False,,False,False,,,,,,,WalkIn|ClickAndCollect|JustEat|JustEatCollection|UberEatsDelivery|UberEatsCollection,True,True,True
3701,"Carmarthen, 11 Red St",51.857118850794,-4.308186788812,11/13 Red Street,Carmarthen,SA31 1QL,GB,01267612647,True,False,False,,False,False,False,False,False,False,SDTR,2016-12-03T00:00:00Z,WalkIn|ClickAndCollect|UberEatsDelivery|UberEatsCollection,False,True,True
3702,"Merthyr Tydfil, U6 Beacons Place SC",51.7455039,-3.3779801,Merthyr Tydfil,Merthyr Tydfil,CF47 8DF,GB,01685701646,True,,False,,False,False,,,,,,,WalkIn|ClickAndCollect|JustEat|JustEatCollection|UberEatsDelivery|UberEatsCollection,True,True,True
3703,"Newbridge, 16 High St",51.66480748,-3.144956105,16/18 High Street,Newbridge,NP11 4EZ,GB,01495361219,True,False,False,,False,False,False,False,False,False,SDTR,2017-05-01T23:00:00Z,WalkIn|ClickAndCollect|JustEat|JustEatCollection|UberEatsDelivery|UberEatsCollection,True,True,True
3704,"Exeter, Marsh Barton TE, U12 T",50.70694747,-3.529586415,Trusham Road,Exeter,EX2 8QH,GB,01392343735,True,False,False,,False,False,False,False,False,False,SDTR,2017-01-26T00:00:00Z,WalkIn|ClickAndCollect|JustEat|JustEatCollection,True,False,True
3705,"Newbury, U2, 125 London Rd",51.40553014,-1.314470867,125 London Road,Newbury,RG14 2BX,GB,01635881628,True,,False,,False,False,,,,,,,WalkIn|ClickAndCollect|JustEat|JustEatCollection|UberEatsDelivery|UberEatsCollection,True,True,True
3706,"Bridgend, U7 Bridgend SC, Brackla St",51.50434406,-3.576312017,Brackla Street,Bridgend,CF31 1DD,GB,01656 333897,True,,False,,False,False,,,,,,,WalkIn|ClickAndCollect|JustEat|JustEatCollection|UberEatsDelivery|UberEatsCollection,True,True,True
3708,"Accrington, 2 Broadway",53.75384696,-2.36479334,2 Broadway,Accrington,BB5 1ET,GB,01254946910,True,,False,,False,False,,,,,,,WalkIn|ClickAndCollect|JustEat|JustEatCollection|UberEatsDelivery|UberEatsCollection,True,True,True
3711,ASDA EXPRESS Wimborne,50.78943426,-2.013669621,Dorchester Road,Wimborne,BH21 3HA,GB,01202120029,True,,True,10004,False,False,,,,,,,WalkIn,False,False,False
3712,ASDA EXPRESS Heston,51.48837972,-0.371528657,270 Heston Road,Hounslow,TW5 0RG,GB,02038898596,True,,True,10004,False,False,,,,,,,WalkIn,False,False,False
3716,"Ayr, 85 High St",55.46298221,-4.630574523,85 High Street,Ayr,KA7 1QL,GB,01292431714,True,False,False,,False,False,False,False,False,False,SDCL,2016-09-08T23:00:00Z,WalkIn|ClickAndCollect|JustEat|JustEatCollection,True,False,True
3717,"Portsmouth, U6 Portsmouth RP",50.84660039,-1.095763196,,Portsmouth,PO6 4FG,GB,02392004608,True,,False,,False,False,,,,,,,WalkIn|ClickAndCollect|JustEat|JustEatCollection|UberEatsDelivery|UberEatsCollection,True,True,True
3719,"Bridgeton, 613 London Rd",55.84947475,-4.227007015,613 London Road,Bridgeton,G40 1NE,GB,01417267387,True,,False,,False,False,,,,,,,WalkIn|ClickAndCollect|UberEatsDelivery|UberEatsCollection,False,True,True
3720,"Glasgow, 172 Argyle St",55.85843054,-4.256359424,172 Argyle Street,Glasgow,G2 8BT,GB,01417267362,True,,False,,False,False,,,,,,,WalkIn|ClickAndCollect|JustEat|JustEatCollection|UberEatsDelivery|UberEatsCollection,True,True,True
3722,"Portsmouth, 240 Commercial Rd",50.80208948,-1.087955511,240 Commercial Road,Portsmouth,PO1 1HG,GB,02392004659,True,,False,,False,False,,,,,,,WalkIn|ClickAndCollect|JustEat|JustEatCollection|UberEatsDelivery|UberEatsCollection,True,True,True
3723,"Melksham, 29 High St",51.37327474,-2.138217335,29/33 High Street,Melksham,SN12 6JY,GB,01225234629,True,,False,,False,False,,,,,,,WalkIn|ClickAndCollect|JustEat|JustEatCollection|UberEatsDelivery|UberEatsCollection,True,True,True
3724,"Redditch, 8 Kingfisher Wlk",52.30606142,-1.943651305,8/9 Kingfisher Walk,Redditch,B97 4EY,GB,01527912817,True,False,False,,False,False,False,False,False,False,SDBI,2016-08-26T23:00:00Z,WalkIn|ClickAndCollect|JustEat|JustEatCollection|UberEatsDelivery|UberEatsCollection,True,True,True
3729,"Swindon, 13 Canal Walk",51.56099537,-1.786002082,13 Canal Walk,Swindon,SN1 1LD,GB,01793224335,True,,False,,False,False,,,,,,,WalkIn|ClickAndCollect|JustEat|JustEatCollection|UberEatsDelivery|UberEatsCollection,True,True,True
3730,"Cardiff, 34 Queen St",51.48103503,-3.176370233,34 Queen Street,Cardiff,CF10 2BY,GB,02920025965,True,,False,,False,False,,,,,,,WalkIn|ClickAndCollect|JustEat|JustEatCollection|UberEatsDelivery|UberEatsCollection,True,True,True
3733,"Ipswich, U3 Ipswich Station, Burrwell Rd",52.05061112,1.144260571,Burwell Road,Ipswich,IP2 8AL,GB,01473357424,True,,False,,False,False,,,,,,,WalkIn,False,False,False
3734,"Dover, U23 St James St",51.1253546,1.315394667,St James Street,Dover,CT16 1QD,GB,01304744032,True,,False,,False,False,,,,,,,WalkIn|ClickAndCollect|JustEat|JustEatCollection|UberEatsDelivery|UberEatsCollection,True,True,True
3735,"Eastbourne, U17 Arndale Ctr",50.76920087,0.285082,,Eastbourne,BN21 3NW,GB,01323403921,True,,False,,False,False,,,,,,,WalkIn|ClickAndCollect|JustEat|JustEatCollection|UberEatsDelivery|UberEatsCollection,True,True,True
3736,"Preston, 91 Fishergate",53.75783855,-2.704058154,91 Fishergate,Preston,PR1 2NJ,GB,01772288509,True,False,False,,False,False,False,False,False,False,SDMA,2016-07-22T23:00:00Z,WalkIn|ClickAndCollect|JustEat|JustEatCollection|UberEatsDelivery|UberEatsCollection,True,True,True
3737,"Bournemouth, 35 Commercial Rd",50.72044682,-1.883024408,35 Commercial Road,Bournemouth,BH2 5RH,GB,01202120024,True,,False,,False,False,,,,,,,WalkIn|ClickAndCollect|JustEat|JustEatCollection|UberEatsDelivery|UberEatsCollection,True,True,True
3738,"Dagenham, 214 Heathway",51.54072442,0.148328579,214/216 Heathway,Dagenham,RM10 8QS,GB,02038898579,True,,False,,False,False,,,,,,,WalkIn|ClickAndCollect|JustEat|JustEatCollection|UberEatsDelivery|UberEatsCollection,True,True,True
3740,ASDA EXPRESS Fareham,50.84480048,-1.182912142,86 Gosport Road,Fareham,PO16 0QW,GB,01329236298,True,,True,10004,False,False,,,,,,,WalkIn,False,False,False
3743,BLAKEMORE Laceby,53.53589,-0.181431021,Barton Street,Laceby,DN37 7LG,GB,01472400065,True,,True,10000,False,False,,,,,,,WalkIn,False,False,False
3744,ASDA EXPRESS Rawmarsh,53.46675677,-1.339519386,Dale Road,Sheffield,S62 7BY,GB,01709222889,True,,True,10004,False,False,,,,,,,WalkIn,False,False,False
3745,ASDA EXPRESS Mead,51.53238232,-0.371007162,Ruislip Road,Greenford,UB6 9RP,GB,02038898595,True,,True,10004,False,False,,,,,,,WalkIn,False,False,False
3746,ASDA EXPRESS Frimley Road,51.32527166,-0.754834927,156 Frimley Road,Camberley,GU15 2QL,GB,01276733029,True,,True,10004,False,False,,,,,,,WalkIn,False,False,False
3752,ASDA EXPRESS Ashby,52.75132621,-1.449173017,Nottingham Road,Leicester,LE65 1JP,GB,01530441292,True,,True,10004,True,False,,,,,,,WalkIn|DriveThru,False,False,False
3755,ASDA EXPRESS Gaydon,52.18381999,-1.465464054,Banbury Road,Gaydon,CV35 0HA,GB,01926352028,True,,True,10004,False,False,,,,,,,WalkIn,False,False,False
3757,ASDA EXPRESS Haslemere,51.08795093,-0.732547682,Hindhead Road,Haselmere,GU27 1LE,GB,01428771075,True,,True,10004,False,False,,,,,,,WalkIn,False,False,False
3758,ASDA EXPRESS Kirkaldy,56.12747686,-3.171968511,Henry Road,Fife,KY2 5DS,GB,01592407642,True,,True,10004,False,False,,,,,,,WalkIn,False,False,False
3761,ASDA EXPRESS Weymouth,50.61537786,-2.455510694,King Street,Weymouth,DT4 7BJ,GB,01305233711,True,,True,10004,False,False,,,,,,,WalkIn,False,False,False
3762,ASDA EXPRESS South Park,56.1951165,-3.19620361,1 Roxburgh Road,Glenrothes,KY6 1PD,GB,01592407646,True,,True,10004,False,False,,,,,,,WalkIn,False,False,False
3766,"Bolton, 64 Deansgate",53.57982065,-2.430080855,64/66 Deansgate,Bolton,BL1 1BG,GB,01204968317,True,,False,,False,False,,,,,,,WalkIn|ClickAndCollect|JustEat|JustEatCollection|UberEatsDelivery|UberEatsCollection,True,True,True
3767,"Chesterfield, 8 Burlington St",53.23597143,-1.426851308,8/12 Burlington Street,Chesterfield,S40 1RR,GB,01246382682,True,,False,,False,False,,,,,,,WalkIn|ClickAndCollect|JustEat|JustEatCollection|UberEatsDelivery|UberEatsCollection,True,True,True
3768,"Wakefield, U7 Snowhill",53.69664087,-1.507255448,,Wakefield,WF1 2UJ,GB,01924667548,True,,False,,False,False,,,,,,,WalkIn|ClickAndCollect|JustEat|JustEatCollection|UberEatsDelivery|UberEatsCollection,True,True,True
3769,"Basingstoke, UB Chiswick Hse",51.266214682373,-1.087377790535,,Basingstoke,RG21 7LD,GB,01256631675,True,,False,,False,False,,,,,,,WalkIn|ClickAndCollect|JustEat|JustEatCollection|UberEatsDelivery|UberEatsCollection,True,True,True
3770,"Ipswich, U6 Rosehill SC, 9 Hines Rd",52.04782335,1.181800637,9 Hines Road,Ipswich,IP3 9BG,GB,01473357426,True,,False,,False,False,,,,,,,WalkIn|ClickAndCollect|JustEat|JustEatCollection|UberEatsDelivery|UberEatsCollection,True,True,True
3771,"Woking, U136 Woking SC, 33 Wolsey Wlk",51.319496296218,-0.558937862181,33 Wolsey Walk,Woking,GU21 6XX,GB,01483931682,True,,False,,False,False,,,,,,,WalkIn|ClickAndCollect|JustEat|JustEatCollection|UberEatsDelivery|UberEatsCollection,True,True,True
3772,"Belfast, 4 Castle Lane",54.5985753,-5.928144933,4/6 Castle Lane,Belfast,BT1 5DA,GB,02890025834,True,,False,,False,False,,,,,,,WalkIn|ClickAndCollect,False,False,True
3773,"Coventry, U1d Warwickshire SP, Kynner Wy",52.398327,-1.433600753,Kynner Way,Coventry,CV3 2SB,GB,02475103346,True,,False,,False,False,,,,,,,WalkIn|ClickAndCollect|JustEat|JustEatCollection|UberEatsDelivery|UberEatsCollection,True,True,True
3775,"Basingstoke, UK10 Basingstoke Bus Statn",51.26617718,-1.085567231,Bus Station,Basingstoke,RG21 7BE,GB,01256631673,True,,False,,False,False,,,,,,,WalkIn|ClickAndCollect|JustEat|JustEatCollection,True,False,True
3776,"Ipswich, 41 Woodbridge Rd East",52.06150624,1.198195116,41 Woodbridge Road East,Ipswich,IP4 5QN,GB,01473357427,True,,False,,False,False,,,,,,,WalkIn|ClickAndCollect|JustEat|JustEatCollection|UberEatsDelivery|UberEatsCollection,True,True,True
3779,"Edinburgh, 6 Lady Rd, U14 Cameron Tol SC",55.92733,-3.16422,6 Lady Road,Edinburgh,EH16 5PB,GB,01312873378,True,,False,,False,False,,,,,,,WalkIn|ClickAndCollect|JustEat|JustEatCollection|UberEatsDelivery|UberEatsCollection,True,True,True
3780,"Redditch, Moons Moat Dr",52.31250195,-1.888375139,Moons Moat Drive,Redditch,B98 9HN,GB,01527912816,True,False,False,,False,False,False,False,False,False,SDBI,2018-06-06T23:00:00Z,WalkIn|ClickAndCollect|JustEat|JustEatCollection|UberEatsDelivery|UberEatsCollection,True,True,True
3781,"Trowbridge, U5 Cradle Bridge, County Wy",51.3174111,-2.206971948,County Way,Trowbridge,BA14 8FS,GB,01225234630,True,,False,,False,False,,,,,,,WalkIn|ClickAndCollect|JustEat|JustEatCollection|UberEatsDelivery|UberEatsCollection,True,True,True
3782,EG On The Move Formby,53.5687674,-3.04831963,Southport Old Road,Formby,L37 7AE,GB,01704874711,True,,True,10081,False,False,,,,,,,WalkIn|ClickAndCollect,False,False,True
3783,ASDA EXPRESS Hexham,54.97873067,-2.091857644,Rotary Way,Hexham,NE46 4DL,GB,01434629018,True,,True,10004,False,False,,,,,,,WalkIn,False,False,False
3784,"Leeds, Belgrave RP, Town St",53.80695276,-1.662257228,Town Street,Pudsey,LS28 6EZ,GB,01135177596,True,,False,,False,False,,,,,,,WalkIn|ClickAndCollect|JustEat|JustEatCollection|UberEatsDelivery|UberEatsCollection,True,True,True
3785,"Huddersfield, Leeds Road RP",53.65752443,-1.769194865,,Huddersfield,HD1 6PF,GB,01484502966,True,,False,,False,False,,,,,,,WalkIn|ClickAndCollect|JustEat|JustEatCollection,True,False,True
3786,"Mansfield, U7 Old Mill Lane IE",53.15738927,-1.187107069,Old Mill Lane,Mansfield,NG19 9BG,GB,01623701792,True,,False,,False,False,,,,,,,WalkIn|ClickAndCollect|JustEat|JustEatCollection|UberEatsDelivery|UberEatsCollection,True,True,True
3787,"Peterborough, U94 Queensgate SC",52.574402352516,-0.245624769904,,Peterborough,PE1 1NS,GB,01733306099,True,,False,,False,False,,,,,,,WalkIn|ClickAndCollect|JustEat|JustEatCollection|UberEatsDelivery|UberEatsCollection,True,True,True
3793,"Sunderland, 18 Fawcett St",54.90619365,-1.38153433,18 Fawcett Street,Sunderland,SR1 1RH,GB,01915946789,True,,False,,False,False,,,,,,,WalkIn|ClickAndCollect|JustEat|JustEatCollection,True,False,True
3794,"Durham, U3 Dragonville RP",54.77607737,-1.54090195,Durham,Durham,DH1 2WP,GB,01913230120,True,,False,,False,False,,,,,,,WalkIn|ClickAndCollect|JustEat|JustEatCollection|UberEatsDelivery|UberEatsCollection,True,True,True
3796,ASDA EXPRESS Circle,53.45707623,-2.336572893,Audley Avenue,Stretford,M32 9TR,GB,01618419200,True,,True,10004,False,False,,,,,,,WalkIn,False,False,False
3798,ASDA EXPRESS Broadwater,51.88821085,-0.186902975,Broadwater Crescent,Stevenage,SG2 8EH,GB,01462412667,True,,True,10004,False,False,,,,,,,WalkIn,False,False,False
3800,EG On The Move Millfarm,53.81601973,-2.89519359,Fleetwood Road,Wesham,PR4 3HD,GB,01772288523,True,,True,10081,False,False,,,,,,,WalkIn|ClickAndCollect,False,False,True
3801,ASDA EXPRESS Shrewsbury,52.68212863,-2.760009253,Hereford Road,Bayston Hill,SY3 0DA,GB,01743329664,True,,True,10004,False,False,,,,,,,WalkIn,False,False,False
3805,"Leicester, 15 Gallowtree Gate",52.63569536,-1.132870217,15/17 Gallowtree Gate,Leicester,LE1 5AD,GB,01164784138,True,,False,,False,False,,,,,,,WalkIn|ClickAndCollect|JustEat|JustEatCollection|UberEatsDelivery|UberEatsCollection,True,True,True
3810,"Thornaby, U6 Fleck Wy, Teesside IE",54.52763043,-1.292566277,Fleck Way,Thornaby,TS17 9LN,GB,01642573702,True,,False,,False,False,,,,,,,WalkIn|ClickAndCollect|JustEat|JustEatCollection|UberEatsDelivery|UberEatsCollection,True,True,True
3811,"Bracknell, Western TC, Western Rd",51.41693919,-0.769930531,Western Road,Bracknell,RG12 1RW,GB,01344202408,True,,False,,False,False,,,,,,,WalkIn|ClickAndCollect|JustEat|JustEatCollection,True,False,True
3812,"Shrewsbury, U1 Shrewsbury BP",52.69033197,-2.722067857,Plot 30 Anchorage Avenue,Shrewsbury,SY2 6LG,GB,01743291665,True,,False,,False,False,,,,,,,WalkIn|ClickAndCollect|JustEat|JustEatCollection|UberEatsDelivery|UberEatsCollection,True,True,True
3813,"Dumfries, U7 Dumfries RP",55.07875472,-3.62263817,,Dumfries,DG2 0NU,GB,01387214083,True,,False,,False,False,,,,,,,WalkIn|ClickAndCollect|JustEat|JustEatCollection|UberEatsDelivery|UberEatsCollection,True,True,True
3814,"Milton Keynes, Westcroft District Ctr",52.00450328,-0.794767664,Barnsdale Drive,Westcroft,MK4 4DD,GB,01908015394,True,,False,,False,False,,,,,,,WalkIn|ClickAndCollect|JustEat|JustEatCollection|UberEatsDelivery|UberEatsCollection,True,True,True
3816,"Cardiff, U3 BBC Building, Central Sq",51.4768386,-3.179075178,Central Square,Cardiff,CF10 1EP,GB,02920032671,True,,False,,False,False,,,,,,,WalkIn|ClickAndCollect,False,False,True
3817,"Glasgow, 2224 London Rd",55.83604238,-4.159152491,2224 London Road,Glasgow,G32 8YG,GB,01417267416,True,,False,,False,False,,,,,,,WalkIn|ClickAndCollect|JustEat|JustEatCollection|UberEatsDelivery|UberEatsCollection,True,True,True
3818,"Haddington, 29 Market St",55.95586924,-2.777547946,29 Market Street,Haddington,EH41 3JE,GB,01620670400,True,,False,,False,False,,,,,,,WalkIn|ClickAndCollect,False,False,True
3819,"Stevenston, U3 Ashenyards RP",55.64894555,-4.731632454,Stevenston Road,Stevenston,KA20 3EG,GB,01294442656,True,,False,,False,False,,,,,,,WalkIn|ClickAndCollect|JustEat|JustEatCollection|UberEatsDelivery|UberEatsCollection,True,True,True
3820,"Bangor, 70 Main St",54.66137115,-5.668195738,70/72 Main Street,Bangor,BT20 5AE,GB,02891243072,True,,False,,False,False,,,,,,,WalkIn|ClickAndCollect|JustEat|JustEatCollection|UberEatsDelivery|UberEatsCollection,True,True,True
3821,"Colchester, 58 St Christopher Rd",51.90297226,0.929127001,58 St Christopher Road,Colchester,CO4 0NB,GB,01206695456,True,,False,,False,False,,,,,,,WalkIn|ClickAndCollect|JustEat|JustEatCollection|UberEatsDelivery|UberEatsCollection,True,True,True
3822,"Belfast, U5 Twin Spires Complex",54.59963656,-5.947917814,155 Northumberland Street,Belfast,BT13 2JF,GB,02890025836,True,,False,,False,False,,,,,,,WalkIn|ClickAndCollect|JustEat|JustEatCollection,True,False,True
3823,MFG Purfleet,51.48602644,0.244228998,Arterial Road,Purfleet,RM19 1TS,GB,01708599372,True,,True,10026,False,False,,,,,,,WalkIn,False,False,False
3824,MFG Robin Hood,51.41625985,-0.251266302,325 Robin Hood Way,Raynes Park,SW20 0AB,GB,02038898672,True,,True,10026,False,False,,,,,,,WalkIn,False,False,False
3827,"Weymouth, 21 St Mary St",50.60972061,-2.453903092,21 St Mary Street,Weymouth,DT4 8PN,GB,01305233712,True,,False,,False,False,,,,,,,WalkIn|ClickAndCollect|JustEat|JustEatCollection|UberEatsDelivery|UberEatsCollection,True,True,True
3828,"London, 243 Whitechapel Rd",51.51915071,-0.060929509,243 Whitechapel Road,London,E1 1DB,GB,02038898482,True,,False,,False,False,,,,,,,WalkIn|ClickAndCollect|JustEat|JustEatCollection|UberEatsDelivery|UberEatsCollection,True,True,True
3830,"Lisburn, U10 Wallace Building, Market Pl",54.51120339,-6.048450907,Market Place,Lisburn,BT28 1AN,GB,02892440986,True,,False,,False,False,,,,,,,WalkIn|ClickAndCollect|JustEat|JustEatCollection|UberEatsDelivery|UberEatsCollection,True,True,True
3831,"Hemel Hempstead, U7 Maylands Ave",51.75935735,-0.438234817,Maylands Avenue,Hemel Hempstead,HP2 4SE,GB,01442501649,True,,False,,False,False,,,,,,,WalkIn|ClickAndCollect|JustEat|JustEatCollection|UberEatsDelivery|UberEatsCollection,True,True,True
3833,EG On The Move Rivington South,53.60043812,-2.572846705,,Rivington,BL6 5UZ,GB,01204698015,True,,True,10081,False,False,,,,,,,WalkIn|ClickAndCollect,False,False,True
3834,EG On The Move Rivington North,53.5992,-2.57402,,Rivington,BL6 5UZ,GB,01204968318,True,,True,10081,False,False,,,,,,,WalkIn|ClickAndCollect,False,False,True
3835,ASDA EXPRESS Folly Tower,51.69282121,-3.021125648,,Pontypool,NP4 0XB,GB,01495361635,True,,True,10004,False,False,,,,,,,WalkIn,False,False,False
3836,ASDA EXPRESS Banbury,52.04279939,-1.327561977,Oxford Road,Banbury,OX15 4AB,GB,01295233118,True,,True,10004,False,False,,,,,,,WalkIn,False,False,False
3838,"Sheffield, UJ St James RP, Bochum Parkwy",53.32822213,-1.467160258,Bochum Parkway,Sheffield,S8 8BR,GB,01143214005,True,,False,,False,False,,,,,,,WalkIn|ClickAndCollect|JustEat|JustEatCollection|UberEatsDelivery|UberEatsCollection,True,True,True
3839,ASDA EXPRESS Fullarton,55.83913019,-4.176666605,2101 London Road,Glasgow,G32 8XQ,GB,01417267415,True,,True,10004,False,False,,,,,,,WalkIn,False,False,False
3840,"Swansea, 63 Alexandra Rd",51.6248597,-3.942358102,63 Alexandra Road,Swansea,SA1 5BD,GB,01792001443,True,,False,,False,False,,,,,,,WalkIn|ClickAndCollect|JustEat|JustEatCollection,True,False,True
3842,"Barnstaple, 61 High St",51.0819775,-4.061423,61 High Street,Barnstaple,EX31 1JB,GB,01271544389,True,,False,,False,False,,,,,,,WalkIn|ClickAndCollect|JustEat|JustEatCollection|UberEatsDelivery|UberEatsCollection,True,True,True
3843,"Torquay, U20 Union Square SC",50.467342038443,-3.529231427888,,Torquay,TQ1 3UT,GB,01803222858,True,,False,,False,False,,,,,,,WalkIn|ClickAndCollect|JustEat|JustEatCollection|UberEatsDelivery|UberEatsCollection,True,True,True
3846,"Ipswich, Quantum BP, 38 White House Rd",52.08108277,1.116763283,38 White House Road,Ipswich,IP1 5NX,GB,01473357422,True,,False,,False,False,,,,,,,WalkIn|ClickAndCollect|JustEat|JustEatCollection|UberEatsDelivery|UberEatsCollection,True,True,True
3847,"Sunderland, 31 St Lukes Tce",54.90829352,-1.414204508,31/33 St Lukes Terrace,Sunderland,SR4 6NQ,GB,01915946791,True,,False,,False,False,,,,,,,WalkIn|ClickAndCollect|JustEat|JustEatCollection,True,False,True
3848,"Cumbernauld, U4B South Muirhead Crt",55.94994251,-3.985931701,2 South Muirhead Court,Cumbernauld,G67 1AW,GB,01236802647,True,,False,,False,False,,,,,,,WalkIn|ClickAndCollect|JustEat|JustEatCollection|UberEatsDelivery|UberEatsCollection,True,True,True
3851,"Denny, U7 Stirling St",56.02380827,-3.908409952,Stirling Street,Denny,FK6 6DF,GB,01324461320,True,,False,,False,False,,,,,,,WalkIn|ClickAndCollect|JustEat|JustEatCollection|UberEatsDelivery|UberEatsCollection,True,True,True
3852,"Melksham, U3 Ashville Ctr, Commerce Way",51.35509171,-2.140384904,Commerce Way,Melksham,SN12 6AD,GB,01225234633,True,,False,,False,False,,,,,,,WalkIn|ClickAndCollect|JustEat|JustEatCollection|UberEatsDelivery|UberEatsCollection,True,True,True
3854,"Plymouth, 54 New George St",50.37157437,-4.143322889,54 New George Street,Plymouth,PL1 1RR,GB,01752425348,True,,False,,False,False,,,,,,,WalkIn|ClickAndCollect|JustEat|JustEatCollection|UberEatsDelivery|UberEatsCollection,True,True,True
3856,MOTO Leigh Delamere West FC,51.50932721,-2.162810399,,Chippenham,SN14 6LB,GB,01666330833,True,,True,10006,False,False,,,,,,,WalkIn,False,False,False
3857,MOTO Woolley Edge North,53.62169331,-1.550142255,Bramley Lane,West Bretton,WF4 4LQ,GB,01924667569,True,,True,10006,False,False,,,,,,,WalkIn,False,False,False
3858,MOTO Lancaster North,53.96166312,-2.76037101,White Carr Lane,Bay Horse,LA2 9DU,GB,01524917193,True,,True,10006,False,False,,,,,,,WalkIn,False,False,False
3859,MOTO Knutsford South FC,53.30073286,-2.4023016,Northwich Road,Knutsford,WA16 0TL,GB,01565740853,True,,True,10006,False,False,,,,,,,WalkIn,False,False,False
3860,MOTO Heston East FC,51.48850094,-0.386894251,Phoenix Way,Heston,TW5 9NB,GB,02038898601,True,,True,10006,False,False,,,,,,,WalkIn,False,False,False
3861,MOTO Hilton Park South,52.64313148,-2.057426256,,Essington,WV11 2AT,GB,01922664812,True,,True,10006,False,False,,,,,,,WalkIn,False,False,False
3862,MOTO Frankley South FC,52.42827008,-2.016602135,Illey Lane,Birmingham,B32 4AR,GB,01216612657,True,,True,10006,False,False,,,,,,,WalkIn,False,False,False
3865,MOTO Donington Park FC,52.82316474,-1.308496798,,Castle Donington,DE74 2TN,GB,01509272033,True,,True,10006,False,False,,,,,,,WalkIn,False,False,False
3867,"Port Glasgow, U38 Princes St",55.93444422,-4.689931469,Princes Street,Port Glasgow,PA14 5JQ,GB,01475601893,True,,False,,False,False,,,,,,,WalkIn|ClickAndCollect|JustEat|JustEatCollection,True,False,True
3870,"Inverurie, 5 Market Pl",57.28410419,-2.375165885,5 Market Place,Inverurie,AB51 3PU,GB,01467469061,True,,False,,False,False,,,,,,,WalkIn|ClickAndCollect,False,False,True
3873,APPLEGREEN M1 Northbound,54.525783689665,-6.00408781511,Tullyacross,Lisburn,BT27 5SE,GB,02892441119,True,,True,10008,False,False,,,,,,,WalkIn,False,False,False
3874,"Swansea, U4 New Cut Rd",51.62496375,-3.938344515,New Cut Road,Swansea,SA1 8AP,GB,01792001449,True,,False,,False,False,,,,,,,WalkIn|ClickAndCollect|JustEat|JustEatCollection|UberEatsDelivery|UberEatsCollection,True,True,True
3876,"Staines, U1 The Causeway",51.43444159,-0.529300664,The Causeway,Staines,TW18 3AY,GB,01784779341,True,,False,,False,False,,,,,,,WalkIn|ClickAndCollect|JustEat|JustEatCollection|UberEatsDelivery|UberEatsCollection,True,True,True
3877,"Sutton in Ashfield, Castlewood BP",53.11097168,-1.298355878,Farmwell Lane,Sutton in Ashfield,NG17 1BX,GB,01623701790,True,,False,,False,False,,,,,,,WalkIn|ClickAndCollect|JustEat|JustEatCollection|UberEatsDelivery|UberEatsCollection,True,True,True
3878,"Kidderminster, U2 Foley Dr",52.36313747,-2.266259772,Foley Drive,Kidderminster,DY11 7PT,GB,01562541074,True,,False,,False,False,,,,,,,WalkIn|ClickAndCollect|JustEat|JustEatCollection|UberEatsDelivery|UberEatsCollection,True,True,True
3879,"Carmarthen, U3 Parc Pensarn",51.85069102,-4.307637395,,Carmarthan,SA31 2BG,GB,01267612646,True,False,False,,False,False,False,False,False,False,SDTR,2018-12-28T00:00:00Z,WalkIn|ClickAndCollect|UberEatsDelivery|UberEatsCollection,False,True,True
3881,"Lowestoft, U5C Gateway RP",52.44647889,1.724130526,,Lowestoft,NR33 7NG,GB,01502441095,True,,False,,False,False,,,,,,,WalkIn|ClickAndCollect|JustEat|JustEatCollection|UberEatsDelivery|UberEatsCollection,True,True,True
3882,EG On The Move 5 Barred,53.76620584,-2.602693149,Spring Lane,Samlesbury,PR5 0UX,GB,01772877426,True,,True,10081,False,False,,,,,,,WalkIn,False,False,False
3883,EG On The Move Matrix,53.68688842,-2.667928542,Dawson Lane,Lancashire,PR7 7NA,GB,01772454707,True,,True,10081,False,False,,,,,,,WalkIn,False,False,False
3884,ASDA EXPRESS Nunney Catch,51.20129075,-2.376363619,Nunney Catch,Frome,BA11 4NZ,GB,01373481287,True,,True,10004,False,False,,,,,,,WalkIn,False,False,False
3885,"Canterbury, 126 Sturry Rd",51.28878341,1.096872326,126 Sturry Road,Canterbury,CT1 1HJ,GB,01227203630,True,,False,,False,False,,,,,,,WalkIn|ClickAndCollect|JustEat|JustEatCollection|UberEatsDelivery|UberEatsCollection,True,True,True
3887,"Liverpool, U9 Great Homer, District Ctr",53.42460527,-2.979450156,,Liverpool,L5 3LQ,GB,01513328180,True,,False,,False,False,,,,,,,WalkIn|ClickAndCollect|JustEat|JustEatCollection|UberEatsDelivery|UberEatsCollection,True,True,True
3889,"Irvine, New St",55.61195846,-4.674503726,New Street,Irvine,KA12 8NU,GB,01294442654,True,,False,,False,False,,,,,,,WalkIn|ClickAndCollect|JustEat|JustEatCollection|UberEatsDelivery|UberEatsCollection,True,True,True
3890,"Leigh, U3 Parsonage RP",53.49830514,-2.528383493,,Leigh,WN7 5SJ,GB,01942365230,True,,False,,False,False,,,,,,,WalkIn|ClickAndCollect|JustEat|JustEatCollection|UberEatsDelivery|UberEatsCollection,True,True,True
3891,"Andover, UC Walworth BP, Columbus Wy",51.21232195,-1.455038199,Columbus Way,Andover,SP10 5NP,GB,01264311619,True,,False,,False,False,,,,,,,WalkIn|ClickAndCollect|JustEat|JustEatCollection|UberEatsDelivery|UberEatsCollection,True,True,True
3892,"Birmingham, U2 Aston St",52.48562733,-1.890986806,Aston Street,Birmingham,B4 7DA,GB,01216612542,True,,False,,False,False,,,,,,,WalkIn|ClickAndCollect|JustEat|JustEatCollection|UberEatsDelivery|UberEatsCollection,True,True,True
3893,"London, U1 London Victoria Coach Stn",51.4923588,-0.148310277,164 Buckingham Palace Road,London,SW1W 9TP,GB,02038898526,True,,False,,False,False,,,,,,,WalkIn|ClickAndCollect,False,False,True
3894,"London, SU45 London Bridge Station",51.50434808,-0.084154586,,London,SE1 9SP,GB,02038898505,True,,False,,False,False,,,,,,,WalkIn|ClickAndCollect,False,False,True
3899,ASDA EXPRESS Lairds,53.38019718,-3.012917642,117 New Chester Road,Birkenhead,CH41 9BW,GB,01513328208,True,False,True,10004,False,False,False,False,False,False,SDMA,2017-03-03T00:00:00Z,WalkIn,False,False,False
3900,ASDA EXPRESS Wrexham,53.15904424,-2.909784287,Wrexham Road,Chester,CH4 9DE,GB,01244918746,True,,True,10004,False,False,,,,,,,WalkIn,False,False,False
4895,"Livingston, U96 The Centre",55.883348,-3.51527,Almondvale Boulevard,Livingston,EH54 6HS,GB,01506376632,True,,False,,False,False,,,,,,,WalkIn|ClickAndCollect|JustEat|JustEatCollection|UberEatsDelivery|UberEatsCollection,True,True,True
4897,"Wythenshawe, UA, The Hub, Ledson Rd",53.39289742,-2.292148152,4 Ledson Road,Wythenshawe,M23 9GB,GB,01618419234,True,,False,,False,False,,,,,,,WalkIn|ClickAndCollect|JustEat|JustEatCollection|UberEatsDelivery|UberEatsCollection,True,True,True
4898,"Llanrumney, 72 Countisbury Ave",51.52136817,-3.11937396,72 Countisbury Avenue,Llanrumney,CF3 5SN,GB,02920032692,True,,False,,False,False,,,,,,,WalkIn|ClickAndCollect|JustEat|JustEatCollection|UberEatsDelivery|UberEatsCollection,True,True,True
4899,"Thetford, U6 Stapleford Way",52.40644264,0.72778861,Stapleford Way,Thetford,IP24 3RZ,GB,01842771471,True,,False,,False,False,,,,,,,WalkIn|ClickAndCollect|JustEat|JustEatCollection|UberEatsDelivery|UberEatsCollection,True,True,True
4900,"Upminster, 72 Station Rd",51.55885702,0.250567758,72 Station Road,Upminster,RM14 2TD,GB,01708599360,True,False,False,,False,False,False,False,False,False,SDEN,2018-04-30T23:00:00Z,WalkIn|ClickAndCollect|JustEat|JustEatCollection|UberEatsDelivery|UberEatsCollection,True,True,True
4902,"Glasgow, U5, Level G Buchanan Galleries",55.86232844,-4.253157268,,Glasgow,G1 2GF,GB,01417267368,True,,False,,False,False,,,,,,,WalkIn|ClickAndCollect,False,False,True
4903,"Harrow, 51 St Anns Rd",51.58137357,-0.337429978,51 St Anns Road,Harrow,HA1 1JU,GB,02038898652,True,,False,,False,False,,,,,,,WalkIn|ClickAndCollect|JustEat|JustEatCollection|UberEatsDelivery|UberEatsCollection,True,True,True
4904,"Liversedge, U3b Fountain Crt",53.69769932,-1.698433935,Huddersfield Road,Liversedge,WF15 7QQ,GB,01924667557,True,,False,,False,False,,,,,,,WalkIn|ClickAndCollect|JustEat|JustEatCollection|UberEatsDelivery|UberEatsCollection,True,True,True
4906,"Grimsby, U2 Gilbey Rd",53.57823884,-0.107375793,Gilbey Road,Grimsby,DN31 2TN,GB,01472400064,True,,False,,False,False,,,,,,,WalkIn|ClickAndCollect|JustEat|JustEatCollection|UberEatsDelivery|UberEatsCollection,True,True,True
4907,ASDA EXPRESS Bickenhill,52.44484041,-1.721894259,Coventry Road,Solihull,B92 0EH,GB,01675620808,True,,True,10004,False,False,,,,,,,WalkIn,False,False,False
4908,ASDA EXPRESS Buckingham,51.98886366,-0.987409567,Buckingham Railway Walk,Buckingham,MK18 1RY,GB,01280730887,True,,True,10004,False,False,,,,,,,WalkIn,False,False,False
4910,ASDA EXPRESS Hayling Island,50.82233139,-0.981988694,181 Havant Road,Hampshire,PO11 0LG,GB,02392004652,True,,True,10004,False,False,,,,,,,WalkIn,False,False,False
4911,ASDA EXPRESS Marsh,51.98481355,-1.705097219,Stow Road,Moreton-in-Marsh,GL56 0DS,GB,01608692064,True,,True,10004,False,False,,,,,,,WalkIn,False,False,False
4914,ASDA EXPRESS South Petherton,50.94117318,-2.804127191,Harp Road,Somerset,TA13 5JG,GB,01460201307,True,,True,10004,False,False,,,,,,,WalkIn,False,False,False
4915,MFG Gate,51.28960192,0.994615148,A2 Dunkirk,Kent,ME13 9LN,GB,01227203629,True,,True,10026,False,False,,,,,,,WalkIn,False,False,False
4918,"Bolton, Bolton Interchange",53.57640818,-2.427644613,Great Moor Street,Bolton,BL1 1NS,GB,01204968315,True,,False,,False,False,,,,,,,WalkIn|ClickAndCollect|JustEat|JustEatCollection|UberEatsDelivery|UberEatsCollection,True,True,True
4920,"Irlam Gateway SS Drive Thru, Lverpool Rd",53.45672618,-2.401233515,Liverpool Road,Irlam,M44 6FW,GB,01618419209,True,,False,,True,False,,,,,,,WalkIn|ClickAndCollect|DriveThru|UberEatsDelivery|UberEatsCollection,False,True,True
4921,"Rhyl, U8 Marina Quay, West Pde",53.31490136,-3.504336673,West Parade,Rhyl,LL18 1LQ,GB,01745771268,True,,False,,False,False,,,,,,,WalkIn|ClickAndCollect|JustEat|JustEatCollection|UberEatsDelivery|UberEatsCollection,True,True,True
4922,"Teignmouth, 12 Wellington St",50.54623988,-3.49557169,12 Wellington Street,Teignmouth,TQ14 8HH,GB,01626241227,True,,False,,False,False,,,,,,,WalkIn|ClickAndCollect|UberEatsDelivery|UberEatsCollection,False,True,True
4923,"Paignton, 16 Victoria St",50.43565667,-3.567011769,16 Victoria Street,Paignton,TQ4 5DN,GB,01803222860,True,,False,,False,False,,,,,,,WalkIn|ClickAndCollect|JustEat|JustEatCollection|UberEatsDelivery|UberEatsCollection,True,True,True
4924,"Sutton, 194 High St",51.36579894,-0.19405744,194/196 High Street,Sutton,SM1 1NR,GB,02038898631,True,,False,,False,False,,,,,,,WalkIn|ClickAndCollect|JustEat|JustEatCollection|UberEatsDelivery|UberEatsCollection,True,True,True
4926,"Penkridge, U11 Boscomoor SC",52.71686898,-2.118909475,Wolverhampton Road,Penkridge,ST19 5NS,GB,01785331476,True,,False,,False,False,,,,,,,WalkIn|ClickAndCollect,False,False,True
4929,BLAKEMORE Upton,53.21913719,-2.878298924,143 Long Lane,Chester,CH2 1JF,GB,01244918743,True,,True,10000,False,False,,,,,,,WalkIn,False,False,False
4930,BLAKEMORE South Woodham,51.64916514,0.608955203,1 Warwick Parade,South Woodham Ferrers,CM3 5JT,GB,01245947294,True,,True,10000,False,False,,,,,,,WalkIn,False,False,False
4931,BLAKEMORE Raunds,52.34529825,-0.535969374,High Street,Raunds,NN9 6HS,GB,01933421638,True,,True,10000,False,False,,,,,,,WalkIn,False,False,False
4932,BLAKEMORE Elton,53.2727553,-2.812597944,Ince Lane,Chester,CH2 4LU,GB,01928241437,True,,True,10000,False,False,,,,,,,WalkIn,False,False,False
4933,HKS Sandringham,52.66006495,-1.114758257,270 Melton Road,Leicester,LE4 7PB,GB,01164784139,True,,True,10021,False,False,,,,,,,WalkIn,False,False,False
4934,HKS Corby,52.45881015,-0.736132038,Uppingham Road,Corby,NN18 8TJ,GB,01536212729,True,,True,10021,False,False,,,,,,,WalkIn,False,False,False
4935,"Aberdeen, 65A Wellington Rd",57.12972259,-2.091979023,65A Wellington Road,Aberdeen,AB12 3DP,GB,01224907119,True,,False,,False,False,,,,,,,WalkIn|ClickAndCollect|JustEat|JustEatCollection|UberEatsDelivery|UberEatsCollection,True,True,True
4936,"Lanark, U2, 40 High St",55.67339709,-3.778413799,40/42 High Street,Lanark,ML11 7EX,GB,01555700677,True,,False,,False,False,,,,,,,WalkIn|ClickAndCollect,False,False,True
4937,"Preston, U6 Sharoe Green Lane",53.79230045,-2.706560712,Sharoe Green Lane,Preston,PR2 9HD,GB,01772288532,True,False,False,,False,False,False,False,False,False,SDMA,2017-09-14T23:00:00Z,WalkIn|ClickAndCollect|JustEat|JustEatCollection,True,False,True
4938,MFG Landmark,50.40296429,-4.101758654,Forder Valley Road,Plymouth,PL6 8LE,GB,01752425351,True,,True,10026,False,False,,,,,,,WalkIn,False,False,False
4941,"Corby, U34 Corporation St",52.48789652,-0.701267596,Corporation Street,Corby,NN17 1NJ,GB,01536212720,True,,False,,False,False,,,,,,,WalkIn|ClickAndCollect|JustEat|JustEatCollection|UberEatsDelivery|UberEatsCollection,True,True,True
4942,ASDA EXPRESS Halt,52.26030633,-3.498086767,Halt A470 Llanwrthwl,Doldowlod,LD1 6NN,GB,01597730023,True,,True,10004,False,False,,,,,,,WalkIn,False,False,False
4943,ASDA EXPRESS Eye Green,52.61232885,-0.187350247,A47 Eastbound/Crowland Road,Peterborough,PE6 7SZ,GB,01733666851,True,,True,10004,False,False,,,,,,,WalkIn,False,False,False
4944,"Grindon, U4 Broadway House, Sprngwll Rd",54.89450275,-1.429649561,Springwell Road,Sunderland,SR4 8NW,GB,01915946781,True,,False,,False,False,,,,,,,WalkIn|ClickAndCollect|JustEat|JustEatCollection|UberEatsDelivery|UberEatsCollection,True,True,True
4945,"Coleraine, 13 Church St",55.1308927,-6.6681561,13/15 Church Street,Coleraine,BT52 1AW,GB,02870440330,True,,False,,False,False,,,,,,,WalkIn|ClickAndCollect|JustEat|JustEatCollection|UberEatsDelivery|UberEatsCollection,True,True,True
4948,"Glasgow, Easterhouse, Shandwick Sq SC",55.86853984,-4.121190084,Westerhouse Road,Easterhouse,G34 9DT,GB,01412123412,True,,False,,False,False,,,,,,,WalkIn|ClickAndCollect|JustEat|JustEatCollection,True,False,True
4951,ASDA EXPRESS Railway Exchange,53.0885455,-2.430505321,Weston Road,Crewe,CW1 6FL,GB,01270297100,True,,True,10004,False,False,,,,,,,WalkIn,False,False,False
4952,ASDA EXPRESS Kimmel Park East,53.274086707457,-3.305825017537,55 Expressway,Denbighshire,LL18 5XE,GB,01745771271,True,,True,10004,False,False,,,,,,,WalkIn,False,False,False
4953,ASDA EXPRESS Warminster,51.21789043,-2.19997577,Bath Road,Warminster,BA12 7RU,GB,01985800588,True,,True,10004,False,False,,,,,,,WalkIn,False,False,False
4954,"Manchester, 15A City Tower, Parker St",53.48009778,-2.237778905,Parker Street,Manchester,M1 4AJ,GB,01618419152,True,,False,,False,False,,,,,,,WalkIn|ClickAndCollect,False,False,True
4955,"Birmingham, U12 New Street Station",52.478,-1.89911,New Street Station,Birmingham,B2 4QA,GB,01216612696,True,,False,,False,False,,,,,,,WalkIn|ClickAndCollect,False,False,True
4956,"Woodley, 136 Crockhamwell Rd",51.45268133,-0.905208525,136/142 Crockhamwell Road,Woodley,RG5 3JH,GB,01182053387,True,,False,,False,False,,,,,,,WalkIn|ClickAndCollect|JustEat|JustEatCollection|UberEatsDelivery|UberEatsCollection,True,True,True
4957,WELCOME BREAK Spalding,52.76090576,-0.158653956,2 Goodison Road,Spalding,PE12 6FY,GB,01775661124,True,,True,10061,False,False,,,,,,,WalkIn,False,False,False
4958,WELCOME BREAK Spaldwick,52.34075854,-0.337377354,High Street,Spaldwick,PE28 0TD,GB,01480273968,True,,True,10061,False,False,,,,,,,WalkIn,False,False,False
4960,"Neath Abbey, U2 New Rd",51.66305361,-3.826972222,New Road,Neath Abbey,SA10 7NG,GB,01792001453,True,,False,,False,False,,,,,,,WalkIn|ClickAndCollect|JustEat|JustEatCollection|UberEatsDelivery|UberEatsCollection,True,True,True
4963,"Caerphilly, UC Castle View SC",51.5708311,-3.242155963,,Caerphilly,CF83 1SN,GB,02920032697,True,,False,,False,False,,,,,,,WalkIn|ClickAndCollect|JustEat|JustEatCollection|UberEatsDelivery|UberEatsCollection,True,True,True
4964,"Merthyr Tydfil, Pentrebach RP",51.72726867,-3.361175554,,Merthyr Tydfil,CF48 4TQ,GB,01685701648,True,,False,,False,False,,,,,,,WalkIn|ClickAndCollect|JustEat|JustEatCollection|UberEatsDelivery|UberEatsCollection,True,True,True
4966,"Newton Abbot, U3 Market Wlk SC",50.530506763586,-3.611050342868,,Newton Abbot,TQ12 2RX,GB,01626241226,True,,False,,False,False,,,,,,,WalkIn|ClickAndCollect|JustEat|JustEatCollection|UberEatsDelivery|UberEatsCollection,True,True,True
4968,London Westminster Underground Stn,51.501400120882,-0.125002074452,Bridge Street,London,SW1A 2JR,GB,02038898537,True,,False,,False,False,,,,,,,WalkIn|ClickAndCollect,False,False,True
4969,London North Greenwich Underground Stn,51.5003,-0.0032,Millennium Way,London,SE10 0PH,GB,02038898648,True,,False,,False,False,,,,,,,WalkIn|ClickAndCollect,False,False,True
4971,"Paisley, U2, 111 Ferguslie Rd",55.8399632,-4.459455878,111 Ferguslie Road,Paisley,PA1 2QT,GB,01417267430,True,,False,,False,False,,,,,,,WalkIn|ClickAndCollect|JustEat|JustEatCollection,True,False,True
4972,ASDA EXPRESS Wylfa,53.16579989,-3.124893197,Chester Road,Mold,CH7 1UE,GB,01352871711,True,,True,10004,False,False,,,,,,,WalkIn,False,False,False
4976,"Stafford, U4A Riverside, Bridg",52.8048103,-2.1123981,Bridge Street,Stafford,ST16 3AL,GB,01785331474,True,False,False,,False,False,False,False,False,False,SDBI,2017-11-21T00:00:00Z,WalkIn|ClickAndCollect|JustEat|JustEatCollection|UberEatsDelivery|UberEatsCollection,True,True,True
4977,"Skelton, Skelton RP, Pheasant Fields Ln",54.56693824,-0.961666353,Pheasant Fields Lane,Skelton,TS12 2ZL,GB,01287551527,True,,False,,False,False,,,,,,,WalkIn|ClickAndCollect|JustEat|JustEatCollection|UberEatsDelivery|UberEatsCollection,True,True,True
4979,"East Midlands Airport, Arrivals",52.826123676677,-1.329623046615,,Castle Donington,DE74 2SA,GB,01332316624,True,,False,,False,False,,,,,,,WalkIn|ClickAndCollect,False,False,True
4980,"Selly Oak, U9A Selly Oak SP",52.4442367,-1.938821396,,Selly Oak,B29 6SN,GB,01216612634,True,,False,,False,False,,,,,,,WalkIn|ClickAndCollect|JustEat|JustEatCollection|UberEatsDelivery|UberEatsCollection,True,True,True
4981,"Oldbury, U14 Oldbury Green RP",52.50431275,-2.021981002,,Oldbury,B69 3DD,GB,01216612687,True,,False,,False,False,,,,,,,WalkIn|ClickAndCollect|JustEat|JustEatCollection|UberEatsDelivery|UberEatsCollection,True,True,True
4982,"Kirkcaldy, U2 Fife Central RP",56.13445546,-3.199774215,Chapel Park,Kirkcaldy,KY2 6QL,GB,01592407641,True,,False,,False,False,,,,,,,WalkIn|ClickAndCollect|JustEat|JustEatCollection|UberEatsDelivery|UberEatsCollection,True,True,True
4984,"Edinburgh, 2 Harewood Dr",55.93310281,-3.134482856,Harewood Drive,Edinburgh,EH16 4GP,GB,01312873372,True,,False,,False,False,,,,,,,WalkIn|ClickAndCollect|JustEat|JustEatCollection,True,False,True
4985,"Loughton, U7 Epping Forest SP, Lngstn Rd",51.64321588,0.086790379,Langston Road,Loughton,IG10 3FT,GB,02038898574,True,,False,,False,False,,,,,,,WalkIn|ClickAndCollect|JustEat|JustEatCollection|UberEatsDelivery|UberEatsCollection,True,True,True
4987,"Peterborough, 22 Long Causeway",52.57389634,-0.241909317,22 Long Causeway,Peterborough,PE1 1YJ,GB,01733666854,True,,False,,False,False,,,,,,,WalkIn|ClickAndCollect|JustEat|JustEatCollection,True,False,True
4989,"Irvine, U23 Rivergate SC",55.613083,-4.669803,,Irvine,KA12 8EH,GB,01294442653,True,,False,,False,False,,,,,,,WalkIn|ClickAndCollect|JustEat|JustEatCollection|UberEatsDelivery|UberEatsCollection,True,True,True
4990,"Portadown, U18 High St Mall",54.42357261,-6.442455294,,Portadown,BT62 1HZ,GB,02838298975,True,,False,,False,False,,,,,,,WalkIn|ClickAndCollect|JustEat|JustEatCollection|UberEatsDelivery|UberEatsCollection,True,True,True
4991,"Dumfries, 71 High St",55.067748388403,-3.609545186737,71/73 High Street,Dumfries,DG1 2BS,GB,01387214084,True,,False,,False,False,,,,,,,WalkIn|ClickAndCollect|JustEat|JustEatCollection|UberEatsDelivery|UberEatsCollection,True,True,True
4994,"Glasgow, U1A, 311 Hallhill Rd",55.85778238,-4.135889477,311 Hallhill Road,Glasgow,G33 4RJ,GB,01417267410,True,,False,,False,False,,,,,,,WalkIn|ClickAndCollect|JustEat|JustEatCollection|UberEatsDelivery|UberEatsCollection,True,True,True
4995,"Luton, 499 Capability Green BP",51.86412193,-0.41018032,499,Luton,LU1 3LU,GB,01582345757,True,,False,,False,False,,,,,,,WalkIn|ClickAndCollect,False,False,True
4997,"Crawley, Three Bridges Railway Stn",51.118123905369,-0.161636411224,Haslett Avenue,Crawley,RH10 1LY,GB,01403332595,True,,False,,False,False,,,,,,,WalkIn|ClickAndCollect|JustEat|JustEatCollection,True,False,True
4998,"Bracknell, U34 Braccan Wlk",51.41608855,-0.749700482,Braccan Walk,Bracknell,RG12 1BE,GB,01344202409,True,,False,,False,False,,,,,,,WalkIn|ClickAndCollect|JustEat|JustEatCollection|UberEatsDelivery|UberEatsCollection,True,True,True
5001,ASDA EXPRESS Barrowbrook,53.84004798,-2.396373456,Whalley Road,Barrow,BB7 9WF,GB,01254946919,True,,True,10004,False,False,,,,,,,WalkIn,False,False,False
5002,"Omagh, U13 Showground RP",54.6024505,-7.3043976,Sedan Avenue,Omagh,BT79 7AQ,GB,02882440977,True,,False,,False,False,,,,,,,WalkIn|ClickAndCollect,False,False,True
5003,"Wednesbury, U2A1 Gallagher SP",52.566581,-2.008544,,Wednesbury,WS10 9QY,GB,01216612642,True,,False,,False,False,,,,,,,WalkIn|ClickAndCollect|JustEat|JustEatCollection|UberEatsDelivery|UberEatsCollection,True,True,True
5005,"Norwich, U10 Longwater RP",52.653910939304,1.180282528867,,Norwich,NR5 0JT,GB,01603516009,True,,False,,False,False,,,,,,,WalkIn|ClickAndCollect|JustEat|JustEatCollection|UberEatsDelivery|UberEatsCollection,True,True,True
5006,"Aberdeen, U21 Westhill SC",57.15387064,-2.279199817,,Aberdeen,AB32 6RL,GB,01224907116,True,,False,,False,False,,,,,,,WalkIn|ClickAndCollect|JustEat|JustEatCollection,True,False,True
5007,"Craven Arms, U1 Craven Ctr, Sh",52.44072589,-2.835855429,Shrewsbury Road,Craven Arms,SY7 9PX,GB,01588500179,True,False,False,,False,False,False,False,False,False,SDBI,2018-08-28T23:00:00Z,WalkIn|ClickAndCollect,False,False,True
5009,MFG Thetford West,52.42279681,0.727213958,Thetford Road,Thetford,IP24 1QN,GB,01842771470,True,,True,10026,False,False,,,,,,,WalkIn,False,False,False
5011,"Clydebank, U13 Sylvania Way, Clyde SC",55.90190273061,-4.404872878719,Sylvania Way South,Clydebank,G81 1EA,GB,01417267439,True,,False,,False,False,,,,,,,WalkIn|ClickAndCollect|JustEat|JustEatCollection,True,False,True
5012,"Doncaster, U1 White Rose RC, Carr Hse Rd",53.51515854,-1.128694874,Carr House Road,Doncaster,DN4 5AJ,GB,01302243043,True,,False,,False,False,,,,,,,WalkIn|ClickAndCollect|JustEat|JustEatCollection|UberEatsDelivery|UberEatsCollection,True,True,True
5013,"Sutton In Ashfield, U30 The Idlewells SC",53.12489078,-1.262503735,,Sutton in Ashfield,NG17 1BN,GB,01623701791,True,,False,,False,False,,,,,,,WalkIn|ClickAndCollect|JustEat|JustEatCollection|UberEatsDelivery|UberEatsCollection,True,True,True
5015,ASDA EXPRESS Hall Lane,53.76556136,-2.656615899,556/610 New Hall Lane,Preston,PR1 4TE,GB,01772288542,True,,True,10004,False,False,,,,,,,WalkIn,False,False,False
5017,"Birmingham, U4205A Watersde Ctr, Birm BP",52.46753017,-1.721606245,Waterside Centre,Birmingham,B37 7YN,GB,01216612755,True,,False,,False,False,,,,,,,WalkIn|ClickAndCollect,False,False,True
5019,"Plymouth, 30 Royal Pde",50.37050867,-4.140826129,30 Royal Parade,Plymouth,PL1 1DU,GB,01752425347,True,,False,,False,False,,,,,,,WalkIn|ClickAndCollect|JustEat|JustEatCollection|UberEatsDelivery|UberEatsCollection,True,True,True
5023,ASDA EXPRESS Stow Hill,51.58296573,-3.002378369,,Newport,NP20 4GA,GB,01633743283,True,,True,10004,False,False,,,,,,,WalkIn,False,False,False
5024,ASDA EXPRESS Corby,52.4961775,-0.650743989,Bangrave Road,Corby,NN17 3HX,GB,01536212721,True,,True,10004,False,False,,,,,,,WalkIn,False,False,False
5026,ASDA EXPRESS Sandy Lodge,51.63170935,-0.415815047,Sandy Lodge Lane,Northwood,HA6 2HU,GB,01923609107,True,,True,10004,False,False,,,,,,,WalkIn,False,False,False
5027,ASDA EXPRESS Ringwood,50.82924493,-1.837997475,176 Ringwood Road,Hampshire,BH24 2NR,GB,01425201992,True,,True,10004,False,False,,,,,,,WalkIn,False,False,False
5028,ASDA EXPRESS Duncansfield,55.97728532,-4.067301851,3 Glasgow Road,Glasgow,G65 9AE,GB,01236802652,True,,True,10004,False,False,,,,,,,WalkIn,False,False,False
5029,ASDA EXPRESS Chequered Flag,51.59152617,-3.175123598,Newport Road,Gwent,CF83 8GB,GB,02920032698,True,,True,10004,False,False,,,,,,,WalkIn,False,False,False
5030,EG On The Move Frontier Park,53.75367506,-2.440823422,Blackburn Road,Rishton,BB1 3HR,GB,01254668045,True,,True,10081,True,False,,,,,,,WalkIn|DriveThru,False,False,False
5031,ASDA EXPRESS Weyhill East,51.21465901,-1.535346175,,Hampshire,SP11 0PN,GB,01264311621,True,,True,10004,False,False,,,,,,,WalkIn,False,False,False
5032,"Birdwell, U1E Rockingham SS, K",53.501552,-1.473698501,Kestrel Way,Birdwell,S70 5SZ,GB,01226657656,True,False,False,,False,False,False,False,False,False,SDLE,2018-11-06T00:00:00Z,WalkIn|ClickAndCollect|JustEat|JustEatCollection|UberEatsDelivery|UberEatsCollection,True,True,True
5034,"Norwich, U2 Lansdowne Rd",52.66521708,1.279691795,Lansdowne Road,Norwich,NR6 6NF,GB,01603516002,True,,False,,False,False,,,,,,,WalkIn|ClickAndCollect|JustEat|JustEatCollection|UberEatsDelivery|UberEatsCollection,True,True,True
5035,"Colchester, Stanway RP",51.87808,0.84542,Peartree Road,Colchester,CO3 0JS,GB,01206695453,True,,False,,False,False,,,,,,,WalkIn|ClickAndCollect|JustEat|JustEatCollection|UberEatsDelivery|UberEatsCollection,True,True,True
5036,"Liverpool, U6 Liverpool SP, Edge Lane",53.40945538,-2.923929292,Edge Lane,Liverpool,L13 1AD,GB,01513328183,True,,False,,False,False,,,,,,,WalkIn|ClickAndCollect|JustEat|JustEatCollection|UberEatsDelivery|UberEatsCollection,True,True,True
5037,"Cramlington, U15a Nelson Park IE",55.09731047,-1.609073523,,Cramlington,NE23 1WE,GB,01670331651,True,,False,,False,False,,,,,,,WalkIn|ClickAndCollect|JustEat|JustEatCollection|UberEatsDelivery|UberEatsCollection,True,True,True
5039,"Shepton Mallet, U2 Townsend Rd",51.18900757,-2.549545489,Townsend Road,Shepton Mallet,BA4 5SB,GB,01749600941,True,,False,,False,False,,,,,,,WalkIn|ClickAndCollect,False,False,True
5041,"Aberystwyth, U2.1 Parc Melin",52.40085104,-4.043076009,,Aberystwyth,SY23 3JQ,GB,01970601295,True,False,False,,False,False,False,False,False,False,SDTR,2019-09-12T23:00:00Z,WalkIn|ClickAndCollect|JustEat|JustEatCollection|UberEatsDelivery|UberEatsCollection,True,True,True
5042,"Minehead, 18 The Parade",51.20577231,-3.477141584,18 The Parade,Minehead,TA24 5UG,GB,01643800374,True,,False,,False,False,,,,,,,WalkIn|ClickAndCollect,False,False,True
5044,"Basildon, U8 Mayflower RP",51.59121459,0.480914318,,Basildon,SS14 3AP,GB,01268399079,True,False,False,,False,False,False,False,False,False,SDEN,2018-08-16T23:00:00Z,WalkIn|ClickAndCollect|JustEat|JustEatCollection|UberEatsDelivery|UberEatsCollection,True,True,True
5045,"St Leonards, Bexhill Rd",50.85028106,0.521232074,Bexhill Road,St Leonards-on-Sea,TN38 8FA,GB,01424232618,True,,False,,False,False,,,,,,,WalkIn|ClickAndCollect|JustEat|JustEatCollection|UberEatsDelivery|UberEatsCollection,True,True,True
5046,"Newtown, Pool Rd",52.51575469,-3.304958751,Pool Road,Newtown,SY16 1DW,GB,01686805020,True,False,False,,False,False,False,False,False,False,SDBI,2018-04-17T23:00:00Z,WalkIn|ClickAndCollect,False,False,True
5047,"Outlet: Preston, 134 London Rd",53.75746097,-2.683662491,134 London Road,Preston,PR1 4AY,GB,01772288501,True,False,False,,False,False,False,False,False,False,SDMA,2022-02-26T00:00:00Z,WalkIn,False,False,False
5048,"Barnstaple, U1 Pottington BP, Pilland Wy",51.085600243073,-4.077028260243,Pilland Way,Barnstaple,EX31 1LT,GB,01271544388,True,,False,,False,False,,,,,,,WalkIn|ClickAndCollect|JustEat|JustEatCollection|UberEatsDelivery|UberEatsCollection,True,True,True
5049,"Rawtenstall, 48 Bank St",53.70277006,-2.28496481,48 Bank Street,Rawtenstall,BB4 8DY,GB,01706392775,True,False,False,,False,False,False,False,False,False,SDMA,2018-08-08T23:00:00Z,WalkIn|ClickAndCollect|JustEat|JustEatCollection|UberEatsDelivery|UberEatsCollection,True,True,True
5051,MFG Cobham,51.40492576,0.39529932,Trunk Road,Kent,DA12 3BH,GB,01474551904,True,,True,10026,False,False,,,,,,,WalkIn,False,False,False
5052,"Leicester, U1, 135 Granby St",52.63239304,-1.127608328,135/141 Granby Street,Leicester,LE1 6FJ,GB,01164783867,True,,False,,False,False,,,,,,,WalkIn|ClickAndCollect|JustEat|JustEatCollection|UberEatsDelivery|UberEatsCollection,True,True,True
5053,"Builth Wells, Station Rd",52.15278495,-3.401096394,Station Road,Builth Wells,LD2 3SS,GB,01982510137,True,,False,,False,False,,,,,,,WalkIn,False,False,False
5056,"Newport, 141 Caerleon Rd",51.59609102,-2.982722282,141/143 Caerleon Road,Newport,NP19 7FW,GB,01633743282,True,,False,,False,False,,,,,,,WalkIn|ClickAndCollect|JustEat|JustEatCollection|UberEatsDelivery|UberEatsCollection,True,True,True
5058,"Nailsea, 16 Colliers Wlk",51.43286,-2.75892,16 Colliers Walk,Nailsea,BS48 1RG,GB,01275401854,True,,False,,False,False,,,,,,,WalkIn|ClickAndCollect,False,False,True
5061,MOTO Burton In Kendal Kiosk,54.17902763,-2.733675387,,Burton-In-Kendal,LA6 1JF,GB,01524917192,True,,True,10006,False,False,,,,,,,WalkIn,False,False,False
5062,MOTO Frankley South Kiosk,52.4288176,-2.017197543,Illey Lane,Birmingham,B32 4AR,GB,01216612659,True,,True,10006,False,False,,,,,,,WalkIn,False,False,False
5063,MOTO Kinross Kiosk,56.20976967,-3.439562805,,Kinross,KY13 0NQ,GB,01577330236,True,,True,10006,False,False,,,,,,,WalkIn,False,False,False
5064,MOTO Bridgwater North,51.10481339,-2.995955611,Huntworth Business Park,Bridgwater,TA6 6TS,GB,01278550702,True,,True,10006,False,False,,,,,,,WalkIn,False,False,False
5066,MOTO Stirling,56.07603,-3.92202,,Stirling,FK7 8EU,GB,01786231643,True,,True,10006,False,False,,,,,,,WalkIn,False,False,False
5067,MOTO Swansea,51.67917502,-3.995131454,,Swansea,SA4 9GT,GB,01792001440,True,,True,10006,False,False,,,,,,,WalkIn,False,False,False
5068,MOTO Toddington South FC,51.94693645,-0.503372508,,Toddington,LU5 6HR,GB,01525300537,True,,True,10006,False,False,,,,,,,WalkIn,False,False,False
5070,"Birmingham, 105 Bristol St",52.46833798,-1.901695776,105 Bristol Street,Birmingham,B15 2DZ,GB,01216612721,True,,False,,False,False,,,,,,,WalkIn|ClickAndCollect|JustEat|JustEatCollection|UberEatsDelivery|UberEatsCollection,True,True,True
5071,"Huntingdon, St Peters Rd, The Bridge Ctr",52.34050595,-0.186305724,St Peters Road,Huntingdon,PE29 7DA,GB,01480273961,True,,False,,False,False,,,,,,,WalkIn|ClickAndCollect|JustEat|JustEatCollection|UberEatsDelivery|UberEatsCollection,True,True,True
5073,"Altrincham, Farrow House, Atlantic St",53.39648001,-2.365552526,Atlantic Street,Altrincham,WA14 5QQ,GB,01618419229,True,,False,,False,False,,,,,,,WalkIn|ClickAndCollect|JustEat|JustEatCollection|UberEatsDelivery|UberEatsCollection,True,True,True
5074,"Bradford, U6 Clayton Rd",53.78376734,-1.797342015,Clayton Road,Bradford,BD7 2SG,GB,01274957625,True,,False,,False,False,,,,,,,WalkIn|ClickAndCollect|JustEat|JustEatCollection|UberEatsDelivery|UberEatsCollection,True,True,True
5076,"Alfreton, U1B Nottingham Rd",53.08712864,-1.375568453,Nottingham Road,Alfreton,DE55 4LQ,GB,01773301614,True,,False,,False,False,,,,,,,WalkIn|ClickAndCollect|JustEat|JustEatCollection|UberEatsDelivery|UberEatsCollection,True,True,True
5078,"Glasgow, U3 Bchnan Stn, Killermont St",55.865420674501,-4.252010603375,16 Killermont Street,Glasgow,G2 3NW,GB,01417267367,True,,False,,False,False,,,,,,,WalkIn|ClickAndCollect,False,False,True
5080,"Llanelli, U2 Trostre RP, Trost",51.67869266,-4.133749866,Trostre Road,Llanelli,SA14 9UY,GB,01554701586,True,False,False,,False,False,False,False,False,False,SDTR,2019-04-03T23:00:00Z,WalkIn|ClickAndCollect|JustEat|JustEatCollection|UberEatsDelivery|UberEatsCollection,True,True,True
5081,"Warndon, U5 Berkeley Way",52.21307377,-2.177882453,Berkeley Way,Warndon,WR4 9FB,GB,01905672147,True,,False,,False,False,,,,,,,WalkIn|ClickAndCollect|JustEat|JustEatCollection|UberEatsDelivery|UberEatsCollection,True,True,True
5083,"High Wycombe, 186 New Rd",51.62041485,-0.784544755,186 New Road,High Wycombe,HP12 4RG,GB,01494923614,True,,False,,False,False,,,,,,,WalkIn|ClickAndCollect|JustEat|JustEatCollection|UberEatsDelivery|UberEatsCollection,True,True,True
5086,"Glasgow, 1865 Paisley Rd West",55.84533039,-4.34484726,1865 Paisley Road West,Glasgow,G52 3SX,GB,01417267418,True,,False,,False,False,,,,,,,WalkIn|ClickAndCollect|JustEat|JustEatCollection|UberEatsDelivery|UberEatsCollection,True,True,True
5087,"Paignton, Yannons Rd",50.41968007,-3.585793031,Yannons Road,Paignton,TQ4 7TS,GB,01803222859,True,,False,,False,False,,,,,,,WalkIn|ClickAndCollect|JustEat|JustEatCollection|UberEatsDelivery|UberEatsCollection,True,True,True
5088,"Gloucester, U2 Old Log Pond, B",51.8382666,-2.2709778,Bristol Road,Gloucester,GL2 5GR,GB,01452225668,True,False,False,,False,False,False,False,False,False,SDTR,2021-10-14T23:00:00Z,WalkIn|ClickAndCollect|JustEat|JustEatCollection|UberEatsDelivery|UberEatsCollection,True,True,True
5092,"Whitley Bay, 248 Whitley Rd",55.04228802,-1.445693881,248/250 Whitley Road,Whitley Bay,NE26 2TE,GB,01913232892,True,,False,,False,False,,,,,,,WalkIn|ClickAndCollect|JustEat|JustEatCollection|UberEatsDelivery|UberEatsCollection,True,True,True
5093,"Sheffield, 95 Pinstone St",53.3791452,-1.470516823,95/101 Pinstone Street,Sheffield,S1 2HJ,GB,01143214039,True,,False,,False,False,,,,,,,WalkIn|ClickAndCollect|JustEat|JustEatCollection|UberEatsDelivery|UberEatsCollection,True,True,True
5095,"Derby, U13 Eagle Park, Alfreton Rd",52.93844778,-1.469440863,Alfreton Road,Derby,DE21 4AE,GB,01332315393,True,,False,,False,False,,,,,,,WalkIn|ClickAndCollect|JustEat|JustEatCollection|UberEatsDelivery|UberEatsCollection,True,True,True
5097,"Sunderland, U7 The Green",54.91999922,-1.401941171,,Sunderland,SR5 2JE,GB,01915001182,True,,False,,False,False,,,,,,,WalkIn|ClickAndCollect|JustEat|JustEatCollection,True,False,True
5098,"Liverpool, U14 Aintree SP",53.48171105,-2.952064462,,Liverpool,L9 5AN,GB,01513328204,True,,False,,False,False,,,,,,,WalkIn,False,False,False
5099,"Bearsden, 124 Drymen Rd",55.92019545,-4.334105911,124 Drymen Road,Bearsden,G61 3RB,GB,01417267434,True,,False,,False,False,,,,,,,WalkIn|ClickAndCollect|JustEat|JustEatCollection|UberEatsDelivery|UberEatsCollection,True,True,True
5100,"Paisley, 34 Paisley SC, Causeyside Rd",55.84431398,-4.423510478,34/35 Causeyside Road,Paisley,PA1 1UN,GB,01417267431,True,,False,,False,False,,,,,,,WalkIn|ClickAndCollect|JustEat|JustEatCollection|UberEatsDelivery|UberEatsCollection,True,True,True
5101,"Hawick, 52 High St",55.42315475,-2.786090547,52 High Street,Hawick,TD9 9EE,GB,01450390292,True,,False,,False,False,,,,,,,WalkIn|ClickAndCollect,False,False,True
5102,ASDA EXPRESS Cirencester,51.72521808,-1.947993699,Burford Road,Cirencester,GL7 5HB,GB,01285701106,True,,True,10004,False,False,,,,,,,WalkIn,False,False,False
5103,ASDA EXPRESS Barton Mills,52.33790352,0.535721467,,Bury St Edmunds,IP28 6AE,GB,01638590792,True,,True,10004,False,False,,,,,,,WalkIn,False,False,False
5105,ASDA EXPRESS Redpost,50.7801433,-2.173511614,A31 Main Road,Blandford Forum,DT11 9EX,GB,01258441140,True,,True,10004,False,False,,,,,,,WalkIn,False,False,False
5106,ASDA EXPRESS Bangor,53.20333495,-4.10545665,Llandygai Road,Bangor,LL57 4BG,GB,01248661465,True,,True,10004,False,False,,,,,,,WalkIn,False,False,False
5107,ASDA EXPRESS Feering,51.85302957,0.731904991,A12,Colchester,CO5 9EL,GB,01376297369,True,,True,10004,False,False,,,,,,,WalkIn,False,False,False
5109,ASDA EXPRESS Colsterworth,52.80245805,-0.609580628,A1 Southbound,Grantham,NG33 5JR,GB,01476851508,True,,True,10004,False,False,,,,,,,WalkIn,False,False,False
5110,ASDA EXPRESS Beacon Hill,52.14768117848,1.081003012919,Norwich Road,Needham Market,IP6 8LP,GB,01449701386,True,,True,10004,False,False,,,,,,,WalkIn,False,False,False
5111,ASDA EXPRESS Doncaster,53.58818,-1.214703,Great North Road,Doncaster,DN6 8LR,GB,01302243047,True,,True,10004,False,False,,,,,,,WalkIn,False,False,False
5112,ASDA EXPRESS Amesbury,51.17844755,-1.78059571,Countess Road,Amesbury,SP4 7AS,GB,01980800825,True,,True,10004,False,False,,,,,,,WalkIn,False,False,False
5115,ASDA EXPRESS Chippenham,51.47897993,-2.129881156,Par Drive,Chippenham,SN14 6UY,GB,01249477326,True,,True,10004,False,False,,,,,,,WalkIn,False,False,False
5117,ASDA EXPRESS North Muskham,53.12999848,-0.811062302,,Newark-on-Trent,NG23 6HT,GB,01636552234,True,False,True,10004,False,False,False,False,False,False,SDLE,2019-02-22T00:00:00Z,WalkIn,False,False,False
5118,ASDA EXPRESS Barthomley,53.06952681,-2.336687702,,Crewe,CW2 5PT,GB,01270297107,True,,True,10004,False,False,,,,,,,WalkIn,False,False,False
5122,ASDA EXPRESS Penrith,54.65042409,-2.770470708,,Penrith,CA11 0DT,GB,01768425063,True,,True,10004,False,False,,,,,,,WalkIn,False,False,False
5123,ASDA EXPRESS Podimore,51.02255,-2.66107,Podimore,Yeovil,BA22 8JG,GB,01935311612,True,False,True,10004,False,False,False,False,False,False,SDAM,2018-08-16T23:00:00Z,WalkIn,False,False,False
5124,ASDA EXPRESS Lincoln,53.17749405,-0.625110505,,Lincoln,LN6 9AJ,GB,01522304031,True,,True,10004,False,False,,,,,,,WalkIn,False,False,False
5126,ASDA EXPRESS Marston,52.06520656,-0.554039858,Beancroft Road,Milton Keynes,MK43 0PZ,GB,01234237012,True,,True,10004,False,False,,,,,,,WalkIn,False,False,False
5129,ASDA EXPRESS Seaton Burn,55.06611827,-1.633932854,Fisher Lane,Newcastle Upon Tyne,NE13 6BP,GB,01913232891,True,,True,10004,False,False,,,,,,,WalkIn,False,False,False
5131,ASDA EXPRESS Sourton Cross,50.70785415,-4.059004674,,Okehampton,EX20 4LY,GB,01837510144,True,,True,10004,False,False,,,,,,,WalkIn,False,False,False
5133,ASDA EXPRESS Thrapston,52.39194827,-0.525532928,,Kettering,NN14 4UR,GB,01832770983,True,,True,10004,False,False,,,,,,,WalkIn,False,False,False
5134,ASDA EXPRESS Whitemare Pool,54.94701655,-1.515646477,,Gateshead,NE10 8YB,GB,01914066968,True,,True,10004,False,False,,,,,,,WalkIn,False,False,False
5135,ASDA EXPRESS York East,53.90371946,-1.196063346,,York,LS24 8EG,GB,01937221198,True,,True,10004,False,False,,,,,,,WalkIn,False,False,False
5137,"Belfast, 52 Botanic Ave",54.587838,-5.932712375,52/54 Botanic Avenue,Belfast,BT7 1JR,GB,02890025837,True,,False,,False,False,,,,,,,WalkIn|ClickAndCollect|JustEat|JustEatCollection|UberEatsDelivery|UberEatsCollection,True,True,True
5138,"York, Monks Cross SP",53.98829762,-1.043941552,,York,YO32 9LF,GB,01904236949,True,,False,,False,False,,,,,,,WalkIn|ClickAndCollect|JustEat|JustEatCollection|UberEatsDelivery|UberEatsCollection,True,True,True
5139,"Hull, U7b St Andrews RP, Hessle Rd",53.73417962,-0.368196611,Hessle Road,Hull,HU3 4EB,GB,01482420775,True,,False,,False,False,,,,,,,WalkIn|ClickAndCollect|JustEat|JustEatCollection|UberEatsDelivery|UberEatsCollection,True,True,True
5140,"Hull, U1 Clough Rd",53.76795045,-0.335254677,Clough Road,Hull,HU6 7PY,GB,01482421070,True,,False,,False,False,,,,,,,WalkIn|ClickAndCollect|JustEat|JustEatCollection|UberEatsDelivery|UberEatsCollection,True,True,True
5141,"Uxbridge, 148 High St",51.54681371,-0.479995747,148 High Street,Uxbridge,UB8 1JY,GB,01895541855,True,,False,,False,False,,,,,,,WalkIn|ClickAndCollect|JustEat|JustEatCollection|UberEatsDelivery|UberEatsCollection,True,True,True
5142,"South Oxhey, 6 Station Approach",51.62842933,-0.386654998,6 Station Approach,South Oxhey,WD19 7DT,GB,02038898564,True,,False,,False,False,,,,,,,WalkIn|ClickAndCollect|JustEat|JustEatCollection|UberEatsDelivery|UberEatsCollection,True,True,True
5144,"Leicester, 285 Abbey Ln",52.65829186,-1.133264086,285 Abbey Lane,Leicester,LE4 5QH,GB,01164785111,True,,False,,False,False,,,,,,,WalkIn|ClickAndCollect|JustEat|JustEatCollection|UberEatsDelivery|UberEatsCollection,True,True,True
5145,"Edenbridge, U3 Fircroft Way",51.20718318,0.061885024,Fircroft Way,Edenbridge,TN8 6EL,GB,01732443614,True,,False,,False,False,,,,,,,WalkIn|ClickAndCollect,False,False,True
5148,"Hinckley, U2, 7 Rainbow Way",52.53399076,-1.374767667,7 Rainbow Way,Hinckley,LE10 2FR,GB,01455244104,True,,False,,False,False,,,,,,,WalkIn|ClickAndCollect|JustEat|JustEatCollection|UberEatsDelivery|UberEatsCollection,True,True,True
5149,"Stourbridge, Stourbridge TE, Mil Race Ln",52.4596916,-2.146888339,Mill Race Lane,Stourbridge,DY8 1JN,GB,01384886416,True,,False,,False,False,,,,,,,WalkIn|ClickAndCollect|JustEat|JustEatCollection|UberEatsDelivery|UberEatsCollection,True,True,True
5150,"York, U5B Foss Islands RP",53.95900875,-1.070967901,,York,YO31 7UL,GB,01904236950,True,,False,,False,False,,,,,,,WalkIn|ClickAndCollect|JustEat|JustEatCollection|UberEatsDelivery|UberEatsCollection,True,True,True
5151,"Sandbach, Saxon Cross SS, Congleton Rd",53.15181493,-2.348743295,Congleton Road,Sandbach,CW11 4SP,GB,01270297106,True,,False,,False,False,,,,,,,WalkIn|ClickAndCollect|JustEat|JustEatCollection|UberEatsDelivery|UberEatsCollection,True,True,True
5155,"Blantyre, U8 Clydeview SC",55.7924302,-4.088619596,,Blantyre,G72 0QD,GB,01698533397,True,,False,,False,False,,,,,,,WalkIn|ClickAndCollect|JustEat|JustEatCollection|UberEatsDelivery|UberEatsCollection,True,True,True
5158,"Glasgow, 55 St Enochs Sq",55.85733683,-4.254704823,55,Glasgow,G1 4BW,GB,01417267364,True,,False,,False,False,,,,,,,WalkIn|ClickAndCollect,False,False,True
5160,"Loughborough, Allendale Rd",52.75436851,-1.198282288,Allendale Road,Loughborough,LE11 2LN,GB,01509272030,True,,False,,False,False,,,,,,,WalkIn|ClickAndCollect|JustEat|JustEatCollection|UberEatsDelivery|UberEatsCollection,True,True,True
5162,ASDA EXPRESS Oval,52.23020444,-1.019052645,J16 M1/A45 Roundabout Junction,Northampton,NN7 3NF,GB,01236802652,True,,True,10004,False,False,,,,,,,WalkIn,False,False,False
5163,ASDA EXPRESS Connahs Quay,53.22356915,-3.068872104,Church Street,Connah's Quay,CH5 4AS,GB,01244918747,True,,True,10004,False,False,,,,,,,WalkIn,False,False,False
5168,ASDA EXPRESS Northop,53.1979188,-3.090726887,Express Way A55,Mold,CH7 6HB,GB,01244918748,True,,True,10004,False,False,,,,,,,WalkIn,False,False,False
5170,ASDA EXPRESS Rylands,54.05817123,-2.801374553,Owen Road,Lancaster,LA1 2LL,GB,01524917198,True,,True,10004,False,False,,,,,,,WalkIn,False,False,False
5171,ASDA EXPRESS Heath,53.20103056,-1.340548939,Mansfield Road,Chesterfield,S44 5SF,GB,01246328683,True,,True,10004,False,False,,,,,,,WalkIn,False,False,False
5172,BLAKEMORE Thurcroft,53.39365541,-1.257226162,Green Arbour Road,Rotherham,S66 9LA,GB,01709913508,True,,True,10000,False,False,,,,,,,WalkIn,False,False,False
5173,ASDA EXPRESS Newmarket East,52.24947737,0.362335152,A14 Eastbound Services,Suffolk,CB8 0XG,GB,01638577671,True,,True,10004,False,False,,,,,,,WalkIn,False,False,False
5174,ASDA EXPRESS Kimmel Park West,53.26819872,-3.518583842,A55 Expressway West Bound,Bodelwyddan,LL18 5XW,GB,01745771272,True,,True,10004,False,False,,,,,,,WalkIn,False,False,False
5176,COMPASS RAF Cosford,52.64728313,-2.304081253,,Wolverhampton,WV7 3EX,GB,01902243947,True,,True,10002,False,False,,,,,,,WalkIn,False,False,False
5177,BLAKEMORE Bentley,52.5872466,-2.034646687,Wolverhampton West Road,Willenhall,WV13 2RN,GB,01902243953,True,,True,10000,False,False,,,,,,,WalkIn,False,False,False
5178,"Maldon, Blackwater RP",51.736754183178,0.681231946105,The Causeway,Maldon,CM9 4DY,GB,01621733396,True,,False,,False,False,,,,,,,WalkIn|ClickAndCollect|JustEat|JustEatCollection|UberEatsDelivery|UberEatsCollection,True,True,True
5179,"Kingston, 14 Castle St",51.41140618,-0.30171985,14 Castle Street,Kingston,KT1 1SS,GB,02038898584,True,,False,,False,False,,,,,,,WalkIn|ClickAndCollect|JustEat|JustEatCollection,True,False,True
5180,"Broxburn, U1 Fairfield SS",55.93518964,-3.447194206,Edinburgh Road,Broxburn,EH52 5BQ,GB,01506376636,True,,False,,False,False,,,,,,,WalkIn|ClickAndCollect|JustEat|JustEatCollection|UberEatsDelivery|UberEatsCollection,True,True,True
5181,"Washington, U3B Peel RP",54.9071031,-1.50373378,,Washington,NE37 2PA,GB,01914066927,True,,False,,False,False,,,,,,,WalkIn|ClickAndCollect|JustEat|JustEatCollection|UberEatsDelivery|UberEatsCollection,True,True,True
5182,"Clacton-On-Sea, U2A Clacton FO",51.8184,1.16734,Stephenson Road West,Clacton-On-Sea,CO15 4TL,GB,01255441862,True,,False,,False,False,,,,,,,WalkIn|ClickAndCollect|JustEat|JustEatCollection|UberEatsDelivery|UberEatsCollection,True,True,True
5184,HKS Dinnington,53.37566921,-1.225100363,,Dinnington,S25 3QZ,GB,01909491273,True,,True,10021,False,False,,,,,,,WalkIn,False,False,False
5185,HKS Mill Lane,52.252909718685,-0.919009092046,Mill Lane,Dallington,NN5 7AS,GB,01604213258,True,,True,10021,False,False,,,,,,,WalkIn,False,False,False
5186,HKS A38 Northbound,52.8550461159,-1.583160928628,Derby Road,Derby,DE65 6GY,GB,01283241956,True,,True,10021,False,False,,,,,,,WalkIn,False,False,False
5189,"Newport, U3 Langland Way",51.57478755,-2.963981523,Langland Way,Newport,NP19 4PT,GB,01633743287,True,,False,,False,False,,,,,,,WalkIn|ClickAndCollect|JustEat|JustEatCollection|UberEatsDelivery|UberEatsCollection,True,True,True
5190,ASDA EXPRESS Skipton,53.96592311,-2.042522448,Gargave Road,Skipton,BD23 1UD,GB,01756630561,True,,True,10004,False,False,,,,,,,WalkIn,False,False,False
5191,ASDA EXPRESS Springburn,55.88872287,-4.233687433,911 Springburn Road,Glasgow,G21 1LZ,GB,01417267392,True,,True,10004,False,False,,,,,,,WalkIn,False,False,False
5192,"Edinburgh, U10 Straiton RP, The Terrace",55.885037733162,-3.164765008214,The Terrace,Edinburgh,EH20 9PW,GB,01312873357,True,,False,,False,False,,,,,,,WalkIn|ClickAndCollect|JustEat|JustEatCollection|UberEatsDelivery|UberEatsCollection,True,True,True
5194,"Billingham, 83 Station Rd",54.59938628,-1.297744191,83 Station Road,Billingham,TS23 1PA,GB,01642548219,True,,False,,False,False,,,,,,,WalkIn|ClickAndCollect|JustEat|JustEatCollection|UberEatsDelivery|UberEatsCollection,True,True,True
5195,"Middlesbrough, U1 Snowdon Rd, Rivrsde IE",54.58326149,-1.238055886,Snowdon Road,Middlesbrough,TS2 1AG,GB,01642130733,True,,False,,False,False,,,,,,,WalkIn|ClickAndCollect,False,False,True
5196,"Birmingham, U18B Fox SC, Washwood Hth Rd",52.49416922,-1.819225665,Washwood Heath Road,Birmingham,B8 2EP,GB,01216612753,True,,False,,False,False,,,,,,,WalkIn|ClickAndCollect|JustEat|JustEatCollection|UberEatsDelivery|UberEatsCollection,True,True,True
5197,"East Kilbride, Kingsgate SP",55.78361864,-4.166206801,,East Kilbride,G74 4UN,GB,01355200487,True,,False,,False,False,,,,,,,WalkIn|ClickAndCollect|JustEat|JustEatCollection|UberEatsDelivery|UberEatsCollection,True,True,True
5198,"Ayr, Allison St RP",55.46791318,-4.628367379,,Ayr,KA8 8HD,GB,01292431712,True,,False,,False,False,,,,,,,WalkIn|ClickAndCollect|JustEat|JustEatCollection|UberEatsDelivery|UberEatsCollection,True,True,True
5200,ASDA EXPRESS Hellingleys,50.87931141,0.231095853,,Hailsham,BN27 4DT,GB,01323847015,True,,True,10004,False,False,,,,,,,WalkIn,False,False,False
5205,"Redcar, U3 Regents Walk",54.61804802,-1.066379531,Regents Walk,Redcar,TS10 3FB,GB,01642548218,True,,False,,False,False,,,,,,,WalkIn|ClickAndCollect|JustEat|JustEatCollection|UberEatsDelivery|UberEatsCollection,True,True,True
5206,"Coventry, 25 Smithford Way",52.40901409,-1.513157412,25/27 Smithford Way,Coventry,CV1 1FY,GB,02475103354,True,,False,,False,False,,,,,,,WalkIn|ClickAndCollect|JustEat|JustEatCollection|UberEatsDelivery|UberEatsCollection,True,True,True
5207,"Norwich, 41 Barker St",52.63886738,1.282169358,41 Baker Street,Norwich,NR2 4TN,GB,01603516008,True,,False,,False,False,,,,,,,WalkIn|ClickAndCollect|JustEat|JustEatCollection|UberEatsDelivery|UberEatsCollection,True,True,True
5208,"Dorchester, 55 South St",50.714675,-2.43688,55 South Street,Dorchester,DT1 1DQ,GB,01305233709,True,,False,,False,False,,,,,,,WalkIn|ClickAndCollect|JustEat|JustEatCollection|UberEatsDelivery|UberEatsCollection,True,True,True
5210,"St Neots, U3 Quora RP, Howard Rd",52.21109,-0.28843,Howard Road,St Neots,PE19 8ET,GB,01480273967,True,,False,,False,False,,,,,,,WalkIn|ClickAndCollect|JustEat|JustEatCollection|UberEatsDelivery|UberEatsCollection,True,True,True
5211,"Newport, U4 Audley Avenue RP",52.76314553,-2.361216441,,Newport,TF10 7BX,GB,01952947974,True,,False,,False,False,,,,,,,WalkIn|ClickAndCollect|JustEat|JustEatCollection|UberEatsDelivery|UberEatsCollection,True,True,True
5216,EG On The Move Hollinwood,53.51882961,-2.144312558,A62 Manchester Road,Manchester,OL8 4EH,GB,01616765537,True,,True,10081,False,False,,,,,,,WalkIn|ClickAndCollect,False,False,True
5217,ASDA EXPRESS Red Ensign,53.23929225,-2.950260878,Red Ensign Service Station,Chester,CH1 6JS,GB,01244918749,True,,True,10004,False,False,,,,,,,WalkIn,False,False,False
5218,"Edinburgh, U2, 72 Gilmerton Dykes St",55.90354541,-3.138412333,72 Gilmerton Dykes Street,Edinburgh,EH17 8PL,GB,01312873377,True,,False,,False,False,,,,,,,WalkIn|ClickAndCollect|JustEat|JustEatCollection|UberEatsDelivery|UberEatsCollection,True,True,True
5221,EG On The Move Ramsbottom,53.65175263,-2.316122681,Stubbins Lane,Ramsbottom,BL0 0PU,GB,01706823788,True,,True,10081,False,False,,,,,,,WalkIn|ClickAndCollect,False,False,True
5222,ASDA EXPRESS Snetterton(Drive Thru),52.47401362,0.953621918,Heath Road,Snetterton Heath,NR16 2JU,GB,01953660556,True,,True,10004,True,False,,,,,,,WalkIn|DriveThru,False,False,False
5224,ASDA EXPRESS Gateway,52.63655612,-2.125776011,Stafford Road,Wolverhampton,WV10 7ER,GB,01902243960,True,,True,10004,False,False,,,,,,,WalkIn,False,False,False
5225,"Streatham, 158 Streatham High Rd",51.43293235,-0.128969616,158 Streatham High Road,Streatham,SW16 1BJ,GB,02038898620,True,,False,,False,False,,,,,,,WalkIn|ClickAndCollect|JustEat|JustEatCollection|UberEatsDelivery|UberEatsCollection,True,True,True
5227,"London, 60 Kingsway",51.51652741,-0.119402993,60 Kingsway,London,WC2A 3JB,GB,02038898504,True,,False,,False,False,,,,,,,WalkIn|ClickAndCollect|JustEat|JustEatCollection|UberEatsDelivery|UberEatsCollection,True,True,True
5228,"Marshalswick, 45 The Quadrant",51.76379044,-0.306729251,45 The Quadrant,Marshalswick,AL4 9RB,GB,01727222177,True,,False,,False,False,,,,,,,WalkIn|ClickAndCollect|JustEat|JustEatCollection|UberEatsDelivery|UberEatsCollection,True,True,True
5230,"Greenock, 1 Auchmead Rd",55.93797715,-4.814299035,1 Auchmead Road,Greenock,PA16 0PY,GB,01475601890,True,,False,,False,False,,,,,,,WalkIn|ClickAndCollect|JustEat|JustEatCollection,True,False,True
5235,EG On The Move Sheffield,53.36695864,-1.439439716,580 City Road,Sheffield,S2 1GE,GB,01143214033,True,,True,10081,False,False,,,,,,,WalkIn|ClickAndCollect,False,False,True
5236,HKS Newark,53.05969983,-0.804083964,299 Bowbridge Road,Newark,NG24 4EQ,GB,01636552233,True,,True,10021,False,False,,,,,,,WalkIn,False,False,False
5239,"Ashbourne, U6.2 Blenheim Rd, Airfield IE",53.00708015,-1.718248337,Blenheim Road,Ashbourne,DE6 1HA,GB,01335210775,True,,False,,False,False,,,,,,,WalkIn|ClickAndCollect,False,False,True
5241,"Spalding, U4, 1 Hugh Close",52.80937985,-0.14128836,1 Hugh Close,Spalding,PE11 3JZ,GB,01775661122,True,,False,,False,False,,,,,,,WalkIn|ClickAndCollect|JustEat|JustEatCollection,True,False,True
5242,"Liverpool, 64 Lord St",53.405089277081,-2.987076530683,64 Lord Street,Liverpool,L2 1TD,GB,01513328214,True,,False,,False,False,,,,,,,WalkIn|ClickAndCollect|UberEatsDelivery|UberEatsCollection,False,True,True
5245,"Rushden, L2B Rushden Lakes",52.300998,-0.627033,Rushden Lakes,Rushden,NN10 6FT,GB,01933421635,True,,False,,False,False,,,,,,,WalkIn|ClickAndCollect|JustEat|JustEatCollection|UberEatsDelivery|UberEatsCollection,True,True,True
5246,"Honiton, U1A Honiton RP, Reme Drive",50.79215369,-3.208357067,Reme Drive,Honiton,EX14 1DP,GB,01404510732,True,,False,,False,False,,,,,,,WalkIn|ClickAndCollect,False,False,True
5247,WELCOME BREAK Fosseway,52.917136,-1.008806,,Nottingham,NG12 2JU,GB,01158226642,True,,True,10061,False,False,,,,,,,WalkIn,False,False,False
5248,BLAKEMORE Greater Leys,51.71738796,-1.197069596,Dunnock Way,Oxford,OX4 7EX,GB,01865597837,True,,True,10000,False,False,,,,,,,WalkIn,False,False,False
5249,HKS Meteor,53.10071455,-1.34440577,2/4 Alfreton Road,Derbyshire,DE55 2AS,GB,01773301616,True,,True,10021,False,False,,,,,,,WalkIn,False,False,False
5250,WELCOME BREAK Whitley,53.2925034,-2.592590589,Tarporley Road,Warrington,WA4 4EZ,GB,01928241436,True,,True,10061,False,False,,,,,,,WalkIn,False,False,False
5251,"Burton Upon Trent, 2 Cooper Sq SC",52.802040751982,-1.631870502064,,Burton Upon Trent,DE14 1DF,GB,01283241955,True,,False,,False,False,,,,,,,WalkIn|ClickAndCollect|JustEat|JustEatCollection|UberEatsDelivery|UberEatsCollection,True,True,True
5260,"Glasgow, 197 Sauchiehall Ctr",55.865346187608,-4.263768335823,197 Sauchiehall Street,Glasgow,G2 3ER,GB,01417267372,True,,False,,False,False,,,,,,,WalkIn|ClickAndCollect|JustEat|JustEatCollection|UberEatsDelivery|UberEatsCollection,True,True,True
5263,"Barry Island, 1 Paget Road",51.39167304,-3.276062305,1 Paget Road,Barry Island,CF62 5TQ,GB,01446501576,True,False,False,,False,False,False,False,False,False,SDTR,2019-05-22T23:00:00Z,WalkIn|ClickAndCollect|JustEat|JustEatCollection|UberEatsDelivery|UberEatsCollection,True,True,True
5264,"Cardiff, UA Excelsior IE, Batchelor Rd",51.501131651197,-3.19755548752,Batchelor Road,Cardiff,CF14 3AX,GB,02920032678,True,,False,,False,False,,,,,,,WalkIn|ClickAndCollect|JustEat|JustEatCollection|UberEatsDelivery|UberEatsCollection,True,True,True
5265,"Fradley, U2A Stirling Ctr, Common Ln",52.71210658,-1.778303841,Common Lane,Fradley,WS13 8NQ,GB,01543222903,True,,False,,False,False,,,,,,,WalkIn|ClickAndCollect|JustEat|JustEatCollection,True,False,True
5266,"Leicester, U10 Fosse Pk SC, Food Crt",52.59728958,-1.180489515,Fosse Food Court,Leicester,LE19 1HY,GB,01164786005,True,,False,,False,False,,,,,,,WalkIn|ClickAndCollect|JustEat|JustEatCollection|UberEatsDelivery|UberEatsCollection,True,True,True
5267,"Cannock, Cannock Gateway RP, Eastern Wy",52.67344532,-2.02240026,Eastern Way,Cannock,WS11 8XR,GB,01543222904,True,,False,,False,False,,,,,,,WalkIn|ClickAndCollect|JustEat|JustEatCollection|UberEatsDelivery|UberEatsCollection,True,True,True
5268,"Newcastle, Sandy Lane Drive Th",55.04000208,-1.595996429,Sandy Lane,North Gosforth,NE13 6PE,GB,01913232890,True,False,False,,True,False,False,False,False,False,SDGO,2019-07-09T23:00:00Z,WalkIn|ClickAndCollect|JustEat|JustEatCollection|UberEatsDelivery|UberEatsCollection,True,True,True
5271,"Dundee, U3 Dunsinane IE, Broomhill Rd",56.481391016126,-3.015598211806,Broomhill Road,Dundee,DD2 3WT,GB,01382238182,True,,False,,False,False,,,,,,,WalkIn|ClickAndCollect|JustEat|JustEatCollection|UberEatsDelivery|UberEatsCollection,True,True,True
5273,"Crosshands, UC Heol Stanllyd",51.79687725,-4.080462286,Heol Stanllyd,Cross Hands,SA14 6RB,GB,01269503848,True,False,False,,False,False,False,False,False,False,SDTR,2021-11-27T00:00:00Z,WalkIn|ClickAndCollect,False,False,True
5275,"Tredegar, U12B Gwent SC",51.774938,-3.2452886,,Tredegar,NP22 3EJ,GB,01495361633,True,,False,,False,False,,,,,,,WalkIn|ClickAndCollect|JustEat|JustEatCollection|UberEatsDelivery|UberEatsCollection,True,True,True
5276,"Edinburgh, U1 Bankhead Medway",55.92608933,-3.293437334,Bankhead Medway,Edinburgh,EH11 4BY,GB,01312873356,True,,False,,False,False,,,,,,,WalkIn|ClickAndCollect|JustEat|JustEatCollection|UberEatsDelivery|UberEatsCollection,True,True,True
5277,"Hull, 626 Anlaby Rd",53.74383388,-0.386190659,626 Anlaby Road,Hull,HU3 6UU,GB,01482421221,True,,False,,False,False,,,,,,,WalkIn|ClickAndCollect|JustEat|JustEatCollection|UberEatsDelivery|UberEatsCollection,True,True,True
5278,"Barnsley, U12 Laithes Lane SC",53.57904838,-1.479289099,Laithes Lane,Barnsley,S71 3AD,GB,01226657655,True,False,False,,False,False,False,False,False,False,SDLE,2021-05-20T23:00:00Z,WalkIn|ClickAndCollect|JustEat|JustEatCollection|UberEatsDelivery|UberEatsCollection,True,True,True
5279,"Wombwell, 245 Barnsley Rd",53.530377388747,-1.410869136122,245 Barnsley Road,Wombwell,S73 8DT,GB,01226657657,True,False,False,,False,False,False,False,False,False,SDLE,2019-08-15T23:00:00Z,WalkIn|ClickAndCollect|JustEat|JustEatCollection|UberEatsDelivery|UberEatsCollection,True,True,True
5280,"Boston, Pilgrim Wy",52.95511793,-0.030595274,Pilgrim Way,Boston,PE21 7NE,GB,01205334209,True,,False,,False,False,,,,,,,WalkIn|ClickAndCollect|JustEat|JustEatCollection|UberEatsDelivery|UberEatsCollection,True,True,True
5281,"Bradford, Greengates RP, Harrogate Rd",53.83112248,-1.711721975,Harrogate Road,Bradford,BD10 0QS,GB,01274957627,True,,False,,False,False,,,,,,,WalkIn|ClickAndCollect|JustEat|JustEatCollection|UberEatsDelivery|UberEatsCollection,True,True,True
5282,"Islington, 31 Chapel Market",51.53369175,-0.108225814,31 Chapel Market,Islington,N1 9EN,GB,02038898495,True,,False,,False,False,,,,,,,WalkIn|ClickAndCollect|JustEat|JustEatCollection|UberEatsDelivery|UberEatsCollection,True,True,True
5284,"Edinburgh, U7 Muirhouse SC, Pennywell Rd",55.97132502,-3.25250032,49 Pennywell Road,Edinburgh,EH4 4QR,GB,01312873340,True,,False,,False,False,,,,,,,WalkIn|ClickAndCollect|JustEat|JustEatCollection|UberEatsDelivery|UberEatsCollection,True,True,True
5286,"Southall, Ealing Hospital",51.50811015,-0.347226666,Addington Close,Southall,UB2 4GB,GB,02038898590,True,,False,,False,False,,,,,,,WalkIn|ClickAndCollect,False,False,True
5289,"Barry, U1 Briscombe RP, Cardiff Rd",51.41119008,-3.248086581,Cardiff Road,Barry,CF63 2QW,GB,01446501574,True,,False,,False,False,,,,,,,WalkIn|ClickAndCollect|JustEat|JustEatCollection|UberEatsDelivery|UberEatsCollection,True,True,True
5290,"Mumbles, 2 Newton Rd",51.57587047,-3.999258346,2/4 Newton Road,Mumbles,SA3 4AT,GB,01792001444,True,,False,,False,False,,,,,,,WalkIn|ClickAndCollect|UberEatsDelivery|UberEatsCollection,False,True,True
5291,"Amesbury, U1 Solstice Park Drive Thru",51.177294724332,-1.76033049485,,Amesbury,SP4 7SQ,GB,01980880827,True,,False,,True,False,,,,,,,WalkIn|ClickAndCollect|JustEat|JustEatCollection|DriveThru|UberEatsDelivery|UberEatsCollection,True,True,True
5293,"Galashiels, 25 Market St",55.61524555,-2.805949018,25 Market Street,Galashiels,TD1 3AF,GB,01896800874,True,,False,,False,False,,,,,,,WalkIn|ClickAndCollect,False,False,True
5295,"Glasgow, UB1 Glasgow Fort",55.87196636,-4.138235967,,Glasgow,G34 9DY,GB,01417267412,True,,False,,False,False,,,,,,,WalkIn|ClickAndCollect|JustEat|JustEatCollection,True,False,True
5296,"Edinburgh, U7F Fort Kinnaird RP",55.934337965924,-3.103363384932,,Edinburgh,EH15 3RD,GB,01312873381,True,,False,,False,False,,,,,,,WalkIn|ClickAndCollect|JustEat|JustEatCollection|UberEatsDelivery|UberEatsCollection,True,True,True
5301,"Chellaston, Riber Dr",52.86117654,-1.436204721,Riber Drive,Chellaston,DE73 6WS,GB,01332316617,True,,False,,False,False,,,,,,,WalkIn|ClickAndCollect|JustEat|JustEatCollection|UberEatsDelivery|UberEatsCollection,True,True,True
5302,"Gloucester, Eastern Ave TE",51.85787146,-2.221134791,Eastville Close,Gloucester,GL4 3SJ,GB,01452225669,True,False,False,,False,False,False,False,False,False,SDTR,2020-10-30T00:00:00Z,WalkIn|ClickAndCollect|JustEat|JustEatCollection|UberEatsDelivery|UberEatsCollection,True,True,True
5303,"Bury, U1B Pilsworth Rd",53.57646864,-2.275793861,Pilsworth Road,Bury,BL9 8RZ,GB,01618419206,True,,False,,False,False,,,,,,,WalkIn|ClickAndCollect|JustEat|JustEatCollection|UberEatsDelivery|UberEatsCollection,True,True,True
5306,"Gloucester, Kings Walk SC, 28",51.86495041,-2.243133162,28 Kings Walk,Gloucester,GL1 1RW,GB,01452225667,True,False,False,,False,False,False,False,False,False,SDTR,2020-01-17T00:00:00Z,WalkIn|ClickAndCollect|JustEat|JustEatCollection|UberEatsDelivery|UberEatsCollection,True,True,True
5309,EG On The Move Weld Blundell,53.52689716,-3.030857258,Scaffold Lane,Formby,L38 1QA,GB,01519293089,True,,True,10081,False,False,,,,,,,WalkIn|ClickAndCollect,False,False,True
5310,ASDA EXPRESS Bridlington,54.09576888,-0.210621097,Scarbrough Road,Bridlington,YO16 7NS,GB,01262675362,True,,True,10004,False,False,,,,,,,WalkIn,False,False,False
5311,EG On The Move Refill,53.60986811,-2.431725538,Blackburn Road,Bolton,BL1 7LR,GB,01204307590,True,,True,10081,False,False,,,,,,,WalkIn|ClickAndCollect,False,False,True
5313,ASDA EXPRESS Ruddington,52.89662549,-1.142288358,Loughbrough Road,Ruddington,NG11 6LJ,GB,01156848781,True,,True,10004,False,False,,,,,,,WalkIn,False,False,False
5314,EG On The Move Plantation,53.7487021,-1.633009423,Wakefield Road,Leeds,LS27 7HH,GB,01132527276,True,,True,10081,False,False,,,,,,,WalkIn|ClickAndCollect,False,False,True
5315,ASDA EXPRESS Stevenage,51.88903425,-0.202971877,Gunnels Wood Road,Stevenage,SG1 2FS,GB,01462412666,True,,True,10004,False,False,,,,,,,WalkIn,False,False,False
5316,ASDA EXPRESS Heartlands,55.86925513,-3.701896879,Junction 4A M8,Bathgate,EH47 0HT,GB,01501640101,True,,True,10004,False,False,,,,,,,WalkIn,False,False,False
5317,ASDA EXPRESS Tongham,51.22960019,-0.742694204,JA331/A31,Tongham,GU10 1FP,GB,01252881180,True,,True,10004,False,False,,,,,,,WalkIn,False,False,False
5318,ASDA EXPRESS Manor Weald,51.17339163,-0.650505531,Milford,Godalming,GU8 5EL,GB,01483931678,True,,True,10004,False,False,,,,,,,WalkIn,False,False,False
5319,"Motherwell, UC54 Brandon Pde South",55.788842213,-3.98972291,54/62 Brandon Parade South,Motherwell,ML1 1LY,GB,01698533393,True,,False,,False,False,,,,,,,WalkIn|ClickAndCollect|JustEat|JustEatCollection|UberEatsDelivery|UberEatsCollection,True,True,True
5321,"Cwmbran, Llantarnam Lakeside Crt",51.632793,-3.012472,"Lakeside Court, Llantarnam",Cwmbran,NP44 3GA,GB,01633743288,True,,False,,False,False,,,,,,,WalkIn|ClickAndCollect|JustEat|JustEatCollection|UberEatsDelivery|UberEatsCollection,True,True,True
5322,MOTO Trowell South FC,52.96263174,-1.26756723,,Trowell,NG9 3PL,GB,01158226070,True,,True,10006,False,False,,,,,,,WalkIn,False,False,False
5323,MOTO Wetherby FC,53.94484808,-1.370521615,,Wetherby,LS22 5GT,GB,01937221196,True,,True,10006,False,False,,,,,,,WalkIn,False,False,False
5325,MOTO Leigh Delamere East FC,51.51144739,-2.155856849,,Chippenham,SN14 6LB,GB,01666330830,True,,True,10006,False,False,,,,,,,WalkIn,False,False,False
5326,ASDA EXPRESS Barton Upon Humber,53.68050946,-0.454733366,Ferriby Road,Barton Upon Humber,DN18 5TB,GB,01652240482,True,,True,10004,False,False,,,,,,,WalkIn,False,False,False
5327,"Edwalton, U3 Zambra Crt",52.90218435,-1.122549009,,Nottingham,NG12 4GF,GB,01158220411,True,,False,,False,False,,,,,,,WalkIn|ClickAndCollect|JustEat|JustEatCollection|UberEatsDelivery|UberEatsCollection,True,True,True
5328,ASDA EXPRESS Tidworth,51.23888299,-1.664379032,St Andrews Road,Tidworth,SP9 7LA,GB,01980880826,True,,True,10004,False,False,,,,,,,WalkIn,False,False,False
5329,ASDA EXPRESS Cannock,52.65888891,-1.968349006,614 Watling Street,Cannock,WS11 9NA,GB,01543222900,True,,True,10004,False,False,,,,,,,WalkIn,False,False,False
5330,ASDA EXPRESS Talke,53.06409068,-2.253069307,Newcastle Road,Stoke-on-Trent,ST7 1UP,GB,01782890449,True,,True,10004,False,False,,,,,,,WalkIn,False,False,False
5331,EG On The Move Nitshill,55.803491484475,-4.335041245707,Nitshill Road,Darnley,G46 8AA,GB,01416 111402,True,,True,10081,False,False,,,,,,,WalkIn|ClickAndCollect,False,False,True
5332,"Sunningdale, Sunningdale Stn, London Rd",51.39199,-0.63316,London Road,Sunningdale,SL5 0EL,GB,01344203154,True,,False,,False,False,,,,,,,WalkIn|ClickAndCollect,False,False,True
5333,"Barnsley, U2 Old Mill Ln",53.56160691,-1.471880056,Old Mill Lane,Barnsley,S71 1LL,GB,01226657653,True,False,False,,False,False,False,False,False,False,SDLE,2019-08-09T23:00:00Z,WalkIn|ClickAndCollect|JustEat|JustEatCollection|UberEatsDelivery|UberEatsCollection,True,True,True
5336,"Glasgow, 1 Gorstan Path",55.90016,-4.29022,1 Gorstan Path,Glasgow,G23 5QG,GB,01417267438,True,,False,,False,False,,,,,,,WalkIn|ClickAndCollect|JustEat|JustEatCollection|UberEatsDelivery|UberEatsCollection,True,True,True
5337,"Thurrock, U58B Intu Lakeside SC",51.485729699399,0.284445228246,,Thurrock,RM20 2ZT,GB,01708599374,True,,False,,False,False,,,,,,,WalkIn|ClickAndCollect,False,False,True
5340,"Ebbw Vale, U21 Market St",51.77947784,-3.20738558,Market Street,Ebbw Vale,NP23 6HL,GB,01495361631,True,,False,,False,False,,,,,,,WalkIn|ClickAndCollect|JustEat|JustEatCollection|UberEatsDelivery|UberEatsCollection,True,True,True
5342,BLAKEMORE Shawbirch,52.71839271,-2.530206035,1 Acorn Way,Telford,TF5 0LW,GB,01952 947908,True,,True,10000,False,False,,,,,,,WalkIn,False,False,False
5343,BLAKEMORE Broughton Astley,52.52359263,-1.218991643,Devitt Way,Broughton Astley,LE9 6NQ,GB,01455244101,True,,True,10000,False,False,,,,,,,WalkIn,False,False,False
5345,"Stretford, U11 Trafford Ctr, Regent Cres",53.46654,-2.35093,Regent Crescent,Stretford,M17 8AA,GB,01618419199,True,,False,,False,False,,,,,,,WalkIn|ClickAndCollect|JustEat|JustEatCollection|UberEatsDelivery|UberEatsCollection,True,True,True
5347,"Glasgow, U1 Crown Street RP",55.84336921,-4.253692995,Gushetfaulds Place,Glasgow,G5 0DP,GB,01417267378,True,False,False,,False,False,False,False,False,False,SDCL,2020-02-21T00:00:00Z,WalkIn|ClickAndCollect|JustEat|JustEatCollection|UberEatsDelivery|UberEatsCollection,True,True,True
5348,EG On The Move Hedon,53.7404034,-0.214804458,Hull Road,Hedon,HU12 8DJ,GB,01482421249,True,,True,10081,False,False,,,,,,,WalkIn|ClickAndCollect,False,False,True
5349,WELCOME BREAK Howden,53.74339097,-0.860103226,Boothferry Road,Howden,DN14 7TA,GB,01430634109,True,,True,10061,False,False,,,,,,,WalkIn,False,False,False
5350,"Prestatyn, 116 Victoria Rd",53.33656028,-3.416709386,116 Victoria Road,Prestatyn,LL19 7TB,GB,01745771273,True,,False,,False,False,,,,,,,WalkIn|ClickAndCollect|JustEat|JustEatCollection|UberEatsDelivery|UberEatsCollection,True,True,True
5351,"Wrexham, U28 The Brdgwter Ctr, Wrxham IE",53.03898156,-2.927806061,Wrexham Industrial Estate,Wrexham,LL13 9QS,GB,01978803203,True,,False,,False,False,,,,,,,WalkIn|ClickAndCollect|JustEat|JustEatCollection,True,False,True
5352,"Garforth, U2A East Side RP, Aberford Rd",53.797481257171,-1.376785267606,Aberford Road,Garforth,LS25 2EB,GB,01135177613,True,,False,,False,False,,,,,,,WalkIn|ClickAndCollect|JustEat|JustEatCollection|UberEatsDelivery|UberEatsCollection,True,True,True
5355,"Sheffield, U2 Beighton BP, Chstrfield Rd",53.35515049,-1.329183439,Chesterfield Road,Sheffield,S20 1DJ,GB,01143214044,True,,False,,False,False,,,,,,,WalkIn|ClickAndCollect|JustEat|JustEatCollection|UberEatsDelivery|UberEatsCollection,True,True,True
5366,"Doncaster, U114 Frenchgate SC",53.522435684282,-1.137516525021,,Doncaster,DN1 1TT,GB,01302243044,True,,False,,False,False,,,,,,,WalkIn|ClickAndCollect|JustEat|JustEatCollection|UberEatsDelivery|UberEatsCollection,True,True,True
5367,"Brighton, 96 Queens Rd",50.82703491,-0.141633355,96/99 Queens Road,Brighton,BN1 3XJ,GB,01273007903,True,,False,,False,False,,,,,,,WalkIn|ClickAndCollect|JustEat|JustEatCollection|UberEatsDelivery|UberEatsCollection,True,True,True
5368,"Yeovil, U3 Lynx Trade Park, Garrett Rd",50.93348265,-2.657804594,Garrett Road,Yeovil,BA20 2TJ,GB,01935311610,True,,False,,False,False,,,,,,,WalkIn|ClickAndCollect|JustEat|JustEatCollection|UberEatsDelivery|UberEatsCollection,True,True,True
5369,"Chelmsford, 4 Eagle Wy Drive T",51.77181,0.488,4 Eagle Way,Chelmsford,CM3 3FY,GB,01245200081,True,False,False,,True,False,False,False,False,False,SDEN,2023-06-16T23:00:00Z,WalkIn|ClickAndCollect|JustEat|JustEatCollection|UberEatsDelivery|UberEatsCollection,True,True,True
5370,"Cirencester, U7 Cirencester TP",51.70686384,-1.960101077,Midland Road,Cirencester,GL7 1PZ,GB,01285701105,True,,False,,False,False,,,,,,,WalkIn|ClickAndCollect|JustEat|JustEatCollection|UberEatsDelivery|UberEatsCollection,True,True,True
5372,"Woodville, U1, 42 High St",52.76768955,-1.532350915,42 High Street,Woodville,DE11 7EA,GB,01283241952,True,False,False,,False,False,False,False,False,False,SDBI,2019-08-08T23:00:00Z,WalkIn|ClickAndCollect|JustEat|JustEatCollection|UberEatsDelivery|UberEatsCollection,True,True,True
5375,"Bognor Regis, U6 Saltbox Rd Drive Thru",50.80640124,-0.669119125,Saltbox Road,Bognor Regis,PO22 9FP,GB,01243210930,True,,False,,True,False,,,,,,,WalkIn|ClickAndCollect|JustEat|JustEatCollection|DriveThru|UberEatsDelivery|UberEatsCollection,True,True,True
5376,"Aylesbury, 1 Gatehouse Way",51.82031351,-0.825831083,1 Gatehouse Way,Aylesbury,HP19 8DB,GB,01296320359,True,,False,,False,False,,,,,,,WalkIn|ClickAndCollect|UberEatsDelivery|UberEatsCollection,False,True,True
5377,"Lower Earley, Chalfont Way",51.42474,-0.933,Chalfont Way,Lower Earley,RG6 5TT,GB,01182053388,True,,False,,False,False,,,,,,,WalkIn|ClickAndCollect|JustEat|JustEatCollection|UberEatsDelivery|UberEatsCollection,True,True,True
5378,MFG Binley,52.38883818,-1.439649952,Eastern Bypass,Coventry,CV3 2ZZ,GB,02475103348,True,,True,10026,False,False,,,,,,,WalkIn,False,False,False
5379,MFG Rhode House,51.3435567,0.716898378,London Road,Sittingbourne,ME10 1QB,GB,01795503551,True,,True,10026,False,False,,,,,,,WalkIn,False,False,False
5380,MFG Nunnery Park,52.18838982,-2.171716532,,Worcester,WR4 0SX,GB,01905672146,True,,True,10026,False,False,,,,,,,WalkIn,False,False,False
5383,MFG Bell,52.391106125305,-2.08695312669,Stourbridge Road,Stourbridge,DY9 9XU,GB,01384319540,True,,True,10026,False,False,,,,,,,WalkIn,False,False,False
5384,MFG Forest Hill,51.44270044,-0.044639161,163-165 Stanstead Road,Forest Hill,SE23 1HP,GB,02038898622,True,,True,10026,False,False,,,,,,,WalkIn,False,False,False
5385,MFG Huntingdon,52.34185697,-0.151112379,March Road,Hartford,PE28 2DN,GB,01480273963,True,,True,10026,False,False,,,,,,,WalkIn,False,False,False
5388,"Kendal, 8 Stricklandgate",54.327957341107,-2.747502535713,8 Stricklandgate,Kendal,LA9 4ND,GB,01539637355,True,,False,,False,False,,,,,,,WalkIn|ClickAndCollect|JustEat|JustEatCollection|UberEatsDelivery|UberEatsCollection,True,True,True
5389,"Levenshulme, 1083 Stockport Rd",53.43651062,-2.18424856,1083 Stockport Road,Levenshulme,M19 2RE,GB,01618419176,True,,False,,False,False,,,,,,,WalkIn|ClickAndCollect|JustEat|JustEatCollection|UberEatsDelivery|UberEatsCollection,True,True,True
5391,"Middlesbrough, U1 Park Parade",54.5625457,-1.205773454,Park Parade,Middlesbrough,TS3 7PA,GB,01642424648,True,,False,,False,False,,,,,,,WalkIn|ClickAndCollect|JustEat|JustEatCollection|UberEatsDelivery|UberEatsCollection,True,True,True
5392,"Cumbernauld, 16 St Maurices Gate",55.94466195,-4.031797627,16 St Maurices Gate,Cumbernauld,G68 9FW,GB,01236802649,True,,False,,False,False,,,,,,,WalkIn|ClickAndCollect|JustEat|JustEatCollection|UberEatsDelivery|UberEatsCollection,True,True,True
5393,"Merthyr Tydfil, U7 Pant IE",51.76820974,-3.363456313,,Merthyr Tydfil,CF48 2SR,GB,01685701647,True,,False,,False,False,,,,,,,WalkIn|ClickAndCollect|JustEat|JustEatCollection,True,False,True
5395,"Coatbridge, U11 Faraday RP",55.85664519,-4.020678926,,Coatbridge,ML5 3PG,GB,01236802646,True,,False,,False,False,,,,,,,WalkIn|ClickAndCollect|JustEat|JustEatCollection|UberEatsDelivery|UberEatsCollection,True,True,True
5396,"Liverpool, Queens Square Bus Station",53.4075427,-2.9826939,Roe Street,Liverpool,L1 1RG,GB,01513328216,True,,False,,False,False,,,,,,,WalkIn|ClickAndCollect,False,False,True
5398,"Ashton Under Lyne, U3 Arcades SC",53.489344906595,-2.096568692416,Warrington Street,Ashton Under Lyne,OL6 7JD,GB,01618419167,True,,False,,False,False,,,,,,,WalkIn|ClickAndCollect|JustEat|JustEatCollection|UberEatsDelivery|UberEatsCollection,True,True,True
5399,"Tamworth, UM Ventura RP, Ventura Park Rd",52.62693583,-1.700515282,Ventura Park Road,Tamworth,B78 3JD,GB,01827214977,True,,False,,False,False,,,,,,,WalkIn|ClickAndCollect|JustEat|JustEatCollection|UberEatsDelivery|UberEatsCollection,True,True,True
5400,"Basingstoke, U10B St Michaels RP",51.25240454,-1.107985666,The Harrow Way,Basingstoke,RG22 4AN,GB,01256631677,True,,False,,False,False,,,,,,,WalkIn|ClickAndCollect|JustEat|JustEatCollection|UberEatsDelivery|UberEatsCollection,True,True,True
5402,"South Shields, Interchange, Fowler St",54.99844902,-1.432992316,Fowler Street,South Shields,NE33 1NE,GB,01914066931,True,,False,,False,False,,,,,,,WalkIn|ClickAndCollect|JustEat|JustEatCollection|UberEatsDelivery|UberEatsCollection,True,True,True
5403,"Newton Aycliffe, U1 Ayclfe IP, Rcknl Ave",54.60776503,-1.563621678,Ricknall Avenue,Newton Aycliffe,DL5 6AD,GB,01325524802,True,,False,,False,False,,,,,,,WalkIn|ClickAndCollect|JustEat|JustEatCollection|UberEatsDelivery|UberEatsCollection,True,True,True
5404,"Great Yarmouth, UB2A Gapton Hall RP",52.5979136,1.711021515,Gapton Hall Road,Great Yarmouth,NR31 0LZ,GB,01493802055,True,,False,,False,False,,,,,,,WalkIn|ClickAndCollect|JustEat|JustEatCollection|UberEatsDelivery|UberEatsCollection,True,True,True
5405,"Nottingham, U1 Beechdale RP",52.96058942,-1.191649043,Beechdale Road,Nottingham,NG8 3LL,GB,01158226033,True,,False,,False,False,,,,,,,WalkIn|ClickAndCollect|JustEat|JustEatCollection|UberEatsDelivery|UberEatsCollection,True,True,True
5407,COMPASS Bovington,50.70152276,-2.242253934,Gaza Road,Bovington,BH20 6LB,GB,01929500388,True,,True,10002,False,False,,,,,,,WalkIn,False,False,False
5408,ASDA EXPRESS Longford,50.994633,-1.758825228,Salisbury Road,Wiltshire,SP5 3HZ,GB,01725530216,True,,True,10004,False,False,,,,,,,WalkIn,False,False,False
5409,ASDA EXPRESS Wellingborough,52.29938643,-0.731762795,1/3 Rossetti Close,Wellingborough,NN8 3FQ,GB,01933421639,True,,True,10004,False,False,,,,,,,WalkIn,False,False,False
5412,"Burton on Trent, U33 Albion Gateway",52.8231116,-1.624073321,Derby Road,Burton on Trent,DE13 0FW,GB,01283241953,True,,False,,False,False,,,,,,,WalkIn|ClickAndCollect|JustEat|JustEatCollection|UberEatsDelivery|UberEatsCollection,True,True,True
5413,MFG Bickerbar,52.93181535,-0.156642317,Donington Road,Boston,PE20 3AN,GB,01205334211,True,,True,10026,False,False,,,,,,,WalkIn,False,False,False
5416,MFG Winning Post,50.64039607,-3.562848892,Haldon Hill,Exeter,EX6 7XS,GB,01392343739,True,,True,10026,False,False,,,,,,,WalkIn,False,False,False
5424,"Dyce, U2 Burnside Rd",57.199083,-2.183118,Burnside Road,Dyce,AB21 0HZ,GB,01224907117,True,,False,,False,False,,,,,,,WalkIn|ClickAndCollect|JustEat|JustEatCollection|UberEatsDelivery|UberEatsCollection,True,True,True
5425,"Whitehaven, U5 Bridges RP",54.54464608,-3.585029489,,Whitehaven,CA28 7RQ,GB,01946550795,True,,False,,False,False,,,,,,,WalkIn|ClickAndCollect|UberEatsDelivery|UberEatsCollection,False,True,True
5426,"Chorley, 18 Market Wlk",53.65334,-2.62946,18 Market Walk,Chorley,PR7 1DE,GB,01257440964,True,False,False,,False,False,False,False,False,False,SDMA,2019-12-05T00:00:00Z,WalkIn|ClickAndCollect|JustEat|JustEatCollection|UberEatsDelivery|UberEatsCollection,True,True,True
5427,"Manchester, U6 Peter House, Oxford St",53.4772963,-2.243947681,Oxford Street,Manchester,M1 5AN,GB,01618419157,True,,False,,False,False,,,,,,,WalkIn|ClickAndCollect,False,False,True
5428,"Fulwood, U5 Eastway RP",53.79718138,-2.693709188,,Fulwood,PR2 9BQ,GB,01772285701,True,False,False,,False,False,False,False,False,False,SDMA,2019-11-14T00:00:00Z,WalkIn|ClickAndCollect|JustEat|JustEatCollection|UberEatsDelivery|UberEatsCollection,True,True,True
5429,"Newcastle Under Lyme, U15 Castle Wlk",53.010862,-2.22556,Castle Walk,Newcastle Under Lyme,ST5 1AN,GB,01782890429,True,,False,,False,False,,,,,,,WalkIn|ClickAndCollect|JustEat|JustEatCollection|UberEatsDelivery|UberEatsCollection,True,True,True
5433,"Pelaw, 1 Brookfield Tce",54.95383313,-1.544342211,1 Brookfield Terrace,Pelaw,NE10 0QU,GB,01914066966,True,,False,,False,False,,,,,,,WalkIn|ClickAndCollect|JustEat|JustEatCollection|UberEatsDelivery|UberEatsCollection,True,True,True
5434,"Sale, UB, 121 Washway Rd",53.42074697,-2.330316292,121 Washway Road,Sale,M33 7TY,GB,01618419233,True,False,False,,False,False,False,False,False,False,SDMA,2019-12-13T00:00:00Z,WalkIn|ClickAndCollect|JustEat|JustEatCollection|UberEatsDelivery|UberEatsCollection,True,True,True
5435,"Porth, 18 Cymmer Rd",51.61404981,-3.413825284,18 Cymmer Road,Porth,CF39 9BL,GB,01443583540,True,,False,,False,False,,,,,,,WalkIn|ClickAndCollect|JustEat|JustEatCollection|UberEatsDelivery|UberEatsCollection,True,True,True
5437,"Dunstable, U1A, Insignia Park Drive Thru",51.88764122,-0.50418515,Luton Road,Dunstable,LU5 4LW,GB,01582345754,True,,False,,True,False,,,,,,,WalkIn|ClickAndCollect|JustEat|JustEatCollection|DriveThru|UberEatsDelivery|UberEatsCollection,True,True,True
5439,"Launceston, Pennygillam IE, Pennygllm Wy",50.62761711,-4.371006211,Pennygillam Way,Launceston,PL15 7ED,GB,01566700796,True,,False,,False,False,,,,,,,WalkIn|ClickAndCollect,False,False,True
5441,"Wrexham, Ruabon Park SS, James Park Way",52.9834392,-3.045323825,James Park Way,Wrexham,LL14 6EQ,GB,01978803204,True,,False,,False,False,,,,,,,WalkIn|ClickAndCollect,False,False,True
5443,"Oxford, 59 Cornmarket St",51.75243831,-1.258056244,59/61 Cornmarket Street,Oxford,OX1 3HB,GB,01865597834,True,False,False,,False,False,False,False,False,False,SDAM,2020-03-04T00:00:00Z,WalkIn|ClickAndCollect|JustEat|JustEatCollection|UberEatsDelivery|UberEatsCollection,True,True,True
5444,MFG Weston Supermare,51.34409,-2.93281,Locking Moor Road,Weston Super Mare,BS24 8FN,GB,01934312822,True,,True,10026,False,False,,,,,,,WalkIn,False,False,False
5446,"Dartford, Bluewater SC, Bluewater Prkway",51.43943,0.27287,Bluewater Parkway,Dartford,DA9 9ST,GB,01322474826,True,,False,,False,False,,,,,,,WalkIn|ClickAndCollect|JustEat|JustEatCollection|UberEatsDelivery|UberEatsCollection,True,True,True
5447,"Northampton, U2 The Causeway",52.244042,-0.809489,The Causeway,Northampton,NN3 9EX,GB,01604213254,True,,False,,False,False,,,,,,,WalkIn|ClickAndCollect|JustEat|JustEatCollection|UberEatsDelivery|UberEatsCollection,True,True,True
5448,"Scunthorpe, U1 Glebe Rd",53.59451627,-0.648080567,Glebe Road,Scunthorpe,DN15 6AF,GB,01724700341,True,,False,,False,False,,,,,,,WalkIn|ClickAndCollect|JustEat|JustEatCollection|UberEatsDelivery|UberEatsCollection,True,True,True
5449,"Blackwood, U13 St Davids IE, Pinewd Crt",51.67011704,-3.219128865,Pinewood Court,Blackwood,NP12 3SW,GB,01443583544,True,,False,,False,False,,,,,,,WalkIn|ClickAndCollect|JustEat|JustEatCollection|UberEatsDelivery|UberEatsCollection,True,True,True
5450,"Cardiff, U1 Penarth Rd RP",51.45381538,-3.198075311,Penarth Road,Cardiff,CF11 8EF,GB,02920032688,True,,False,,False,False,,,,,,,WalkIn|ClickAndCollect|JustEat|JustEatCollection|UberEatsDelivery|UberEatsCollection,True,True,True
5451,"Cardiff, Cardiff University, Park Pl",51.48829523,-3.1783434,Park Place,Cardiff,CF10 3AT,GB,02920020236,True,,False,,False,False,,,,,,,WalkIn|ClickAndCollect,False,False,True
5452,"Bristol, Abbey Wood SP Drive Thru",51.506238637625,-2.557989087707,Abbey Wood Shopping Park,Bristol,BS34 7JL,GB,01174503426,True,,False,,True,False,,,,,,,WalkIn|ClickAndCollect|JustEat|JustEatCollection|DriveThru|UberEatsDelivery|UberEatsCollection,True,True,True
5454,"Erdington, U1 Kingsbury Rd",52.51955,-1.80177,Kingsbury Road,Erdington,B24 9PZ,GB,01212279720,True,,False,,False,False,,,,,,,WalkIn|ClickAndCollect|JustEat|JustEatCollection|UberEatsDelivery|UberEatsCollection,True,True,True
5455,"Worcester, U1A Blackpole RP",52.21296114,-2.199407296,Blackpole Road,Worcester,WR3 8PQ,GB,01905969643,True,,False,,False,False,,,,,,,WalkIn|ClickAndCollect|JustEat|JustEatCollection|UberEatsDelivery|UberEatsCollection,True,True,True
5456,"Paisley, Paisley Central RP, 57 Rnfrw Rd",55.85069,-4.419851,57 Renfrew Road,Paisley,PA3 4DS,GB,01417267405,True,,False,,False,False,,,,,,,WalkIn|ClickAndCollect|JustEat|JustEatCollection|UberEatsDelivery|UberEatsCollection,True,True,True
5457,"Acocks Green, 1130 Warwick Rd",52.44688158,-1.820768658,1130 Warwick Road,Acocks Green,B27 6BL,GB,01216612731,True,,False,,False,False,,,,,,,WalkIn|ClickAndCollect|JustEat|JustEatCollection|UberEatsDelivery|UberEatsCollection,True,True,True
5458,"Evesham, U4A Four Pools RP",52.07707381,-1.93614266,Four Pools Lane,Evesham,WR11 1DJ,GB,01386577759,True,,False,,False,False,,,,,,,WalkIn|ClickAndCollect|JustEat|JustEatCollection|UberEatsDelivery|UberEatsCollection,True,True,True
5460,MOTO Heston East,51.48850318,-0.386892673,Phoenix Way,Heston,TW5 9NB,GB,02038898591,True,,True,10006,False,False,,,,,,,WalkIn,False,False,False
5461,MOTO Trowell South,52.96184668,-1.268757329,,Trowell,NG9 3PL,GB,01158226076,True,,True,10006,False,False,,,,,,,WalkIn,False,False,False
5462,MOTO Birch West,53.56751481,-2.230861124,,Heywood,OL10 2QH,GB,01618419187,True,,True,10006,False,False,,,,,,,WalkIn,False,False,False
5463,MOTO Southwaite South,54.79881949,-2.869993103,,Carlisle,CA4 0NT,GB,01697325194,True,,True,10006,False,False,,,,,,,WalkIn,False,False,False
5465,MOTO Washington North Kiosk,54.890203,-1.559889271,,Birtley,DH3 2SJ,GB,01914066925,True,,True,10006,False,False,,,,,,,WalkIn,False,False,False
5466,MOTO Frankley North FC,52.42972801,-2.01872362,Illey Lane,Birmingham,B32 4AR,GB,01216612658,True,,True,10006,False,False,,,,,,,WalkIn,False,False,False
5467,MOTO Winchester North,51.12063164,-1.254890626,,Winchester,SO21 1PP,GB,01962670945,True,,True,10006,False,False,,,,,,,WalkIn,False,False,False
5470,"Northampton, 29 Darnell Way",52.27332227,-0.865449186,29 Darnell Way,Northampton,NN3 6RW,GB,01604213256,True,,False,,False,False,,,,,,,WalkIn|ClickAndCollect|JustEat|JustEatCollection|UberEatsDelivery|UberEatsCollection,True,True,True
5472,COMPASS Brompton Barracks,51.392442075365,0.53337207015,Brompton Barracks,Chatham,ME4 4UG,GB,01634558810,True,,True,10002,False,False,,,,,,,WalkIn,False,False,False
5477,"Brynmawr, U4 Brynmawr RP, Blaina Rd",51.79662483,-3.176060161,Blaina Road,Brynmawr,NP23 4PW,GB,01495361632,True,,False,,False,False,,,,,,,WalkIn|ClickAndCollect|JustEat|JustEatCollection|UberEatsDelivery|UberEatsCollection,True,True,True
5478,"Penllergaer, UD Junction 47 RP",51.667881,-4.02515,Gorseinon Road,Penllergaer,SA4 4DQ,GB,01792001455,True,False,False,,False,False,False,False,False,False,SDTR,2023-02-09T00:00:00Z,WalkIn|ClickAndCollect|JustEat|JustEatCollection|UberEatsDelivery|UberEatsCollection,True,True,True
5479,"Reading, 15 Broad St Mall",51.45490367,-0.9755566,15/16,Reading,RG1 7QE,GB,01182053394,True,,False,,False,False,,,,,,,WalkIn|ClickAndCollect|JustEat|JustEatCollection|UberEatsDelivery|UberEatsCollection,True,True,True
5480,"Sandhurst, 39 Yorktown Rd",51.34614173,-0.801761819,39 Yorktown Road,Sandhurst,GU47 9DU,GB,01252881187,True,,False,,False,False,,,,,,,WalkIn|ClickAndCollect|JustEat|JustEatCollection,True,False,True
5481,"Warrington, U1 Westbrook Ctr",53.40793516,-2.629661613,,Warrington,WA5 8UG,GB,01925239090,True,,False,,False,False,,,,,,,WalkIn|ClickAndCollect|JustEat|JustEatCollection|UberEatsDelivery|UberEatsCollection,True,True,True
5482,MFG Gailey,52.69175691,-2.120846228,,Staffordshire,ST19 5PR,GB,01902243967,True,,True,10026,False,False,,,,,,,WalkIn,False,False,False
5484,"Talke, Congleton Rd",53.08194537,-2.261243973,Congleton Road,Talke,ST7 1LP,GB,01782890450,True,,False,,False,False,,,,,,,WalkIn|ClickAndCollect|JustEat|JustEatCollection,True,False,True
5485,"Chorley, U1 Calder House, Pres",53.66253658,-2.6316809,Preston Road,Chorley,PR7 1FH,GB,01257440963,True,False,False,,False,False,False,False,False,False,SDMA,2021-11-19T00:00:00Z,WalkIn|ClickAndCollect|JustEat|JustEatCollection|UberEatsDelivery|UberEatsCollection,True,True,True
5486,"Blackpool, UB Squires Gate RP",53.78015578,-3.034254735,Squires Gate Lane,Blackpool,FY4 2AY,GB,01253204608,True,False,False,,False,False,False,False,False,False,SDMA,2021-12-22T00:00:00Z,WalkIn|ClickAndCollect|JustEat|JustEatCollection|UberEatsDelivery|UberEatsCollection,True,True,True
5487,"Newcastle, U9 Central Station",54.96868114,-1.616952207,,Newcastle Upon Tyne,NE1 5DL,GB,01913232883,True,False,False,,False,False,False,False,False,False,SDGO,2021-06-23T23:00:00Z,WalkIn|ClickAndCollect,False,False,True
5488,"London, Shepherds Bush Tube Station",51.50485399873,-0.21861457823,Uxbridge Road,London,W12 8ND,GB,02038898623,True,,False,,False,False,,,,,,,WalkIn|ClickAndCollect,False,False,True
5495,"Plymouth, U3A Marsh Mills RP",50.39372777,-4.089678926,,Plymouth,PL6 8LX,GB,01752423577,True,,False,,False,False,,,,,,,WalkIn|ClickAndCollect|JustEat|JustEatCollection|UberEatsDelivery|UberEatsCollection,True,True,True
5497,"Wishaw, 2A Caledonian RP",55.77573,-3.94876,,Wishaw,ML2 7UR,GB,01698533322,True,,False,,False,False,,,,,,,WalkIn|ClickAndCollect|JustEat|JustEatCollection|UberEatsDelivery|UberEatsCollection,True,True,True
5500,EG On The Move Bedworth,52.50851646,-1.475229225,Griff Way,Nuneaton,CV10 7DA,GB,02475103344,True,,True,10081,False,False,,,,,,,WalkIn|ClickAndCollect,False,False,True
5501,"Coventry, U8B Alvis RP, Holyhead Rd",52.41158,-1.52697,Holyhead Road,Coventry,CV5 8BW,GB,02475103340,True,,False,,False,False,,,,,,,WalkIn|ClickAndCollect|JustEat|JustEatCollection|UberEatsDelivery|UberEatsCollection,True,True,True
5502,ASDA EXPRESS Chalk,51.43203218,0.395086115,Rochester Road,Chalk,DA12 4TN,GB,01474564750,True,,True,10004,False,False,,,,,,,WalkIn,False,False,False
5504,EG On The Move Ross-on-Wye,51.85062622,-2.66191227,,Ross-on-Wye,HR9 6DW,GB,01600731257,True,,True,10081,False,False,,,,,,,WalkIn|ClickAndCollect,False,False,True
5506,ASDA EXPRESS Crewe,53.07210635,-2.435504904,Jack Mills Way,Shavington,CW2 5UZ,GB,01270297104,True,,True,10004,False,False,,,,,,,WalkIn,False,False,False
5508,"Bromsgrove, U5A Bromsgrove RP",52.33817272,-2.05556969,Birmingham Road,Bromsgrove,B61 0DD,GB,01527912815,True,False,False,,False,False,False,False,False,False,SDBI,2021-03-26T00:00:00Z,WalkIn|ClickAndCollect|JustEat|JustEatCollection|UberEatsDelivery|UberEatsCollection,True,True,True
5512,"Glasgow, 4 Allerdyce Court Drive Thru",55.9026963,-4.377140121,4 Allerdyce Court,Glasgow,G15 6SA,GB,01417267375,True,,False,,True,False,,,,,,,WalkIn|ClickAndCollect|JustEat|JustEatCollection|DriveThru|UberEatsDelivery|UberEatsCollection,True,True,True
5513,"Mansfield, U2 Southwll Rd Wst Drive Thru",53.127339139399,-1.14829636457,Southwell Road West,Mansfield,NG21 0HJ,GB,01623701789,True,,False,,True,False,,,,,,,WalkIn|ClickAndCollect|JustEat|JustEatCollection|DriveThru|UberEatsDelivery|UberEatsCollection,True,True,True
5514,"Perth, U1 Glenearn Rd",56.3861085,-3.4372101,Glenearn Road,Perth,PH2 0NJ,GB,01738230313,True,,False,,False,False,,,,,,,WalkIn|ClickAndCollect|JustEat|JustEatCollection|UberEatsDelivery|UberEatsCollection,True,True,True
5515,"Glasgow, U2 Rutherglen RP, Dalmarnock Rd",55.83639338,-4.210816426,Dalmarnock Rd,Glasgow,G73 1AE,GB,01417267376,True,,False,,False,False,,,,,,,WalkIn|ClickAndCollect|JustEat|JustEatCollection|UberEatsDelivery|UberEatsCollection,True,True,True
5518,"Chepstow, U1 Newport Rd",51.63609927,-2.68359948,Newport Rd,Chepstow,NP16 5YS,GB,01291441480,True,,False,,False,False,,,,,,,WalkIn|ClickAndCollect|UberEatsDelivery|UberEatsCollection,False,True,True
5520,"St Austell, U5 Cornwall Services",50.42592,-4.815299,Victoria,St Austell,PL26 8UF,GB,01726210478,True,,False,,False,False,,,,,,,WalkIn|ClickAndCollect,False,False,True
5521,"Swansea, Langdon Rd",51.62087086,-3.909226945467,Langdon Road,Swansea,SA1 8QY,GB,01792001550,True,,False,,True,False,,,,,,,WalkIn|ClickAndCollect|JustEat|JustEatCollection|DriveThru|UberEatsDelivery|UberEatsCollection,True,True,True
5523,"Dunfermline, U3 Pittsburgh RP, Main St",56.081302,-3.405026913,Main Street,Dunfermline,KY11 8EE,GB,01383347864,True,,False,,False,False,,,,,,,WalkIn|ClickAndCollect|JustEat|JustEatCollection|UberEatsDelivery|UberEatsCollection,True,True,True
5524,BLAKEMORE Staplehurst,51.1608216,0.551986962,5,Staplehurst,TN12 0LA,GB,01580231165,True,,True,10000,False,False,,,,,,,WalkIn,False,False,False
5525,"Ecclesfield, 2 The Common",53.44635,-1.46447,2 The Common,Ecclesfield,S35 9WJ,GB,01143210494,True,,False,,False,False,,,,,,,WalkIn|ClickAndCollect|JustEat|JustEatCollection|UberEatsDelivery|UberEatsCollection,True,True,True
5530,"Sheffield, Meadowhall RP Drive Thru",53.40644845,-1.413129338,,Sheffield,S9 2YZ,GB,01143214046,True,,False,,True,False,,,,,,,WalkIn|ClickAndCollect|JustEat|JustEatCollection|DriveThru|UberEatsDelivery|UberEatsCollection,True,True,True
5531,"Aldridge, Anchor Brook IE",52.60841,-1.93005,Wharf Approach,Aldridge,WS9 8BX,GB,01922664819,True,,False,,False,False,,,,,,,WalkIn,False,False,False
5532,"Cardigan, 5 Pendre",52.08430067225,-4.660742100002,5 Pendre,Cardigan,SA43 1JL,GB,01239801000,True,False,False,,False,False,False,False,False,False,SDTR,2023-05-05T23:00:00Z,WalkIn|ClickAndCollect,False,False,True
5533,"London, Marylebone Station",51.522298,-0.163132,Melcombe Place,London,NW1 6JJ,GB,02038898524,True,,False,,False,False,,,,,,,WalkIn|ClickAndCollect,False,False,True
5534,"Flint, UA Flintshire RP",53.25060863,-3.138117972,,Flint,CH6 5GB,GB,01352871712,True,False,False,,False,False,False,False,False,False,SDMA,2020-11-27T00:00:00Z,WalkIn|ClickAndCollect|JustEat|JustEatCollection|UberEatsDelivery|UberEatsCollection,True,True,True
5535,"Birmingham, Exchange Sq",52.48207065,-1.89063973,106 Moor Street Queensway,Birmingham,B4 7LR,GB,01216612760,True,,False,,False,False,,,,,,,WalkIn,False,False,False
5536,"Wigan, UH Robin RP",53.5451546,-2.6538999,Robin Park Road,Wigan,WN5 0UH,GB,01942365227,True,,False,,False,False,,,,,,,WalkIn|ClickAndCollect|JustEat|JustEatCollection|UberEatsDelivery|UberEatsCollection,True,True,True
5537,Leeds Bradford Airport,53.869185,-1.661617,Whitehouse Lane,Leeds,LS19 7UA,GB,01135177590,True,,False,,False,False,,,,,,,WalkIn|ClickAndCollect,False,False,True
5538,"Pontyclun, UD1 Coedcae Lane IE",51.53186248,-3.401630277,,Pontyclun,CF72 9HG,GB,01443583533,True,,False,,False,False,,,,,,,WalkIn|ClickAndCollect|JustEat|JustEatCollection|UberEatsDelivery|UberEatsCollection,True,True,True
5539,"Waterloo, U1, 93 Lower Marsh",51.50145,-0.11154,93 Lower Marsh,Waterloo,SE1 7AB,GB,02038898531,True,False,False,,False,False,False,False,False,False,SDEN,2021-02-19T00:00:00Z,WalkIn|ClickAndCollect|JustEat|JustEatCollection|UberEatsDelivery|UberEatsCollection,True,True,True
5541,London Gatwick Airport,51.1538,-0.18206,,Horley,RH6 0NP,GB,01293220247,True,,False,,False,False,,,,,,,WalkIn|ClickAndCollect,False,False,True
5544,"Prudhoe, U2A Prudhoe RP",54.96856217,-1.837715845,,Prudhoe,NE42 6BU,GB,01661521128,True,,False,,False,False,,,,,,,WalkIn|ClickAndCollect|JustEat|JustEatCollection|UberEatsDelivery|UberEatsCollection,True,True,True
5545,"Coleshill, U39 Coleshill IE, Station Rd",52.51321272,-1.709382341,Station Road,Coleshill,B46 1JP,GB,01675620807,True,,False,,False,False,,,,,,,WalkIn|ClickAndCollect|JustEat|JustEatCollection|UberEatsDelivery|UberEatsCollection,True,True,True
5546,"Leeds, U57B White Rose SC",53.75733019,-1.573574107,,Leeds,LS11 8LL,GB,01135177606,True,,False,,False,False,,,,,,,WalkIn|ClickAndCollect|JustEat|JustEatCollection|UberEatsDelivery|UberEatsCollection,True,True,True
5549,MFG North Bradley,51.29539626,-2.197001418,Westbury Road,Trowbridge,BA14 0FW,GB,01225234632,True,,True,10026,True,False,,,,,,,WalkIn|DriveThru,False,False,False
5550,"Govan, 378 Helen St",55.85344242,-4.318740718,378 Helen Street,Govan,G51 3AD,GB,01417267382,True,False,False,,False,False,False,False,False,False,SDCL,2020-11-27T00:00:00Z,WalkIn|ClickAndCollect|JustEat|JustEatCollection|UberEatsDelivery|UberEatsCollection,True,True,True
5551,"Bridlington, U5 The Promenades SC",54.082875032827,-0.189849106436,,Bridlington,YO15 2DX,GB,01262410804,True,,False,,False,False,,,,,,,WalkIn|ClickAndCollect|JustEat|JustEatCollection|UberEatsDelivery|UberEatsCollection,True,True,True
5552,"Pontypool, U4 Usk Vale Park",51.71452541,-2.997689065,,Pontypool,NP4 0JL,GB,01495360296,True,,False,,False,False,,,,,,,WalkIn|ClickAndCollect,False,False,True
5553,"Swansea, U44A Cwmdu IE, Carmarthen Rd",51.6359559,-3.970546307,Carmarthen Road,Swansea,SA5 8JF,GB,01792001442,True,,False,,False,False,,,,,,,WalkIn|ClickAndCollect|JustEat|JustEatCollection|UberEatsDelivery|UberEatsCollection,True,True,True
5554,"Eskbank, Eskbank Roundabout Drive Thru",55.88129427,-3.08729394,Bonnyrigg Road,Eskbank,EH22 3FU,GB,01312873354,True,,False,,True,False,,,,,,,WalkIn|ClickAndCollect|JustEat|JustEatCollection|DriveThru|UberEatsDelivery|UberEatsCollection,True,True,True
5556,"Leeds, U6 St Georges RP",53.74945,-1.52969,,Leeds,LS10 4TQ,GB,01138875405,True,,False,,False,False,,,,,,,WalkIn|ClickAndCollect|JustEat|JustEatCollection,True,False,True
5560,"Chippenham, Hathaway RP",51.46368231,-2.11475357408,,Chippenham,SN15 1JG,GB,01249477323,True,,False,,False,False,,,,,,,WalkIn|ClickAndCollect|JustEat|JustEatCollection|UberEatsDelivery|UberEatsCollection,True,True,True
5561,"Swindon, G8 West Swindon SC",51.55925,-1.82881,Tewkesbury Way,Swindon,SN5 7DL,GB,01793224082,True,,False,,False,False,,,,,,,WalkIn|ClickAndCollect|JustEat|JustEatCollection|UberEatsDelivery|UberEatsCollection,True,True,True
5562,"Bicton Heath SC, Welshpool Rd",52.71482074,-2.805612446,Welshpool Road,Bicton Heath,SY3 5AD,GB,01743291662,True,,False,,False,False,,,,,,,WalkIn|ClickAndCollect|JustEat|JustEatCollection,True,False,True
5564,ASDA EXPRESS Ilminster,50.93423556,-2.937444033,Horton Cross,Ilminster,TA19 9PT,GB,0146053567,True,,True,10004,False,False,,,,,,,WalkIn,False,False,False
5565,ASDA EXPRESS Holt Road,53.06018687,-2.957469039,Holt Road,Holt,LL13 9SB,GB,01978803200,True,,True,10004,False,False,,,,,,,WalkIn,False,False,False
5567,ASDA EXPRESS Blurton,52.98285397,-2.157183661,Blurton Road,Stoke-on-Trent,ST3 2AQ,GB,01782890415,True,,True,10004,False,False,,,,,,,WalkIn,False,False,False
5568,"Wigston, 29 Leicester Rd",52.58677683,-1.105895513,29 Leicester Road,Wigston,LE18 1NR,GB,01164785789,True,,False,,False,False,,,,,,,WalkIn|ClickAndCollect|JustEat|JustEatCollection|UberEatsDelivery|UberEatsCollection,True,True,True
5570,ASDA EXPRESS Bridgnorth,52.52765402,-2.398760813,Stourbridge Road,Bridgnorth,WV15 6AP,GB,01746330802,True,,True,10004,False,False,,,,,,,WalkIn,False,False,False
5571,ASDA EXPRESS Telford,52.71745472,-2.477593813,Hadley Park,Telford,TF1 6QJ,GB,01952947972,True,,True,10004,False,False,,,,,,,WalkIn,False,False,False
5572,EG On The Move Manchester Rd,53.5624981,-2.411839064,Manchester Road,Bolton,BL3 2NZ,GB,01204382953,True,,True,10081,False,False,,,,,,,WalkIn,False,False,False
5574,ASDA EXPRESS Stourport,52.34188296,-2.276906728,Vale Road,Stourport-on-Severn,DY13 8YJ,GB,01299660740,True,,True,10004,False,False,,,,,,,WalkIn,False,False,False
5575,ASDA EXPRESS Lillyhall,54.60441301,-3.533932053,Lillyhall,Workington,CA14 4PJ,GB,01946550793,True,,True,10004,False,False,,,,,,,WalkIn,False,False,False
5577,ASDA EXPRESS Rivenhall,51.81816689,0.670500765,A12 London Road South,Witham,CM8 3HB,GB,01376570996,True,,True,10004,False,False,,,,,,,WalkIn,False,False,False
5578,Greggs @ Asda Boldon,54.94799255,-1.461869133,North Road,Boldon Colliery,NE35 9AR,GB,01915946785,True,,False,,False,False,,,,,,,WalkIn|ClickAndCollect|JustEat|JustEatCollection,True,False,True
5579,Greggs @ Asda Wigan,53.54317,-2.65082,Soho Street,Wigan,WN5 0XA,GB,01942365228,True,,False,,False,False,,,,,,,WalkIn|ClickAndCollect|JustEat|JustEatCollection|UberEatsDelivery|UberEatsCollection,True,True,True
5580,Greggs @ Asda Eastlands,53.48315422,-2.192938539,Ashton New Road,Manchester,M11 4BD,GB,01618419153,True,False,False,,False,False,False,False,False,False,SDMA,2020-03-19T00:00:00Z,WalkIn|ClickAndCollect|JustEat|JustEatCollection|UberEatsDelivery|UberEatsCollection,True,True,True
5581,Greggs @ Asda Corby,52.49647077,-0.681143836,Phoenix Park Way,Corby,NN17 5DT,GB,01536212723,True,,False,,False,False,,,,,,,WalkIn|ClickAndCollect|JustEat|JustEatCollection|UberEatsDelivery|UberEatsCollection,True,True,True
5582,Greggs @ Asda Huyton,53.412556277606,-2.836817182688,Huyton Lane,Liverpool,L36 7TX,GB,01513328198,True,,False,,False,False,,,,,,,WalkIn|ClickAndCollect|JustEat|JustEatCollection|UberEatsDelivery|UberEatsCollection,True,True,True
5584,MOTO Rugby FC,52.41066976,-1.246010699,Leicester Road,Rugby,CV23 0EZ,GB,01788222583,True,,True,10006,False,False,,,,,,,WalkIn,False,False,False
5585,"London, U60 Upper Level, St Pancras Stn",51.531766,-0.127276,,London,NW1 1QP,GB,02038898481,True,,False,,False,False,,,,,,,WalkIn|ClickAndCollect,False,False,True
5586,MOTO Rugby,52.41123597,-1.251056324,Leicester Road,Rugby,CV23 0EZ,GB,01788222581,True,,True,10006,False,False,,,,,,,WalkIn,False,False,False
5591,MFG Frome,51.24372563,-2.291493852,,Frome,BA11 2RY,GB,01373481286,True,,True,10026,False,False,,,,,,,WalkIn,False,False,False
5592,MFG Wembdon,51.13176805,-3.041237259,Quantock Road,Wembdon,TA5 2AX,GB,01278550705,True,,True,10026,False,False,,,,,,,WalkIn,False,False,False
5594,"Whitby, 16 Station Sq",54.48521,-0.61568,16 Station Square,Whitby,YO21 1DU,GB,01947660377,True,,False,,False,False,,,,,,,WalkIn|ClickAndCollect,False,False,True
5595,"Stanley, U1 Agnes St",54.87188869,-1.69546034,Agnes Street,Stanley,DH9 0AG,GB,01207261256,True,,False,,False,False,,,,,,,WalkIn|ClickAndCollect|JustEat|JustEatCollection|UberEatsDelivery|UberEatsCollection,True,True,True
5597,COMPASS HMS Drake,50.39146794,-4.182423759,,Plymouth,PL2 2BG,GB,01752425350,True,,True,10002,False,False,,,,,,,WalkIn,False,False,False
5598,"Penrith, 5 Devonshire St",54.664200664365,-2.752815453364,5/6 Devonshire Street,Penrith,CA11 7SR,GB,01768425064,True,,False,,False,False,,,,,,,WalkIn|ClickAndCollect|UberEatsDelivery|UberEatsCollection,False,True,True
5599,"Sunderland, U4 Salterfen Park, Ryhope Rd",54.87714,-1.36051,Ryhope Road,Sunderland,SR2 0GB,GB,01913230114,True,,False,,False,False,,,,,,,WalkIn|ClickAndCollect|JustEat|JustEatCollection|UberEatsDelivery|UberEatsCollection,True,True,True
5601,"Eastbrne, U19B Lttbrdge Drove Drive Thru",50.78592,0.30591,Lottbridge Drove,Eastbourne,BN23 6QD,GB,01323396315,True,,False,,True,False,,,,,,,WalkIn|ClickAndCollect|JustEat|JustEatCollection|DriveThru|UberEatsDelivery|UberEatsCollection,True,True,True
5604,"Accrington, The Viaduct, Hyndburn Rd",53.75437999,-2.36907898,Hyndburn Road,Accrington,BB5 1QF,GB,01254946912,True,,False,,False,False,,,,,,,WalkIn|ClickAndCollect|JustEat|JustEatCollection|UberEatsDelivery|UberEatsCollection,True,True,True
5605,"Outlet: Nitshill, 401 Nitshill",55.8130818,-4.359334595,401 Nitshill Road,Nitshill,G53 7BN,GB,01417267420,True,False,False,,False,False,False,False,False,False,SDCL,2020-10-28T00:00:00Z,WalkIn,False,False,False
5607,"Outlet: Parkhead, 76 Westmuir St",55.85140085,-4.194907685,76 Westmuir Street,Parkhead,G31 5BJ,GB,01417267385,True,,False,,False,False,,,,,,,WalkIn,False,False,False
5608,MOTO Lancaster South FC,53.96245339,-2.758669541,White Carr Lane,Bay Horse,LA2 9DU,GB,01524917195,True,,True,10006,False,False,,,,,,,WalkIn,False,False,False
5609,ASDA EXPRESS Wooferton,52.31289058,-2.705900475,,Ludlow,SY8 4AL,GB,01584700213,True,,True,10004,False,False,,,,,,,WalkIn,False,False,False
5610,ASDA EXPRESS Pinvin,52.13046298,-2.062865179,Abbey View Road,Pershore,WR10 2DT,GB,0136571254,True,,True,10004,False,False,,,,,,,WalkIn,False,False,False
5612,"Glasgow, 881 Gallowgate, U15 Forge RP",55.85398,-4.21165,881 Gallowgate,Glasgow,G31 4BW,GB,01417267384,True,,False,,False,False,,,,,,,WalkIn|ClickAndCollect|JustEat|JustEatCollection,True,False,True
5613,"Colchester, U14 Nrthrn Gatewy Drive Thru",51.92405228979,0.899188688587,Cuckoo Farm Way,Colchester,CO4 5UP,GB,01206489934,True,,False,,True,False,,,,,,,WalkIn|ClickAndCollect|JustEat|JustEatCollection|DriveThru|UberEatsDelivery|UberEatsCollection,True,True,True
5614,"Outlet: Deckham, 300 Old Durha",54.9512206,-1.595724853,Old Durham Road,Deckham,NE8 4BQ,GB,01914066921,True,False,False,,False,False,False,False,False,False,SDGO,2020-12-03T00:00:00Z,WalkIn,False,False,False
5615,Greggs @ Asda Worksop,53.31362592,-1.140488341,Versuvius Way,Worksop,S80 3NE,GB,01909491271,True,,False,,False,False,,,,,,,WalkIn|ClickAndCollect|JustEat|JustEatCollection|UberEatsDelivery|UberEatsCollection,True,True,True
5616,MFG Springs,53.7151278,-2.087419112,Halifax Road,Todmorden,OL14 5RS,GB,01706392780,True,,True,10026,False,False,,,,,,,WalkIn,False,False,False
5617,MFG Plympton,50.38290771,-4.031535619,251 Ridgeway,Plympton,PL7 1AJ,GB,01752425349,True,,True,10026,False,False,,,,,,,WalkIn,False,False,False
5618,"Poole, Hamworthy Trade Centre",50.72866061,-2.017794912,466 Blandford Road,Poole,BH16 5BL,GB,01202055002,True,,False,,False,False,,,,,,,WalkIn|ClickAndCollect|JustEat|JustEatCollection|UberEatsDelivery|UberEatsCollection,True,True,True
5620,MFG Downfields,52.31954036,0.361033252,Fordham Road,Soham,CB7 5AJ,GB,01353880798,True,,True,10026,False,False,,,,,,,WalkIn,False,False,False
5621,ASDA EXPRESS Fenton,52.99761259,-2.158100105,35 King Street,Stoke-on-Trent,ST4 3ND,GB,01782890454,True,,True,10004,False,False,,,,,,,WalkIn,False,False,False
5623,"Reading, Whiteknights Retail Centre",51.428616,-0.94566,203/207 Shinfield Road,Reading,RG2 8HA,GB,01182053391,True,,False,,False,False,,,,,,,WalkIn|ClickAndCollect|JustEat|JustEatCollection|UberEatsDelivery|UberEatsCollection,True,True,True
5624,"Tamworth, U9 Tame TP, Ninian W",52.60725,-1.67454,Ninian Way,Tamworth,B77 5GZ,GB,01827213680,True,False,False,,False,False,False,False,False,False,SDBI,2023-07-20T23:00:00Z,WalkIn|ClickAndCollect|JustEat|JustEatCollection|UberEatsDelivery|UberEatsCollection,True,True,True
5625,ASDA EXPRESS Ormskirk,53.56577144,-2.89307089,201 County Road,Ormskirk,L39 3LU,GB,01695661272,True,,True,10004,False,False,,,,,,,WalkIn,False,False,False
5626,"London, U17B St Lower Level, Pancras Stn",51.531766,-0.127276,,London,NW1 1QP,GB,02038898496,True,,False,,False,False,,,,,,,WalkIn,False,False,False
5629,"Stafford, U14 Queens SP, Silkmore Lane",52.79612,-2.10206,Silkmore Lane,Stafford,ST17 4SU,GB,01785330274,True,,False,,False,False,,,,,,,WalkIn|ClickAndCollect|JustEat|JustEatCollection|UberEatsDelivery|UberEatsCollection,True,True,True
5630,WELCOME BREAK Cromwell,53.12997176,-0.810984504,Great North Road,Newark,NG23 6JG,GB,01636552236,True,,True,10061,False,False,,,,,,,WalkIn,False,False,False
5631,WELCOME BREAK Kates Cabin,52.54399999,-0.331791605,Great North Road,Peterborough,PE7 3UJ,GB,01733666855,True,,True,10061,False,False,,,,,,,WalkIn,False,False,False
5632,"Berwick, U5 Loaning Meadows RP",55.78371,-2.0193,,Berwick,TD15 1FG,GB,01289540241,True,,False,,False,False,,,,,,,WalkIn|ClickAndCollect,False,False,True
5634,"Enfield, U9a Enfield RP, 5 Crown Rd",51.65433814,-0.057848995,5 Crown Road,Enfield,EN1 1TH,GB,02038898560,True,,False,,False,False,,,,,,,WalkIn|ClickAndCollect|JustEat|JustEatCollection|UberEatsDelivery|UberEatsCollection,True,True,True
5636,Greggs @ Tesco Extra Dudley,52.51384,-2.06577,Birmingham Road,Dudley,DY1 4RP,GB,01384886413,True,,False,,False,False,,,,,,,WalkIn|ClickAndCollect|JustEat|JustEatCollection|UberEatsDelivery|UberEatsCollection,True,True,True
5637,Greggs @ Tesco Thornton Heath,51.39899934,-0.09990375,32 Brigstock Road,Thornton Heath,CR7 8RX,GB,02038898609,True,,False,,False,False,,,,,,,WalkIn|ClickAndCollect,False,False,True
5641,"Swindon, UT12 Hobley Dr",51.58197219,-1.751508299,Hobley Drive,Swindon,SN3 4NS,GB,01793224339,True,,False,,False,False,,,,,,,WalkIn|ClickAndCollect|JustEat|JustEatCollection|UberEatsDelivery|UberEatsCollection,True,True,True
5642,"Newport, U2 Port Rd Drive Thru",51.57027002,-2.999837956,Port Road,Newport,NP20 2SA,GB,01633743292,True,,False,,True,False,,,,,,,WalkIn|ClickAndCollect|JustEat|JustEatCollection|DriveThru|UberEatsDelivery|UberEatsCollection,True,True,True
5644,EG On The Move Coopers Ln,53.46621779,-2.854839053,Coopers Lane,Knowsley,L33 7TU,GB,01515487640,True,,True,10081,False,False,,,,,,,WalkIn|ClickAndCollect,False,False,True
5645,ASDA EXPRESS Forrest Park,54.58685205,-1.56507093,Forrest Park,Newton Aycliffe,DL1 3NL,GB,01325524801,True,,True,10004,False,False,,,,,,,WalkIn,False,False,False
5646,MFG Filton,51.52228,-2.58808,Hayes Way,Filton,BS34 5TN,GB,01174544423,True,,True,10026,False,False,,,,,,,WalkIn,False,False,False
5647,"Worcester, 59 High St",52.19270011,-2.22087535,59/60 High Street,Worcester,WR1 2QA,GB,01905672148,True,,False,,False,False,,,,,,,WalkIn|ClickAndCollect|UberEatsDelivery|UberEatsCollection,False,True,True
5648,"Milton Keynes, U12 The Mall, Kingston SC",52.0359,-0.68764,Winchester Circle,Milton Keynes,MK10 0BA,GB,01908015392,True,,False,,False,False,,,,,,,WalkIn|ClickAndCollect|JustEat|JustEatCollection,True,False,True
5649,"Aberdeen, U4 Jesmond Dr",57.191437,-2.121586443,Jesmond Drive,Aberdeen,AB22 8UR,GB,01224907118,True,,False,,False,False,,,,,,,WalkIn|ClickAndCollect|JustEat|JustEatCollection|UberEatsDelivery|UberEatsCollection,True,True,True
5652,Greggs @ Tesco Extra Stockport,53.41278457,-2.157166472,Tiviot Way,Stockport,SK1 2BT,GB,01618419170,True,,False,,False,False,,,,,,,WalkIn|ClickAndCollect|JustEat|JustEatCollection,True,False,True
5653,Greggs @ Tesco Extra Oldham,53.54532,-2.090562,Huddersfield Road,Oldham,OL4 2GA,GB,01618419188,True,,False,,False,False,,,,,,,WalkIn|ClickAndCollect|JustEat|JustEatCollection,True,False,True
5654,Greggs @ Tesco Extra Altrincham,53.38532851,-2.347250792,Manor Road,Altrincham,WA15 9QT,GB,01618419230,True,,False,,False,False,,,,,,,WalkIn|ClickAndCollect|UberEatsDelivery|UberEatsCollection,False,True,True
5655,Greggs @ Tesco Extra Streatham,51.42494118,-0.131148615,384 Streatham High Road,Streatham,SW16 6HP,GB,02038898629,True,,False,,False,False,,,,,,,WalkIn|ClickAndCollect|JustEat|JustEatCollection|UberEatsDelivery|UberEatsCollection,True,True,True
5656,"Thurmaston, U11 Thurmaston SC",52.684076772279,-1.089620424657,Barkby Thorpe Lane,Thurmaston,LE4 8GP,GB,01164783868,True,,False,,False,False,,,,,,,WalkIn|ClickAndCollect|JustEat|JustEatCollection|UberEatsDelivery|UberEatsCollection,True,True,True
5657,"Beeston, 201 Queens Rd",52.92478867,-1.206413438,201/207 Queens Rd,Beeston,NG9 2BZ,GB,01158226634,True,,False,,False,False,,,,,,,WalkIn|ClickAndCollect|JustEat|JustEatCollection|UberEatsDelivery|UberEatsCollection,True,True,True
5658,"Retford, U4 North Rd",53.32832428,-0.958901948,North Rd,Retford,DN22 7XQ,GB,01777801103,True,,False,,False,False,,,,,,,WalkIn|ClickAndCollect,False,False,True
5659,"Chesterfield, U3, 42 Chatsworth Rd",53.23513783,-1.440259198,42 Chatsworth Road,Chesterfield,S40 2AQ,GB,01246382680,True,,False,,False,False,,,,,,,WalkIn|ClickAndCollect|JustEat|JustEatCollection|UberEatsDelivery|UberEatsCollection,True,True,True
5662,"Newark, 46 Market Pl",53.07600533,-0.809792502,46/46A Market Place,Newark,NG24 1EG,GB,01636552235,True,,False,,False,False,,,,,,,WalkIn|ClickAndCollect|JustEat|JustEatCollection,True,False,True
5664,MFG Gillingham,51.02961,-2.25662,,Gillingham,SP8 5FB,GB,01747441184,True,,True,10026,False,False,,,,,,,WalkIn,False,False,False
5665,ASDA EXPRESS Crofters Lodge,55.00149148,-1.666205913,Kenton Lane,Newcastle upon Tyne,NE3 3ED,GB,01913232914,True,,True,10004,False,False,,,,,,,WalkIn,False,False,False
5666,ASDA EXPRESS Sproughton Road,52.06308306,1.10886265,Sproughton Road,Ipswich,IP1 5FG,GB,01473357428,True,,True,10004,False,False,,,,,,,WalkIn,False,False,False
5668,"Banbury, U12 Banbury Gateway SP",52.076629,-1.317152,Acorn Way,Banbury,OX16 3ER,GB,01295233115,True,,False,,False,False,,,,,,,WalkIn|ClickAndCollect|JustEat|JustEatCollection|UberEatsDelivery|UberEatsCollection,True,True,True
5671,MFG Newby Bridge,54.26271451,-2.961206871,A590 Newby Bridge,Ulverston,LA12 8ND,GB,01539637335,True,,True,10026,False,False,,,,,,,WalkIn,False,False,False
5672,"Newport, U19A Newport RP",51.577007,-2.944724,,Newport,NP19 4QQ,GB,01633743286,True,,False,,False,False,,,,,,,WalkIn|ClickAndCollect|JustEat|JustEatCollection|UberEatsDelivery|UberEatsCollection,True,True,True
5673,"Bristol, UA1B Gallagher RP",51.44596,-2.49906,Aldermoor Way,Bristol,BS30 7DA,GB,01174544428,True,,False,,False,False,,,,,,,WalkIn|ClickAndCollect|JustEat|JustEatCollection|UberEatsDelivery|UberEatsCollection,True,True,True
5674,"St Clears, U2, Hl Waun Saggrd",51.81722,-4.506013,Heol Waun Saggard,St Clears,SA33 4FD,GB,01267612648,True,False,False,,True,False,False,False,False,False,SDTR,2022-03-27T23:00:00Z,WalkIn|ClickAndCollect,False,False,True
5675,"Peebles, 42 High St",55.65179324,-3.190431321,42/44 High Street,Peebles,EH45 8SD,GB,01721540119,True,,False,,False,False,,,,,,,WalkIn|ClickAndCollect,False,False,True
5676,"Caerphilly, 6 Alfrd Own Wy, Pntygwndy IE",51.589251,-3.223833,6 Sir Alfred Owen Way,Caerphilly,CF83 3HU,GB,02920032694,True,,False,,False,False,,,,,,,WalkIn|ClickAndCollect|JustEat|JustEatCollection|UberEatsDelivery|UberEatsCollection,True,True,True
5677,"London, 3 Eastcheap",51.51082673,-0.085271971,3 Eastcheap,London,EC3M 1AG,GB,02038898497,True,,False,,False,False,,,,,,,WalkIn|ClickAndCollect|JustEat|JustEatCollection|UberEatsDelivery|UberEatsCollection,True,True,True
5681,MFG Walmer,51.20619139,1.39527239,137 Dover Road,"Walmer Deal, Kent",CT14 7JH,GB,01304744035,True,,True,10026,False,False,,,,,,,WalkIn,False,False,False
5683,"Truro, 7 St Nicholas St",50.26321,-5.05239,7/8 St Nicholas Street,Truro,TR1 2RL,GB,01872300355,True,,False,,False,False,,,,,,,WalkIn|ClickAndCollect|JustEat|JustEatCollection|UberEatsDelivery|UberEatsCollection,True,True,True
5684,"Basildon, U3 St Hillary RP, Miles Gry Rd",51.580741,0.445702,Miles Gray Road,Basildon,SS14 3UL,GB,01268202955,True,,False,,False,False,,,,,,,WalkIn|ClickAndCollect|JustEat|JustEatCollection|UberEatsDelivery|UberEatsCollection,True,True,True
5685,"South Bank, U2 Middlesbrough Rd Dr Thru",54.5792,-1.18121,Middlesbrough Road,South Bank,TS6 6LZ,GB,01642915790,True,,False,,True,False,,,,,,,WalkIn|ClickAndCollect|JustEat|JustEatCollection|DriveThru|UberEatsDelivery|UberEatsCollection,True,True,True
5686,"London, U5 Kings Cross Station",51.53183,-0.12464,,London,N1C 4AP,GB,02038898480,True,,False,,False,False,,,,,,,WalkIn|ClickAndCollect,False,False,True
5687,"Uttoxeter, UR1 Dovefields RP",52.90005,-1.85998,Town Meadows Way,Uttoxeter,ST14 8AZ,GB,01889221131,True,,False,,False,False,,,,,,,WalkIn|ClickAndCollect|JustEat|JustEatCollection|UberEatsDelivery|UberEatsCollection,True,True,True
5688,"Slough, Westgate RP Drive Thru",51.51776689,-0.629865886,Bath Road,Slough,SL1 5PS,GB,01753291270,True,,False,,True,False,,,,,,,WalkIn|ClickAndCollect|JustEat|JustEatCollection|DriveThru|UberEatsDelivery|UberEatsCollection,True,True,True
5690,ASDA EXPRESS Dumfries,55.068238265994,-3.553782229282,Annan Road,Dumfries,DG1 3SE,GB,01387214085,True,,True,10004,False,False,,,,,,,WalkIn,False,False,False
5691,BLAKEMORE Beddau,51.55432326,-3.354670556,Common Approach,Beddau,CF38 2BL,GB,01443583530,True,,True,10000,False,False,,,,,,,WalkIn,False,False,False
5692,WELCOME BREAK Wyboston,52.192833,-0.298179,Great North Road,Bedford,MK44 3AA,GB,01480273966,True,,True,10061,False,False,,,,,,,WalkIn,False,False,False
5693,"Outlet: Glasgow, 1843 Maryhill Rd",55.89518,-4.29823,1843 Maryhill Road,Glasgow,G20 0DF,GB,01417267437,True,,False,,False,False,,,,,,,WalkIn,False,False,False
5695,"Ambleside, 6 Market Cross",54.432249220196,-2.963150082354,6 Market Cross,Ambleside,LA22 9BT,GB,01539637315,True,,False,,False,False,,,,,,,WalkIn|ClickAndCollect,False,False,True
5696,"Ulverston, U3 Beehive BP Drive Thru",54.192854,-3.1090707,Thomas Way,Ulverston,LA12 7TW,GB,01229782011,True,,False,,True,False,,,,,,,WalkIn|ClickAndCollect|DriveThru,False,False,True
5697,"Llandaf North, U1 The Tivoli, 14 Stn Rd",51.50299929,-3.226107162,14 Station Road,Llandaf North,CF14 2FF,GB,02920032681,True,,False,,False,False,,,,,,,WalkIn|ClickAndCollect|JustEat|JustEatCollection|UberEatsDelivery|UberEatsCollection,True,True,True
5699,"London, 421-422 Strand",51.50989262,-0.123467469,421/422 Strand,London,WC2R 0PS,GB,02038898535,True,,False,,False,False,,,,,,,WalkIn|ClickAndCollect,False,False,True
5700,"Swansea, U19B Morfa SP",51.64126773,-3.935601931,,Swansea,SA1 2FB,GB,01792001456,True,,False,,False,False,,,,,,,WalkIn|ClickAndCollect|JustEat|JustEatCollection|UberEatsDelivery|UberEatsCollection,True,True,True
5703,MFG Aldershot,51.24292475,-0.751076812,400 High Street,Aldershot,GU12 4NE,GB,01252881181,True,,True,10026,False,False,,,,,,,WalkIn,False,False,False
5704,ASDA EXPRESS Shavington,53.05709941,-2.442515084,Newcastle Road,Shavington,CW2 5JF,GB,01270297105,True,,True,10004,False,False,,,,,,,WalkIn,False,False,False
5706,ASDA EXPRESS Discovery Park,51.28737636,1.337292277,Monatgu Road,Sandwich,CT13 9FA,GB,01304744034,True,,True,10004,False,False,,,,,,,WalkIn,False,False,False
5707,ASDA EXPRESS Dunball,51.165471544319,-2.99045493764,Old Mount Road,Dunball,TA6 4WD,GB,01278550706,True,,True,10004,True,False,,,,,,,WalkIn|DriveThru,False,False,False
5709,"Newcastle, U2 Mill House, Hddr",55.0057876,-1.602696506,Haddricks Mill Road,Newcastle Upon Tyne,NE3 1QL,GB,01916257709,True,False,False,,False,False,False,False,False,False,SDGO,2021-10-28T23:00:00Z,WalkIn|ClickAndCollect|UberEatsDelivery|UberEatsCollection,False,True,True
5710,"Merthyr Tydfil, Cyfarthfa RP",51.7501362,-3.3953745,13A Swansea Road,Merthyr Tydfil,CF48 1HY,GB,01685701649,True,,False,,False,False,,,,,,,WalkIn|ClickAndCollect|JustEat|JustEatCollection|UberEatsDelivery|UberEatsCollection,True,True,True
5712,"Canary Wharf, U365 Cabot Square West",51.50508,-0.02045,Cabot Sqaure West,Canary Wharf,E14 4QS,GB,02038898522,True,,False,,False,False,,,,,,,WalkIn|ClickAndCollect|JustEat|JustEatCollection|UberEatsDelivery|UberEatsCollection,True,True,True
5713,"London, 165 Victoria St",51.49660225,-0.140931049,165 Victoria Street,London,SW1E 5NA,GB,02038898532,True,,False,,False,False,,,,,,,WalkIn|ClickAndCollect,False,False,True
5714,RONTEC Crossbush,50.84279742,-0.54138435,Lyminster Road,Littlehampton,BN17 7QQ,GB,01273007956,True,,True,10046,False,False,,,,,,,WalkIn|ClickAndCollect,False,False,True
5715,"Saltash, U2 Moorlands TE, Channon Rd",50.41846554,-4.235432151,Channon Road,Saltash,PL12 6NZ,GB,01752425352,True,,False,,False,False,,,,,,,WalkIn|ClickAndCollect|JustEat|JustEatCollection|UberEatsDelivery|UberEatsCollection,True,True,True
5717,"Orpington, U18 Nugent SP, Cray Ave",51.39308,0.11179,Cray Avenue,Orpington,BR5 3RP,GB,01689661842,True,,False,,False,False,,,,,,,WalkIn|ClickAndCollect|JustEat|JustEatCollection|UberEatsDelivery|UberEatsCollection,True,True,True
5718,"Crayford, U1 Tower RP, Crayford Rd",51.45029,0.18228,Crayford Road,Crayford,DA1 4LD,GB,01322470660,True,,False,,False,False,,,,,,,WalkIn|ClickAndCollect|JustEat|JustEatCollection|UberEatsDelivery|UberEatsCollection,True,True,True
5719,ASDA EXPRESS Peterhead,57.4859759,-1.803377503,Buchan Way,Peterhead,AB42 3GT,GB,01779400134,True,,True,10004,False,False,,,,,,,WalkIn,False,False,False
5720,"Blyth, U3 South Beach RC, Links Rd",55.109349865955,-1.501252868329,Links Road,Blyth,NE24 3PL,GB,01670332168,True,,False,,False,False,,,,,,,WalkIn|ClickAndCollect|JustEat|JustEatCollection|UberEatsDelivery|UberEatsCollection,True,True,True
5721,"Harwich, U1A Harwich Gateway RP",51.9412,1.25814,Parkeston Bypass,Harwich,CO12 4EN,GB,01255441864,True,,False,,False,False,,,,,,,WalkIn|ClickAndCollect|JustEat|JustEatCollection|UberEatsDelivery|UberEatsCollection,True,True,True
5722,"Bicester, Skimmingdish Lane Drive Thru",51.905952,-1.128598,Skimmingdish Lane,Bicester,OX26 5AF,GB,01869220771,True,,False,,True,False,,,,,,,WalkIn|ClickAndCollect|JustEat|JustEatCollection|DriveThru|UberEatsDelivery|UberEatsCollection,True,True,True
5723,"Washington, U4 Parsons Rd IE, Parsons Rd",54.908894432014,-1.539695247071,Parsons Road,Washington,NE37 1EZ,GB,01914066930,True,,False,,False,False,,,,,,,WalkIn|ClickAndCollect|JustEat|JustEatCollection|UberEatsDelivery|UberEatsCollection,True,True,True
5725,"Southampton, 51 Above Bar St",50.90421913,-1.404468293,51 Above Bar Street,Southampton,SO14 7DZ,GB,02382597040,True,,False,,False,False,,,,,,,WalkIn|ClickAndCollect,False,False,True
5727,"Norwich, 2 Back Of The Inns",52.627795,1.29458,2/4 Back Of The Inns,Norwich,NR2 1PT,GB,01603516006,True,,False,,False,False,,,,,,,WalkIn|ClickAndCollect,False,False,True
5728,"London, U43B Waterloo Station",51.50379,-0.11355,Waterloo Station,London,SE1 7LY,GB,02039875829,True,,False,,False,False,,,,,,,WalkIn|ClickAndCollect,False,False,True
5729,"London, 154 Bishopsgate",51.51712001,-0.080649927,154 Bishopsgate,London,EC2M 4LN,GB,02038898490,True,,False,,False,False,,,,,,,WalkIn|ClickAndCollect|JustEat|JustEatCollection|UberEatsDelivery|UberEatsCollection,True,True,True
5730,"London, 83 Old Broad St",51.51712443,-0.083424889,83 Old Broad Street,London,EC2M 1PR,GB,02038898501,True,,False,,False,False,,,,,,,WalkIn|ClickAndCollect,False,False,True
5732,WELCOME BREAK Biggleswade,52.068024929129,-0.240549648214,Biggleswade,Bedfordshire,SG18 9SN,GB,01767661226,True,,True,10061,False,False,,,,,,,WalkIn,False,False,False
5733,"Harringay, U4A Arena SP, Green",51.576251,-0.097698,Green Lanes,Harringay,N4 1ED,GB,02038898635,True,False,False,,False,False,False,False,False,False,SDEN,2022-01-10T00:00:00Z,WalkIn|ClickAndCollect|JustEat|JustEatCollection|UberEatsDelivery|UberEatsCollection,True,True,True
5734,"Stoke on Trent, U2 Baths Rd",52.9897775,-2.1403677,Baths Road,Stoke on Trent,ST3 2JB,GB,01782890428,True,,False,,False,False,,,,,,,WalkIn|ClickAndCollect|JustEat|JustEatCollection|UberEatsDelivery|UberEatsCollection,True,True,True
5735,"Dundee, U9 The Stack Drive Thru",56.47452032,-3.0040368,Harefield Road,Dundee,DD2 3XN,GB,01382214075,True,,False,,True,False,,,,,,,WalkIn|ClickAndCollect|JustEat|JustEatCollection|DriveThru|UberEatsDelivery|UberEatsCollection,True,True,True
5736,"Outlet: Glasgow, 126 Maryhill Rd",55.87305782,-4.26924264,126 Maryhill Road,Glasgow,G20 7QS,GB,01417267366,True,,False,,False,False,,,,,,,WalkIn,False,False,False
5737,"Staffordshire, U6 Keele University",53.0018268,-2.2732442,Union Square,Staffordshire,ST5 5BG,GB,01782890447,True,,False,,False,False,,,,,,,WalkIn|ClickAndCollect|UberEatsDelivery|UberEatsCollection,False,True,True
5738,"Manchester, U5 St Marys Gate",53.48317008,-2.246165525,,Manchester,M1 1PX,GB,01618419217,True,,False,,False,False,,,,,,,WalkIn|ClickAndCollect|JustEat|JustEatCollection|UberEatsDelivery|UberEatsCollection,True,True,True
5740,"Kilmarnock, U10 Glencairn RP",55.598998,-4.497111,Low Glencairn Street,Kilmarnock,KA1 4AY,GB,01563590212,True,,False,,False,False,,,,,,,WalkIn|ClickAndCollect|JustEat|JustEatCollection|UberEatsDelivery|UberEatsCollection,True,True,True
5741,"Castlemilk, U27 Castlemilk Arc",55.80660707,-4.234824443,Dougrie Drive,Castlemilk,G45 9AA,GB,01417267395,True,False,False,,False,False,False,False,False,False,SDCL,2022-04-22T23:00:00Z,WalkIn|ClickAndCollect|JustEat|JustEatCollection|UberEatsDelivery|UberEatsCollection,True,True,True
5742,"Bradford, 465 Rooley Lane Drive Thru",53.774306380353,-1.730049840878,465 Rooley Lane,Bradford,BD4 7SE,GB,01274957617,True,,False,,True,False,,,,,,,WalkIn|ClickAndCollect|JustEat|JustEatCollection|DriveThru|UberEatsDelivery|UberEatsCollection,True,True,True
5743,MFG Interchange,53.09642824,-0.78256591,Lincoln Road,Newark,NG24 2NY,GB,01636552232,True,,True,10026,False,False,,,,,,,WalkIn,False,False,False
5744,MFG Stretford,53.449456959318,-2.302826063434,Chester Road,Stretford,M32 8LJ,GB,01618419223,True,,True,10026,False,False,,,,,,,WalkIn,False,False,False
5745,"Worksop, 10 Bridge St",53.30435395,-1.12431172,10 Bridge Street,Worksop,S80 1JQ,GB,01909491272,True,,False,,False,False,,,,,,,WalkIn|ClickAndCollect|JustEat|JustEatCollection|UberEatsDelivery|UberEatsCollection,True,True,True
5746,"Beeston, 27 High Rd",52.9274,-1.21486,27 High Road,Beeston,NG9 2JQ,GB,01158220410,True,,False,,False,False,,,,,,,WalkIn|ClickAndCollect|JustEat|JustEatCollection|UberEatsDelivery|UberEatsCollection,True,True,True
5747,"Arnold, 38 Front St",53.00222,-1.12867,38 Front Street,Arnold,NG5 7EL,GB,01157734066,True,,False,,False,False,,,,,,,WalkIn|ClickAndCollect|JustEat|JustEatCollection|UberEatsDelivery|UberEatsCollection,True,True,True
5748,"Cambridge, U2, 1 Station Square",52.194743,0.136847,1 Station Square,Cambridge,CB1 2GA,GB,01223655531,True,,False,,False,False,,,,,,,WalkIn|ClickAndCollect|JustEat|JustEatCollection|UberEatsDelivery|UberEatsCollection,True,True,True
5753,MFG Swallowfield,51.39784075,-0.984663583,Swallowfield By Pass,Reading,RG7 1LZ,GB,01182053393,True,,True,10026,False,False,,,,,,,WalkIn,False,False,False
5754,"Blackburn, UC Crabtree St",53.75020744,-2.460281375,Crabtree Street,Blackburn,BB1 3HD,GB,01254946916,True,False,False,,False,False,False,False,False,False,SDMA,2021-11-05T00:00:00Z,WalkIn|ClickAndCollect|JustEat|JustEatCollection|UberEatsDelivery|UberEatsCollection,True,True,True
5757,MFG Portland,50.565643358527,-2.452262653394,Mereside,Portland,DT5 1GE,GB,01305233710,True,,True,10026,True,False,,,,,,,WalkIn|DriveThru,False,False,False
5759,"Ludlow, 10 King St",52.367987,-2.7180083,10 King Street,Ludlow,SY8 1AQ,GB,01584700214,True,False,False,,False,False,False,False,False,False,SDBI,2022-05-12T23:00:00Z,WalkIn|ClickAndCollect,False,False,True
5760,"Shrewsbury, 27 Pride Hill",52.70875256,-2.75241031,27 Pride Hill,Shrewsbury,SY1 1DP,GB,01743291661,True,,False,,False,False,,,,,,,WalkIn|ClickAndCollect,False,False,True
5761,"Chelmsford, U16 Hgh Chlmr SC,",51.73339972919,0.472753599417,Exchange Way,Chelsmford,CM1 1XD,GB,01245202866,True,False,False,,False,False,False,False,False,False,SDEN,2024-02-24T00:00:00Z,WalkIn|ClickAndCollect,False,False,True
5762,APPLEBY Longhedge,51.10676809,-1.793690001,4 Rhodes Moorhouse Way,Longhedge,SP4 6SA,GB,01722441667,True,,True,10051,False,False,,,,,,,WalkIn,False,False,False
5763,"London, U2, 101 Tottenham Court Rd",51.52276494,-0.136736673,101/106 Tottenham Court Road,London,W1T 4TT,GB,02038898508,True,,False,,False,False,,,,,,,WalkIn|ClickAndCollect|JustEat|JustEatCollection|UberEatsDelivery|UberEatsCollection,True,True,True
5764,"Peterborough, U19B Serpentine Green SC",52.54125,-0.2621,Hargate Way,Peterborough,PE7 8BE,GB,01733666857,True,,False,,False,False,,,,,,,WalkIn|ClickAndCollect|JustEat|JustEatCollection|UberEatsDelivery|UberEatsCollection,True,True,True
5765,"Hartlepool, U1A Anchor RP",54.69023,-1.21073,,Hartlepool,TS24 0XR,GB,01429800932,True,,False,,False,False,,,,,,,WalkIn|ClickAndCollect|JustEat|JustEatCollection|UberEatsDelivery|UberEatsCollection,True,True,True
5766,"Outlet: Handsworth, U1, 121 Villa Rd",52.50291248,-1.916530844,121/125 Villa Road,Handsworth,B19 1NH,GB,01216612651,True,,False,,False,False,,,,,,,WalkIn|ClickAndCollect,False,False,True
5767,"London, U2 Canary Wharf Station",51.5051,-0.0248,3 Heron Quays Road,London,E14 4HJ,GB,02038898523,True,,False,,False,False,,,,,,,WalkIn|ClickAndCollect,False,False,True
5768,"Birmingham Airport, U113 Arrivals",52.45192,-1.73306,Trident Road,Birmingham,B26 3QJ,GB,01216612761,True,,False,,False,False,,,,,,,WalkIn|ClickAndCollect,False,False,True
5769,BLAKEMORE Carlton,53.20156589,-2.934347387,1 Western Avenue,Blacon,CH1 5PN,GB,01244918742,True,,True,10000,False,False,,,,,,,WalkIn,False,False,False
5770,MFG West Road,57.64684396,-3.331721821,West Road,Elgin,IV30 1SA,GB,01343610690,True,,True,10026,False,False,,,,,,,WalkIn,False,False,False
5771,MFG Torquay,50.48231568,-3.549408803,119 Newton Road,Torquay,TQ2 7AR,GB,01803222861,True,,True,10026,False,False,,,,,,,WalkIn,False,False,False
5772,"Byker, 260 Shields Rd",54.97756135527,-1.57675586592,260/262 Shields Road,Byker,NE6 1DX,GB,01913232902,True,,False,,False,False,,,,,,,WalkIn|ClickAndCollect|JustEat|JustEatCollection|UberEatsDelivery|UberEatsCollection,True,True,True
5774,"Hammersmith, U35 Broadway SC",51.492623,-0.224316,,Hammersmith,W6 9YE,GB,02038898627,True,,False,,False,False,,,,,,,WalkIn|ClickAndCollect|JustEat|JustEatCollection|UberEatsDelivery|UberEatsCollection,True,True,True
5775,"Ashford, Ashford RP, Barrey Rd",51.13036971,0.905713973,Barrey Road,Ashford,TN24 0SG,GB,01233222378,True,,False,,False,False,,,,,,,WalkIn|ClickAndCollect|JustEat|JustEatCollection|UberEatsDelivery|UberEatsCollection,True,True,True
5778,"Greenwich, Peninsular RP, Bugsby's Wy",51.48962898,0.02008353,Bugsby's Way,Greenwich,SE7 7TZ,GB,02039558549,True,,False,,False,False,,,,,,,WalkIn|ClickAndCollect|JustEat|JustEatCollection|UberEatsDelivery|UberEatsCollection,True,True,True
5779,"Stockport, 26 Mersey Sq",53.4099983,-2.1627336,26/28 Mersey Square,Stockport,SK1 1RA,GB,01618419179,True,,False,,False,False,,,,,,,WalkIn|ClickAndCollect|JustEat|JustEatCollection|UberEatsDelivery|UberEatsCollection,True,True,True
5780,"Richmond, Richmond Railway Stn",51.46326036,-0.301460594,Kew Road,Richmond,TW9 2NA,GB,02038898670,True,,False,,False,False,,,,,,,WalkIn|ClickAndCollect,False,False,True
5781,"Stoke on Trent, Springflds RP Drive Thru",52.9955529,-2.2089413,Newcastle Road,Stoke on Trent,ST4 6PD,GB,01782444023,True,,False,,True,False,,,,,,,WalkIn|ClickAndCollect|JustEat|JustEatCollection|DriveThru|UberEatsDelivery|UberEatsCollection,True,True,True
5782,"Leeds, UC Bond St",53.79747,-1.5455,36 Bond Street,Leeds,LS1 5BQ,GB,01135177584,True,,False,,False,False,,,,,,,WalkIn|ClickAndCollect|JustEat|JustEatCollection|UberEatsDelivery|UberEatsCollection,True,True,True
5785,MFG Mintlaw,57.52454895,-2.000909259,1 South Street,Peterhead,AB42 5EL,GB,01771670430,True,,True,10026,False,False,,,,,,,WalkIn,False,False,False
5786,"Frome, U4 Enterprise House, Wessex Flds",51.21712355,-2.332020962,Wessex Fields,Frome,BA11 4DH,GB,01373481284,True,,False,,False,False,,,,,,,WalkIn|ClickAndCollect|UberEatsDelivery|UberEatsCollection,False,True,True
5787,"Guiseley, U7B Guiseley RP",53.871779,-1.709246,Guiseley Retail Park,Guiseley,LS20 8QH,GB,01943660188,True,,False,,False,False,,,,,,,WalkIn|ClickAndCollect|JustEat|JustEatCollection|UberEatsDelivery|UberEatsCollection,True,True,True
5788,"Long Eaton, UE1 Toton Close",52.8888808,-1.265544,Toton Close,Long Eaton,NG10 3TP,GB,01156975911,True,,False,,False,False,,,,,,,WalkIn|ClickAndCollect|JustEat|JustEatCollection|UberEatsDelivery|UberEatsCollection,True,True,True
5789,"Eastleigh, 41 Market St",50.96758824,-1.351969028,41/41A Market Street,Eastleigh,SO50 5RF,GB,02382597048,True,,False,,False,False,,,,,,,WalkIn|ClickAndCollect|JustEat|JustEatCollection|UberEatsDelivery|UberEatsCollection,True,True,True
5790,"Port Talbot, Baglan Bay RP Drive Thru",51.60278863,-3.810856483,,Port Talbot,SA12 7BZ,GB,01639500875,True,,False,,True,False,,,,,,,WalkIn|DriveThru,False,False,False
5791,"Southampton, Adanac Pk Drive Thru",50.93406259,-1.470876657,Brownhill Way,Southampton,SO16 0BU,GB,02380017545,True,,False,,True,False,,,,,,,WalkIn|ClickAndCollect|JustEat|JustEatCollection|DriveThru|UberEatsDelivery|UberEatsCollection,True,True,True
5792,"Outlet: Woolston, U4, 33 Victoria Rd",50.89691345,-1.379746368,33 Victoria Road,Woolston,SO19 9DY,GB,02382597042,True,,False,,False,False,,,,,,,WalkIn,False,False,False
5793,"Hull, U6 Kingston RP",53.73974089,-0.344041846,Kingston Street,Hull,HU1 2TX,GB,01482296274,True,,False,,False,False,,,,,,,WalkIn|ClickAndCollect|JustEat|JustEatCollection|UberEatsDelivery|UberEatsCollection,True,True,True
5794,"Clacton-On-Sea, UM Clacton TP, Old Rd",51.79072339,1.147917395,Old Road,Clacton-On-Sea,CO15 1HX,GB,01255440159,True,,False,,False,False,,,,,,,WalkIn|ClickAndCollect|JustEat|JustEatCollection|UberEatsDelivery|UberEatsCollection,True,True,True
5795,"Ilkley, 20 Brook St",53.92542,-1.82325,20 Brook Street,Ilkley,LS29 8DE,GB,01943660624,True,,False,,False,False,,,,,,,WalkIn|ClickAndCollect|UberEatsDelivery|UberEatsCollection,False,True,True
5796,"London, 1 Leicester Sq",51.51070789,-0.130852445,1 Leicester Square,London,WC2H 7NA,GB,02038898499,True,,False,,False,False,,,,,,,WalkIn|ClickAndCollect,False,False,True
5798,"Bolton, Logistics North Drive Thru",53.5414733,-2.4560428,Bridgewater Avenue,Bolton,BL5 1EE,GB,01204324439,True,,False,,True,False,,,,,,,WalkIn|ClickAndCollect|JustEat|JustEatCollection|DriveThru|UberEatsDelivery|UberEatsCollection,True,True,True
5801,"Bolton, U6A Burden Park, Manchester Rd",53.56804561,-2.417012636,Manchester Road,Bolton,BL3 2NE,GB,01204968313,True,,False,,False,False,,,,,,,WalkIn|ClickAndCollect|JustEat|JustEatCollection|UberEatsDelivery|UberEatsCollection,True,True,True
5802,COMPASS Middlesex University,51.59001266,-0.228586939,The Burroughs,London,NW4 4BT,GB,02038898540,True,,True,10002,False,False,,,,,,,WalkIn,False,False,False
5803,ASDA EXPRESS Elgin,57.64026875,-3.262396652,1 Coxton Park,Elgin,IV30 8AZ,GB,01343610691,True,,True,10004,False,False,,,,,,,WalkIn,False,False,False
5805,EG On The Move Maghull,53.514276899618,-2.910650134155,School Lane,Maghull,L31 1FP,GB,01514526566,True,,True,10081,False,False,,,,,,,WalkIn|ClickAndCollect,False,False,True
5806,"Wokingham, USU03 Peach St",51.41035,-0.83277,Peach Street,Wokingham,RG40 1XG,GB,01182053389,True,,False,,False,False,,,,,,,WalkIn|ClickAndCollect|JustEat|JustEatCollection|UberEatsDelivery|UberEatsCollection,True,True,True
5808,"Wellingbrgh, Denington Rd Drive Thru",52.29530005,-0.686777891,Denington Road,Wellingborough,NN8 2FQ,GB,01933421362,True,,False,,True,False,,,,,,,WalkIn|ClickAndCollect|JustEat|JustEatCollection|DriveThru|UberEatsDelivery|UberEatsCollection,True,True,True
5810,"Outlet: Hednesford, 61 Market St",52.70884,-1.99924,61/63 Market Street,Hednesford,WS12 1AD,GB,01543222906,True,,False,,False,False,,,,,,,WalkIn,False,False,False
5811,"Newark on Trent, UD2 The Maltings RP",53.081665,-0.805464,,Newark on Trent,NG24 1GJ,GB,01636552230,True,,False,,False,False,,,,,,,WalkIn|ClickAndCollect|JustEat|JustEatCollection|UberEatsDelivery|UberEatsCollection,True,True,True
5813,"Wimbledon, U1A Plough Lane RP, Plough Ln",51.43104508,-0.184520774,Plough Lane,Wimbledon,SW17 0BW,GB,02036573702,True,,False,,False,False,,,,,,,WalkIn|ClickAndCollect|JustEat|JustEatCollection|UberEatsDelivery|UberEatsCollection,True,True,True
5815,"Bedlington, 9 Market Pl",55.13112,-1.59416,9 Market Place,Bedlington,NE22 5TN,GB,01670331736,True,,False,,False,False,,,,,,,WalkIn|ClickAndCollect|JustEat|JustEatCollection,True,False,True
5816,"Headington, 118 London Rd",51.759982510169,-1.21119946717,116/118 London Road,Headington,OX3 9AX,GB,01865597835,True,,False,,False,False,,,,,,,WalkIn|ClickAndCollect|JustEat|JustEatCollection|UberEatsDelivery|UberEatsCollection,True,True,True
5818,EG On The Move Earlsfield,53.42821299,-2.826286817,Arley Drive,Knowsley,L34 4BE,GB,02081567257,True,,True,10081,False,False,,,,,,,WalkIn|ClickAndCollect,False,False,True
5819,"London, U26 Liverpool St Station",51.519059,-0.081381081,Bishops Gate,London,EC2M 7PY,GB,02038898519,True,,False,,False,False,,,,,,,WalkIn|ClickAndCollect,False,False,True
5820,MFG Thanet Way,51.325885655273,0.986229092532,A299 Thanet Way,Faversham,ME13 9EL,GB,01227203628,True,,True,10026,False,False,,,,,,,WalkIn,False,False,False
5821,MFG Sutterton,52.88926492,-0.085189731,A16/A17 Holbeach Road,Lincolnshire,PE20 2LG,GB,01205334210,True,,True,10026,False,False,,,,,,,WalkIn,False,False,False
5822,MFG Deal,51.22199184,1.395325396,47/51 London Road,Kent,CT14 9TF,GB,01304744036,True,,True,10026,False,False,,,,,,,WalkIn,False,False,False
5823,EG On The Move Beacon 62,53.39865925,-2.811277279,Cronton Road,Liverpool,L35 1QT,GB,01514526698,True,,True,10081,False,False,,,,,,,WalkIn|ClickAndCollect,False,False,True
5824,MFG Dover South,51.118228316933,1.306888559258,Limekiln Street,Dover,CT17 9EF,GB,01304744033,True,,True,10026,False,False,,,,,,,WalkIn,False,False,False
5825,"Wimbledon, U2BH Wimbledon Railway Stn",51.42105614,-0.20651192,The Broadway,Wimbledon,SW19 7NL,GB,02038898669,True,,False,,False,False,,,,,,,WalkIn|ClickAndCollect,False,False,True
5829,"Chichester, 81 East St",50.83631,-0.77797,81/82 East Street,Chichester,PO19 1HX,GB,01243210928,True,,False,,False,False,,,,,,,WalkIn|ClickAndCollect|JustEat|JustEatCollection|UberEatsDelivery|UberEatsCollection,True,True,True
5830,ASDA EXPRESS Bedminster,51.44427083,-2.594988101,4 East Street,Bedminster,BS3 4JY,GB,01174544422,True,,True,10004,False,False,,,,,,,WalkIn,False,False,False
5831,"Sittingbourne, Saffron Way Drive Thru",51.35336,0.74099,Saffron Way,Sittingbourne,ME10 2EX,GB,01795503552,True,,False,,True,False,,,,,,,WalkIn|ClickAndCollect|JustEat|JustEatCollection|DriveThru|UberEatsDelivery|UberEatsCollection,True,True,True
5833,MFG Howe Green,51.94645213,-0.028462104,Bladock Road,Buntingford,SG9 9EG,GB,01763291574,True,,True,10026,False,False,,,,,,,WalkIn,False,False,False
5834,ASDA EXPRESS Kildean,56.133410046161,-3.966339044352,1 Cruive Dykes,Stirling,FK8 1AF,GB,01786231642,True,,True,10004,False,False,,,,,,,WalkIn,False,False,False
5835,MFG Three Elms,51.21360535,0.312272954,Hadlow Road East,Tonbridge,TN11 0AE,GB,01732443613,True,,True,10026,False,False,,,,,,,WalkIn,False,False,False
5837,"Llanelli, Dafen TP",51.68928513,-4.12511387,,Llanelli,SA14 8ND,GB,01554701581,True,False,False,,False,False,False,False,False,False,SDTR,2024-08-01T23:00:00Z,WalkIn|ClickAndCollect|JustEat|JustEatCollection|UberEatsDelivery|UberEatsCollection,True,True,True
5839,"Bristol, S20 Venue, Merlin Rd",51.52258968,-2.602023083,Merlin Road,Bristol,BS10 7SR,GB,01173704142,True,False,False,,True,False,False,False,False,False,SDTR,2024-03-18T00:00:00Z,WalkIn|ClickAndCollect|JustEat|JustEatCollection|UberEatsDelivery|UberEatsCollection,True,True,True
5840,"Milton Keynes, Centre:MK, 160 Mdsmr Arc",52.04417491,-0.752492096,160/162 Midsummer Arcade,Milton Keynes,MK9 3BA,GB,01908015391,True,,False,,False,False,,,,,,,WalkIn|ClickAndCollect|JustEat|JustEatCollection|UberEatsDelivery|UberEatsCollection,True,True,True
5841,"Paddington, 10 Praed St",51.51831189,-0.17150822,10 Praed Street,London,W2 1JE,GB,02038898492,True,,False,,False,False,,,,,,,WalkIn|ClickAndCollect|JustEat|JustEatCollection|UberEatsDelivery|UberEatsCollection,True,True,True
5842,"Outlet: Southampton, 453 Millbrook Rd Wt",50.91401224,-1.447731376,453 Millbrook Road West,Southampton,SO15 0HX,GB,02382597050,True,,False,,False,False,,,,,,,WalkIn,False,False,False
5843,"Doncaster, U55 Lakeside Village Outlet",53.50709147,-1.113597745,White Rose Way,Doncaster,DN4 5PH,GB,01302243042,True,,False,,False,False,,,,,,,WalkIn|ClickAndCollect|JustEat|JustEatCollection|UberEatsDelivery|UberEatsCollection,True,True,True
5844,"Dundee, U3A Myrekirk Rd",56.475691,-3.046825,Myrekirk Road,Dundee,DD2 4WB,GB,01382238178,True,,False,,False,False,,,,,,,WalkIn|ClickAndCollect|JustEat|JustEatCollection|UberEatsDelivery|UberEatsCollection,True,True,True
5845,"Kirkcaldy, U1 Carberry Pl",56.13490623,-3.149025462,Carberry Place,Kirkcaldy,KY1 3NQ,GB,01592407230,True,,False,,False,False,,,,,,,WalkIn|ClickAndCollect|JustEat|JustEatCollection|UberEatsDelivery|UberEatsCollection,True,True,True
5847,ASDA EXPRESS Leith,55.98175865,-3.189312258,Sandpiper Drive,Edinburgh,EH6 6NX,GB,01313806530,True,,True,10004,False,False,,,,,,,WalkIn,False,False,False
5848,BLAKEMORE Long Sutton,52.781798,0.12671,76 London Road,Long Sutton,PE12 9ED,GB,01406430537,True,,True,10000,False,False,,,,,,,WalkIn,False,False,False
5849,"Colchester, UF Stane RP, Westrn Approach",51.888703655003,0.826022217197,Western Approach,Colchester,CO3 8DW,GB,01206695455,True,,False,,False,False,,,,,,,WalkIn|ClickAndCollect|JustEat|JustEatCollection|UberEatsDelivery|UberEatsCollection,True,True,True
5851,"Wells, 37 High St",51.20848272,-2.647162047,37/39 High Street,Wells,BA5 2AE,GB,01749600942,True,,False,,False,False,,,,,,,WalkIn|ClickAndCollect,False,False,True
5852,"Gillingham, U68 Hempstead Valley SC",51.34162,0.572367,,Gillingham,ME7 3PD,GB,01634558807,True,,False,,False,False,,,,,,,WalkIn|ClickAndCollect|JustEat|JustEatCollection|UberEatsDelivery|UberEatsCollection,True,True,True
5853,"Dobshill, Chester Rd SS",53.16381739,-3.039252226,Chester Road,Dobshill,CH5 3LZ,GB,01244918745,True,,False,,False,False,,,,,,,WalkIn|ClickAndCollect|JustEat|JustEatCollection|UberEatsDelivery|UberEatsCollection,True,True,True
5854,"Exmouth, 38 Chapel St",50.62018092,-3.411839152,38/40 Chapel Street,Exmouth,EX8 1HW,GB,01395201304,True,,False,,False,False,,,,,,,WalkIn,False,False,False
5856,"Poole, 18 Towngate SC, Falkland Sq",50.718558701675,-1.981797195242,18 Falkland Square,Poole,BH15 1ER,GB,01202120026,True,,False,,False,False,,,,,,,WalkIn|ClickAndCollect|JustEat|JustEatCollection|UberEatsDelivery|UberEatsCollection,True,True,True
5857,"Consett, Delves Lane Drive Thru",54.84815,-1.82506,Delves Lane,Consett,DH8 7ES,GB,01207260777,True,,False,,True,False,,,,,,,WalkIn|ClickAndCollect|JustEat|JustEatCollection|DriveThru|UberEatsDelivery|UberEatsCollection,True,True,True
5858,"Brentford, 203 High St",51.48333469,-0.308239898,203 High Street,Brentford,TW8 8AH,GB,02038898645,True,,False,,False,False,,,,,,,WalkIn|ClickAndCollect|JustEat|JustEatCollection|UberEatsDelivery|UberEatsCollection,True,True,True
5859,"Bloxwich, 216 High St",52.616829,-2.004220525,High Street,Bloxwich,WS3 3LQ,GB,01922660440,True,,False,,False,False,,,,,,,WalkIn|ClickAndCollect|JustEat|JustEatCollection|UberEatsDelivery|UberEatsCollection,True,True,True
5860,"London, URM36 Tottenham Hale Station",51.5883,-0.0603,,London,N17 9NA,GB,02038898641,True,,False,,False,False,,,,,,,WalkIn|ClickAndCollect,False,False,True
5861,"Bowburn, Integra 61 Drive Thru",54.72641002,-1.527789936,Low Main Court,Bowburn,DH6 5FQ,GB,01914064584,True,,False,,True,False,,,,,,,WalkIn|ClickAndCollect|JustEat|JustEatCollection|DriveThru|UberEatsDelivery|UberEatsCollection,True,True,True
5862,"Greggs @ Primark, Birmingham Pavillion",52.47928469,-1.894491012,38 High Street,Birmingham,B4 7SL,GB,01216612702,True,,False,,False,False,,,,,,,WalkIn|ClickAndCollect,False,False,True
5863,"London, 91 City Rd",51.52525996,-0.087043642,91 City Road,London,EC1Y 1BD,GB,02039875830,True,,False,,False,False,,,,,,,WalkIn|ClickAndCollect|JustEat|JustEatCollection|UberEatsDelivery|UberEatsCollection,True,True,True
5864,"Llantwit Major, 2 The Precinct",51.4085627,-3.482904646,Boverton Road,Llantwit Major,CF61 1XA,GB,01446501157,True,,False,,False,False,,,,,,,WalkIn|ClickAndCollect,False,False,True
5865,"Birmingham, U9B3 The Fort SP",52.5086642,-1.82370298,Fort Parkway,Birmingham,B24 9FP,GB,01216612618,True,,False,,False,False,,,,,,,WalkIn|ClickAndCollect|JustEat|JustEatCollection,True,False,True
5866,"Milford Haven, UB2 Havens Head",51.71668368,-5.041918996,,Milford Haven,SA73 3AU,GB,01646400351,True,False,False,,False,False,False,False,False,False,SDTR,2024-03-12T00:00:00Z,WalkIn|ClickAndCollect,False,False,True
5867,"Bristol, U9A Avonmeads RP",51.44818015,-2.561095116,,Bristol,BS2 0SP,GB,01174544410,True,False,False,,False,False,False,False,False,False,SDTR,2022-06-02T23:00:00Z,WalkIn|ClickAndCollect|JustEat|JustEatCollection|UberEatsDelivery|UberEatsCollection,True,True,True
5868,"Outlet: Canning Town, Hermit Road",51.51855753,0.012854735,5 Hermit Road,London,E16 4HP,GB,02038898509,True,,False,,False,False,,,,,,,WalkIn,False,False,False
5870,"Horden, U4 Cotsford Lane",54.7610967,-1.3148869,Cotsford Lane,Horden,SR8 4JJ,GB,01915946798,True,,False,,False,False,,,,,,,WalkIn|ClickAndCollect|JustEat|JustEatCollection|UberEatsDelivery|UberEatsCollection,True,True,True
5871,MFG Kessock,57.48734121,-4.220242691,9 Longman Road,Inverness,IV1 1SD,GB,01463212077,True,,True,10026,False,False,,,,,,,WalkIn,False,False,False
5872,MFG Skyway,55.03782218,-1.713893045,Newcastle Airport,Newcastle upon Tyne,NE13 8BZ,GB,01661521126,True,,True,10026,False,False,,,,,,,WalkIn,False,False,False
5873,"Liverpool, U14 Central Station, Rnlgh St",53.4047977,-2.98,Ranelagh Street,Liverpool,L1 1JT,GB,01513328212,True,,False,,False,False,,,,,,,WalkIn|ClickAndCollect,False,False,True
5874,MFG Wynyard,54.628033748465,-1.30669362301,Coal Lane,Wolviston,TS22 5PZ,GB,01740616067,True,,True,10026,False,False,,,,,,,WalkIn,False,False,False
5875,"Stockton, Lustrum RP Drive Thru",54.57547,-1.27713,Portrack Lane,Stockton,TS18 2RB,GB,01913232379,True,,False,,True,False,,,,,,,WalkIn|ClickAndCollect|JustEat|JustEatCollection|DriveThru|UberEatsDelivery|UberEatsCollection,True,True,True
5876,MFG Primrose,51.71423,-0.44117,Primrose Hill,Kings Langley,WD4 8HR,GB,01923609104,True,,True,10026,False,False,,,,,,,WalkIn,False,False,False
5877,COMPASS Swansea University,51.609493,-3.980672,Singleton Park,Sketty,SA2 8PP,GB,01792001441,True,,True,10002,False,False,,,,,,,WalkIn,False,False,False
5878,"Peterborough, U9 Bretton Centre",52.5907235,-0.283114214,Bretton Way,Peterborough,PE3 8DN,GB,01733666852,True,,False,,False,False,,,,,,,WalkIn|ClickAndCollect|JustEat|JustEatCollection|UberEatsDelivery|UberEatsCollection,True,True,True
5879,"Weston Super Mare, 74 High St",51.349078311066,-2.979322686248,74 High Street,Weston Super Mare,BS23 1HS,GB,01934312820,True,,False,,False,False,,,,,,,WalkIn|ClickAndCollect|JustEat|JustEatCollection|UberEatsDelivery|UberEatsCollection,True,True,True
5880,ASDA EXPRESS Milton Keynes,52.00768849,-0.730797539,Bletcham Way,Milton Keynes,MK1 1QB,GB,01908015398,True,,True,10004,False,False,,,,,,,WalkIn,False,False,False
5882,"Outlet: Sheffield, 829 Barnsley Rd",53.42268782,-1.455448568,829 Barnsley Road,Sheffield,S5 0QF,GB,01143214006,True,,False,,False,False,,,,,,,WalkIn,False,False,False
5886,"Chesterfield, 450 Sheffield Rd",53.25547,-1.42823,450 Sheffield Road,Chesterfield,S41 8LQ,GB,01246382681,True,,False,,False,False,,,,,,,WalkIn|ClickAndCollect|JustEat|JustEatCollection|UberEatsDelivery|UberEatsCollection,True,True,True
5887,"Carterton, U5 Kipling Court Drive Thru",51.7680325,-1.581695617,Kipling Court,Carterton,OX18 1PQ,GB,01993220251,True,,False,,True,False,,,,,,,WalkIn|ClickAndCollect|JustEat|JustEatCollection|DriveThru,True,False,True
5889,"Chaddesden, U5 St Marys RP, Nttinghm Rd",52.9250962,-1.441736143,446 Nottingham Road,Chaddesden,DE21 6PE,GB,01332316616,True,,False,,False,False,,,,,,,WalkIn|ClickAndCollect|JustEat|JustEatCollection|UberEatsDelivery|UberEatsCollection,True,True,True
5890,"Salford, Media City CP",53.4736883,-2.300177619,Media City UK Multi Storey Car Park,Salford,M50 2HF,GB,01618419227,True,,False,,False,False,,,,,,,WalkIn|ClickAndCollect|JustEat|JustEatCollection|UberEatsDelivery|UberEatsCollection,True,True,True
5891,"St Helens, U6 Highpoint Drive Thru",53.4525936,-2.7419041,Highpoint,St Helens,WA10 1QT,GB,01744412980,True,,False,,True,False,,,,,,,WalkIn|ClickAndCollect|JustEat|JustEatCollection|DriveThru|UberEatsDelivery|UberEatsCollection,True,True,True
5892,MFG Field Rd,52.35474930805,0.513524855246,Field Road,Mildenhall,IP28 7AL,GB,01639501902,True,,True,10026,False,False,,,,,,,WalkIn,False,False,False
5893,"Farringdon, U1 Durham Rd",54.882287779,-1.4240587,Durham Road,Farringdon,SR3 1TJ,GB,01913009626,True,,False,,False,False,,,,,,,WalkIn|ClickAndCollect|JustEat|JustEatCollection|UberEatsDelivery|UberEatsCollection,True,True,True
5895,MFG Desford Crossroads,52.6131354,-1.255101497,Hinckley Road,Desford,LE9 9JE,GB,01455244105,True,,True,10026,False,False,,,,,,,WalkIn,False,False,False
5896,MFG Meadow,53.57974517,-2.377801886,1041 Bury Road,Bolton,BL2 6PY,GB,01204968312,True,,True,10026,False,False,,,,,,,WalkIn,False,False,False
5897,"Liverpool, John Lennon Airport",53.3350601,-2.8522632,John Lennon Airport,Liverpool,L24 1YD,GB,01513328200,True,,False,,False,False,,,,,,,WalkIn|ClickAndCollect,False,False,True
5898,"Blackburn, U29 Lord Street Mal",53.7483308,-2.4819881,25 Church Street,Blackburn,BB1 7JG,GB,01254946915,True,False,False,,False,False,False,False,False,False,SDMA,2022-08-18T23:00:00Z,WalkIn|ClickAndCollect,False,False,True
5899,"Alloa, Clackmannan Rd Drive Thru",56.11490821,-3.771257897,Clackmannan Road,Alloa,FK10 4DA,GB,01259231309,True,,False,,True,False,,,,,,,WalkIn|ClickAndCollect|JustEat|JustEatCollection|DriveThru|UberEatsDelivery|UberEatsCollection,True,True,True
5901,"Greenock, 2 Cartsburn St Drive Thru",55.94361949,-4.744633466,2 Cartsburn Street,Greenock,PA15 4UA,GB,01475600595,True,,False,,True,False,,,,,,,WalkIn|ClickAndCollect|JustEat|JustEatCollection|DriveThru|UberEatsDelivery|UberEatsCollection,True,True,True
5903,"Kingswinford, 8 Market St",52.49637643,-2.168140501,8 Market Street,Kingswinford,DY6 9JP,GB,01384886418,True,False,False,,False,False,False,False,False,False,SDBI,2022-10-13T23:00:00Z,WalkIn|ClickAndCollect|JustEat|JustEatCollection|UberEatsDelivery|UberEatsCollection,True,True,True
5904,"Wakefield, Silkwood Park Drive Thru",53.681855,-1.547752,Fryers Way,Wakefield,WF5 9TJ,GB,01924665552,True,,False,,True,False,,,,,,,WalkIn|ClickAndCollect|JustEat|JustEatCollection|DriveThru|UberEatsDelivery|UberEatsCollection,True,True,True
5905,"Windsor, 99 Peascod St",51.48117031,-0.611049511,99 Peascod Street,Windsor,SL4 1DH,GB,01753291274,True,,False,,False,False,,,,,,,WalkIn|ClickAndCollect|JustEat|JustEatCollection|UberEatsDelivery|UberEatsCollection,True,True,True
5906,MFG Haverfordwest,51.82286567,-4.966449239,Fishguard Road,Dyfed,SA62 4BT,GB,01646401171,True,,True,10026,False,False,,,,,,,WalkIn,False,False,False
5908,EG On The Move Warrington,53.39843301,-2.542527705,43 Manchester Road,Warrington,WA1 4AE,GB,01925239100,True,,True,10081,False,False,,,,,,,WalkIn,False,False,False
5909,MFG Mobberley,53.31045642,-2.353528252,Mobberley Road,Knutsford,WA16 8JF,GB,01565740851,True,,True,10026,False,False,,,,,,,WalkIn,False,False,False
5911,"Outlet: Glasgow, 19 Saltmarket",55.85619086,-4.244084711,19 Saltmarket,Glasgow,G1 5NA,GB,01417267386,True,,False,,False,False,,,,,,,WalkIn,False,False,False
5912,"Belfast, 32 Gt Victoria St",54.5948753,-5.9346966,32/36 Gt Victoria St,Belfast,BT2 7BA,GB,02890025832,True,,False,,False,False,,,,,,,WalkIn|ClickAndCollect|JustEat|JustEatCollection|UberEatsDelivery|UberEatsCollection,True,True,True
5914,"Blaydon, Bridge St",54.966068044095,-1.716454088793,Bridge Street,Blaydon,NE21 4JJ,GB,01913003750,True,,False,,False,False,,,,,,,WalkIn|ClickAndCollect|JustEat|JustEatCollection|UberEatsDelivery|UberEatsCollection,True,True,True
5915,MFG Suffolk Services,52.23942,0.78161,The Battlies,Bury St Edmunds,IP30 9ZD,GB,01284338930,True,,True,10026,False,False,,,,,,,WalkIn,False,False,False
5916,"Walker, Church Walk SC",54.97347,-1.54468,,Walker,NE6 3DW,GB,01914065375,True,,False,,False,False,,,,,,,WalkIn|ClickAndCollect|JustEat|JustEatCollection|UberEatsDelivery|UberEatsCollection,True,True,True
5917,COMPASS Clyde Docklands,56.06683138,-4.817465529,,Helensburgh,G84 8HL,GB,01436640336,True,,True,10002,False,False,,,,,,,WalkIn,False,False,False
5919,"Newton Mearns, U36 The Avenues",55.772556,-4.334192274,,Newton Mearns,G77 6AA,GB,01417267399,True,False,False,,False,False,False,False,False,False,SDCL,2022-10-12T23:00:00Z,WalkIn|ClickAndCollect|JustEat|JustEatCollection|UberEatsDelivery|UberEatsCollection,True,True,True
5920,"Cardiff, U1 Parkfield House",51.49863002,-3.193746365,149 North Road,Cardiff,CF14 3AL,GB,02920032683,True,,False,,False,False,,,,,,,WalkIn|ClickAndCollect|UberEatsDelivery|UberEatsCollection,False,True,True
5922,"Culverhouse Cross, Brooklands RP",51.46421557,-3.27021283,Port Road,Culverhouse Cross,CF5 6XW,GB,02920032682,True,,False,,False,False,,,,,,,WalkIn|ClickAndCollect|JustEat|JustEatCollection|UberEatsDelivery|UberEatsCollection,True,True,True
5924,"Stockton, 10 Wellington Square",54.56526,-1.3144,10 Wellington Square,Stockton,TS18 1NA,GB,01642265911,True,,False,,False,False,,,,,,,WalkIn|ClickAndCollect|JustEat|JustEatCollection|UberEatsDelivery|UberEatsCollection,True,True,True
5926,"Rugby, C2 Elliotts Field SP, Leicestr Rd",52.38811435,-1.25816097,15 Leicester Road,Rugby,CV21 1SR,GB,01788222582,True,,False,,False,False,,,,,,,WalkIn|ClickAndCollect|JustEat|JustEatCollection|UberEatsDelivery|UberEatsCollection,True,True,True
5927,"Small Heath, U3A St Andrews SP",52.47402474,-1.867110739,Coventry Road,Small Heath,B10 0XA,GB,01212729211,True,,False,,False,False,,,,,,,WalkIn|ClickAndCollect|JustEat|JustEatCollection|UberEatsDelivery|UberEatsCollection,True,True,True
5930,"Stockport, 209 Stockport Rd Drive Thru",53.4006987,-2.193259,209 Stockport Road,Stockport,SK3 0LX,GB,01615196554,True,,False,,True,False,,,,,,,WalkIn|ClickAndCollect|JustEat|JustEatCollection|DriveThru|UberEatsDelivery|UberEatsCollection,True,True,True
5931,"Paisley, 16 Phoenix RP",55.843966,-4.469057,16/17,Paisley,PA1 2AB,GB,01417267432,True,,False,,False,False,,,,,,,WalkIn|ClickAndCollect|JustEat|JustEatCollection|UberEatsDelivery|UberEatsCollection,True,True,True
5932,EG On The Move Hoddesdon,51.75779947,-0.013198204,21 High Street,Hoddesdon,EN11 8SX,GB,01992668225,True,,True,10081,False,False,,,,,,,WalkIn,False,False,False
5933,MFG Greshop,57.607623118,-3.627363799,Nairn Road,Forres,IV36 2EY,GB,01309250780,True,,True,10026,False,False,,,,,,,WalkIn,False,False,False
5934,MFG Winchester,51.053829658,-1.305738299,Bar End Road,Winchester,SO23 9NP,GB,01962670947,True,,True,10026,False,False,,,,,,,WalkIn,False,False,False
5935,MFG Prestwich,53.53793656,-2.289023684,Bury New Road,Prestwich,M25 3AJ,GB,01618419208,True,,True,10026,False,False,,,,,,,WalkIn,False,False,False
5936,"Gloucester, 17 Southgate St",51.86465581,-2.24650371,17/19A Southgate Street,Gloucester,GL1 1TP,GB,01452225666,True,False,False,,False,False,False,False,False,False,SDTR,2023-09-08T23:00:00Z,WalkIn|ClickAndCollect|JustEat|JustEatCollection|UberEatsDelivery|UberEatsCollection,True,True,True
5937,ASDA EXPRESS Haddington,55.95467117,-2.813778283,,Haddington,EH41 3FW,GB,01875440196,True,,True,10004,False,False,,,,,,,WalkIn,False,False,False
5938,ASDA EXPRESS Polmadie,55.837834522184,-4.243628406165,2 Siding Lane,Glasgow,G5 0DZ,GB,01417267407,True,,True,10004,False,False,,,,,,,WalkIn,False,False,False
5939,"Tenby, 44 High St",51.67199353,-4.699524641,44/45 High Street,Tenby,SA70 7AA,GB,01834820500,True,False,False,,False,False,False,False,False,False,SDTR,2023-07-21T23:00:00Z,WalkIn|ClickAndCollect,False,False,True
5940,"Westhill, Arnhall BP Drive Thru",57.14833521,-2.267242123,Venture Way,Westhill,AB32 6BQ,GB,01224453790,True,,False,,True,False,,,,,,,WalkIn|ClickAndCollect|JustEat|JustEatCollection|DriveThru,True,False,True
5943,"Tewkesbury, 97 High St",51.99542253,-2.156108881,97/98 High Street,Tewkesbury,GL20 5JZ,GB,01684211177,True,,False,,False,False,,,,,,,WalkIn|ClickAndCollect,False,False,True
5945,SSP Derby Train Station,52.91598971,-1.463299332,45 Nelson Street,Derby,DE1 2RU,GB,01332315396,True,,True,10066,False,False,,,,,,,WalkIn,False,False,False
5946,SSP Oxford Train Station,51.75342,-1.27007,Park End Street,Oxford,OX1 1HS,GB,01865597833,True,,True,10066,False,False,,,,,,,WalkIn,False,False,False
5950,"Swindon, U2A Lydiard Fields Drive Thru",51.547214480843,-1.85110163523,Great Western Way,Swindon,SN5 8UB,GB,01793224649,True,,False,,True,False,,,,,,,WalkIn|ClickAndCollect|JustEat|JustEatCollection|DriveThru|UberEatsDelivery|UberEatsCollection,True,True,True
5951,"Leicester, SU26 Highcross SC",52.63652401,-1.134738823,,Leicester,LE1 4FP,GB,01164780529,True,,False,,False,False,,,,,,,WalkIn|ClickAndCollect,False,False,True
5952,"Coventry, U3 Coventry Railway Stn",52.401322584003,-1.514720492059,Station Square,Coventry,CV1 2GT,GB,02475103341,True,,False,,False,False,,,,,,,WalkIn|ClickAndCollect|JustEat|JustEatCollection,True,False,True
5953,MFG Mabon,51.64750184,-3.291356729,Mafon Road,Treharris,CF46 6PE,GB,01443583536,True,,True,10026,False,False,,,,,,,WalkIn,False,False,False
5954,RONTEC Chelmsford,51.73255125,0.456061467,Waterhouse Lane,Chelmsford,CM1 2RY,GB,01245947292,True,,True,10046,False,False,,,,,,,WalkIn|ClickAndCollect,False,False,True
5955,MFG Annick,55.6089013,-4.639955817,Greenwood,Irvine,KA11 4HJ,GB,01294442652,True,,True,10026,False,False,,,,,,,WalkIn,False,False,False
5958,RONTEC Selby,53.766984631137,-1.063233621929,Bawtry Road,Selby,YO8 8SQ,GB,01757600469,True,,True,10046,False,False,,,,,,,WalkIn|ClickAndCollect,False,False,True
5960,Spennymoor U23 Festival Wlk,54.69979,-1.60183,Festival Walk,Spennymoor,DL16 6AB,GB,01388433251,True,False,False,,False,False,False,False,False,False,SDGO,2023-03-17T00:00:00Z,WalkIn|ClickAndCollect|JustEat|JustEatCollection|UberEatsDelivery|UberEatsCollection,True,True,True
5961,"Barry, 139-141 Holton Road",51.40627024,-3.265289799,139/141 Holton Road,Barry,CF63 4HP,GB,01446500962,True,,False,,False,False,,,,,,,WalkIn|ClickAndCollect|JustEat|JustEatCollection|UberEatsDelivery|UberEatsCollection,True,True,True
5963,"Halstead, 68 High Street",51.944161,0.635571,68 High Street,Halstead,CO9 2JG,GB,01787320846,True,,False,,False,False,,,,,,,WalkIn|ClickAndCollect|JustEat|JustEatCollection,True,False,True
5964,"Colchester, 30 Culver St",51.88905725,0.897778703,30 Culver Street,Colchester,CO1 1JG,GB,01206695452,True,,False,,False,False,,,,,,,WalkIn|ClickAndCollect|JustEat|JustEatCollection|UberEatsDelivery|UberEatsCollection,True,True,True
5967,MFG New Romney,50.9866164,0.94256715,79 High Street,New Romney,TN28 8AZ,GB,01797330238,True,,True,10026,False,False,,,,,,,WalkIn,False,False,False
5968,"Longham, 124 Ringwood Road",50.78439914,-1.907536893,124 Ringwood Road,Longham,BH22 9AW,GB,01202160954,True,,False,,False,False,,,,,,,WalkIn|ClickAndCollect|JustEat|JustEatCollection|UberEatsDelivery|UberEatsCollection,True,True,True
5969,RONTEC Alnwick,55.3983330522,-1.692655237013,Hawfinch Drive,Alnwick,NE66 2BF,GB,01665660506,True,,True,10046,False,False,,,,,,,WalkIn|ClickAndCollect,False,False,True
5971,"Brislington, U4, 821 Bath Rd",51.430048822372,-2.539814879279,821 Bath Road,Brislington,BS4 5NL,GB,01174544431,True,,False,,False,False,,,,,,,WalkIn|ClickAndCollect|JustEat|JustEatCollection|UberEatsDelivery|UberEatsCollection,True,True,True
5972,"Leicester, 14 Beaumont SC",52.66555388,-1.165986158,14/16,Leicester,LE4 1DE,GB,01164782998,True,,False,,False,False,,,,,,,WalkIn|ClickAndCollect|JustEat|JustEatCollection|UberEatsDelivery|UberEatsCollection,True,True,True
5973,"Bodmin, U3 Dunmere Rd RP",50.47214284,-4.744603613,Dunmere Road,Bodmin,PL31 2QN,GB,01208220487,True,,False,,False,False,,,,,,,WalkIn|ClickAndCollect|UberEatsDelivery|UberEatsCollection,False,True,True
5974,"Winsford, Winsford IE SS",53.2069537,-2.4984446,Road Six,Winsford,CW7 3QF,GB,01606535415,True,,False,,False,False,,,,,,,WalkIn|ClickAndCollect|JustEat|JustEatCollection|UberEatsDelivery|UberEatsCollection,True,True,True
5975,"Jesmond, 4 Acorn Road",54.9925,-1.6058,4 Acorn Road,Jesmond,NE2 2DJ,GB,01914060081,True,False,False,,False,False,False,False,False,False,SDGO,2024-04-19T23:00:00Z,WalkIn|ClickAndCollect|JustEat|JustEatCollection|UberEatsDelivery|UberEatsCollection,True,True,True
5976,BLAKEMORE Tollgate,51.41713677,0.361131641,1 Watling Street,Gravesend,DA11 7NP,GB,01474551906,True,,True,10000,False,False,,,,,,,WalkIn,False,False,False
5977,"Colne, U2 North Valley RP",53.8595386,-2.1694671,,Colne,BB8 9HH,GB,01282502695,True,,False,,False,False,,,,,,,WalkIn|ClickAndCollect|JustEat|JustEatCollection|UberEatsDelivery|UberEatsCollection,True,True,True
5979,"Cheadle, 67 High St",53.3942294,-2.216238621,67 High Street,Cheadle,SK8 1BJ,GB,01613830221,True,,False,,False,False,,,,,,,WalkIn|ClickAndCollect|JustEat|JustEatCollection|UberEatsDelivery|UberEatsCollection,True,True,True
5980,"Bolton, UA, Bolton Gate RP",53.5849834,-2.4270121,,Bolton,BL1 2SL,GB,01204958992,True,,False,,False,False,,,,,,,WalkIn|ClickAndCollect|JustEat|JustEatCollection|UberEatsDelivery|UberEatsCollection,True,True,True
5981,"Mold, UA Chester Rd",53.167566422481,-3.134574450049,Chester Road,Mold,CH7 1UF,GB,01352871357,True,,False,,False,False,,,,,,,WalkIn|ClickAndCollect|JustEat|JustEatCollection|UberEatsDelivery|UberEatsCollection,True,True,True
5982,"Widnes, Moore Lane South",53.3609686,-2.740130421,Moore Lane South,Widnes,WA8 7AL,GB,01512030322,True,,False,,True,False,,,,,,,WalkIn|ClickAndCollect|JustEat|JustEatCollection|DriveThru|UberEatsDelivery|UberEatsCollection,True,True,True
5983,"Halesowen, U31 Cornbow Centre,",52.44891675,-2.052034288,Hagley Street,Halesowen,B63 4AJ,GB,01212695775,True,False,False,,False,False,False,False,False,False,SDBI,2023-06-16T23:00:00Z,WalkIn|ClickAndCollect|JustEat|JustEatCollection|UberEatsDelivery|UberEatsCollection,True,True,True
5986,"Fieldfare, Harlequin BP",51.50535665,-2.48786365,,Fieldfare,BS16 7FN,GB,01173329260,True,False,False,,True,False,False,False,False,False,SDTR,2024-08-23T23:00:00Z,WalkIn|ClickAndCollect|JustEat|JustEatCollection|UberEatsDelivery|UberEatsCollection,True,True,True
5987,"Lichfield, Crossfield IE",52.68710987447,-1.803532720459,Crossfield Road,Lichfield,WS13 6RJ,GB,01543221011,True,,False,,False,False,,,,,,,WalkIn|ClickAndCollect|JustEat|JustEatCollection|UberEatsDelivery|UberEatsCollection,True,True,True
5988,"Highbridge, UB, Oaktree BP Drive Thru",51.23017954,-2.959718394,Oaktree Business Park,Highbridge,TA9 4HA,GB,01278551537,True,,False,,True,False,,,,,,,WalkIn|ClickAndCollect|JustEat|JustEatCollection|DriveThru,True,False,True
5989,ASCONA Crossways,51.71912733,-4.963032795,Haven Bridge Road,Pembrokeshire,SA73 1QZ,GB,01646401167,True,,True,10071,False,False,,,,,,,WalkIn,False,False,False
5991,"Nottingham, 170 Hucknall Lane Drive Thru",53.01086,-1.1904,170 Hucknall Lane,Nottingham,NG6 8AJ,GB,01158223377,True,,False,,True,False,,,,,,,WalkIn|ClickAndCollect|JustEat|JustEatCollection|DriveThru|UberEatsDelivery|UberEatsCollection,True,True,True
5993,Greggs @ Tesco Southampton,50.8949,-1.3205,Hamble Lane,Southampton,SO31 8GN,GB,02382597041,True,,False,,False,False,,,,,,,WalkIn|ClickAndCollect|JustEat|JustEatCollection|UberEatsDelivery|UberEatsCollection,True,True,True
5994,Greggs @ Tesco Stockton,54.5926,-1.3536,Durham Road,Stockton-on-Tees,TS21 3LU,GB,01642573604,True,,False,,False,False,,,,,,,WalkIn|ClickAndCollect|JustEat|JustEatCollection|UberEatsDelivery|UberEatsCollection,True,True,True
5995,Greggs @ Tesco Doncaster,53.49113,-1.13743,Woodfield Way,Doncaster,DN4 8SN,GB,01302243051,True,,False,,False,False,,,,,,,WalkIn|ClickAndCollect,False,False,True
5996,Greggs @ Tesco Walkden,53.5259,-2.4011,Bolton Road,Manchester,M28 3UD,GB,01618419210,True,,False,,False,False,,,,,,,WalkIn|ClickAndCollect|JustEat|JustEatCollection|UberEatsDelivery|UberEatsCollection,True,True,True
5997,EG On The Move Church Stretton,52.537204394445,-2.802498839942,Crossways Industrial Estate,Church Stretton,SY6 6PG,GB,01694240355,True,,True,10081,False,False,,,,,,,WalkIn,False,False,False
5998,MFG Butts Road,52.40714,-1.5245,Butts,Coventry,CV1 3GU,GB,02475103342,True,,True,10026,False,False,,,,,,,WalkIn,False,False,False
5999,MFG Childs Way,52.0405994,-0.749135118,Childs Way,Milton Keynes,MK9 3DA,GB,01908015390,True,,True,10026,False,False,,,,,,,WalkIn,False,False,False
6000,"Norwich, 48 London St",52.62957755,1.295805974,48 London Street,Norwich,NR2 1LA,GB,01603512346,True,,False,,False,False,,,,,,,WalkIn|ClickAndCollect|JustEat|JustEatCollection|UberEatsDelivery|UberEatsCollection,True,True,True
6001,"West Bromwich, U17 New Sq SC",52.52029885,-1.991347096,,West Bromwich,B70 7PP,GB,01212694161,True,,False,,False,False,,,,,,,WalkIn|ClickAndCollect|JustEat|JustEatCollection|UberEatsDelivery|UberEatsCollection,True,True,True
6002,MFG Oakwood Gate,53.4191636,-2.5275342,Oakwood Gate,Warrington,WA3 6RW,GB,01925239099,True,,True,10026,False,False,,,,,,,WalkIn,False,False,False
6003,"Alcester, Acstr BC, 4 Kinwarto",52.22527488,-1.862239277,4 Kinwarton Farm Road,Alcester,B49 6EH,GB,01789651007,True,False,False,,False,False,False,False,False,False,SDBI,2023-11-30T00:00:00Z,WalkIn|ClickAndCollect|UberEatsDelivery|UberEatsCollection,False,True,True
6004,"Bly Hill, Merryhill SC, UL7 Lwr Mall",52.47981785,-2.109679329,,Brierley Hill,DY5 1SH,GB,01384881083,True,,False,,False,False,,,,,,,WalkIn|ClickAndCollect|JustEat|JustEatCollection|UberEatsDelivery|UberEatsCollection,True,True,True
6005,"Sheffield, Penistone Rd North",53.41607,-1.50126,Penistone Rd North,Sheffield,S6 1LQ,GB,01143080398,True,,False,,False,False,,,,,,,WalkIn|ClickAndCollect|JustEat|JustEatCollection|UberEatsDelivery|UberEatsCollection,True,True,True
6006,"Farnborough, U2A Blackwater SP",51.30757,-0.74891,Farnborough Gate,Farnborough,GU14 8BL,GB,01252415597,True,,False,,False,False,,,,,,,WalkIn|ClickAndCollect|JustEat|JustEatCollection|UberEatsDelivery|UberEatsCollection,True,True,True
6008,"Tewkesbury, Tewkesbury BP, Intl Drive",52.00048856,-2.125082883,International Drive,Tewkesbury,GL20 8UQ,GB,01684211176,True,,False,,False,False,,,,,,,WalkIn,False,False,False
6014,"Mallusk, 26 Mallusk Rd",54.67439563,-5.985651925,26 Mallusk Road,Mallusk,BT36 4PP,GB,02890025842,True,,False,,False,False,,,,,,,WalkIn|ClickAndCollect|JustEat|JustEatCollection|UberEatsDelivery|UberEatsCollection,True,True,True
6016,BLAKEMORE Machynlleth,52.5908678,-3.8523961,52 Maengwyn,Machynlleth,SY20 8EB,GB,01654550162,True,,True,10000,False,False,,,,,,,WalkIn,False,False,False
6017,"Salisbury, 49 Old George Mall",51.06808001,-1.795551579,49/51,Salisbury,SP1 2AG,GB,01722443790,True,,False,,False,False,,,,,,,WalkIn|ClickAndCollect|JustEat|JustEatCollection|UberEatsDelivery|UberEatsCollection,True,True,True
6018,"Portlethen, 1 Muirend Court",57.06231173455,-2.140726810009,1 Muirend Court,Portlethen,AB12 4UU,GB,01224009753,True,,False,,False,False,,,,,,,WalkIn|ClickAndCollect|JustEat|JustEatCollection|UberEatsDelivery|UberEatsCollection,True,True,True
6019,Greggs @ Tesco Telford,52.68983,-2.4925,Wrekin Retail Park,Telford,TF1 2DE,GB,01952947826,True,,False,,False,False,,,,,,,WalkIn|ClickAndCollect,False,False,True
6021,Greggs @ Tesco Romford,51.56571089827,0.191889531278,300 Hornchurch Road,Hornchurch,RM11 1PY,GB,01708599369,True,,False,,False,False,,,,,,,WalkIn|ClickAndCollect,False,False,True
6024,MFG Hogganfield Loch,55.882318504525,-4.169256734439,1628 Cumbernauld Road,Glasgow,G33 1AE,GB,01414736268,True,,True,10026,False,False,,,,,,,WalkIn,False,False,False
6025,"Leeds, U11 Gelderd Park, Gelderd Rd",53.78636,-1.57306,Gelderd Road,Leeds,LS12 6HJ,GB,01134681601,True,,False,,False,False,,,,,,,WalkIn|ClickAndCollect|JustEat|JustEatCollection|UberEatsDelivery|UberEatsCollection,True,True,True
6027,"Bristol, U5 The Square, 1 Temp",51.45045303,-2.581862903,1 Temple Quay,Bristol,BS1 6DG,GB,01174544414,True,False,False,,False,False,False,False,False,False,SDTR,2023-06-07T23:00:00Z,WalkIn|ClickAndCollect|JustEat|JustEatCollection|UberEatsDelivery|UberEatsCollection,True,True,True
6028,"Outlet: London, 5 Cundy Road",51.51108824,0.032963713,5 Cundy Road,London,E16 3DJ,GB,02038898510,True,,False,,False,False,,,,,,,WalkIn,False,False,False
6029,BLAKEMORE Tipton,52.54483,-2.03777,29 Leabrook Road,Tipton,DY4 0DX,GB,01216612644,True,,True,10000,False,False,,,,,,,WalkIn,False,False,False
6030,EG On The Move Hinckley,52.5353088,-1.416420717,Watling Street,Hinckley,LE10 3ED,GB,01455244103,True,,True,10081,False,False,,,,,,,WalkIn,False,False,False
6032,"Cleethorpes, 33 St Peters Avenue",53.55956,-0.03168,33 St Peters Avenue,Cleethorpes,DN35 8HL,GB,01472494607,True,,False,,False,False,,,,,,,WalkIn|ClickAndCollect|JustEat|JustEatCollection|UberEatsDelivery|UberEatsCollection,True,True,True
6033,"Denton, U2A Crownpoint SP",53.457855,-2.118272,Ashton Road,Denton,M34 3JP,GB,01618419163,True,,False,,False,False,,,,,,,WalkIn|ClickAndCollect|JustEat|JustEatCollection|UberEatsDelivery|UberEatsCollection,True,True,True
6034,"Knaresborough, 32 High St",54.00813,-1.46593,32/32B High Street,Knaresborough,HG5 0EQ,GB,01423802210,True,,False,,False,False,,,,,,,WalkIn|ClickAndCollect|JustEat|JustEatCollection|UberEatsDelivery|UberEatsCollection,True,True,True
6035,"Edinburgh, 19 Castle Street",55.9516923,-3.202928348,19 Castle Street,Edinburgh,EH2 3AH,GB,01312873342,True,False,False,,False,False,False,False,False,False,SDCL,2023-04-22T23:00:00Z,WalkIn|ClickAndCollect|UberEatsDelivery|UberEatsCollection,False,True,True
6039,"Lydney, 65 Newerne St",51.727555037641,-2.528168917459,65 Newerne Street,Lydney,GL15 5RA,GB,01594801520,True,,False,,False,False,,,,,,,WalkIn|ClickAndCollect,False,False,True
6040,"Harlow, U1B Queensgate RP, Edi",51.78315552,0.106508157,Edinburgh Way,Harlow,CM20 2DA,GB,01279214452,True,False,False,,False,False,False,False,False,False,SDEN,2022-12-29T00:00:00Z,WalkIn|ClickAndCollect|JustEat|JustEatCollection|UberEatsDelivery|UberEatsCollection,True,True,True
6042,RONTEC Bilston,52.5712534,-2.0934764,137 Wellington Road,Bilston,WV14 6RN,GB,01902243951,True,,True,10046,False,False,,,,,,,WalkIn|ClickAndCollect,False,False,True
6043,"Coventry, U7 Arena SP",52.4439841,-1.492309108,Classic Drive,Coventry,CV6 6AS,GB,02475103357,True,,False,,False,False,,,,,,,WalkIn,False,False,False
6044,"Greggs @ Primark Oxford St, London",51.51652116,-0.131233721,14-28 Oxford Street,London,W1D 1AU,GB,02038898500,True,,False,,False,False,,,,,,,WalkIn|ClickAndCollect,False,False,True
6045,"Castleford, Junction 32 Outlet SC",53.71293,-1.3381,Tomahawk Trail,Castleford,WF10 4FR,GB,01977803470,True,,False,,False,False,,,,,,,WalkIn|ClickAndCollect|JustEat|JustEatCollection|UberEatsDelivery|UberEatsCollection,True,True,True
6046,"Patchway, FF3 The Mall @ Causeway SC",51.52492155,-2.595911207,Cribbs Causeway Shopping Centre,Patchway,BS34 5DG,GB,01172447439,True,,False,,False,False,,,,,,,WalkIn|ClickAndCollect|JustEat|JustEatCollection|UberEatsDelivery|UberEatsCollection,True,True,True
6047,"Birmingham, U6 Prime Park, Austin Wy",52.52873278,-1.927529033,Austin Way,Birmingham,B42 1DT,GB,01212700101,True,,False,,False,False,,,,,,,WalkIn|ClickAndCollect|JustEat|JustEatCollection|UberEatsDelivery|UberEatsCollection,True,True,True
6050,Greggs @ Tesco Birkenhead,53.40807,-3.07026,Bidston Link Road,Prenton,CH43 7AA,GB,01513328209,True,,False,,False,False,,,,,,,WalkIn|ClickAndCollect|JustEat|JustEatCollection|UberEatsDelivery|UberEatsCollection,True,True,True
6054,Greggs @ Tesco Bradford,53.78105,-1.78846,Great Horton Road,Bradford,BD7 4EY,GB,01274957622,True,,False,,False,False,,,,,,,WalkIn|ClickAndCollect,False,False,True
6056,"Edinburgh, 60 Seafield Rd",55.96861652,-3.141254739,60/61 Seafield Road,Edinburgh,EH6 7LQ,GB,01312872651,True,,False,,False,False,,,,,,,WalkIn|ClickAndCollect|JustEat|JustEatCollection|UberEatsDelivery|UberEatsCollection,True,True,True
6057,Greggs @ Tesco Leicester Hamilton,52.65292,-1.06991,2 Maindenwell Avenue,Hamilton,LE5 1BJ,GB,01164785426,True,,False,,False,False,,,,,,,WalkIn|ClickAndCollect,False,False,True
6058,Greggs @ Tesco Warrington,53.39743,-2.59562,Winwick Road,Warrington,WA2 7NE,GB,01925239096,True,,False,,False,False,,,,,,,WalkIn|ClickAndCollect,False,False,True
6060,Greggs @ Tesco Rotherham,53.504531,-1.345266,Biscay Way,Wath-upon-Dearne,S63 7DA,GB,01709913536,True,False,False,,False,False,False,False,False,False,SDLE,2022-12-22T00:00:00Z,WalkIn|ClickAndCollect,False,False,True
6061,Greggs @ Tesco Coventry,52.43431,-1.43207,Olivier Way,Coventry,CV2 2SH,GB,02475103353,True,False,False,,False,False,False,False,False,False,SDBI,2022-12-29T00:00:00Z,WalkIn|ClickAndCollect|JustEat|JustEatCollection|UberEatsDelivery|UberEatsCollection,True,True,True
6064,Greggs @ Tesco Pontyclun,51.53443,-3.37706,Green Park,Pontyclun,CF72 8RB,GB,02920026952,True,,False,,False,False,,,,,,,WalkIn,False,False,False
6065,Greggs @ Tesco Wrexham,53.0463,-2.98746,Crescent Road,Wrexham,LL13 8HF,GB,01978803201,True,False,False,,False,False,False,False,False,False,SDMA,2023-05-11T23:00:00Z,WalkIn|ClickAndCollect|JustEat|JustEatCollection|UberEatsDelivery|UberEatsCollection,True,True,True
6069,ASDA EXPRESS Montrose,56.72352713,-2.464911689,108/120 North Esk Road,Montrose,DD10 9AY,GB,01674726960,True,,True,10004,False,False,,,,,,,WalkIn,False,False,False
6075,RONTEC Swanley,51.4096682,0.143997,,Sidcup,DA14 5JA,GB,02038898545,True,,True,10046,False,False,,,,,,,WalkIn|ClickAndCollect,False,False,True
6076,"Manchester, 128 Market St",53.4815812,-2.2382993,128 Market Street,Manchester,M1 1WA,GB,01618419156,True,,False,,False,False,,,,,,,WalkIn|ClickAndCollect,False,False,True
6077,RONTEC Dudley Port,52.52126559,-2.053055283,Dudley Port,Tipton,DY4 7RB,GB,01216612645,True,,True,10046,False,False,,,,,,,WalkIn|ClickAndCollect,False,False,True
6078,RONTEC Clayton,52.99005654,-2.223508427,Clayton Road,Newcastle Under Lyme,ST5 4AE,GB,01782890448,True,,True,10046,False,False,,,,,,,WalkIn|ClickAndCollect,False,False,True
6079,MFG Laindon,51.58422561041,0.420824278477,Arterial Road,Laindon,SS15 6DP,GB,01268399072,True,,True,10026,False,False,,,,,,,WalkIn,False,False,False
6080,BLAKEMORE Kidderminster,52.39186995,-2.260604871,Marpool Lane,Kidderminster,DY11 5DA,GB,01562541072,True,,True,10000,False,False,,,,,,,WalkIn,False,False,False
6083,WELCOME BREAK Newark,53.0485752,-0.7783801,Great North Road,Newark,NG24 3UG,GB,01636552231,True,,True,10061,False,False,,,,,,,WalkIn,False,False,False
6084,MFG Orchard,52.1855138,0.158513217,452 Cherry Hinton Road,Cambridge,CB1 8EA,GB,01223620774,True,,True,10026,False,False,,,,,,,WalkIn,False,False,False
6085,EG On The Move Epping,51.72987196155,0.123535145977,High Road,Epping,CM16 6LZ,GB,01992661507,True,,True,10081,False,False,,,,,,,WalkIn,False,False,False
6086,RONTEC Billinghurst,51.03028423,-0.443869859,,Billinghurst,RH14 9LY,GB,01403332574,True,,True,10046,False,False,,,,,,,WalkIn|ClickAndCollect,False,False,True
6089,EG On The Move Palmers Green,51.61499772,-0.101040721,243 North Circular Road,London,N13 5JF,GB,02038898665,True,,True,10081,False,False,,,,,,,WalkIn|ClickAndCollect,False,False,True
6090,"Stockton, 3 Mile House, Darlington Lane",54.58110628,-1.336378092,Darlington Lane,Stockton-On-Tees,TS19 0BF,GB,01642573608,True,,False,,False,False,,,,,,,WalkIn|ClickAndCollect|JustEat|JustEatCollection|UberEatsDelivery|UberEatsCollection,True,True,True
6093,ASDA EXPRESS Livingston,55.88324384,-3.510635333,Almondvale,Livingston,EH54 6NA,GB,01506376637,True,,True,10004,False,False,,,,,,,WalkIn,False,False,False
6095,RONTEC Chellow Heights,53.815928,-1.818707,Haworth Rd,Bradford,BD9 6NT,GB,01274957620,True,,True,10046,False,False,,,,,,,WalkIn|ClickAndCollect,False,False,True
6096,MFG Thirsk,54.22894641972,-1.32936334631,York Road,Thirsk,YO7 3AA,GB,01845440647,True,,True,10026,False,False,,,,,,,WalkIn,False,False,False
6097,RONTEC Bath Rd,51.4521319,-2.131550781,Rowden Hill,Chippenham,SN15 2AR,GB,01249477324,True,,True,10046,False,False,,,,,,,WalkIn|ClickAndCollect,False,False,True
6098,RONTEC Colnbrook,51.4846736,-0.5118107,Colnbrook Bypass,Slough,SL3 0EH,GB,01753291273,True,,True,10046,False,False,,,,,,,WalkIn|ClickAndCollect,False,False,True
6100,MFG Lydford,51.07641526,-2.619234196,A37 Lydford On Fosse,Somerton,TA11 7EY,GB,01963400662,True,,True,10026,False,False,,,,,,,WalkIn,False,False,False
6101,RONTEC Collingwood,53.82231498,-3.032799702,Collingwood Avenue,Blackpool,FY3 8BZ,GB,01253204607,True,,True,10046,False,False,,,,,,,WalkIn|ClickAndCollect,False,False,True
6103,Greggs @ Tesco Musselburgh,55.93876,-3.05535,Olive Bank Road,Musselburgh,EH21 7BL,GB,01312873369,True,,False,,False,False,,,,,,,WalkIn|ClickAndCollect,False,False,True
6105,Greggs @ Tesco Pengam Green,51.48761,-3.12741,Eastern Bay Road,Cardiff,CF24 2HP,GB,02920032674,True,,False,,False,False,,,,,,,WalkIn|ClickAndCollect,False,False,True
6106,"Headingley, U4 Otley Rd",53.82165,-1.57779,Otley Road,Headingley,LS6 2UE,GB,01133407616,True,False,False,,False,False,False,False,False,False,SDLE,2024-02-09T00:00:00Z,WalkIn|ClickAndCollect|JustEat|JustEatCollection|UberEatsDelivery|UberEatsCollection,True,True,True
6107,"Yate, U1 Yate SC, 12 East Walk",51.54003393,-2.411699705,12 East Walk,Yate,BS37 4AS,GB,01454800260,True,False,False,,False,False,False,False,False,False,SDTR,2025-05-01T23:00:00Z,WalkIn|ClickAndCollect|JustEat|JustEatCollection|UberEatsDelivery|UberEatsCollection,True,True,True
6109,MFG Reading Rose Kiln,51.44386854,-0.976369179,Rose Kiln Lane,Reading,RG2 0HP,GB,01182053385,True,,True,10026,False,False,,,,,,,WalkIn,False,False,False
6111,ASDA EXPRESS Hazel Grove,53.3735085021,-2.1088814027,37 Buxton Road,Hazel Grove,SK7 6AF,GB,01618419183,True,,True,10004,False,False,,,,,,,WalkIn,False,False,False
6112,RONTEC Connaught,51.3062542,-0.626611827,1 Bagshot Road,Woking,GU24 0HH,GB,01483931680,True,,True,10046,False,False,,,,,,,WalkIn|ClickAndCollect,False,False,True
6113,MFG Market Deeping,52.68772535,-0.327974663,Peterborough Road,Peterborough,PE6 9LA,GB,01778301576,True,,True,10026,False,False,,,,,,,WalkIn,False,False,False
6114,"Maidstone, 15 Week St",51.27440439,0.522946822,15 Week Street,Maidstone,ME14 1QW,GB,01622233628,True,,False,,False,False,,,,,,,WalkIn|ClickAndCollect|JustEat|JustEatCollection|UberEatsDelivery|UberEatsCollection,True,True,True
6115,"Birkenhead, 1 St John's Square",53.3895638,-3.0251413,1/3 St. John's Square,Birkenhead,CH41 2XU,GB,01513328207,True,,False,,False,False,,,,,,,WalkIn|ClickAndCollect|JustEat|JustEatCollection|UberEatsDelivery|UberEatsCollection,True,True,True
6116,"Chester le Street, U10 St Cthbrts Wlk SC",54.857244727784,-1.574149412489,,Chester le Street,DH3 3YQ,GB,01914064626,True,,False,,False,False,,,,,,,WalkIn|ClickAndCollect|JustEat|JustEatCollection|UberEatsDelivery|UberEatsCollection,True,True,True
6118,ASDA EXPRESS Chickerell,50.61479097,-2.497442528,Chickerell Link Road,Chickerell,DT3 4FL,GB,01305233713,True,,True,10004,False,False,,,,,,,WalkIn,False,False,False
6121,"Manchester, 82 Market St",53.482230182554,-2.240453447315,82/84 Market Street,Manchester,M1 1PD,GB,01618419216,True,,False,,False,False,,,,,,,WalkIn|ClickAndCollect,False,False,True
6123,"Waltham Cross, 121A High St",51.6863354,-0.033415696,121A High Street,Waltham Cross,EN8 7AN,GB,01143080476,True,,False,,False,False,,,,,,,WalkIn|ClickAndCollect|JustEat|JustEatCollection|UberEatsDelivery|UberEatsCollection,True,True,True
6124,"Exeter, 36 High St",50.72379332,-3.530531385,36/37 High Street,Exeter,EX4 3LN,GB,01392340262,True,,False,,False,False,,,,,,,WalkIn|ClickAndCollect|JustEat|JustEatCollection|UberEatsDelivery|UberEatsCollection,True,True,True
6127,"Bristol, Bristol Shopping Quarter",51.45749386,-2.590339993,74 Broadmead,Bristol,BS1 3DR,GB,01172444957,True,,False,,False,False,,,,,,,WalkIn|ClickAndCollect|JustEat|JustEatCollection|UberEatsDelivery|UberEatsCollection,True,True,True
6129,"Sale, 154A Northenden Rd",53.4200378,-2.304639821,154A Northenden Road,Sale,M33 3HE,GB,01613837445,True,,False,,False,False,,,,,,,WalkIn|ClickAndCollect|JustEat|JustEatCollection|UberEatsDelivery|UberEatsCollection,True,True,True
6130,ASDA EXPRESS Newmarket West,52.24952096377,0.362325920855,A14,Newmarket Health,CB8 0XG,GB,01638591223,True,,True,10004,False,False,,,,,,,WalkIn,False,False,False
6133,"Staple Hill, 27 Broad St",51.48123847,-2.505373222,27/29 Broad Street,Staple Hill,BS16 5LP,GB,01173705534,True,False,False,,False,False,False,False,False,False,SDTR,2023-08-04T23:00:00Z,WalkIn|ClickAndCollect|JustEat|JustEatCollection|UberEatsDelivery|UberEatsCollection,True,True,True
6134,WELCOME BREAK Derby East,52.86799742,-1.367388256,A50 Eastbound,Shardlow,DE72 2WA,GB,01332316618,True,,True,10061,False,False,,,,,,,WalkIn,False,False,False
6136,MFG Whitehorse,52.58528,1.72384,Beccles Road,Great Yarmouth,NR31 8BL,GB,01493802056,True,,True,10026,False,False,,,,,,,WalkIn,False,False,False
6137,Greggs @ Tesco Failsworth,53.50854,-2.15856,Ashton Road West,Failsworth,M35 0EJ,GB,01618419193,True,,False,,False,False,,,,,,,WalkIn|ClickAndCollect|UberEatsDelivery|UberEatsCollection,False,True,True
6138,"Sheffield, U6 Hillsborough Exchange SC",53.40347,-1.50131,Middlewood Road,Sheffield,S6 4HL,GB,01143213100,True,,False,,False,False,,,,,,,WalkIn|ClickAndCollect|JustEat|JustEatCollection|UberEatsDelivery|UberEatsCollection,True,True,True
6140,"Boscombe, 617 Christchurch Rd",50.72668879,-1.838518534,617 Christchurch Road,Boscombe,BH1 4AP,GB,01202037526,True,,False,,False,False,,,,,,,WalkIn|ClickAndCollect|JustEat|JustEatCollection|UberEatsDelivery|UberEatsCollection,True,True,True
6141,"Poole, U7 Wessex Gate RP",50.73518704,-1.992586582,,Poole,BH15 3TE,GB,01202037372,True,,False,,False,False,,,,,,,WalkIn|ClickAndCollect|JustEat|JustEatCollection|UberEatsDelivery|UberEatsCollection,True,True,True
6144,"Lye, U5 Forge RP, Dudley Rd",52.46236518,-2.116886895,Dudley Road,Lye,DY9 8DU,GB,01384882107,True,,False,,False,False,,,,,,,WalkIn|ClickAndCollect|JustEat|JustEatCollection|UberEatsDelivery|UberEatsCollection,True,True,True
6145,"Hereford, 214 The Straight Mil",52.039480000755,-2.69358880182,214 The Straight Mile,Hereford,HR2 6BQ,GB,01432800989,True,False,False,,False,False,False,False,False,False,SDTR,2023-10-23T23:00:00Z,WalkIn|ClickAndCollect|JustEat|JustEatCollection|UberEatsDelivery|UberEatsCollection,True,True,True
6146,ASCONA Green Garage SS,51.67934481,-4.917951715,Bush Hill,Pembroke,SA71 4QT,GB,01646400027,True,,True,10071,False,False,,,,,,,WalkIn,False,False,False
6149,MFG Beanacre Rd,51.3869357,-2.14487517,Beanacre Road,Melksham,SN12 8BL,GB,01225234628,True,,True,10026,False,False,,,,,,,WalkIn,False,False,False
6151,"Great Yarmouth, 2 Mill Lane",52.57595,1.7021,2 Mill Lane,Great Yarmouth,NR31 8HL,GB,01493800923,True,,False,,False,False,,,,,,,WalkIn|ClickAndCollect|JustEat|JustEatCollection|UberEatsDelivery|UberEatsCollection,True,True,True
6153,MFG Weeley,51.85953108242,1.102978534966,Colchester Road,Weeley,CO16 9AD,GB,01255441865,True,,True,10026,False,False,,,,,,,WalkIn,False,False,False
6154,"Norwich, U2B Riverside RP",52.62272,1.30714,,Norwich,NR1 1WR,GB,01603512345,True,,False,,False,False,,,,,,,WalkIn|ClickAndCollect|JustEat|JustEatCollection|UberEatsDelivery|UberEatsCollection,True,True,True
6155,"Aberdeen, 161 Union St",57.14555156,-2.101766625,161 Union Street,Aberdeen,AB11 6BB,GB,01224907112,True,,False,,False,False,,,,,,,WalkIn|ClickAndCollect|JustEat|JustEatCollection|UberEatsDelivery|UberEatsCollection,True,True,True
6157,"Bristol, U3 Kings Chase SC, Re",51.4629371,-2.509081512,Regent Street,Bristol,BS15 8LP,GB,01709222990,True,False,False,,False,False,False,False,False,False,SDTR,2024-04-25T23:00:00Z,WalkIn|ClickAndCollect|JustEat|JustEatCollection|UberEatsDelivery|UberEatsCollection,True,True,True
6158,"Exeter, 28 Sidwell St",50.72638714,-3.5254483,28/29 Sidwell Street,Exeter,EX4 6NN,GB,01392343736,True,,False,,False,False,,,,,,,WalkIn|ClickAndCollect|JustEat|JustEatCollection|UberEatsDelivery|UberEatsCollection,True,True,True
6159,"London, U2, 50 Finsbury Square",51.52013652,-0.087134282,50 Finsbury Square,London,EC2A 1HD,GB,02038898518,True,,False,,False,False,,,,,,,WalkIn|ClickAndCollect|UberEatsDelivery|UberEatsCollection,False,True,True
6163,"Barrow-In-Furness, U2 Portland Walk",54.1132288,-3.2262391,Portland Walk,Barrow-in-Furness,LA14 1DB,GB,01229260431,True,,False,,False,False,,,,,,,WalkIn|ClickAndCollect|JustEat|JustEatCollection|UberEatsDelivery|UberEatsCollection,True,True,True
6164,"Wallasey, U13 Marine Point",53.4401854,-3.045432,Marine Point,Wallasey,CH45 2PB,GB,01513186194,True,,False,,False,False,,,,,,,WalkIn|ClickAndCollect|JustEat|JustEatCollection|UberEatsDelivery|UberEatsCollection,True,True,True
6165,Greggs @ Primark Northumberlan,54.97646,-1.61242,78/84 Northumberland Street,Newcastle Upon Tyne,NE1 7DF,GB,01913232897,True,False,False,,False,False,False,False,False,False,SDGO,2023-03-22T00:00:00Z,WalkIn|ClickAndCollect,False,False,True
6166,"Greggs @ Primark 48 Church St, Lverpool",53.40511,-2.98315,48/56 Church Street,Liverpool,L1 3AY,GB,01513328218,True,,False,,False,False,,,,,,,WalkIn|ClickAndCollect,False,False,True
6167,"Greggs @ Primark Albion St, Leeds",53.79655,-1.54592,Albion Street,Leeds,LS1 5AT,GB,01135177580,True,,False,,False,False,,,,,,,WalkIn|ClickAndCollect,False,False,True
6168,Greggs @ Primark The Horsefair,51.4585,-2.59125,The Horsefair,Bristol,BS1 3BB,GB,01174544415,True,False,False,,False,False,False,False,False,False,SDTR,2023-05-11T23:00:00Z,WalkIn|ClickAndCollect,False,False,True
6169,"London, U2 Western Ticket Hall, Kings Cr",51.53024,-0.12495,Euston Road,London,N1C 4AL,GB,02046178884,True,,False,,False,False,,,,,,,WalkIn|ClickAndCollect|JustEat|JustEatCollection,True,False,True
6170,"Glasgow, UA4 Silverburn SC",55.81947563,-4.341120843,763 Barrhead Road,Glasgow,G53 6AG,GB,01414713174,True,False,False,,False,False,False,False,False,False,SDCL,2024-07-05T23:00:00Z,WalkIn|ClickAndCollect|JustEat|JustEatCollection|UberEatsDelivery|UberEatsCollection,True,True,True
6172,"Glasgow Airport, International Arrivals",55.86484,-4.4342864,International Arrivals,Paisley,PA3 2ST,GB,01505800519,True,,False,,False,False,,,,,,,WalkIn|ClickAndCollect,False,False,True
6173,ASDA EXPRESS Retford,53.31784112,-0.938766815,28/30 London Road,Retford,DN22 6AY,GB,01777801104,True,False,True,10004,False,False,False,False,False,False,SDLE,2022-12-16T00:00:00Z,WalkIn,False,False,False
6175,WELCOME BREAK Peartree,51.79411652,-1.28415716,Woodstock Road,Oxford,OX2 8JZ,GB,02038898666,True,,True,10061,False,False,,,,,,,WalkIn,False,False,False
6178,SODEXO University of The West,51.5012518,-2.548422519,Coldharbour Lane,Bristol,BS16 1QY,GB,01172357601,True,False,True,10076,False,False,False,False,False,False,SDTR,2023-08-09T23:00:00Z,WalkIn,False,False,False
6184,MOTO Knutsford North FC,53.30077306,-2.402270556,Northwich Road,Knutsford,WA16 0TL,GB,01565740850,True,,True,10006,False,False,,,,,,,WalkIn,False,False,False
6185,RONTEC Whiddon Down,50.71963299,-3.85209102,Exeter Road,Okehampton,EX20 2QT,GB,01647400093,True,,True,10046,False,False,,,,,,,WalkIn|ClickAndCollect,False,False,True
6186,RONTEC Temple Farm,51.38636573,0.481748768,Cuxton Road,Strood,ME2 2NQ,GB,01634560615,True,,True,10046,False,False,,,,,,,WalkIn|ClickAndCollect,False,False,True
6187,RONTEC Ringwood,50.84599,-1.800063491,,Ringwood,BH24 2AA,GB,01425201991,True,,True,10046,False,False,,,,,,,WalkIn|ClickAndCollect,False,False,True
6191,RONTEC Fernside,51.39089191,-0.133923696,702/712 Mitcham Road,Croydon,CR0 3AB,GB,02086849593,True,,True,10046,False,False,,,,,,,WalkIn|ClickAndCollect,False,False,True
6192,RONTEC Chimes,51.34521804,0.111774497,72 Sevenoaks Road,Orpington,BR6 7LZ,GB,01689661350,True,,True,10046,False,False,,,,,,,WalkIn|ClickAndCollect,False,False,True
6194,WELCOME BREAK Derby West,52.86787822,-1.370968492,,Derby,DE72 2WW,GB,01332316623,True,,True,10061,False,False,,,,,,,WalkIn,False,False,False
6195,ASCONA Refinery,56.01513868,-3.704935091,176 Bo'Ness Road,Grangemouth,FK3 9BU,GB,01324461313,True,,True,10071,False,False,,,,,,,WalkIn,False,False,False
6197,MFG Greengate,53.53844436,-2.17836825,Mainway Estate,Middleton,M24 1RD,GB,01618419190,True,,True,10026,False,False,,,,,,,WalkIn,False,False,False
6198,MFG Jeremeys Corner,51.00714385,-0.198293131,London Road,Haywards Heath,RH17 5QD,GB,01444223676,True,,True,10026,False,False,,,,,,,WalkIn,False,False,False
6199,MFG Wallasey,53.42291979,-3.06620948,15/35 Leasowe Road,Wallasey,CH44 2BY,GB,01513328190,True,,True,10026,False,False,,,,,,,WalkIn,False,False,False
6200,WELCOME BREAK Three Counties,52.18482911,-0.686276198,Warrington Crossroads,Olney,MK46 4JQ,GB,01925239094,True,,True,10061,False,False,,,,,,,WalkIn,False,False,False
6201,"Wallsend, U3 Cobalt BP",55.02001,-1.50665,,Wallsend,NE27 0QJ,GB,01913232893,True,,False,,False,False,,,,,,,WalkIn|ClickAndCollect|JustEat|JustEatCollection|UberEatsDelivery|UberEatsCollection,True,True,True
6203,"Keswick, 8 Station St",54.6004642248,-3.135756679628,8/10 Station Street,Keswick,CA12 5HP,GB,01768720670,True,False,False,,False,False,False,False,False,False,SDGO,2023-08-16T23:00:00Z,WalkIn|ClickAndCollect,False,False,True
6204,RONTEC Taunton West,51.01288908,-3.126998367,Wellington Road,Taunton,TA1 5LU,GB,01823214358,True,,True,10046,False,False,,,,,,,WalkIn|ClickAndCollect,False,False,True
6205,RONTEC Chiswick,51.49158253,-0.283173149,1 Great West Rd,London,W4 5QJ,GB,02038181099,True,,True,10046,False,False,,,,,,,WalkIn|ClickAndCollect,False,False,True
6207,"London, U2 Bow Bells, 49 Cheapside",51.51401798,-0.094212184,49 Cheapside,London,EC2V 6AT,GB,02030531556,True,,False,,False,False,,,,,,,WalkIn|ClickAndCollect|JustEat|JustEatCollection|UberEatsDelivery|UberEatsCollection,True,True,True
6209,Greggs @ Sainsbury's Emersons,51.49159761,-2.471932029,Emerson Way,Emersons Green,BS16 7AE,GB,01172337352,True,False,False,,False,False,False,False,False,False,SDTR,2024-04-16T23:00:00Z,WalkIn,False,False,False
6210,Greggs @ Sainsbury's Biggleswade,52.09392596,-0.272351764,Bells Brook,Biggleswade,SG18 0NA,GB,01767661334,True,,False,,False,False,,,,,,,WalkIn|ClickAndCollect|UberEatsDelivery|UberEatsCollection,False,True,True
6211,Greggs @ Sainsbury's Arnold,52.99951944,-1.135547612,Sir John Robinson Way,Arnold,NG5 6BN,GB,01157737083,True,,False,,False,False,,,,,,,WalkIn|ClickAndCollect,False,False,True
6212,"Runcorn, 32 Church St",53.342592535972,-2.732626846302,32 Church Street,Runcorn,WA7 1LR,GB,01928241398,True,,False,,False,False,,,,,,,WalkIn|ClickAndCollect|JustEat|JustEatCollection|UberEatsDelivery|UberEatsCollection,True,True,True
6213,RONTEC Dartford,51.43770128566,0.237076333786,474 Princes Road,Dartford,DA1 1YT,GB,01322472620,True,,True,10046,False,False,,,,,,,WalkIn|ClickAndCollect,False,False,True
6214,MFG Oulton Broad,52.4782389965,1.71633571077,Normanston Drive,Lowerstoft,NR32 2PY,GB,01502441094,True,,True,10026,False,False,,,,,,,WalkIn,False,False,False
6215,EG On The Move St Asaph,53.26026042,-3.452278598,The Roe,St. Asaph,LL17 0LY,GB,01745771270,True,,True,10081,False,False,,,,,,,WalkIn|ClickAndCollect,False,False,True
6216,"Hinckley, U2, 24 Fieldfare Rd",52.54993717,-1.399113411,24 Fieldfare Road,Hinckley,LE10 3FY,GB,01455240689,True,,False,,False,False,,,,,,,WalkIn|ClickAndCollect|JustEat|JustEatCollection|UberEatsDelivery|UberEatsCollection,True,True,True
6217,Greggs @ Tesco Haverfordwest,51.79848,-4.97748,Fenton Trading Estate,Portfield,SA61 1BU,GB,01646401170,True,False,False,,False,False,False,False,False,False,SDTR,2023-05-30T23:00:00Z,WalkIn|ClickAndCollect,False,False,True
6218,"Newtonabbey, UA Abbey SC, Longwood Rd",54.65555091,-5.918945418,Longwood Road,Newtonabbey,BT37 9UH,GB,02890024704,True,,False,,False,False,,,,,,,WalkIn|ClickAndCollect|JustEat|JustEatCollection|UberEatsDelivery|UberEatsCollection,True,True,True
6219,"Glasgow, U6 Queen Street Stn",55.86215714,-4.250810202,North Hanover Street,Glasgow,G1 2AF,GB,01414710573,True,,False,,False,False,,,,,,,WalkIn|ClickAndCollect,False,False,True
6220,"Cwmrhydyceirw, U2 Rhodfa Fadog",51.682893231931,-3.923357734455,Rhodfa Fadog,Cwmrhydyceirw,SA6 6LQ,GB,01792000020,True,,False,,False,False,,,,,,,WalkIn|ClickAndCollect|JustEat|JustEatCollection|UberEatsDelivery|UberEatsCollection,True,True,True
6221,EG On The Move West End,53.75079004,-2.505213101,Preston New Road,Blackburn,BB2 6PN,GB,01254786908,True,,True,10081,False,False,,,,,,,WalkIn|ClickAndCollect,False,False,True
6223,MFG Horley,51.1661204,-0.182317617,Povey Cross Road,Horley,RH6 0AD,GB,01403332596,True,,True,10026,False,False,,,,,,,WalkIn,False,False,False
6224,BLAKEMORE Phoenix Park,53.0216571,-1.188743721,205 Nottingham Road,Nuthall,NG16 1AE,GB,01158226638,True,,True,10000,False,False,,,,,,,WalkIn,False,False,False
6225,EG On The Move Shelfield,52.61254766,-1.95658216,Lichfield Road,Shelfield,WS4 1PQ,GB,01922664820,True,,True,10081,False,False,,,,,,,WalkIn|ClickAndCollect,False,False,True
6226,EG On The Move Gibbets Cross,52.42161738343,-1.224159512,Watling Street,Shawell,LE17 6AR,GB,01788222585,True,,True,10081,False,False,,,,,,,WalkIn|ClickAndCollect,False,False,True
6229,"Mountain Ash, U22B Oxford St",51.68274585,-3.378864303,Oxford Street,Mountain Ash,CF45 3PG,GB,01443583537,True,,False,,False,False,,,,,,,WalkIn|ClickAndCollect|UberEatsDelivery|UberEatsCollection,False,True,True
6230,RONTEC Orient,51.5681244,-0.031875122,209/219 Lea Bridge Road,London,E10 7PN,GB,02038269516,True,,True,10046,False,False,,,,,,,WalkIn|ClickAndCollect,False,False,True
6231,MFG Monktonhall,55.92628750672,-3.063177806109,Musselburgh By Pass,Musselburgh,EH21 8RE,GB,01312028447,True,,True,10026,False,False,,,,,,,WalkIn,False,False,False
6233,"Hemel Hempstead, 201 The Marlowes",51.749340374527,-0.472239136392,201/203 The Marlowes,Hemel Hempstead,HP1 1BL,GB,01442504363,True,,False,,False,False,,,,,,,WalkIn|ClickAndCollect|JustEat|JustEatCollection|UberEatsDelivery|UberEatsCollection,True,True,True
6234,"Gowerton, 106 Sterry Rd",51.64746401,-4.037047026,106 Sterry Road,Gowerton,SA4 3BW,GB,01792000999,True,False,False,,False,False,False,False,False,False,SDTR,2024-04-18T23:00:00Z,WalkIn|ClickAndCollect|JustEat|JustEatCollection|UberEatsDelivery|UberEatsCollection,True,True,True
6235,"Swindon, 21 The Parade SC",51.562112371251,-1.784053013803,21/25,Swindon,SN1 1BB,GB,01793224783,True,,False,,False,False,,,,,,,WalkIn,False,False,False
6236,ASDA EXPRESS Baynards Green,51.95865861,-1.202832287,Baynards Green,Bicester,OX27 7SG,GB,01869717353,True,,True,10004,False,False,,,,,,,WalkIn,False,False,False
6237,RONTEC Catford,51.44533569136,-0.007805061493,Brownhill Road,London,SE6 1AA,GB,02033752773,True,,True,10046,False,False,,,,,,,WalkIn|ClickAndCollect,False,False,True
6238,MFG Tweedbank,55.602261661541,-2.752167730175,Gateway Drive,Tweedbank,TD1 3DJ,GB,01289541232,True,,True,10026,False,False,,,,,,,WalkIn,False,False,False
6239,RONTEC Lockhurst Lane,52.429648883784,-1.502732976495,168/170 Lockhurst Lane,Coventry,CV6 5NY,GB,02475105541,True,,True,10046,False,False,,,,,,,WalkIn|ClickAndCollect,False,False,True
6240,SSP Cardiff Airport,51.397861,-3.338389,,Cardiff,CF62 3BD,GB,01446501575,True,,True,10066,False,False,,,,,,,WalkIn,False,False,False
6241,"Crosby, 19 Liverpool Rd",53.4924256,-3.0258747,19 Liverpool Road,Crosby,L23 2SA,GB,01513186193,True,,False,,False,False,,,,,,,WalkIn|ClickAndCollect|JustEat|JustEatCollection|UberEatsDelivery|UberEatsCollection,True,True,True
6242,EG On The Move Telford,52.71778,-2.52489,Shawbirch Crossroads,Telford,TF1 3QA,GB,01952454982,True,,True,10081,False,False,,,,,,,WalkIn|ClickAndCollect,False,False,True
6246,"Liscard, 16 Liscard Way",53.419317127294,-3.043128142457,16 Liscard Way,Liscard,CH44 5TP,GB,01512031791,True,,False,,False,False,,,,,,,WalkIn|ClickAndCollect|JustEat|JustEatCollection|UberEatsDelivery|UberEatsCollection,True,True,True
6248,"Cwmbran, 2 Gwent Sq",51.65461592,-3.020604214,2/3 Gwent Square,Cwmbran,NP44 1PN,GB,01633492405,True,,False,,False,False,,,,,,,WalkIn|ClickAndCollect|JustEat|JustEatCollection|UberEatsDelivery|UberEatsCollection,True,True,True
6249,"Coseley, 21 Castle St",52.54096188,-2.088058531,21/23 Castle Street,Coseley,WV14 9DP,GB,01384882823,True,,False,,False,False,,,,,,,WalkIn|ClickAndCollect|JustEat|JustEatCollection|UberEatsDelivery|UberEatsCollection,True,True,True
6251,Greggs @ Tesco Extra Dundee,56.48289,-2.99263,Kingsway,Dundee,DD3 8QB,GB,01382214132,True,,False,,False,False,,,,,,,WalkIn|ClickAndCollect,False,False,True
6253,Greggs @ Tesco Extra Ayr,55.46791,-4.60814,Whitletts Road,Ayr,KA8 0QA,GB,01292431715,True,,False,,False,False,,,,,,,WalkIn|ClickAndCollect,False,False,True
6254,SODEXO Manchester Royal Infirmary,53.46137655,-2.224678147,Oxford Road,Manchester,M13 9WL,GB,01612417455,True,,True,10076,False,False,,,,,,,WalkIn,False,False,False
6255,"Cwmbran, 10 General Rees Sq",51.65333313,-3.02276888,10 General Rees Square,Cwmbran,NP44 1AH,GB,01633741178,True,,False,,False,False,,,,,,,WalkIn|ClickAndCollect|JustEat|JustEatCollection|UberEatsDelivery|UberEatsCollection,True,True,True
6256,"St. Albans, U1A Colney Flds SP Barnet Rd",51.716027982556,-0.282644585228,Barnet Rd,St Albans,AL2 1AB,GB,01727220871,True,,False,,False,False,,,,,,,WalkIn|ClickAndCollect|JustEat|JustEatCollection|UberEatsDelivery|UberEatsCollection,True,True,True
6257,MFG Kilmington,50.77874449,-3.031293267,Kilmington,Axminster,EX13 7RB,GB,01297300216,True,,True,10026,False,False,,,,,,,WalkIn,False,False,False
6258,"Stenhousemuir, U2 Bellsdyke Rd",56.03650461,-3.806272899,Bellsdyke Road,Stenhousemuir,FK5 4PT,GB,01324461738,True,,False,,False,False,,,,,,,WalkIn|ClickAndCollect|JustEat|JustEatCollection|UberEatsDelivery|UberEatsCollection,True,True,True
6262,"Wakefield, 5 Westgate, Ridings Centre",53.6825,-1.49782,5/7 Westgate,Wakefield,WF1 1JZ,GB,01924664750,True,,False,,False,False,,,,,,,WalkIn|ClickAndCollect|JustEat|JustEatCollection|UberEatsDelivery|UberEatsCollection,True,True,True
6263,"Edinburgh, U42 Gyle SC",55.93835828,-3.314770019,,Edinburgh,EH12 9JT,GB,01312025092,True,,False,,False,False,,,,,,,WalkIn|ClickAndCollect|JustEat|JustEatCollection|UberEatsDelivery|UberEatsCollection,True,True,True
6264,"Fareham, 97 West St",50.852699450694,-1.179960012286,97/99 West Street,Fareham,PO16 0AB,GB,01329551985,True,,False,,False,False,,,,,,,WalkIn|ClickAndCollect|JustEat|JustEatCollection|UberEatsDelivery|UberEatsCollection,True,True,True
6265,"Bransholme, U21 North Point SC",53.78659,-0.32049,Goodhart Road,Bransholme,HU7 4EE,GB,01482249968,True,,False,,False,False,,,,,,,WalkIn|ClickAndCollect|JustEat|JustEatCollection|UberEatsDelivery|UberEatsCollection,True,True,True
6266,"Hedge End, R1 Hedge End TP, Tollbar Way",50.9244419,-1.311872804,Tollbar Way,Hedge End,SO30 2JN,GB,01489346418,True,,False,,False,False,,,,,,,WalkIn|ClickAndCollect|JustEat|JustEatCollection|UberEatsDelivery|UberEatsCollection,True,True,True
6268,MFG Bridgwater,51.14642027,-2.991708674,Bristol Road,Bridgwater,TA6 4RR,GB,01278550703,True,,True,10026,False,False,,,,,,,WalkIn,False,False,False
6269,MFG Walkers Clock,52.7252538,-2.434307726,Station Road,Donnington,TF2 8JY,GB,01952454798,True,,True,10026,False,False,,,,,,,WalkIn,False,False,False
6270,MFG Bruton,51.10975029,-2.459204712,Leggs Lusty Bridge,Bruton,BA10 0BQ,GB,01749467344,True,,True,10026,False,False,,,,,,,WalkIn,False,False,False
6272,"Leicester, U2 Fletton Close",52.65759362,-1.083233376,Fletton Close,Leicester,LE4 9LP,GB,01163669440,True,,False,,False,False,,,,,,,WalkIn|ClickAndCollect|JustEat|JustEatCollection|UberEatsDelivery|UberEatsCollection,True,True,True
6273,"Swansea, 254 Oxford St",51.61980453,-3.945956286,254/255 Oxford Street,Swansea,SA1 3BN,GB,01792005104,True,,False,,False,False,,,,,,,WalkIn|ClickAndCollect|JustEat|JustEatCollection|UberEatsDelivery|UberEatsCollection,True,True,True
6274,"Bromsgrove, 88 High St",52.33519456,-2.06018368,88/90 High Street,Bromsgrove,B61 8EX,GB,01527396674,True,False,False,,False,False,False,False,False,False,SDBI,2024-07-11T23:00:00Z,WalkIn|ClickAndCollect|JustEat|JustEatCollection|UberEatsDelivery|UberEatsCollection,True,True,True
6275,"Northampton, U11 Kingsthorpe Ctr",52.2628494,-0.900990028,Harborough Road,Northampton,NN2 7BD,GB,01604213858,True,,False,,False,False,,,,,,,WalkIn|ClickAndCollect|JustEat|JustEatCollection|UberEatsDelivery|UberEatsCollection,True,True,True
6277,"Ldn, U2 Embankment Underground Stn",51.507256,-0.122194,Embankment Place,London,WC2N 6NS,GB,02038898536,True,,False,,False,False,,,,,,,WalkIn|ClickAndCollect,False,False,True
6279,"Ashford, U6 Grove House, Church Rd",51.43401358,-0.465396401,Church Road,Ashford,TW15 2UD,GB,01233221794,True,,False,,False,False,,,,,,,WalkIn|ClickAndCollect|JustEat|JustEatCollection|UberEatsDelivery|UberEatsCollection,True,True,True
6281,"Luton, U10 Luton RP, Gipsey Lane",51.87366058,-0.400193339,Gipsey Lane,Luton,LU1 3JH,GB,01582341682,True,,False,,False,False,,,,,,,WalkIn|ClickAndCollect|JustEat|JustEatCollection|UberEatsDelivery|UberEatsCollection,True,True,True
6282,"Ilford, 28 Cranbrook Rd",51.55964175,0.070211094,28/32 Cranbrook Road,Ilford,IG1 4NE,GB,02030044422,True,False,False,,False,False,False,False,False,False,SDEN,2024-09-12T23:00:00Z,WalkIn|ClickAndCollect|JustEat|JustEatCollection|UberEatsDelivery|UberEatsCollection,True,True,True
6284,MFG Folkestone,51.08708872,1.149482676,336 Cheriton Road,Folkestone,CT19 4DP,GB,01303760733,True,,True,10026,False,False,,,,,,,WalkIn,False,False,False
6285,MFG Newington,51.49443674,-0.090910028,197 New Kent Road,London,SE1 4AG,GB,02038898506,True,,True,10026,False,False,,,,,,,WalkIn,False,False,False
6286,Greggs @ Sainsbury's Bath Rd,51.44157157,-1.060374499,Bath Road,Calcot,RG31 7SA,GB,01182273268,True,,False,,False,False,,,,,,,WalkIn|ClickAndCollect,False,False,True
6288,"Tyldesley, U4 Parr Bridge RP, Msley Rd",53.511184,-2.431355,Mosley Common Road,Tyldesley,M29 8RZ,GB,01613831366,True,,False,,False,False,,,,,,,WalkIn|ClickAndCollect|JustEat|JustEatCollection|UberEatsDelivery|UberEatsCollection,True,True,True
6289,"Outlet: Gorbals, 169 Crown St",55.8490187,-4.250153456,169 Crown Street,Gorbals,G5 9XT,GB,01417267380,True,False,False,,False,False,False,False,False,False,SDCL,2023-05-30T23:00:00Z,WalkIn,False,False,False
6291,RONTEC Gateway,53.779478674666,-1.480755658546,2A Aire Valley Drive,Leeds,LS9 0AA,GB,01135177574,True,,True,10046,False,False,,,,,,,WalkIn|ClickAndCollect,False,False,True
6292,"Strathaven, 24 Common Green",55.67676106795,-4.066041562175,24-26 Common Green,Strathaven,ML10 6AF,GB,01357510100,True,,False,,False,False,,,,,,,WalkIn|ClickAndCollect,False,False,True
6296,Greggs @ Sainsbury's Dome,51.68154613,-0.388554821,Cow Lane,Watford,WD25 9JS,GB,01923609106,True,,False,,False,False,,,,,,,WalkIn|ClickAndCollect,False,False,True
6297,Greggs @ Sainsbury's Crystal Peaks,53.3415673,-1.350271965,,Crystal Peaks,S20 7PJ,GB,01143087683,True,,False,,False,False,,,,,,,WalkIn|ClickAndCollect,False,False,True
6298,"Coventry, U4 CODE Building, Fairfax St",52.40950979095,-1.503930256976,Fairfax Street,Coventry,CV1 5RQ,GB,02475102993,True,,False,,False,False,,,,,,,WalkIn|ClickAndCollect|JustEat|JustEatCollection|UberEatsDelivery|UberEatsCollection,True,True,True
6299,"High Holborn, 9 Chancery Lane",51.5183959,-0.111914708,9 Chancery Lane,High Holborn,WC1V 6DR,GB,02035975096,True,,False,,False,False,,,,,,,WalkIn|ClickAndCollect|JustEat|JustEatCollection|UberEatsDelivery|UberEatsCollection,True,True,True
6300,RONTEC Beverley,53.83520211,-0.407096297,Eastfields Road,Beverley,HU17 0XL,GB,01482421248,True,,True,10046,False,False,,,,,,,WalkIn|ClickAndCollect,False,False,True
6301,"Blantyre, U2 Hamilton Intrntl Tchnlgy Pk",55.78045357,-4.098243186,Technology Avenue,Blantyre,G72 0BP,GB,01698537722,True,,False,,False,False,,,,,,,WalkIn|ClickAndCollect|JustEat|JustEatCollection|UberEatsDelivery|UberEatsCollection,True,True,True
6303,"Trowbridge, U27 The Shires SC",51.3203052,-2.209550727,,Trowbridge,BA14 8AT,GB,01225234138,True,,False,,False,False,,,,,,,WalkIn|ClickAndCollect|JustEat|JustEatCollection|UberEatsDelivery|UberEatsCollection,True,True,True
6304,"Outlet: Cardiff, St Mellons DC Crkhwl Rd",51.52499169,-3.101954365,Crickhowell Road,Cardiff,CF3 0EF,GB,02920032700,True,,False,,False,False,,,,,,,WalkIn,False,False,False
6306,"Outlet: Rednal, 10 Arden Rd",52.40309007,-2.016318356,10 Arden Road,Rednal,B45 0JA,GB,01216612630,True,,False,,False,False,,,,,,,WalkIn,False,False,False
6307,"Newport, U1 Tesco Extra, Spytty Rd",51.57646064,-2.945952321,Spytty Road,Newport,NP19 4TX,GB,01633631276,True,,False,,False,False,,,,,,,WalkIn|ClickAndCollect|JustEat|JustEatCollection|UberEatsDelivery|UberEatsCollection,True,True,True
6308,"Gretna, U67B Caledonia Park, Glasgow Rd",54.99594448,-3.056426881,Glasgow Road,Gretna,DG16 5GG,GB,01461380098,True,,False,,False,False,,,,,,,WalkIn|ClickAndCollect,False,False,True
6310,"Outlet: Oldham, 23 Henshaw St",53.542905,-2.115333,23 Henshaw Street,Oldham,OL1 1NH,GB,01618419185,True,,False,,False,False,,,,,,,WalkIn,False,False,False
6312,"Craigavon, Marlborough RP Drive Thru",54.4470593,-6.391575,,Craigavon,BT64 1AG,GB,02838294834,True,,False,,True,False,,,,,,,WalkIn|ClickAndCollect|JustEat|JustEatCollection|DriveThru|UberEatsDelivery|UberEatsCollection,True,True,True
6313,MFG Wednesbury,52.555328,-2.013822,Wallsall Street,Wednesbury,WS10 9HA,GB,01216612641,True,,True,10026,False,False,,,,,,,WalkIn,False,False,False
6314,MFG Viking,51.995961093439,-0.717198943213,26 Aylesbury Street,Milton Keynes,MK2 2BA,GB,01908014325,True,,True,10026,False,False,,,,,,,WalkIn,False,False,False
6315,"Outlet: Plaistow, 107 Plaistow Rd",51.53386192,0.011256296,107 Plaistow Road,Plaistow,E15 3ET,GB,02039285703,True,,False,,False,False,,,,,,,WalkIn,False,False,False
6317,"Caernarfon, U1 Pool Street",53.1395875,-4.2719649,Pool Street,Caernarfon,LL55 2AD,GB,01286800112,True,,False,,False,False,,,,,,,WalkIn|ClickAndCollect,False,False,True
6318,"Edmonton, U49 Edmonton Green SC",51.62423863,-0.058479618,,Edmonton,N9 0TT,GB,01158961263,True,,False,,False,False,,,,,,,WalkIn|ClickAndCollect|JustEatCollection|UberEatsDelivery|UberEatsCollection,False,True,True
6319,"Leighton Buzzard, 45 High Street",51.916464565226,-0.662358906737,45 High Street,Leighton Buzzard,LU7 1DN,GB,01525300044,True,,False,,False,False,,,,,,,WalkIn|ClickAndCollect|JustEat|JustEatCollection|UberEatsDelivery|UberEatsCollection,True,True,True
6320,"Oldham, UA Feathrstll Rd Nrth Drive Thru",53.5456174,-2.1261644,Featherstall Road North,Oldham,OL9 6BW,GB,01615670882,True,,False,,True,False,,,,,,,WalkIn|ClickAndCollect|JustEat|JustEatCollection|DriveThru|UberEatsDelivery|UberEatsCollection,True,True,True
6321,"Bridgnorth, 39 High St",52.5350092,-2.4198359,39 High Street,Bridgnorth,WV16 4DB,GB,01746330946,True,,False,,False,False,,,,,,,WalkIn|ClickAndCollect,False,False,True
6323,RONTEC Solent,50.82436135,-1.165188006,51 Fareham Road,Gosport,PO13 0XL,GB,02392002209,True,,True,10046,False,False,,,,,,,WalkIn|ClickAndCollect,False,False,True
6324,"Wrexham, 11 Hope St",53.04577,-2.99355,11 Hope Street,Wrexham,LL11 1BG,GB,01978801406,True,,False,,False,False,,,,,,,WalkIn|ClickAndCollect|JustEat|JustEatCollection,True,False,True
6326,"Telford, U15 Hortonwood 33",52.7159921,-2.4640844,Hortonwood 33,Telford,TF1 7EX,GB,01952967014,True,,False,,False,False,,,,,,,WalkIn,False,False,False
6327,"Preston, U82 St Georges SC, Fr",53.7582486,-2.7017412,Friargate Walk,Preston,PR1 2NQ,GB,01772288904,True,False,False,,False,False,False,False,False,False,SDMA,2024-10-31T00:00:00Z,WalkIn|ClickAndCollect|JustEat|JustEatCollection|UberEatsDelivery|UberEatsCollection,True,True,True
6328,"Tunstall, Sandyford Service Station",53.06906377411,-2.214696332477,,Tunstall,ST6 5FE,GB,01782444152,True,,False,,False,False,,,,,,,WalkIn|ClickAndCollect|JustEat|JustEatCollection|UberEatsDelivery|UberEatsCollection,True,True,True
6332,"Brecon, Bethel Sq, 10 Lion St",51.9478737,-3.390221167,10/11 Lion Street,Brecon,LD3 7JP,GB,01874640166,True,,False,,False,False,,,,,,,WalkIn,False,False,False
6335,"Moseley, U1, 158 Alcester Rd",52.4475829,-1.887817485,158/162 Alcester Road,Moseley,B13 8HS,GB,01212703116,True,,False,,False,False,,,,,,,WalkIn|ClickAndCollect|JustEat|JustEatCollection|UberEatsDelivery|UberEatsCollection,True,True,True
6337,"St Helens, 99 Higher Parr St",53.45385,-2.72134,99/101 Higher Parr Street,St Helens,WA9 1AG,GB,01744412192,True,,False,,False,False,,,,,,,WalkIn|ClickAndCollect|JustEat|JustEatCollection|UberEatsDelivery|UberEatsCollection,True,True,True
6338,"Rugeley, U36 Riverside IE, Pow",52.7645049,-1.9307084,Power Station Road,Rugeley,WS15 2YR,GB,01889220756,True,False,False,,False,False,False,False,False,False,SDBI,2024-12-06T00:00:00Z,WalkIn|ClickAndCollect|JustEat|JustEatCollection|UberEatsDelivery|UberEatsCollection,True,True,True
6339,EG On The Move Peterborough,52.55025722,-0.211595145971,Whittlesey Road,Peterborough,PE2 8RR,GB,01733300282,True,,True,10081,False,False,,,,,,,WalkIn|ClickAndCollect,False,False,True
6342,"Glasgow, 319 Byres Rd",55.87656137886,-4.292453469396,319/321 Byres Road,Glasgow,G12 8UQ,GB,01412123410,True,,False,,False,False,,,,,,,WalkIn|ClickAndCollect|JustEat|JustEatCollection|UberEatsDelivery|UberEatsCollection,True,True,True
6343,"Swansea, 270 Cockett Rd",51.634641,-3.981102,270 Cockett Road,Swansea,SA2 0FN,GB,01792001750,True,,False,,False,False,,,,,,,WalkIn|ClickAndCollect|JustEat|JustEatCollection|UberEatsDelivery|UberEatsCollection,True,True,True
6345,"Cardiff, U31A St Davids SC",51.48106665477,-3.17580047108,St Davids Way,Cardiff,CF10 2DP,GB,02920026537,True,,False,,False,False,,,,,,,WalkIn|ClickAndCollect,False,False,True
6347,"Winchester, Easton Lane Drive Thru",51.07074176,-1.295205155,Easton Lane,Winchester,SO23 7UD,GB,01962587969,True,,False,,True,False,,,,,,,WalkIn|ClickAndCollect|JustEat|JustEatCollection|DriveThru,True,False,True
6348,"Bexleyheath, UE Broadway SC",51.45619060825,0.147071001549,,Bexleyheath,DA6 7JN,GB,02038898544,True,,False,,False,False,,,,,,,WalkIn|ClickAndCollect|JustEat|JustEatCollection|UberEatsDelivery|UberEatsCollection,True,True,True
6349,"Reading, 162 Bath Rd Drive Thru",51.44440873,-1.020437319,162 Bath Road,Reading,RG30 2HA,GB,01182140968,True,,False,,True,False,,,,,,,WalkIn|ClickAndCollect|JustEat|JustEatCollection|DriveThru|UberEatsDelivery|UberEatsCollection,True,True,True
6350,"Sutton, 74 High St",51.36197140898,-0.19223646289,74 High Street,Sutton,SM1 1EZ,GB,02039592117,True,,False,,False,False,,,,,,,WalkIn|ClickAndCollect|JustEat|JustEatCollection|UberEatsDelivery|UberEatsCollection,True,True,True
6351,"Shepherds Bush, USU2068 Westfield SC",51.50787,-0.223179,,Shepherd Bush,W12 7GG,GB,02038898628,True,,False,,False,False,,,,,,,WalkIn|ClickAndCollect|JustEat|JustEatCollection|UberEatsDelivery|UberEatsCollection,True,True,True
6353,Greggs @ Sainsbury's Hamilton,55.780462830213,-4.056403984628,5 Douglas Park Lane,Hamilton,ML3 0DF,GB,01698537460,True,,False,,False,False,,,,,,,WalkIn|ClickAndCollect,False,False,True
6354,"Cardiff, 217 Cowbridge Rd",51.481478993,-3.198996834,217/219 Cowbridge Road,Cardiff,CF11 9AL,GB,02920026873,True,,False,,False,False,,,,,,,WalkIn|ClickAndCollect|JustEat|JustEatCollection|UberEatsDelivery|UberEatsCollection,True,True,True
6355,RONTEC Portsbridge,50.83899857,-1.069220848,Portsmouth Road,Cosham,PO6 2SJ,GB,02392002425,True,,True,10046,False,False,,,,,,,WalkIn|ClickAndCollect,False,False,True
6357,MFG Newquay,50.40359738,-5.072228073,Trevemper Road,Newquay,TR7 2HS,GB,01637800543,True,,True,10026,False,False,,,,,,,WalkIn,False,False,False
6359,MFG Kingsclere,51.33262938131,-1.255823291172,Newbury Road,Newbury,RG20 4TA,GB,01635017683,True,,True,10026,False,False,,,,,,,WalkIn,False,False,False
6360,"Ipswich, U6 Futura RP, James Bennett Way",52.0332383616,1.201780376114,James Bennett Avenue,Ipswich,IP3 9SR,GB,01473350856,True,,False,,False,False,,,,,,,WalkIn|ClickAndCollect|JustEat|JustEatCollection|UberEatsDelivery|UberEatsCollection,True,True,True
6361,"Whiteley, UD3B Whiteley SC, Whitleley Wy",50.884484386357,-1.245360642989,Whiteley Way,Whiteley,PO15 7PD,GB,01489358833,True,,False,,False,False,,,,,,,WalkIn|ClickAndCollect|JustEat|JustEatCollection|UberEatsDelivery|UberEatsCollection,True,True,True
6362,"Erith, U7 Erith SC, 20 High St",51.4803683594,0.180172128363,High Street,Erith,DA8 1RG,GB,01322472428,True,,False,,False,False,,,,,,,WalkIn|ClickAndCollect|JustEat|JustEatCollection|UberEatsDelivery|UberEatsCollection,True,True,True
6364,"Knightswood, 770 Anniesland Rd",55.8862,-4.36017,770 Anniesland Road,Glasgow,G14 0YU,GB,01416110440,True,,False,,False,False,,,,,,,WalkIn|ClickAndCollect|JustEat|JustEatCollection|UberEatsDelivery|UberEatsCollection,True,True,True
6366,"Bournemouth, 43 Old Christchur",50.72055302,-1.877354629,43 Old Christchurch Road,Bournemouth,BH 1 1ED,GB,01202048709,True,False,False,,False,False,False,False,False,False,SDAM,2024-09-12T23:00:00Z,WalkIn|ClickAndCollect|JustEat|JustEatCollection|UberEatsDelivery|UberEatsCollection,True,True,True
6367,"Prestatyn, U16 Prestatyn SP, Nant Hll Rd",53.33575353,-3.403243431,Nant Hall Road,Prestatyn,LL19 9BJ,GB,01745771164,True,,False,,False,False,,,,,,,WalkIn|ClickAndCollect|JustEat|JustEatCollection,True,False,True
6368,"Middlesbrough, UA1 Cleveland RP",54.5703543439,-1.1815096542,Skippers Lane,Middlesbrough,TS6 6UX,GB,01642424625,True,,False,,False,False,,,,,,,WalkIn|ClickAndCollect|JustEat|JustEatCollection|UberEatsDelivery|UberEatsCollection,True,True,True
6369,MFG Oaklands Sidmouth,50.70708902476,-3.364786361327,Sidmouth Road,Exeter,EX5 2JJ,GB,01395233825,True,,True,10026,False,False,,,,,,,WalkIn,False,False,False
6370,MFG Kilmarnock,55.597070066854,-4.474402026269,Riccarton Road,Kilmarnock,KA1 5LQ,GB,01563591580,True,,True,10026,False,False,,,,,,,WalkIn,False,False,False
6371,Greggs @ Tesco Extra Guildford,51.2417312129,-0.6044956163,Ashenden Road,Guildford,GU2 7UN,GB,01483339599,True,,False,,False,False,,,,,,,WalkIn|ClickAndCollect,False,False,True
6372,Greggs @ Tesco Extra Brislington,51.432361676603,-2.555061919091,Callington Road,Brislington,BS4 5AY,GB,01172358081,True,,False,,False,False,,,,,,,WalkIn|ClickAndCollect|JustEat|JustEatCollection|UberEatsDelivery|UberEatsCollection,True,True,True
6373,Greggs @ Tesco Extra Kingston Park,55.01379924,-1.66194408,Brunston Lane,Kingston Park,NE3 2FP,GB,01914063675,True,,False,,False,False,,,,,,,WalkIn|ClickAndCollect,False,False,True
6374,Greggs @ Tesco Extra Romford,51.593308387,0.2188327067,Bryant Avenue,Romford,RM3 0LL,GB,01708599362,True,,False,,False,False,,,,,,,WalkIn|ClickAndCollect|JustEat|JustEatCollection,True,False,True
6379,MFG Centurion,51.78295795046,-2.03654357764,Gloucester Road,Cirencester,GL7 7JR,GB,01285700315,True,,True,10026,False,False,,,,,,,WalkIn,False,False,False
6380,"Glasgow, U26 Glasgow Central S",55.859325558083,-4.258409209721,Gordon Street,Glasgow,G1 3SQ,GB,01414042007,True,False,False,,False,False,False,False,False,False,SDCL,2024-11-30T00:00:00Z,WalkIn|ClickAndCollect,False,False,True
6381,"Wellington, 1 New St",52.700874,-2.518347,1/3 New Street,Wellington,TF1 1LU,GB,01952456193,True,,False,,False,False,,,,,,,WalkIn|ClickAndCollect|JustEat|JustEatCollection|UberEatsDelivery|UberEatsCollection,True,True,True
6384,"Ashby, 22 Broadway",53.56657153,-0.64880549,22 Broadway,Ashby,DN16 2SN,GB,01724514010,True,,False,,False,False,,,,,,,WalkIn|ClickAndCollect|JustEat|JustEatCollection|UberEatsDelivery|UberEatsCollection,True,True,True
6387,"Dudley, Peartree Lane, Grazebrook IP",52.4980119963,-2.0961928278,Peartree Lane,Dudley,DY2 0XW,GB,01384881097,True,,False,,False,False,,,,,,,WalkIn|ClickAndCollect|JustEat|JustEatCollection|UberEatsDelivery|UberEatsCollection,True,True,True
6388,"Wellingbrgh, U13A Swansgate SC",52.301372049746,-0.692118995034,47/48 Cheese Lane,Wellingborough,NN8 1EX,GB,01933421173,True,,False,,False,False,,,,,,,WalkIn|ClickAndCollect|JustEat|JustEatCollection|UberEatsDelivery|UberEatsCollection,True,True,True
6390,"Glasgow, 340 Argyle St",55.858960864102,-4.262111971159,340 Argyle Street,Glasgow,G2 8LY,GB,01414730817,True,,False,,False,False,,,,,,,WalkIn|ClickAndCollect|UberEatsDelivery|UberEatsCollection,False,True,True
6392,"Outlet: Edmonton, 235 Bounces Rd",51.628063225902,-0.046659930293,235 Bounces Road,Edmonton,N9 8LP,GB,02038898639,True,,False,,False,False,,,,,,,WalkIn,False,False,False
6395,"London, U12 Sheldon Sq, Paddington",51.51932757,-0.180484061,Sheldon Square,London,W2 6EZ,GB,02038898498,True,,False,,False,False,,,,,,,WalkIn|ClickAndCollect|JustEat|JustEatCollection|UberEatsDelivery|UberEatsCollection,True,True,True
6396,"Coatbridge, U62 Main St",55.862383998897,-4.026215869218,Main Street,Coatbridge,ML5 3BQ,GB,01236802645,True,,False,,False,False,,,,,,,WalkIn|ClickAndCollect|JustEat|JustEatCollection|UberEatsDelivery|UberEatsCollection,True,True,True
6397,"Rickmansworth, 131 High St",51.6389484,-0.470487001,131 High Street,Rickmansworth,WD3 1AN,GB,01923589580,True,,False,,False,False,,,,,,,WalkIn|ClickAndCollect|JustEat|JustEatCollection|UberEatsDelivery|UberEatsCollection,True,True,True
6399,RONTEC Durham Road,54.895260016536,-1.398122569939,"Durham Rd, Tunstall",Sunderland,SR2 7QX,GB,01914067572,True,,True,10046,False,False,,,,,,,WalkIn|ClickAndCollect,False,False,True
6400,RONTEC Greyhound,53.480263943488,-2.499426958612,Warrington Road,Glazebury,WA3 5QQ,GB,01925598811,True,,True,10046,False,False,,,,,,,WalkIn|ClickAndCollect,False,False,True
6402,Greggs @ Tesco Express Ealing,51.5122513978,-0.3027158495,The Broadway,Ealing,W5 5JY,GB,02038898643,True,,False,,False,False,,,,,,,WalkIn|ClickAndCollect,False,False,True
6403,Greggs @ Tesco Express Bethnal Green,51.5269201086,-0.061584372698,361 Bethnal Green Road,Bethnal Green,E2 0AN,GB,02037631789,True,,False,,False,False,,,,,,,WalkIn|ClickAndCollect|UberEatsDelivery|UberEatsCollection,False,True,True
6404,MFG Meridian,52.607852244948,-1.189591704283,Lubbesthorpe Way North,Braunstone,LE19 1XT,GB,01162163508,True,,True,10026,False,False,,,,,,,WalkIn,False,False,False
6405,MFG Leith Hill,51.178064312495,-0.31533030209,Horsham Road,Dorking,RH5 4QU,GB,01306770208,True,,True,10026,False,False,,,,,,,WalkIn,False,False,False
6406,MFG Waterfront,52.487639699324,-2.119008691246,The Waterfront,Brierley Hill,DY5 1LL,GB,01384572497,True,,True,10026,False,False,,,,,,,WalkIn,False,False,False
6407,MFG Eastbridge,51.801383241463,-0.195707238706,Bridge Road East,Welwyn Garden City,AL7 1LE,GB,01707242895,True,,True,10026,False,False,,,,,,,WalkIn,False,False,False
6408,MFG High Wycombe,51.6267526264,-0.71638868528,Micklefield Road,High Wycombe,HP13 7EX,GB,01494341459,True,,True,10026,False,False,,,,,,,WalkIn,False,False,False
6411,MFG Belvedere,52.817648295355,-1.651712441711,Belvedere Road,Burton-on-Trent,DE13 0RF,GB,01283241602,True,,True,10026,False,False,,,,,,,WalkIn,False,False,False
6412,MFG Latchingdon,51.6712294255,0.717822620348,14 The Street,Latchingdon,CM3 6JP,GB,01621732331,True,,True,10026,False,False,,,,,,,WalkIn,False,False,False
6413,BLAKEMORE Ton Pentre,51.647304915665,-3.48838911714,Llanfoist Street,Ton Pentre,CF41 7EE,GB,01443583636,True,,True,10000,False,False,,,,,,,WalkIn,False,False,False
6414,"Hinckley, 3 Castle St",52.54114562621,-1.37253245525,3/5 Castle Street,Hinckley,LE10 1DA,GB,01445700211,True,,False,,False,False,,,,,,,WalkIn|ClickAndCollect|JustEat|JustEatCollection|UberEatsDelivery|UberEatsCollection,True,True,True
6415,Greggs @ Tesco Cleethorpes,53.539479932488,-0.045847220357,Hewitts Avenue,Cleethorpes,DN35 9QR,GB,01472400596,True,,False,,False,False,,,,,,,WalkIn|ClickAndCollect,False,False,True
6416,Greggs @ Tesco Baldock,51.98530073087,-0.185809325426,58 High Street,Baldock,SG7 6BN,GB,01462412213,True,,False,,False,False,,,,,,,WalkIn|ClickAndCollect|JustEat|JustEatCollection,True,False,True
6420,"Saffron Walden, 3 Market Pl",52.02358279691,0.241225443461,3/5 Market Place,Saffron Walden,CB10 1HZ,GB,01799610918,True,False,False,,False,False,False,False,False,False,SDEN,2024-05-16T23:00:00Z,WalkIn|ClickAndCollect,False,False,True
6421,"London, SU53 London Bridge Station",51.504983743421,-0.085016976712,Station Approach Road,London,SE1 9SP,GB,02035408237,True,,False,,False,False,,,,,,,WalkIn|ClickAndCollect|JustEat|JustEatCollection|UberEatsDelivery|UberEatsCollection,True,True,True
6422,"Birstall, U2 Bankwood Wy, Centre 27 BP",53.7441844475,-1.6424430738,Bankwood Way,Birstall,WF17 9TB,GB,01924667707,True,,False,,False,False,,,,,,,WalkIn|ClickAndCollect|JustEat|JustEatCollection|UberEatsDelivery|UberEatsCollection,True,True,True
6423,"Brierley Hill, UL31 Intu Merryhill",52.481278503635,-2.110849250475,Pedmore Road,Brierley Hill,DY5 1QX,GB,01384881248,True,,False,,False,False,,,,,,,WalkIn|ClickAndCollect|JustEat|JustEatCollection|UberEatsDelivery|UberEatsCollection,True,True,True
6426,"Wolverhampton, 140 Cannock Rd",52.613463398077,-2.09856983439,140 Cannock Road,Wolverhampton,WV10 8PX,GB,01902240601,True,,False,,False,False,,,,,,,WalkIn|ClickAndCollect|JustEat|JustEatCollection|UberEatsDelivery|UberEatsCollection,True,True,True
6431,"Gosforth, U1, 36 Wansbeck Rd S",55.013144089788,-1.634528786581,36 Wansbeck Road South,Gosforth,NE3 3HQ,GB,01914068198,True,False,False,,False,False,False,False,False,False,SDGO,2024-11-16T00:00:00Z,WalkIn|ClickAndCollect|JustEat|JustEatCollection|UberEatsDelivery|UberEatsCollection,True,True,True
6432,Greggs @ Tesco Huntingdon,52.352459585516,-0.18068579173,Abbots Ripton Road,Huntingdon,PE28 2LA,GB,01480271528,True,,False,,False,False,,,,,,,WalkIn|ClickAndCollect,False,False,True
6434,Greggs @ Tesco Bar Hill,52.254920012329,0.01863158799,15/18 Viking Way,Bar Hill,CB23 8EL,GB,01954773787,True,,False,,False,False,,,,,,,WalkIn|ClickAndCollect,False,False,True
6435,"Winsford, U1C Dingle Walk",53.191756931,-2.52843146,Dingle Walk,Winsford,CW7 1BA,GB,01606535328,True,,False,,False,False,,,,,,,WalkIn|ClickAndCollect|JustEat|JustEatCollection|UberEatsDelivery|UberEatsCollection,True,True,True
6436,"Blackburn, Grimshaw Park",53.73912415,-2.477720729,,Blackburn,BB2 3AG,GB,01254495003,True,False,False,,False,False,False,False,False,False,SDMA,2025-06-19T23:00:00Z,WalkIn|ClickAndCollect|JustEat|JustEatCollection,True,False,True
6438,"Norwich, 155 Mile Cross Ln",52.65732330361,1.281991386088,155 Mile Cross Lane,Norwich,NR6 6RZ,GB,01603515933,True,,False,,False,False,,,,,,,WalkIn|ClickAndCollect|JustEat|JustEatCollection|UberEatsDelivery|UberEatsCollection,True,True,True
6439,"Workington, 7A Clay Flatts IE",54.636055356086,-3.561625925722,Buddle Road,Workington,CA14 3YD,GB,01900510548,True,,False,,False,False,,,,,,,WalkIn|ClickAndCollect|JustEat|JustEatCollection|UberEatsDelivery|UberEatsCollection,True,True,True
6440,RONTEC Welshpool,52.671508096941,-3.1230783526,Buttington Cross Enterprise Park,Welshpool,SY21 8SL,GB,01938530181,True,,True,10046,False,False,,,,,,,WalkIn|ClickAndCollect,False,False,True
6441,"Tonyrefail, U3B Gelligron IE",51.585598201256,-3.432612972067,,Tonyrefail,CF39 8ES,GB,01443583331,True,,False,,False,False,,,,,,,WalkIn|ClickAndCollect|JustEat|JustEatCollection|UberEatsDelivery|UberEatsCollection,True,True,True
6443,"Eastbourne, 81 Terminus Rd",50.76851483736,0.285044070643,81/83 Terminus Road,Eastbourne,BN21 3NJ,GB,01323403945,True,,False,,False,False,,,,,,,WalkIn|ClickAndCollect|JustEat|JustEatCollection|UberEatsDelivery|UberEatsCollection,True,True,True
6444,"Watford, U1 Watford BP, Faraday Close",51.64768083,-0.426246432,Faraday Close,Watford,WD18 8SA,GB,01923601583,True,,False,,False,False,,,,,,,WalkIn|ClickAndCollect|JustEat|JustEatCollection|UberEatsDelivery|UberEatsCollection,True,True,True
6445,"Bromley, 103 High St",51.40344596824,0.015309985749,103/105 High Street,Bromley,BR1 1JQ,GB,02038196106,True,,False,,False,False,,,,,,,WalkIn|ClickAndCollect|JustEat|JustEatCollection|UberEatsDelivery|UberEatsCollection,True,True,True
6446,"Walton On Thames, U45 The Heart",51.38577483,-0.420364769,,Walton On Thames,KT12 1GH,GB,01932320006,True,,False,,False,False,,,,,,,WalkIn|ClickAndCollect|JustEat|JustEatCollection|UberEatsDelivery|UberEatsCollection,True,True,True
6448,"Motherwell, U1 Motherwell Station",55.791582668,-3.9940633396,Muir Street,Motherwell,ML1 1BN,GB,01698535994,True,,False,,False,False,,,,,,,WalkIn|ClickAndCollect,False,False,True
6449,"Bangor, U67 Dunlop CP, Balloo Link",54.645123269903,-5.669253590605,1 Balloo Link,Bangor,BT19 7HJ,GB,02891241356,True,,False,,False,False,,,,,,,WalkIn|ClickAndCollect|UberEatsDelivery|UberEatsCollection,False,True,True
6450,"Eastbourne, U2 Langney SC, Kingfisher Dr",50.8034674762,0.30351216752,Kingfisher Drive,Eastbourne,BN23 7RT,GB,01323679141,True,,False,,False,False,,,,,,,WalkIn|ClickAndCollect|JustEat|JustEatCollection|UberEatsDelivery|UberEatsCollection,True,True,True
6451,"Glasgow, 393 Sauchiehall St",55.8657966344,-4.2679439619,393 Sauchuehall Street,Glasgow,G2 3HU,GB,01412124915,True,,False,,False,False,,,,,,,WalkIn|ClickAndCollect|JustEat|JustEatCollection|UberEatsDelivery|UberEatsCollection,True,True,True
6452,"South Shields, UA2 Claypath Lane",54.9938710727,-1.4314242197,Claypath Lane,South Shields,NE33 4NU,GB,01918239196,True,,False,,False,False,,,,,,,WalkIn|ClickAndCollect|JustEat|JustEatCollection|UberEatsDelivery|UberEatsCollection,True,True,True
6456,"Northampton, U5 Brackmills TP, Caswell R",52.216460975881,-0.870762019951,Caswell Road,Northampton,NN4 7PW,GB,01604213286,True,,False,,False,False,,,,,,,WalkIn|ClickAndCollect|JustEat|JustEatCollection|UberEatsDelivery|UberEatsCollection,True,True,True
6461,Leeds Train Station,53.795797160846,-1.547958711223,North Concourse,Leeds,LS1 4DT,GB,01135473610,True,,False,,False,False,,,,,,,WalkIn|ClickAndCollect,False,False,True
6462,MFG Country,52.507238249438,-0.426458995944,Oundle Road,Warmington,PE8 6TZ,GB,01832226044,True,,True,10026,False,False,,,,,,,WalkIn,False,False,False
6463,MFG Hyde Road,53.456341318059,-2.016889429094,Hyde Road,Mottram,SK14 6NG,GB,01457600981,True,,True,10026,False,False,,,,,,,WalkIn,False,False,False
6464,"Glasgow, 2195 Paisley Rd West",55.845575739891,-4.35745912671,2195 Paisley Road West,Glasgow,G52 3PF,GB,01414730812,True,,False,,False,False,,,,,,,WalkIn|ClickAndCollect|JustEat|JustEatCollection|UberEatsDelivery|UberEatsCollection,True,True,True
6465,"Sheffield, U7A 53 The Moor",53.3765376492,-1.4729226819,53 The Moor,Sheffield,S1 4PF,GB,01143080018,True,,False,,False,False,,,,,,,WalkIn|ClickAndCollect|JustEat|JustEatCollection|UberEatsDelivery|UberEatsCollection,True,True,True
6467,EG On The Move Warton,53.7517,-2.88173,Lytham Road,Warton,PR4 1XD,GB,01772 280428,True,,True,10081,False,False,,,,,,,WalkIn|ClickAndCollect,False,False,True
6468,RONTEC Sherborne,50.949580506,-2.5269951438,Yeovil Road,Sherborne,DT9 4BQ,GB,01935311376,True,,True,10046,False,False,,,,,,,WalkIn|ClickAndCollect,False,False,True
6469,RONTEC Academy,53.47649,-2.8677,County Road,Liverpool,L33 7AN,GB,01513324096,True,,True,10046,False,False,,,,,,,WalkIn|ClickAndCollect,False,False,True
6470,"Ruthin, Lon parcwr",53.1197324807,-3.3116379485,Lon Parcwr,Ruthin,LL15 1NJ,GB,01824730462,True,,False,,False,False,,,,,,,WalkIn|ClickAndCollect,False,False,True
6471,"Bangor, Caernarfon Rd, Bryn Llwyd SS",53.210426481677,-4.148654233272,Caernarfon Road,Bangor,LL57 4SU,GB,01248661564,True,,False,,False,False,,,,,,,WalkIn|ClickAndCollect|JustEat|JustEatCollection|UberEatsDelivery|UberEatsCollection,True,True,True
6474,"Belfast, 537 Lisburn Rd",54.575851089004,-5.955067072406,537 Lisburn Road,Belfast,BT9 7HN,GB,02890028344,True,,False,,False,False,,,,,,,WalkIn|ClickAndCollect|JustEat|JustEatCollection|UberEatsDelivery|UberEatsCollection,True,True,True
6475,Greggs @ Asda Rotherham,53.443284841693,-1.31965564737,Aldwarke Lane,Rotherham,S65 3SW,GB,01709912449,True,False,False,,False,False,False,False,False,False,SDLE,2024-11-13T00:00:00Z,WalkIn|ClickAndCollect|JustEat|JustEatCollection|UberEatsDelivery|UberEatsCollection,True,True,True
6476,BLAKEMORE Ingoldmells,53.19472,0.34833,Sea Lane,Ingoldmells,PE25 1RH,GB,01754801205,True,,True,10000,False,False,,,,,,,WalkIn,False,False,False
6477,"Seaham, U72 Dalton Park",54.81549026147,-1.37316265124,Church Street,Seaham,SR7 9HU,GB,01914060016,True,,False,,False,False,,,,,,,WalkIn|ClickAndCollect|JustEat|JustEatCollection|UberEatsDelivery|UberEatsCollection,True,True,True
6480,"Pontypool, 13 George St",51.70339374276,-3.041990094765,13 George Street,Pontypool,NP4 6LR,GB,01495362132,True,,False,,False,False,,,,,,,WalkIn|ClickAndCollect|JustEat|JustEatCollection|UberEatsDelivery|UberEatsCollection,True,True,True
6481,Greggs @ Tesco Havant,50.849722836821,-0.986102108491,Solent Road,Havant,PO9 1TR,GB,02392001544,True,,False,,False,False,,,,,,,WalkIn|ClickAndCollect|JustEat|JustEatCollection|UberEatsDelivery|UberEatsCollection,True,True,True
6483,"Bishop Auckland, U3 Auckland RP",54.638216055418,-1.689810894941,,Bishop Auckland,DL14 9AE,GB,01388311010,True,,False,,False,False,,,,,,,WalkIn|ClickAndCollect|JustEat|JustEatCollection|UberEatsDelivery|UberEatsCollection,True,True,True
6484,COMPASS Whiston Hospital,53.42097,-2.78553,Warrington Road,Prescot,L35 5DR,GB,01513324834,True,,True,10002,False,False,,,,,,,WalkIn,False,False,False
6485,MFG Winterbourne Abbas,50.712317360391,-2.538646110955,Bridport Road,Dorchester,DT2 9LJ,GB,01305230769,True,,True,10026,False,False,,,,,,,WalkIn,False,False,False
6487,Greggs @ Sainsbury's Cobham,51.33357031,-0.422171097,Bridgeway,Cobham,KT11 1HW,GB,01474551371,True,,False,,False,False,,,,,,,WalkIn|ClickAndCollect,False,False,True
6489,MOTO Winchester Sth,51.116563376484,-1.254165349382,8/9 M3 Southbound,Winchester,SO21 1PP,GB,01962670948,True,,True,10006,False,False,,,,,,,WalkIn,False,False,False
6490,RONTEC South Shore,53.79591765958,-3.047393045217,Yeoadon way,Blackpool,FY1 6BF,GB,01372233217,True,,True,10046,False,False,,,,,,,WalkIn|ClickAndCollect,False,False,True
6491,RONTEC Hedon Road,53.748189248301,-0.274065590592,1026 Hedon Rd,Hull,HU9 5QN,GB,01482429161,True,,True,10046,False,False,,,,,,,WalkIn|ClickAndCollect,False,False,True
6492,MFG Tollgate,52.2604954859,0.710045029462,Fornham Road,Bury St Edmunds,IP32 6AX,GB,01284330122,True,,True,10026,False,False,,,,,,,WalkIn,False,False,False
6493,"Queensferry, The Cross, Station Rd",53.205668530549,-3.024326396848,Station Road,Queensferry,CH5 1SU,GB,01244257958,True,,False,,False,False,,,,,,,WalkIn|ClickAndCollect|JustEat|JustEatCollection|UberEatsDelivery|UberEatsCollection,True,True,True
6494,"Gloucester, St Oswald's RP",51.873871922456,-2.247644587427,St Oswalds Road,Gloucester,GL1 2SG,GB,01452227376,True,False,False,,False,False,False,False,False,False,SDTR,2024-11-06T00:00:00Z,WalkIn|ClickAndCollect|JustEat|JustEatCollection|UberEatsDelivery|UberEatsCollection,True,True,True
6495,"Peterborough, U9 Ortongate SC",52.543224490579,-0.30212511843,,Peterborough,PE2 5TD,GB,01733666865,True,,False,,False,False,,,,,,,WalkIn|ClickAndCollect|JustEat|JustEatCollection|UberEatsDelivery|UberEatsCollection,True,True,True
6496,MOTO Skelton Lake,53.77294371617,-1.4711642388,M1 J45 Skelton,Leeds,LS9 0AS,GB,01134874577,True,,True,10006,False,False,,,,,,,WalkIn,False,False,False
6499,"Folkestone, 65/67 Sandgate Road",51.07841094013,1.178560762542,65/67 Sandgate Road,Folkestone,CT20 1RY,GB,01303667060,True,,False,,False,False,,,,,,,WalkIn|ClickAndCollect|JustEat|JustEatCollection|UberEatsDelivery|UberEatsCollection,True,True,True
6500,RONTEC Peterborough,52.599633137656,-0.210692871427,Paston Parkway,Peterborough,PE1 4SA,GB,01733301412,True,,True,10046,False,False,,,,,,,WalkIn|ClickAndCollect,False,False,True
6501,"Belfast, UA The Arc, Titanic Quarter",54.605555458162,-5.911670428,Titanic Quarter,Belfast,BT3 9DT,GB,02890028815,True,,False,,False,False,,,,,,,WalkIn|ClickAndCollect|JustEat|JustEatCollection|UberEatsDelivery|UberEatsCollection,True,True,True
6502,EG On The Move Cinderford,51.82914287324,-2.502636545273,133 High Street,Cinderford,GL14 2TD,GB,01594801541,True,,True,10081,False,False,,,,,,,WalkIn|ClickAndCollect,False,False,True
6504,MFG Roundswell,51.062925929371,-4.08364930884,A39 Atlantic Highway,Barnstaple,EX31 3RZ,GB,01271448288,True,,True,10026,False,False,,,,,,,WalkIn,False,False,False
6507,"Blackpool, U5 Tram Station",53.82121538386,-3.049583902754,Station View,Blackpool,FY1 1AQ,GB,01253202407,True,False,False,,False,False,False,False,False,False,SDMA,2024-08-02T23:00:00Z,WalkIn|ClickAndCollect|JustEat|JustEatCollection,True,False,True
6508,"Wealdstone, 48 High St",51.594414944912,-0.33499750024,48 High St,Wealdstone,HA3 7AE,GB,02045480870,True,,False,,False,False,,,,,,,WalkIn|ClickAndCollect|JustEat|JustEatCollection|UberEatsDelivery|UberEatsCollection,True,True,True
6510,"Beckenham, U5, 272 High St",51.406764616823,-0.03069103392,272 High Street,Beckenham,BR3 1DZ,GB,02035975095,True,,False,,False,False,,,,,,,WalkIn|ClickAndCollect|JustEat|JustEatCollection|UberEatsDelivery|UberEatsCollection,True,True,True
6511,"West Wickham, 65 High St",51.376263820935,-0.017998087857,65 High Street,West Wickham,BR4 0LS,GB,02034798058,True,,False,,False,False,,,,,,,WalkIn|ClickAndCollect|JustEat|JustEatCollection|UberEatsDelivery|UberEatsCollection,True,True,True
6512,"Ashton Under Lyne, U3C Ashton RP",53.491333167077,-2.09733978603,Ashton Retail Park,Ashton Under Lyne,OL6 6DJ,GB,01612417760,True,,False,,False,False,,,,,,,WalkIn|ClickAndCollect|JustEat|JustEatCollection|UberEatsDelivery|UberEatsCollection,True,True,True
6513,"Hastings, 15 Queens Rd",50.856472775466,0.58147327275,15/16 Queens Road,Hastings,TN34 1QY,GB,01424230168,True,,False,,False,False,,,,,,,WalkIn|ClickAndCollect|JustEat|JustEatCollection|UberEatsDelivery|UberEatsCollection,True,True,True
6516,"Kendal, Queen Katherines Ave",54.340051,-2.734288,Queen Katherines Avenue,Kendal,LA9 6DU,GB,01539760772,True,,False,,False,False,,,,,,,WalkIn|ClickAndCollect|JustEat|JustEatCollection|UberEatsDelivery|UberEatsCollection,True,True,True
6517,EG On The Move New Edlington,53.485970336905,-1.186658047482,Edlington Lane,Edlington,DN12 1BS,GB,01709913770,True,,True,10081,False,False,,,,,,,WalkIn|ClickAndCollect,False,False,True
6518,"Beeston, U4A Chilwell RP",52.903184943455,-1.2449183946,Barton Lane,Beeston,NG9 6DS,GB,01156712918,True,,False,,False,False,,,,,,,WalkIn|ClickAndCollect|JustEat|JustEatCollection|UberEatsDelivery|UberEatsCollection,True,True,True
6520,MFG Hall St,53.408403691841,-2.14782716297,Hall Street,Stockport,SK1 4DA,GB,01616694636,True,,True,10026,False,False,,,,,,,WalkIn,False,False,False
6522,RONTEC Kingscroft,51.301926407939,-0.330334390123,73 Kingston RDC,Leatherhead,KT22 7SP,GB,01372234749,True,,True,10046,False,False,,,,,,,WalkIn|ClickAndCollect,False,False,True
6523,"Derby, USU165 Derbion SC",52.918752981268,-1.47281386498,Lower South Mall,Derby,DE1 2PL,GB,01332325414,True,,False,,False,False,,,,,,,WalkIn|ClickAndCollect|JustEat|JustEatCollection|UberEatsDelivery|UberEatsCollection,True,True,True
6525,"Luton, Wigmore Park District Centre",51.888488688666,-0.37141024485,Wigmore Park District Centre,Luton,LU2 9XG,GB,01582341133,True,,False,,False,False,,,,,,,WalkIn|ClickAndCollect|JustEat|JustEatCollection|UberEatsDelivery|UberEatsCollection,True,True,True
6526,"Bishopbriggs, U9A1 Strathkelvin RP",55.92149709995,-4.20755763033,Wellington Road,Bishopbriggs,G64 2TS,GB,01414047026,True,,False,,False,False,,,,,,,WalkIn|ClickAndCollect|JustEat|JustEatCollection|UberEatsDelivery|UberEatsCollection,True,True,True
6527,"Chorley, UB1 Knowles Way",53.671877908272,-2.62062152837,Knowles Way,Chorley,PR6 9GW,GB,01257442272,True,False,False,,False,False,False,False,False,False,SDMA,2025-05-09T23:00:00Z,WalkIn|ClickAndCollect|JustEat|JustEatCollection|UberEatsDelivery|UberEatsCollection,True,True,True
6528,"Manchester, Airp T2 Arrivals",53.367760891949,-2.27986696283,,Manchester,M90 1QX,GB,01615676664,True,,False,,False,False,,,,,,,WalkIn|ClickAndCollect,False,False,True
6529,"Chiswick, 366 Chiswick High Rd",51.49262877231,-0.263346579199,366/368 Chiswick High Road,Chiswick,W4 5TA,GB,02045483735,True,,False,,False,False,,,,,,,WalkIn|ClickAndCollect|JustEat|JustEatCollection|UberEatsDelivery|UberEatsCollection,True,True,True
6530,"Cardiff, U8 Clearwater Way",51.514704765412,-3.169973991228,Clearwater Way,Cardiff,CF23 6DZ,GB,02920033923,True,,False,,False,False,,,,,,,WalkIn|ClickAndCollect|JustEat|JustEatCollection|UberEatsDelivery|UberEatsCollection,True,True,True
6532,"Peterborough, 352 Padholme Rd East",52.57651332732,-0.210665469849,352 Padholme Road East,Peterborough,PE1 5XL,GB,01733915241,True,,False,,False,False,,,,,,,WalkIn|ClickAndCollect|JustEat|JustEatCollection|UberEatsDelivery|UberEatsCollection,True,True,True
6533,EG On The Move Ogden Rd,53.54505334193,-1.0826967986,Ogden Road,Doncaster,DN2 4SS,GB,01302 203006,True,,True,10081,False,False,,,,,,,WalkIn|ClickAndCollect,False,False,True
6535,"Burnley, Rossendale Road SS",53.781293858875,-2.275192992237,Rossendale Road,Burnley,BB11 5HU,GB,01282502426,True,,False,,False,False,,,,,,,WalkIn|ClickAndCollect|JustEat|JustEatCollection|UberEatsDelivery|UberEatsCollection,True,True,True
6537,"Basingstoke, U12 Chineham SC, Reading Rd",51.284580048397,-1.059692822572,Reading Road,Basingstoke,RG24 8BQ,GB,01256630916,True,,False,,False,False,,,,,,,WalkIn|ClickAndCollect|JustEat|JustEatCollection|UberEatsDelivery|UberEatsCollection,True,True,True
6539,"Carlisle, 1 Eastern Way",54.879265847527,-2.90920754909,1 Eastern Way,Carlisle,CA1 3RA,GB,01228273109,True,,False,,False,False,,,,,,,WalkIn|ClickAndCollect|JustEat|JustEatCollection|UberEatsDelivery|UberEatsCollection,True,True,True
6540,"Egremont, 50 Main St",54.481907672437,-3.52879996399,50/52 Main Street,Egremont,CA22 2AB,GB,01946550578,True,,False,,False,False,,,,,,,WalkIn|ClickAndCollect,False,False,True
6541,"Featherstone, Wakefield Rd",53.674607513744,-1.360378209962,Wakefield Road,Feathersone,WF7 5WW,GB,01977800450,True,,False,,False,False,,,,,,,WalkIn|ClickAndCollect|JustEat|JustEatCollection|UberEatsDelivery|UberEatsCollection,True,True,True
6542,"Rochdale, U22 Riverside Walk",53.617672691963,-2.15377392533,Riverside Walk,Rochdale,OL16 1BE,GB,01706335523,True,,False,,False,False,,,,,,,WalkIn|ClickAndCollect|JustEat|JustEatCollection|UberEatsDelivery|UberEatsCollection,True,True,True
6543,MFG Bridge Of Don,57.19035872028,-2.08954732248,Ellon Road,Bridge of Don,AB23 8BA,GB,01224925368,True,,True,10026,False,False,,,,,,,WalkIn,False,False,False
6544,Greggs @ Tesco Extra Southend On Sea,51.5606403375,0.68432824881,Prince Avenue,Southend On Sea,SS0 0JP,GB,01702412322,True,,False,,False,False,,,,,,,WalkIn|ClickAndCollect|JustEat|JustEatCollection|UberEatsDelivery|UberEatsCollection,True,True,True
6545,MFG Waterbeach,52.29112037318,0.177472123925,Ely Road,Waterbeach,CB25 9PQ,GB,01223608742,True,,True,10026,False,False,,,,,,,WalkIn,False,False,False
6547,MFG Haverhill,52.07513298257,0.452529489893,Sturmer Road,Haverhill,CB9 7UU,GB,01440840873,True,,True,10026,False,False,,,,,,,WalkIn,False,False,False
6548,MFG Viaduct,52.370764499651,-2.246203701398,138 Worcester Road,Kidderminster,DY10 1JR,GB,01562541040,True,,True,10026,False,False,,,,,,,WalkIn,False,False,False
6549,MFG Bordon,51.108697758675,-0.864967266619,High Street,Bordon,GU35 0AW,GB,01420550929,True,,True,10026,False,False,,,,,,,WalkIn,False,False,False
6552,EG On The Move Dunningsbridge,53.48268028196,-2.961874285796,Galgate Drive,Bootle,L30 6AD,GB,01514 593674,True,,True,10081,False,False,,,,,,,WalkIn|ClickAndCollect,False,False,True
6553,"Stranraer, U3 Bellevilla Rd",54.904990988442,-5.023020495878,Bellevilla Road,Stranraer,DG9 8ED,GB,01776740373,True,,False,,False,False,,,,,,,WalkIn|ClickAndCollect,False,False,True
6555,RONTEC Cowley Bridge,50.73865750659,-3.54525039872,Cowley Bridge Road,Exeter,EX4 5AD,GB,01392349256,True,,True,10046,False,False,,,,,,,WalkIn|ClickAndCollect,False,False,True
6556,"Bristol, 46 Queens Rd",51.4564682287,-2.6063896039,46 Queens Road,Bristol,BS8 1RE,GB,01173321198,True,False,False,,False,False,False,False,False,False,SDTR,2025-03-07T00:00:00Z,WalkIn|ClickAndCollect|JustEat|JustEatCollection|UberEatsDelivery|UberEatsCollection,True,True,True
6558,MFG Aldermaston,51.406450369976,-1.129677455802,Bath Road,Padworth,RG7 5HT,GB,01182053093,True,,True,10026,False,False,,,,,,,WalkIn,False,False,False
6560,"Tillicoultry, U29 Affinity Sterling Mlls",56.148992049627,-3.74089029814,Devon Vale,Tillicoultry,FK13 6HQ,GB,01786232188,True,,False,,False,False,,,,,,,WalkIn|ClickAndCollect|JustEat|JustEatCollection|UberEatsDelivery|UberEatsCollection,True,True,True
6561,MFG Stone Cross,52.59808083093,0.397905617126,Downham Eastern Bypass A10,Bexwell,PE38 9FG,GB,01366311218,True,,True,10026,False,False,,,,,,,WalkIn,False,False,False
6563,"Knottingley, U1 The Arcade, Hill Top",53.708434587249,-1.255027393282,Hill Top,Knottingley,WF11 8EA,GB,01977805448,True,,False,,False,False,,,,,,,WalkIn|ClickAndCollect|JustEat|JustEatCollection,True,False,True
6565,"Bristol, U9 Transom House, Vic",51.45186524157,-2.587883313889,Victoria Street,Bristol,BS1 6AH,GB,01173703376,True,False,False,,False,False,False,False,False,False,SDTR,2025-04-23T23:00:00Z,WalkIn|ClickAndCollect|JustEat|JustEatCollection|UberEatsDelivery|UberEatsCollection,True,True,True
6566,"Wolverhampton, 56 Dudley St",52.585359527719,-2.127264813607,56 Dudley Street,Wolverhampton,WV1 3ER,GB,01902229209,True,,False,,False,False,,,,,,,WalkIn|ClickAndCollect|JustEat|JustEatCollection|UberEatsDelivery|UberEatsCollection,True,True,True
6567,"Outlet: Salford, U3 Radclyffe Park",53.474279980672,-2.281039609239,110 Phoebe Street,Salford,M5 3PH,GB,01616694637,True,,False,,False,False,,,,,,,WalkIn,False,False,False
6568,"Newton Mearns, U1 Greenlaw Vil",55.782419115429,-4.34745973677,12 Greenlaw Place,Newton Mearns,G77 6GR,GB,01414041654,True,False,False,,False,False,False,False,False,False,SDCL,2025-02-28T00:00:00Z,WalkIn|ClickAndCollect|JustEat|JustEatCollection|UberEatsDelivery|UberEatsCollection,True,True,True
6570,"Cosham, 34 High St",50.845265614521,-1.06689610222,34 High Street,Cosham,PO6 3BZ,GB,02380017110,True,False,False,,False,False,False,False,False,False,SDAM,2024-07-31T23:00:00Z,WalkIn,False,False,False
6571,"Basildon, 36 Eastgate SC",51.56893844544,0.459972816079,36/36a,Basildon,SS14 1AE,GB,01268203875,True,False,False,,False,False,False,False,False,False,SDEN,2024-10-16T23:00:00Z,WalkIn|ClickAndCollect|JustEat|JustEatCollection|UberEatsDelivery|UberEatsCollection,True,True,True
6572,"Sutton Coldfield, U50 Gracechurch SC",52.562167254605,-1.82426925998,The Parade,Sutton Coldfield,B72 1PA,GB,01213874916,True,,False,,False,False,,,,,,,WalkIn|ClickAndCollect|JustEat|JustEatCollection|UberEatsDelivery|UberEatsCollection,True,True,True
6574,"London, 94 Great Portland St",51.518860222718,-0.14200693642,94 Great Portland Street,London,W1W 7NU,GB,02046266500,True,,False,,False,False,,,,,,,WalkIn|ClickAndCollect|JustEat|JustEatCollection|UberEatsDelivery|UberEatsCollection,True,True,True
6575,"Caldicot, U6 Wesley Buildings",51.5907323238,-2.7522805803,,Caldicot,NP26 4LY,GB,01291441530,True,,False,,False,False,,,,,,,WalkIn|ClickAndCollect,False,False,True
6576,"Bangor, U2C Toscana RP",54.645742925095,-5.683204066474,,Bangor,BT19 1FH,GB,01248661502,True,,False,,False,False,,,,,,,WalkIn|ClickAndCollect|JustEat|JustEatCollection|UberEatsDelivery|UberEatsCollection,True,True,True
6578,"Walthamstow, U2A Blackhorse View",51.5871977038,-0.0423017735,Blackhorse View,Walthamstow,E17 6HW,GB,02030063531,True,,False,,False,False,,,,,,,WalkIn|ClickAndCollect|JustEat|JustEatCollection|UberEatsDelivery|UberEatsCollection,True,True,True
6579,"Belfast, U1, 48 York St",54.605488510385,-5.928212433267,48/52 York Street,Belfast,BT15 1AS,GB,02890020756,True,,False,,False,False,,,,,,,WalkIn|ClickAndCollect|JustEat|JustEatCollection|UberEatsDelivery|UberEatsCollection,True,True,True
6581,EG On The Move Saddle Inn,53.78703621989,-2.779984665389,William Young Way,Preston,PR4 0AQ,GB,01772 280784,True,,True,10081,False,False,,,,,,,WalkIn|ClickAndCollect,False,False,True
6582,EG On The Move Fickle Mermaid,53.33066,-1.90868,Foresters Way,Chapel-en-le-Frith,SK23 0RB,GB,01298 601254,True,,True,10081,False,False,,,,,,,WalkIn|ClickAndCollect,False,False,True
6583,"Handsworth, 163 Richmond Park Rd",53.376106476776,-1.39467602846,163 Richmond Park Road,Handsworth,S13 8HR,GB,01212700154,True,,False,,False,False,,,,,,,WalkIn|ClickAndCollect|JustEat|JustEatCollection|UberEatsDelivery|UberEatsCollection,True,True,True
6584,"Eccles, 82 Church St",53.4833947452,-2.3360327006,82 Church Street,Eccles,M30 0DA,GB,01612411928,True,,False,,False,False,,,,,,,WalkIn|ClickAndCollect|JustEat|JustEatCollection,True,False,True
6585,EG On The Move Wherstead,52.025446,1.139235,"A137, Junction 56 A14",Wherstead,IP2 8NQ,GB,01473 356055,True,,True,10081,False,False,,,,,,,WalkIn,False,False,False
6586,EG On The Move Stone,52.91718,-2.17219,Darlaston Inner Roundabout,Stone,ST15 0PX,GB,0121 7287694,True,,True,10081,False,False,,,,,,,WalkIn|ClickAndCollect,False,False,True
6587,"Antrim, U74 The Junction R&LP",54.729784867379,-6.231305004415,Ballymena Road,Antrim,BT41 4LL,GB,02894330865,True,,False,,False,False,,,,,,,WalkIn|ClickAndCollect|JustEat|JustEatCollection|UberEatsDelivery|UberEatsCollection,True,True,True
6589,"Nottingham, U355 Carlton Hill",52.9656410439,-1.1111961251,Carlton Hill,Nottingham,NG4 1JE,GB,01158227809,True,,False,,False,False,,,,,,,WalkIn|ClickAndCollect|JustEat|JustEatCollection|UberEatsDelivery|UberEatsCollection,True,True,True
6592,"Colchester, U1A Colchester RP",51.892993077128,0.890719460933,Sheepen Road,Colchester,CO3 3GT,GB,01206922385,True,,False,,False,False,,,,,,,WalkIn|ClickAndCollect|JustEat|JustEatCollection|UberEatsDelivery|UberEatsCollection,True,True,True
6593,"Leeds, Wellington St",53.79637415278,-1.55318650795,Wellington Street,Leeds,LS1 4JY,GB,01138875934,True,,False,,False,False,,,,,,,WalkIn|ClickAndCollect,False,False,True
6594,"Outlet: Irlams o'th' Height, 389 Bltn Rd",53.50084746963,-2.30903459434,389 Bolton Road,Irlams o' th' Height,M6 7NJ,GB,01613834048,True,,False,,False,False,,,,,,,WalkIn,False,False,False
6595,"Stretford, 30 King St",53.446039095139,-2.30912981519,King Street,Stretford,M32 8AE,GB,01946551327,True,,False,,False,False,,,,,,,WalkIn|ClickAndCollect|JustEat|JustEatCollection|UberEatsDelivery|UberEatsCollection,True,True,True
6596,"West Bridgford, Wilford Lane RP",52.92667661168,-1.15281912202,The Becket Way,West Bridgford,NG2 7BS,GB,01158227808,True,,False,,False,False,,,,,,,WalkIn|ClickAndCollect|JustEat|JustEatCollection|UberEatsDelivery|UberEatsCollection,True,True,True
6597,"Bangor, U9 Menai Centre",53.22801183695,-4.1258701102,,Bangor,LL57 1ED,GB,01248660480,True,,False,,False,False,,,,,,,WalkIn|ClickAndCollect|JustEat|JustEatCollection|UberEatsDelivery|UberEatsCollection,True,True,True
6598,EG On The Move Bexhill,50.84541675974,0.40938397034,Barnhorn Road,BEXHILL-ON-SEA,TN39 4QR,GB,01424232592,True,,True,10081,False,False,,,,,,,WalkIn|ClickAndCollect,False,False,True
6599,"Dungannon, Unit 1 Oaks SC",54.511998337671,-6.76344950356,Oaks Road,Dungannon,BT71 4NA,GB,02887440987,True,False,False,,False,False,False,False,False,False,SDCL,2024-10-16T23:00:00Z,WalkIn|ClickAndCollect,False,False,True
6600,"Islington, 154 Holloway Rd",51.551066096776,-0.10988169675,154/156 Holloway Rd,Islington,N7 8DD,GB,02034356740,True,,False,,False,False,,,,,,,WalkIn|ClickAndCollect|JustEat|JustEatCollection|UberEatsDelivery|UberEatsCollection,True,True,True
6601,EG On The Move Macmerry,55.95136,-2.88132,,Gladsmuir,EH33 1EZ,GB,01875 440244,True,,True,10081,False,False,,,,,,,WalkIn|ClickAndCollect,False,False,True
6604,MFG Cromer,52.93249874343,1.298298226131,1/3 Prince of Wales Road,Cromer,NR27 9HR,GB,02882440977,True,False,True,10026,False,False,False,False,False,False,SDEN,2024-11-21T00:00:00Z,WalkIn,False,False,False
6605,"Chalfont St Peter, 1 Bishops House",51.6069915985,-0.5572584317,1 Market Place,Chalfont St peter,SL9 9HE,GB,01494311405,True,,False,,False,False,,,,,,,WalkIn|ClickAndCollect|JustEat|JustEatCollection,True,False,True
6607,"Colwyn Bay, Mochdre, Conway Rd",53.28775799991,-3.76692583819,Conway Road,"Mochdre, Colwyn Bay",LL28 5HQ,GB,01492552545,True,,False,,False,False,,,,,,,WalkIn|ClickAndCollect|JustEat|JustEatCollection|UberEatsDelivery|UberEatsCollection,True,True,True
6610,"Shirley, 407/411 Stratford Rd",52.404990336258,-1.82247408843,407/411 Stratford Road,Shirley,B90 4AA,GB,01212699382,True,,False,,False,False,,,,,,,WalkIn|ClickAndCollect|JustEat|JustEatCollection|UberEatsDelivery|UberEatsCollection,True,True,True
6611,"Edinburgh, RU20B Ocean Termina",55.98090212291,-3.178284505106,74 Ocean Drive,Edinburgh,EH6 6JJ,GB,01312028244,True,False,False,,False,False,False,False,False,False,SDCL,2024-11-30T00:00:00Z,WalkIn|ClickAndCollect|JustEat|JustEatCollection|UberEatsDelivery|UberEatsCollection,True,True,True
6613,"Topcliffe, U2, A168 Southbound",54.194780277551,-1.36349732862,A168 Southbound,Topcliffe,YO7 3HW,GB,01845440043,True,,False,,False,False,,,,,,,WalkIn|ClickAndCollect,False,False,True
6615,"Birmingham, U573A Pebble Mill,",52.449349352397,-1.91247753915,Pershore Road,Birmingham,B29 7DF,GB,01212270141,True,False,False,,False,False,False,False,False,False,SDBI,2024-09-20T23:00:00Z,WalkIn|ClickAndCollect|JustEat|JustEatCollection|UberEatsDelivery|UberEatsCollection,True,True,True
6616,"Huddersfield, U2 Queensgate RP",53.642162608944,-1.78232033129,Queensgate,Huddersfield,HD1 2RD,GB,01484260018,True,,False,,False,False,,,,,,,WalkIn|ClickAndCollect|JustEat|JustEatCollection|UberEatsDelivery|UberEatsCollection,True,True,True
6617,"Falkirk, U1 Almond Crt",56.011385451336,-3.766025703707,Almond Court,Falkirk,FK2 9HT,GB,01324374370,True,,False,,False,False,,,,,,,WalkIn|ClickAndCollect|JustEat|JustEatCollection|UberEatsDelivery|UberEatsCollection,True,True,True
6618,"Swaffham, 36 Market Pl",52.64741350461,0.68776339826,36 Market Place,Swaffham,PE37 7QH,GB,01760300289,True,,False,,False,False,,,,,,,WalkIn|ClickAndCollect,False,False,True
6620,"Sunderland, U84 The Bridges SC",54.905737420223,-1.38618910598,,Sunderland,SR1 3LB,GB,01914068506,True,,False,,False,False,,,,,,,WalkIn|ClickAndCollect,False,False,True
6621,"Devizes, U4 Garden TE",51.36069714781,-1.97813067462,,Devizes,SN10 2HW,GB,01380710102,True,,False,,False,False,,,,,,,WalkIn|ClickAndCollect|UberEatsDelivery|UberEatsCollection,False,True,True
6622,"Newton Abbot, U2 Kingsteignton IE",50.54187560587,-3.59914963317,Pottery Road,Newton Abbot,TQ12 3BN,GB,01626243125,True,,False,,False,False,,,,,,,WalkIn|ClickAndCollect|JustEat|JustEatCollection|UberEatsDelivery|UberEatsCollection,True,True,True
6623,"Royston, U6 Royston Gateway TP",52.05716424211,-0.03693340236,,Royston,SG8 5PF,GB,01763291721,True,,False,,False,False,,,,,,,WalkIn|ClickAndCollect,False,False,True
6624,"High Wycombe, U42 Eden SC",51.62955485211,-0.75514913319,,High Wycombe,HP11 2BY,GB,01494311000,True,,False,,False,False,,,,,,,WalkIn|ClickAndCollect|JustEat|JustEatCollection|UberEatsDelivery|UberEatsCollection,True,True,True
6625,MFG Preston Riversway,53.761855512692,-2.737698604281,Mariners Way,Ashton-on-Ribble,PR2 2YN,GB,01772288816,True,,True,10026,False,False,,,,,,,WalkIn,False,False,False
6626,"Ellesmere Port, 5 Marina Dr",53.279028820074,-2.90034136218,5/7 Marina Drive,Ellesmere Port,CH65 0AL,GB,01512034214,True,,False,,False,False,,,,,,,WalkIn,False,False,False
6627,EG On The Move Finmere,51.986220699402,-1.069548992998,Off A421/A4421,Buckingham,MK18 4AG,GB,01280 733577,True,,True,10081,False,False,,,,,,,WalkIn,False,False,False
6628,"Liverpool, U4, 209 Great Howard St",53.426978376708,-2.99733437534,209 Great Howard Street,Liverpool,L5 9ZH,GB,01514591661,True,,False,,False,False,,,,,,,WalkIn|ClickAndCollect|JustEat|JustEatCollection|UberEatsDelivery|UberEatsCollection,True,True,True
6629,"Maesteg, U7 Talbot St",51.6087945974,-3.6602937766,Talbot Street,Maesteg,CF34 9BT,GB,01656334078,True,,False,,False,False,,,,,,,WalkIn,False,False,False
6631,"Banbury, U6 Castle Quay SC",52.062730779209,-1.335423244321,,Banbury,OX16 5UN,GB,01295230782,True,,False,,False,False,,,,,,,WalkIn|ClickAndCollect|JustEat|JustEatCollection|UberEatsDelivery|UberEatsCollection,True,True,True
6632,MFG Totton,50.923615535608,-1.524431682786,Spruce Drive,Totton,SO40 8AD,GB,02380017283,True,,True,10026,False,False,,,,,,,WalkIn,False,False,False
6633,MFG Morton Park,54.51880363997,-1.502338388185,Morton Park Way,Darlington,DL1 4PJ,GB,01325522493,True,,True,10026,False,False,,,,,,,WalkIn,False,False,False
6634,MFG St Ives,52.331133123486,-0.059773532216,Needingworth Road,St.Ives,PE27 4NB,GB,01736804012,True,,True,10026,False,False,,,,,,,WalkIn,False,False,False
6636,BLAKEMORE Porthmadog,52.927193898975,-4.13182746591,91 High Street,Porthmadog,LL49 9EU,GB,01766800435,True,,True,10000,False,False,,,,,,,WalkIn,False,False,False
6638,"Birmingham, U1 Junction 6 IP, Elctrc Ave",52.51279991061,-1.87363808724,66 Electric Avenue,Birmingham,B6 7JJ,GB,01212699381,True,,False,,False,False,,,,,,,WalkIn|ClickAndCollect|JustEat|JustEatCollection|UberEatsDelivery|UberEatsCollection,True,True,True
6640,"Basildon, West Pavillion, Town Sq",51.570113357573,0.457375233791,Town Square,Basildon,SS14 1BA,GB,01268269746,True,,False,,False,False,,,,,,,WalkIn|ClickAndCollect|JustEat|JustEatCollection|UberEatsDelivery|UberEatsCollection,True,True,True
6641,"Worcester, U6B Shrub Hill RP",52.193044112084,-2.214483274535,George Street,Worcester,WR1 2DD,GB,01905673295,True,,False,,False,False,,,,,,,WalkIn|ClickAndCollect|JustEat|JustEatCollection|UberEatsDelivery|UberEatsCollection,True,True,True
6644,"Gateshead, Metrocentre, 42 The Galleria",54.956323968578,-1.66876259553,42 The Galleria,Gateshead,NE11 9YP,GB,01914068359,True,,False,,False,False,,,,,,,WalkIn|ClickAndCollect|JustEat|JustEatCollection|UberEatsDelivery|UberEatsCollection,True,True,True
6645,"Slough, U5, 221 High St",51.508021443348,-0.58932024925,221/231 High Street,Slough,SL1 1BY,GB,01753291930,True,,False,,False,False,,,,,,,WalkIn|ClickAndCollect|JustEat|JustEatCollection|UberEatsDelivery|UberEatsCollection,True,True,True
6646,"Crawley, Northwood Park, Gatwick Rd",51.133236291564,-0.16745734092,Gatwick Road,Crawley,RH10 9AX,GB,01293204952,True,,False,,False,False,,,,,,,WalkIn|ClickAndCollect|JustEat|JustEatCollection|UberEatsDelivery|UberEatsCollection,True,True,True
6647,"Uckfield, 49 High St",50.970811200964,0.096172807431,49 High Street,Uckfield,TN22 1AN,GB,01825700723,True,,False,,False,False,,,,,,,WalkIn|ClickAndCollect|UberEatsDelivery|UberEatsCollection,False,True,True
6648,"Deal, 31 High St",51.223224586056,1.40275003742,31 High Street,Deal,CT14 6EL,GB,01304800920,True,,False,,False,False,,,,,,,WalkIn|ClickAndCollect|JustEat|JustEatCollection,True,False,True
6649,EG On The Move Solihull,52.445858241967,-1.748739668228,Coventry Road,Birmingham,B26 3QS,GB,01212 275516,True,,True,10081,False,False,,,,,,,WalkIn|ClickAndCollect,False,False,True
6650,"Giffnock, 172 Fenwick Rd",55.802713124977,-4.29525728636,172/174 Fenwick Road,Giffnock,G46 6XF,GB,01414710964,True,False,False,,False,False,False,False,False,False,SDCL,2026-02-20T00:00:00Z,WalkIn|ClickAndCollect|JustEat|JustEatCollection|UberEatsDelivery|UberEatsCollection,True,True,True
6651,"Stockton, U2 High Newham Rd",54.583300464868,-1.35076938649,High Newham Road,Stockton on Tees,TS19 8JZ,GB,01642130978,True,,False,,False,False,,,,,,,WalkIn|ClickAndCollect|JustEat|JustEatCollection|UberEatsDelivery|UberEatsCollection,True,True,True
6653,"Cleator Moor, 53 High St",54.521692503043,-3.51716042233,53-54 High Street,Cleator Moor,CA25 5AA,GB,01613889782,True,,False,,False,False,,,,,,,WalkIn|ClickAndCollect|UberEatsDelivery|UberEatsCollection,False,True,True
6656,"Congleton, 5 Albion Rd",53.176900263345,-2.22496027426,5 Albion Road,Congleton,CW12 1GY,GB,01260541539,True,,False,,False,False,,,,,,,WalkIn,False,False,False
6658,"Luton, 124 The Mall",51.879290996157,-0.41463644904,Saint George's Square,Luton,LU1 2TJ,GB,01582297206,True,,False,,False,False,,,,,,,WalkIn|ClickAndCollect|JustEat|JustEatCollection,True,False,True
6660,"Belfast, U4 Forestside SC",54.564574,-5.908128,,Belfast,BT8 6FX,GB,02890027323,True,,False,,False,False,,,,,,,WalkIn|ClickAndCollect|JustEat|JustEatCollection|UberEatsDelivery|UberEatsCollection,True,True,True
6661,"St Neots, 15 Market Sq",52.2278761068,-0.27080200536,15 Market Square,St Neots,PE19 2AR,GB,01480270747,True,,False,,False,False,,,,,,,WalkIn|ClickAndCollect|JustEat|JustEatCollection|UberEatsDelivery|UberEatsCollection,True,True,True
6662,Greggs @ Tesco Extra Durham,54.778573611957,-1.54174417358,Dragon Lane,Durham,DH1 2XQ,GB,01913002537,True,,False,,False,False,,,,,,,WalkIn|ClickAndCollect,False,False,True
6663,"Wandsworth, U26 Southside SC",51.45537673903,-0.19389169999,,Wandsworth,SW18 4TE,GB,02078711992,True,,False,,False,False,,,,,,,WalkIn|ClickAndCollect|JustEat|JustEatCollection|UberEatsDelivery|UberEatsCollection,True,True,True
6664,"Leeds, U14 Bramley SC, Lower Town St",53.811874663696,-1.62657984287,Lower Town Street,Leeds,LS13 2ET,GB,01134872391,True,,False,,False,False,,,,,,,WalkIn|ClickAndCollect|JustEat|JustEatCollection|UberEatsDelivery|UberEatsCollection,True,True,True
6665,"Outlet: London, 100 Robert St",51.528665907,-0.1433951955,100 Robert Street,London,NW1 3QP,GB,02034798057,True,,False,,False,False,,,,,,,WalkIn,False,False,False
6668,RONTEC Brooklands,51.12732862356,-0.016658176517,27 Station Road,East Grinstead,RH19 1DJ,GB,01342649549,True,,True,10046,False,False,,,,,,,WalkIn|ClickAndCollect,False,False,True
6669,"Romford, U1A The Brewery",51.57652151703,0.179870805112,Waterloo Rd,Romford,RM1 1AU,GB,01708200621,True,,False,,False,False,,,,,,,WalkIn|ClickAndCollect|JustEat|JustEatCollection|UberEatsDelivery|UberEatsCollection,True,True,True
6670,RONTEC Fulwood,53.787215907246,-2.712717090932,275 Garstang Road,Fulwood,PR2 9XH,GB,01772288905,True,,True,10046,False,False,,,,,,,WalkIn|ClickAndCollect,False,False,True
6672,"Outlet: Tilbury, 39 Calcutta R",51.46159167383,0.361302415549,39 Calcutta Road,Tilbury,RM18 7QT,GB,01375803215,True,False,False,,False,False,False,False,False,False,SDEN,2025-11-04T00:00:00Z,WalkIn,False,False,False
6675,"Aberdeen, UGS5 Union Sq",57.1445416,-2.0966204,Union Square,Aberdeen,AB11 5RG,GB,01224937832,True,,False,,False,False,,,,,,,WalkIn|ClickAndCollect|JustEat|JustEatCollection|UberEatsDelivery|UberEatsCollection,True,True,True
6677,Greggs @ Tesco Corby,52.485172235996,-0.68681892566,St James Road,Corby,NN18 8AL,GB,01536212907,True,,False,,False,False,,,,,,,WalkIn|ClickAndCollect,False,False,True
6678,Greggs @ Tesco Cheshunt,51.717886439373,-0.03666001277,The Links,Cheshunt,EN8 0TA,GB,01992917151,True,,False,,False,False,,,,,,,WalkIn|ClickAndCollect,False,False,True
6683,"Stirchley, 1360 Pershore Rd",52.42846375239,-1.92194476355,Pershore Road,Stirchley,B30 2XS,GB,01212699591,True,,False,,False,False,,,,,,,WalkIn|ClickAndCollect|JustEat|JustEatCollection|UberEatsDelivery|UberEatsCollection,True,True,True
6684,"Yaxley, Enterprise Park, Enterprise Wy",52.524463842831,-0.2405375139,Enterprise Way,Yaxley,PE7 3WY,GB,01733917777,True,,False,,False,False,,,,,,,WalkIn|ClickAndCollect|JustEat|JustEatCollection|UberEatsDelivery|UberEatsCollection,True,True,True
6685,"Outlet: Leeds, 163 Chapeltown",53.814731661506,-1.53296567032,163-165 Chapeltown Road,Leeds,LS7 3DU,GB,01133231348,True,False,False,,False,False,False,False,False,False,SDLE,2025-09-18T23:00:00Z,WalkIn,False,False,False
6687,Foyleside Shopping Centre,54.995054572479,-7.31883709345,19,Orchard Street,BT48 6XY,GB,02871221081,True,,False,,False,False,,,,,,,WalkIn|ClickAndCollect|JustEat|JustEatCollection|UberEatsDelivery|UberEatsCollection,True,True,True
6690,"Derby, U16 Sinfin DC",52.877224759789,-1.494048928803,Arleston Lane,Derby,DE24 3DS,GB,01332321868,True,,False,,False,False,,,,,,,WalkIn|ClickAndCollect|JustEat|JustEatCollection|UberEatsDelivery|UberEatsCollection,True,True,True
6691,COMPASS Midland Met Hospital,52.49088,-1.94988,Grove Lane,Smethwick,B66 2QT,GB,07443242043,True,,True,10002,False,False,,,,,,,WalkIn,False,False,False
6693,RONTEC Keighley,53.903172203387,-1.98950130491,Station Road,Keighley,BD20 7DT,GB,01535280263,True,,True,10046,False,False,,,,,,,WalkIn|ClickAndCollect,False,False,True
6694,"Fulwell, 1 Sea Rd",54.929475440526,-1.38148175708,1 Sea Road,Fulwell,SR6 9BP,GB,01914069880,True,,False,,False,False,,,,,,,WalkIn|ClickAndCollect|JustEat|JustEatCollection|UberEatsDelivery|UberEatsCollection,True,True,True
6695,MFG Wellington,50.97989666894,-3.20495591835,West Buckland Road,Wellington,TA21 9AD,GB,01803223278,True,,True,10026,False,False,,,,,,,WalkIn,False,False,False
6696,"Wembley, U4 The Hive, Wembley Park Blvrd",51.556778509,-0.2824628251,Wembley Park Boulevard,Wembley,HA9 0HP,GB,02046171758,True,,False,,False,False,,,,,,,WalkIn|ClickAndCollect|JustEat|JustEatCollection|UberEatsDelivery|UberEatsCollection,True,True,True
6698,"Derby, U21 Merlin Park IE",52.905102552745,-1.46265664865,Osmaston Road,Derby,DE24 8AE,GB,01332530893,True,,False,,False,False,,,,,,,WalkIn|ClickAndCollect|JustEat|JustEatCollection|UberEatsDelivery|UberEatsCollection,True,True,True
6700,ASDA EXPRESS Gowy,53.20025060558,-2.801634832852,Tarvin Road,Chester,CH3 7HN,GB,01829 749259,True,,True,10004,False,False,,,,,,,WalkIn,False,False,False
6704,"Edinburgh, 132 Lothian Rd",55.945326322663,-3.20559938247,132 Lothian Road,Edinburgh,EH3 9BG,GB,01312877871,True,False,False,,False,False,False,False,False,False,SDCL,2025-10-01T23:00:00Z,WalkIn|ClickAndCollect|JustEat|JustEatCollection|UberEatsDelivery|UberEatsCollection,True,True,True
6706,"Durham, Swift House, Mandale Park",54.790692672794,-1.53671104438,Mandale Park,Durham,DH1 1TH,GB,01916077379,True,,False,,False,False,,,,,,,WalkIn|ClickAndCollect|JustEat|JustEatCollection|UberEatsDelivery|UberEatsCollection,True,True,True
6707,"Longbenton, U4 The Boulevard S",55.011671974399,-1.59120963085,,Longbenton,NE12 8GA,GB,01914069881,True,False,False,,False,False,False,False,False,False,SDGO,2025-04-29T23:00:00Z,WalkIn|ClickAndCollect|JustEat|JustEatCollection|UberEatsDelivery|UberEatsCollection,True,True,True
6708,"Leigh, U13 Spinning Gate SC, Ellsmere St",53.495213953516,-2.51761650551,Ellesmere Street,Leigh,WN7 4PG,GB,01942365992,True,,False,,False,False,,,,,,,WalkIn|ClickAndCollect|JustEat|JustEatCollection|UberEatsDelivery|UberEatsCollection,True,True,True
6709,"Darlington, U50 Cornmill SC, Tubwell Rd",54.525042547655,-1.55345114482,Tubwell Road,Darlington,DL1 1LS,GB,01325523083,True,,False,,False,False,,,,,,,WalkIn|ClickAndCollect|JustEat|JustEatCollection,True,False,True
6710,"Scotstoun, 1586 Dumbarton Rd",55.880007309059,-4.352698958732,1586/1588 Dumbarton Road,Scotstoun,G14 9DB,GB,01414838436,True,,False,,False,False,,,,,,,WalkIn|ClickAndCollect|JustEat|JustEatCollection|UberEatsDelivery|UberEatsCollection,True,True,True
6711,"Warrington, UF1C Cockhedge SP, Ckhdge Wy",53.390939057282,-2.58940054368,Cockhedge Way,Warrington,WA1 2QQ,GB,01925911331,True,,False,,False,False,,,,,,,WalkIn|ClickAndCollect|JustEat|JustEatCollection|UberEatsDelivery|UberEatsCollection,True,True,True
6712,"Washington, U89 Galleries SC",54.90013488171,-1.53200069131,,Washington,NE38 7RT,GB,01913006509,True,,False,,False,False,,,,,,,WalkIn|ClickAndCollect|JustEat|JustEatCollection|UberEatsDelivery|UberEatsCollection,True,True,True
6715,EG On The Move Elmswell,52.2317441094,0.89324926704,14 Woolpit,Bury St Edmunds,IP30 9RH,GB,01284 332107,True,,True,10081,False,False,,,,,,,WalkIn|ClickAndCollect,False,False,True
6716,"Belfast, U49A Castle Court SC",54.600478425001,-5.93333485826,Royal Avenue,Belfast,BT1 1DD,GB,02890027446,True,False,False,,False,False,False,False,False,False,SDCL,2024-11-29T00:00:00Z,WalkIn|ClickAndCollect|JustEat|JustEatCollection|UberEatsDelivery|UberEatsCollection,True,True,True
6717,EG On The Move Three Arches,53.727525277493,-2.535465173307,654 Preston Old Road,Blackburn,BB2 5EP,GB,01254 916608,True,,True,10081,False,False,,,,,,,WalkIn|ClickAndCollect,False,False,True
6718,EG On The Move Rotherham,53.423498292036,-1.365870561903,Riverside Way,Rotherham,S60 1DS,GB,01709 223088,True,,True,10081,False,False,,,,,,,WalkIn|ClickAndCollect,False,False,True
6719,Greggs @ Tesco Extra Gatwick,51.168573937656,-0.185348812625,Reigate Road,Horley,RH6 0AT,GB,01293217466,True,,False,,False,False,,,,,,,WalkIn|ClickAndCollect|JustEat|JustEatCollection|UberEatsDelivery|UberEatsCollection,True,True,True
6721,MFG Prizet South,54.295846748286,-2.760361760687,Helsington,Kendal,LA8 8AA,GB,01539482506,True,,True,10026,False,False,,,,,,,WalkIn,False,False,False
6727,MFG Bromyard,52.18773299957,-2.504466792834,1 The Bypass,Bromyard,HR7 4DJ,GB,01885470377,True,,True,10026,False,False,,,,,,,WalkIn,False,False,False
6728,"Newcastle, U5 Pilgrims Qtr, Ne",54.973808802179,-1.611105613202,New Bridge Street West,Newcastle Upon Tyne,NE1 8BF,GB,01915004592,True,False,False,,False,False,False,False,False,False,SDGO,2026-01-30T00:00:00Z,WalkIn|ClickAndCollect|JustEat|JustEatCollection|UberEatsDelivery|UberEatsCollection,True,True,True
6729,MFG Mosshall,55.870367671643,-3.637621269015,55 West Main Street,Blackburn,EH47 7LX,GB,01506376872,True,,True,10026,False,False,,,,,,,WalkIn,False,False,False
6730,MFG Charnwood,52.76103432892,-1.25816075124,Ashby Road,Loughborough,LE11 3QU,GB,01509272610,True,,True,10026,False,False,,,,,,,WalkIn,False,False,False
6731,MFG Hothfield,51.18499175903,0.816173028156,Maidstone Road,Ashford,TN26 1AP,GB,01233222013,True,,True,10026,False,False,,,,,,,WalkIn,False,False,False
6733,MFG Eynsham,51.78818366374,-1.36631154898,A40 Eynsham,Witney,OX29 4EN,GB,01993224160,True,,True,10026,False,False,,,,,,,WalkIn,False,False,False
6734,WELCOME BREAK Hickling,52.85142596312,-1.030681068179,Melton Road,Melton Mowbray,LE14 3QG,GB,01536212907,True,,True,10061,False,False,,,,,,,WalkIn,False,False,False
6735,MFG Lutterworth,52.457359033518,-1.199562207822,Market Street,Lutterworth,LE17 4NF,GB,01455241306,True,,False,10026,False,False,,,,,,,WalkIn,False,False,False
6737,"Newbury, 28 Northbrook St",51.403390385799,-1.32439551409,28 Northbrook Street,Newbury,RG14 1DJ,GB,01635885997,True,,False,,False,False,,,,,,,WalkIn|ClickAndCollect|JustEat|JustEatCollection|UberEatsDelivery|UberEatsCollection,True,True,True
6738,"Peterlee, U2 Passfield Way",54.748962028736,-1.35830709898,Passfield Way,Peterlee,SR8 1BF,GB,01914069874,True,,False,,False,False,,,,,,,WalkIn|ClickAndCollect|JustEat|JustEatCollection|UberEatsDelivery|UberEatsCollection,True,True,True
6741,"Wednesfield, 49 High St",52.600613933716,-2.08153007534,49 High Street,Wednesfield,WV11 1ST,GB,01902968304,True,,False,,False,False,,,,,,,WalkIn|ClickAndCollect|JustEat|JustEatCollection|UberEatsDelivery|UberEatsCollection,True,True,True
6745,"Camberley, U5 The Square SC, Cambrdg Wlk",51.337489697659,-0.74659342443,Cambridge Walk,Camberley,GU15 3SW,GB,01276733776,True,,False,,False,False,,,,,,,WalkIn|ClickAndCollect|JustEat|JustEatCollection|UberEatsDelivery|UberEatsCollection,True,True,True
6751,"Llangefni, U2A Herron Services",53.249697575583,-4.31271516399,Glanhwfa Road,Llangefni,LL77 7FE,GB,01248663561,True,,False,,False,False,,,,,,,WalkIn,False,False,False
6753,"North Shields, U55 Newcastle Quays RP",54.995232229207,-1.46552902273,Coble Dene,North Shields,NE29 6DW,GB,01916076478,True,,False,,False,False,,,,,,,WalkIn|ClickAndCollect|JustEat|JustEatCollection|UberEatsDelivery|UberEatsCollection,True,True,True
6755,"Willenhall, U14 The Square, Lichfield Rd",52.612685184387,-2.03721746452,Lichfield Road,Willenhall,WV12 5EA,GB,01902599381,True,,False,,False,False,,,,,,,WalkIn|ClickAndCollect|JustEat|JustEatCollection|UberEatsDelivery|UberEatsCollection,True,True,True
6758,"Swindon, U59 McArthr Gln Designer Outlet",51.563335116524,-1.79806127037,Kemble Drive,Swindon,SN2 2DY,GB,01793286425,True,,False,,False,False,,,,,,,WalkIn|ClickAndCollect|JustEat|JustEatCollection|UberEatsDelivery|UberEatsCollection,True,True,True
6759,"London, U16.2 Gallions Reach SP",51.516787265256,0.08205759158,3 Armada Way,London,E6 7ER,GB,02080363447,True,,False,,False,False,,,,,,,WalkIn|ClickAndCollect|JustEat|JustEatCollection|UberEatsDelivery|UberEatsCollection,True,True,True
6760,"London, 50 Ludgate Hill",51.514179860059,-0.10267837125,50/52 Ludgate Hill,London,EC4M 7AW,GB,02070786122,True,,False,,False,False,,,,,,,WalkIn|ClickAndCollect|JustEat|JustEatCollection|UberEatsDelivery|UberEatsCollection,True,True,True
6764,"Preston, U9 Queens RP, Queen S",53.760872497266,-2.6888466344,Queen Street,Preston,PR1 4HZ,GB,01772285690,True,False,False,,False,False,False,False,False,False,SDMA,2026-02-27T00:00:00Z,WalkIn|ClickAndCollect|JustEat|JustEatCollection|UberEatsDelivery|UberEatsCollection,True,True,True
6768,"Bridgend, U75 McArthur Glen Outlet",51.532304209626,-3.57768661587,,Bridgend,CF32 9SU,GB,01656330396,True,,False,,False,False,,,,,,,WalkIn|ClickAndCollect|JustEat|JustEatCollection|UberEatsDelivery|UberEatsCollection,True,True,True
6769,"Whickham, 3 St Marys Green",54.946161516465,-1.67835953412,3/4 St Marys Green,Whickham,NE16 4DN,GB,01914064972,True,,False,,False,False,,,,,,,WalkIn|ClickAndCollect|JustEat|JustEatCollection|UberEatsDelivery|UberEatsCollection,True,True,True
6770,"Stoke on Trent, U4 Alexandra RP",53.057580520958,-2.20690854412,Scotia Road,Stoke on Trent,ST6 6AB,GB,01782449778,True,,False,,False,False,,,,,,,WalkIn|ClickAndCollect|JustEat|JustEatCollection|UberEatsDelivery|UberEatsCollection,True,True,True
6772,"High Wycombe, U2 Cressex BP, Lincoln Rd",51.621473715978,-0.77207453332,Lincoln Road,High Wycombe,HP12 3FF,GB,01494312709,True,,False,,False,False,,,,,,,WalkIn|ClickAndCollect|JustEat|JustEatCollection|UberEatsDelivery|UberEatsCollection,True,True,True
6776,"Pennywell, 3 Pennywell SC",54.896924479271,-1.43960944909,3/4 Portsmouth Road,Sunderland,SR4 9AS,GB,01916077501,True,,False,,False,False,,,,,,,WalkIn|ClickAndCollect|JustEat|JustEatCollection|UberEatsDelivery|UberEatsCollection,True,True,True
6779,MFG Northumberland Park,51.60302895635,-0.05504403468,Willoughby Lane,Haringey,N17 0QU,GB,02035401667,True,,False,10026,False,False,,,,,,,WalkIn,False,False,False
6782,RONTEC Wythall,52.368151700872,-1.887256679767,Alcester Road,Wythall,B47 6AP,GB,01564331311,True,,False,10046,False,False,,,,,,,WalkIn|ClickAndCollect,False,False,True
6783,"Farnborough, 62 Queensmead",51.291803843976,-0.7562000922,Queensmead,Farnborough,GU14 7SB,GB,01252881677,True,,False,,False,False,,,,,,,WalkIn|ClickAndCollect|JustEat|JustEatCollection|UberEatsDelivery|UberEatsCollection,True,True,True
6784,RONTEC Keynsham,51.409399394392,-2.473363004153,Bath Road,Keynsham,BS31 1TN,GB,,True,,False,10046,False,False,,,,,,,WalkIn|ClickAndCollect,False,False,True
6787,"Farnham, U3B Romans BP, East St",51.218447488524,-0.79074774976,East Street,Farnham,GU9 7SX,GB,01252907936,True,,False,,False,False,,,,,,,WalkIn|ClickAndCollect|JustEat|JustEatCollection|UberEatsDelivery|UberEatsCollection,True,True,True
6788,Greggs @ Sainsbury's Apsley Mi,51.735764801139,-0.46549241459,London Rd,Hemel Hempstead,HP3 9QZ,GB,01442508717,True,False,False,,False,False,False,False,False,False,SDEN,2025-07-24T23:00:00Z,WalkIn|ClickAndCollect,False,False,True
6789,Greggs @ Sainsbury's Bolton,53.573040106608,-2.42951097008,Trinity Street,Bolton,BL3 6DH,GB,01204969456,True,,False,,False,False,,,,,,,WalkIn|ClickAndCollect|JustEat|JustEatCollection,True,False,True
6795,"Kidlington, Oxford Airport, The Blvd",51.8298720501,-1.31063468417,,Kidlington,OX5 1QX,GB,01865561222,True,,False,,False,False,,,,,,,WalkIn|ClickAndCollect|JustEat|JustEatCollection,True,False,True
6796,MFG Junction,52.248857383423,-1.156726692102,London Road,Daventry,NN11 4EA,GB,01327221501,True,,False,10026,False,False,,,,,,,WalkIn,False,False,False
6797,EG On The Move Middlesbrough Sth,54.55909510945,-1.259719721822,1 Acklam Road,Middlesbrough,TS5 5AY,GB,01642548572,True,,False,10081,False,False,,,,,,,WalkIn|ClickAndCollect,False,False,True
6798,MOTO Sawtry,52.426195932788,-0.269908369874,"J15, A1(M) Great North Road",Sawtry,PE28 5XW,GB,,True,,False,10006,False,False,,,,,,,WalkIn,False,False,False
6799,MOTO Sawtry FC,52.42629370932,-0.26996656647,"J15, A1(M) Great North Road",Sawtry,PE28 5XW,GB,01487 800714,True,,False,10006,False,False,,,,,,,WalkIn,False,False,False
6800,EG On The Move Crick,52.352451203228,-1.160707343309,,Northampton,NN6 7EX,GB,01604 213945,True,,False,10081,False,False,,,,,,,WalkIn|ClickAndCollect,False,False,True
6805,"Chard, U8 Tapstone BP, Tapstone Rd",50.873658077011,-2.95506190396,Tapstone Road,Chard,TA20 2LW,GB,01460201748,True,,False,,False,False,,,,,,,WalkIn|ClickAndCollect,False,False,True
6807,"Leeds, U39 Merrion Ctr",53.801806013795,-1.54459963012,,Leeds,LS2 8NG,GB,01135177578,True,,False,,False,False,,,,,,,WalkIn|ClickAndCollect|JustEat|JustEatCollection|UberEatsDelivery|UberEatsCollection,True,True,True
6811,MFG Walderslade,51.35269447241,0.534804717101,Princes Avenue,Chatham,ME5 7QB,GB,01634481104,True,,False,10026,False,False,,,,,,,WalkIn,False,False,False
6815,"Stoke on Trent, UR2B Festival RP",53.02830368535,-2.19173034728,Festival Way,Stoke on Trent,ST1 5SF,GB,01782449992,True,,False,,False,False,,,,,,,WalkIn|ClickAndCollect|JustEat|JustEatCollection|UberEatsDelivery|UberEatsCollection,True,True,True
6816,"Ormesby, U2B Sunnyfield Pde",54.547688255357,-1.17894209923,Sunnyfield,Ormesby,TS7 9BL,GB,01642070022,True,,False,,False,False,,,,,,,WalkIn|ClickAndCollect|JustEat|JustEatCollection|UberEatsDelivery|UberEatsCollection,True,True,True
6818,"Outlet: Bradford, 346 Allerton Rd",53.805495120237,-1.82122134712,346 Allerton Road,Bradford,BD15 7BN,GB,01274072106,True,,False,,False,False,,,,,,,WalkIn,False,False,False
6821,MFG Meir,52.975399914398,-2.093371620394,Uttoxeter Road,Stoke-on-Trent,ST3 6HE,GB,01785330592,True,,False,10026,False,False,,,,,,,WalkIn,False,False,False
6823,MFG Borehamwood,51.645362637639,-0.255404740542,Stirling Way,Borehamwood,WD6 2BT,GB,02080576411,True,,False,10026,False,False,,,,,,,WalkIn,False,False,False
6824,MFG Tottenham,51.599294646808,-0.076800566653,311 The Roundway,Tottenham,N17 7AB,GB,02081065280,True,,False,10026,False,False,,,,,,,WalkIn,False,False,False
6825,MFG Coalville,52.72932378408,-1.366231139672,Whitwick Road,Coalville,LE673FA,GB,01530446713,True,False,False,10026,False,False,False,False,False,False,SDBI,2026-03-19T00:00:00Z,WalkIn,False,False,False
6826,MFG Lincoln Rd,52.60153567688,-0.26676158508,Lincoln Road,Peterborough,PE4 6AL,GB,01733301443,True,,False,10026,False,False,,,,,,,WalkIn,False,False,False
6827,MFG Hayling Down,51.34493126204,-0.1055772538,628/630 Brighton Road,England,CR8 2BA,GB,01182075638,True,,False,10026,False,False,,,,,,,WalkIn,False,False,False
6829,COMPASS Croydon University Hospital,51.38993,-0.11054,530 London Road,Thornton Heath,CR7 7YE,GB,02035401666,True,,False,10002,False,False,,,,,,,WalkIn,False,False,False
6833,"Outlet: Edinburgh, U3, 50 Glenalmnd Pl",55.92413,-3.28579,50 Glenalmond Place,Edinburgh,EH11 4FF,GB,01312027326,True,,False,,False,False,,,,,,,WalkIn,False,False,False
6834,"Lurgan, 32 Market St",54.462244504871,-6.33176497248,32 Market Street,Lurgan,BT66 6AH,GB,02837441164,True,,False,,False,False,,,,,,,WalkIn|ClickAndCollect|JustEat|JustEatCollection|UberEatsDelivery|UberEatsCollection,True,True,True
6837,"Livingston, U2B Howden West Rd",55.89362677274,-3.52457592836,Howden West Road,Livingston,EH54 6AA,GB,01506534997,True,,False,,False,False,,,,,,,WalkIn|ClickAndCollect|JustEat|JustEatCollection|UberEatsDelivery|UberEatsCollection,True,True,True
6838,"Ystrad Mynach, 15 Bedwlwyn Rd",51.641817025255,-3.236112398677,15 Bedwlwyn Rd,Ystrad Mynach,CF82 7WS,GB,01443586013,True,,False,,False,False,,,,,,,WalkIn|ClickAndCollect|JustEat|JustEatCollection|UberEatsDelivery|UberEatsCollection,True,True,True
6843,Dartford Station Bitesize,51.44715644873,0.218735594825,Station Approach,Dartford,DA1 1BP,GB,01322958033,True,,False,,False,False,,,,,,,WalkIn|ClickAndCollect,False,False,True
6844,"Outlet: Brierley Hill, U1 The Moor Ctr",52.4809630968,-2.1225559345,Moor Street,Brierley Hill,DY5 3AH,GB,01384493339,True,,False,,False,False,,,,,,,WalkIn,False,False,False
6845,"Swanley, U37a Swanley SC",51.39645941316,0.173842249443,Asda Walk,Swanley,BR8 7TQ,GB,01322958041,True,False,False,,False,False,False,False,False,False,SDEN,2025-12-23T00:00:00Z,WalkIn|ClickAndCollect|JustEat|JustEatCollection|UberEatsDelivery|UberEatsCollection,True,True,True
6846,Sevenoaks Station Bitesize,51.27690333245,0.182348953191,London Road,Sevenoaks,TN13 1DP,GB,01732448658,True,,False,,False,False,,,,,,,WalkIn|ClickAndCollect,False,False,True
6848,"Arbroath, U7 Dundee Rd RP",56.54938,-2.61289,Dundee Rd,Arbroath,DD11 2NQ,GB,01241460622,True,,False,,False,False,,,,,,,WalkIn|ClickAndCollect|UberEatsDelivery|UberEatsCollection,False,True,True
6849,"Shenfield, 204 Hutton Rd",51.63076564085,0.328689808185,204 Hutton Road,Shenfield,CM15 8NR,GB,01277280027,True,,False,,False,False,,,,,,,WalkIn|ClickAndCollect|JustEat|JustEatCollection|UberEatsDelivery|UberEatsCollection,True,True,True
6852,EG On The Move Drayton,52.6758556187,1.223154438468,3/5 Fakenham Road,Drayton,NR8 6PL,GB,01603 337869,True,,False,10081,False,False,,,,,,,WalkIn|ClickAndCollect,False,False,True
6853,"Galston, U2 Loudoun RP, Newmilns Rd",55.6031203,-4.37773546,Newmilns Road,Galston,KA4 8PA,GB,01563591264,True,,False,,False,False,,,,,,,WalkIn|ClickAndCollect,False,False,True
6860,EG On The Move Frodsham,53.29879,-2.71403,Bridge Lane,Frodsham,WA6 7HN,GB,01928 244120,True,,False,10081,False,False,,,,,,,WalkIn|ClickAndCollect,False,False,True
6861,"Downpatrick, U14 The Grove SC",54.327048701901,-5.7182385091,Market Street,Downpatrick,BT30 6LY,GB,02837441163,True,,False,,False,False,,,,,,,WalkIn|ClickAndCollect,False,False,True
6865,EG On The Move Chesham,51.72477,-0.5981,Ashley Green Road,Chesham,HP5 3PF,GB,01494 312978,True,,False,10081,False,False,,,,,,,WalkIn|ClickAndCollect,False,False,True
6870,ASDA EXPRESS Wembury Road,50.3513,-4.07589,Wembury Road,Plymstock,PL9 0DF,GB,,True,,False,10004,False,False,,,,,,,WalkIn,False,False,False
6871,EG On The Move Basildon,51.59203,0.47917,Arterial Road,Basildon,SS14 3AS,GB,,True,,False,10081,False,False,,,,,,,WalkIn|ClickAndCollect,False,False,True
6873,MFG Highworth,51.6270064305,-1.71184916215,Swindon Road,Highworth,SN6 7DE,GB,01792002688,True,,False,10026,False,False,,,,,,,WalkIn,False,False,False
6875,"London, 74 Aldgate High St",51.513820858605,-0.0754773042,74 Aldgate High Street,London,EC3N 1BD,GB,02045424593,True,,False,,False,False,,,,,,,WalkIn|ClickAndCollect|JustEat|JustEatCollection|UberEatsDelivery|UberEatsCollection,True,True,True
6876,Greggs @ Tesco Watford,51.65183091384,-0.38775137907,239/241 Lower High Street,Watford,WD17 2BD,GB,01923313480,True,,False,,False,False,,,,,,,WalkIn|ClickAndCollect,False,False,True
6877,MFG Stamford,52.65517841449,-0.464445925989,Uffington Road,Stamford,PE9 2FT,GB,,True,,False,10026,False,False,,,,,,,WalkIn,False,False,False
6880,MFG Cambourne,52.219964937621,-0.068015246461,Broad Street,Great Cambourne,CB23 6EY,GB,01223483962,True,,False,10026,False,False,,,,,,,WalkIn,False,False,False
6881,"Cheltenham, UP4B Kingsditch TP",51.91753458731,-2.09516981715,Kingsditch Lane,Cheltenham,GL51 9NX,GB,01242503385,True,,False,,False,False,,,,,,,WalkIn|ClickAndCollect|JustEat|JustEatCollection|UberEatsDelivery|UberEatsCollection,True,True,True
6886,"Cambridge, 5 Fitzroy St",52.206799335027,0.129735962888,5 Fitzroy Street,Cambridge,CB1 1ER,GB,01223607072,True,,False,,False,False,,,,,,,WalkIn|ClickAndCollect|JustEat|JustEatCollection|UberEatsDelivery|UberEatsCollection,True,True,True
6889,EG On The Move Rainton,54.83253,-1.47774,Mercantile Road,Houghton Le Spring,DH4 5PH,GB,,True,,False,10081,False,False,,,,,,,WalkIn|ClickAndCollect,False,False,True
6893,BLAKEMORE Battlefield,52.747494783817,-2.717376413849,Robert Jones Way,Battlefield,SY4 3EQ,GB,01743293369,True,,False,10000,False,False,,,,,,,WalkIn,False,False,False
6897,"Outlet: Stevenage, 23 The Hyde",51.892766954624,-0.16909338833,23 The Hyde,Stevenage,SG2 9SD,GB,01438601071,True,,False,,False,False,,,,,,,WalkIn,False,False,False
6900,MFG Penrith,54.66335674721,-2.757166164465,Brunswick Road,Penrith,CA11 7JU,GB,01768806345,True,,False,10026,False,False,,,,,,,WalkIn,False,False,False
6903,MFG Worle,51.356546090992,-2.933886791614,1/3 New Bristol Road,Weston Super Mare,BS22 6AD,GB,01934310411,True,,False,10026,False,False,,,,,,,WalkIn,False,False,False
6904,"March, 7 Broad St",52.550180190243,0.088268969174,7/9 Broad Street,March,PE15 8TP,GB,01354701572,True,,False,,False,False,,,,,,,WalkIn|ClickAndCollect|UberEatsDelivery|UberEatsCollection,False,True,True
6910,EG On The Move Lincolnshire Showground,53.290558135449,-0.541976027074,Horncastle Lane,Lincoln,LN1 2ZR,GB,01522 214087,True,,False,10081,False,False,,,,,,,WalkIn,False,False,False
6913,"Crewe, U12 The Market Ctr, Victoria St",53.099365792842,-2.44114352733,Victoria Street,Crewe,CW1 2NG,GB,01270390587,True,,False,,False,False,,,,,,,WalkIn|ClickAndCollect|JustEat|JustEatCollection|UberEatsDelivery|UberEatsCollection,True,True,True
6914,"Outlet: Swindon, 78 Cricklade Rd",51.5718631156,-1.777244695,78 Cricklade Road,Swindon,SN2 8AF,GB,01793234060,True,,False,,False,False,,,,,,,WalkIn,False,False,False
6915,ASDA EXPRESS Coedpoeth,53.05548570319,-3.0743883049,High Street,Coedpoeth,LL11 3UF,GB,,True,,False,10004,False,False,,,,,,,WalkIn,False,False,False
6922,"Milton Keynes, UK Central RP, Patriot Dr",52.041388654469,-0.77699829017,Patriot Drive,Milton Keynes,MK13 8PU,GB,01908050409,True,,False,,False,False,,,,,,,WalkIn|ClickAndCollect|JustEat|JustEatCollection|UberEatsDelivery|UberEatsCollection,True,True,True
6923,MFG Shepton Mallet,51.172982477661,-2.53492070715,A37 Cannards Grave,Shepton Mallet,BA4 4LY,GB,01749601330,True,,False,10026,False,False,,,,,,,WalkIn,False,False,False
6926,ASDA EXPRESS Annitsford,55.06519,-1.57975,Moorfarm Roundabout,Cramlington,NE23 7QA,GB,,True,,False,10004,False,False,,,,,,,WalkIn,False,False,False
6927,"Halifax, 1 Pellon Lane SS",53.72702736759,-1.87522002409,1 Pellon Lane,Halifax,HX1 5RL,GB,01422410038,True,,False,,False,False,,,,,,,WalkIn|ClickAndCollect|JustEat|JustEatCollection|UberEatsDelivery|UberEatsCollection,True,True,True
6931,"Warrington, Warrington Hospital",53.394761886612,-2.61048427745,Lovely Lane,Warrington,WA5 1QG,GB,01925937649,True,,False,,False,False,,,,,,,WalkIn|ClickAndCollect,False,False,True
6932,"Ellesmere Port, Cheshire Oaks Bitesize",53.2640230328,-2.88008265711,Cheshire Oaks Way,Ellesmere Port,CH65 9JJ,GB,01515597823,True,,False,,False,False,,,,,,,WalkIn|ClickAndCollect,False,False,True
6933,"Hanley, 6 Market Sq",53.026667614174,-2.17489114863,6/8 Market Square,Hanley,ST1 1NU,GB,01782449991,True,,False,,False,False,,,,,,,WalkIn|ClickAndCollect|JustEat|JustEatCollection|UberEatsDelivery|UberEatsCollection,True,True,True
6934,"Milngavie, 22 Main St",55.940411489867,-4.31812918949,22 Main Street,Milngavie,G62 6BL,GB,01414710965,True,,False,,False,False,,,,,,,WalkIn|ClickAndCollect|JustEat|JustEatCollection|UberEatsDelivery|UberEatsCollection,True,True,True
6943,"Bristol, U15 Imperial RP, Wills Way",51.415350074206,-2.60024785563,Wills Way,Bristol,BS13 7TJ,GB,01172332686,True,,False,,False,False,,,,,,,WalkIn|ClickAndCollect|JustEat|JustEatCollection|UberEatsDelivery|UberEatsCollection,True,True,True
6950,"Buxton, 24 Spring Gardens",53.258986582538,-1.91196859329,24 Spring Gardens,Buxton,SK17 6DE,GB,01298601545,True,False,False,,False,False,False,False,False,False,SDMA,2026-02-06T00:00:00Z,WalkIn|ClickAndCollect|JustEat|JustEatCollection,True,False,True
6952,"Brandon, U4 Lowland Rd",54.751738958326,-1.63016489158,Lowland Road,Brandon,DH7 8NN,GB,01913002045,True,,False,,False,False,,,,,,,WalkIn|ClickAndCollect|JustEat|JustEatCollection,True,False,True
6953,MFG Queensbury,51.593038343213,-0.285938491481,Cumberland Road,Stanmore,NW9 6RN,GB,02039592452,True,,False,10026,False,False,,,,,,,WalkIn,False,False,False
6954,"Inverness, 46 High St",57.477713933129,-4.22422417137,46 High Street,Inverness,IV1 1JE,GB,01463651937,True,,False,,False,False,,,,,,,WalkIn|ClickAndCollect|JustEat|JustEatCollection|UberEatsDelivery|UberEatsCollection,True,True,True
6961,MFG Anlaby,53.74744472612,-0.42629900653,Springfield Way,Hull,HU10 6RJ,GB,01482260147,True,,False,10026,False,False,,,,,,,WalkIn,False,False,False
6962,MFG Earlston,55.63630259498,-2.68108414935,Melrose Road,Earlston,TD4 6DL,GB,01896801690,True,,False,10026,False,False,,,,,,,WalkIn,False,False,False
6970,MFG Littlehampton,50.82201563247,-0.54441801251,Hawthorn Road,Littlehampton,BN17 7LT,GB,01903948720,True,,False,10026,False,False,,,,,,,WalkIn,False,False,False
6971,MFG Banchory,57.05427938874,-2.48006482375,North Deeside Road,Banchory,AB31 5YR,GB,01330700837,True,,False,10026,False,False,,,,,,,WalkIn,False,False,False
6972,MFG Sheppey,51.40968897455,0.758724618931,Thomsett Way,Queenborough,ME11 5AR,GB,01795500961,True,,False,10026,False,False,,,,,,,WalkIn,False,False,False
6974,MFG Boroughbridge,54.08555816005,-1.39811320409,Wetherby Road,York,YO51 9HS,GB,01423396399,True,,False,10026,False,False,,,,,,,WalkIn,False,False,False
6975,COMPASS Barnsley Hospital,53.55892,-1.49947,Gawber Road,Barnsley,S75 2EP,GB,01226337697,True,,False,10002,False,False,,,,,,,WalkIn,False,False,False
6982,EG On The Move Ely,52.42311,0.26855,A10,Ely,CB6 1SG,GB,01353883974,True,,False,10081,False,False,,,,,,,WalkIn|ClickAndCollect,False,False,True
6989,MFG Mansfield,53.135063821506,-1.229353804555,Sutton Road,Mansfield,NG18 5HL,GB,,True,,False,10026,False,False,,,,,,,WalkIn,False,False,False
6990,MFG Cheshunt,51.711734388082,-0.050395378999,47 Flamstead End Road,Waltham Cross,EN8 0JA,GB,01992929440,True,,False,10026,False,False,,,,,,,WalkIn,False,False,False
6991,MFG Wisbech,52.65003939863,0.171270536956,40 Elm High Road,Wisbech,PE14 0DQ,GB,01945669114,True,,False,10026,False,False,,,,,,,WalkIn,False,False,False
7004,MFG Biddulph,53.122891117701,-2.16898112213,Congleton Road,Stoke on Trent,ST8 6QW,GB,,True,,False,10026,False,False,,,,,,,WalkIn,False,False,False
7005,MFG Leyton,51.57059850653,-0.0080033258,666 High Road Leyton,London,E10 6JP,GB,02035401668,True,,False,10026,False,False,,,,,,,WalkIn,False,False,False
7024,MFG Harston,52.14284636194,0.085506210394,123 High Street,Harston,CB22 7QB,GB,01223643240,True,,False,10026,False,False,,,,,,,WalkIn,False,False,False
7027,MFG Deanshanger,52.04226349694,-0.887220345213,Buckingham Road,Deanshanger,MK19 6JU,GB,01908050599,True,,False,10026,False,False,,,,,,,WalkIn,False,False,False
