date,gas_price,cpi,fafh_cpi,real_dpi,rest_less_grocery_yoy,unemployment,sentiment,real_rest_spend,qsr_traffic,casual_traffic,real_gas,cum_inflation,real_gas_yoy,real_rest_spend_yoy,real_dpi_yoy,gas_x_cuminflation,real_gas_yoy_lag1,real_gas_yoy_lag3,real_gas_yoy_lag6,rest_gro_spread_level
1993-01-01,1.062,142.8,142.0,7648.1,-0.0049858530324913275,0.073,89.3,9700.704225352112,,,1.9012818172268908,49.92797947561556,,,,,,,,99.43977591036413
1993-02-01,1.054,143.1,142.2,7684.5,-0.0026773325484590327,0.071,86.6,9330.520393811534,,,1.8830036536221761,49.99830057346853,,,,,,,,99.37106918238993
1993-03-01,1.052,143.3,142.4,7660.8,0.002507621098922108,0.07,85.9,10397.47191011236,,,1.8768075203535708,50.06862167132152,,,,,,,,99.37194696441033
1993-04-01,1.078,143.8,142.7,7700.6,-0.001229914533489973,0.071,85.6,10607.568325157676,,,1.9165054578117757,50.17410331810098,,,,,,,,99.23504867872043
1993-05-01,1.1,144.2,142.9,7689.4,-0.01604215014811028,0.071,80.3,11089.57312806158,,,1.9501930767452615,50.24442441595397,,,,,,,,99.0984743411928
1993-06-01,1.097,144.3,143.2,7675.1,-0.0071766729709590305,0.07,81.5,11013.966480446928,,,1.943526569069069,50.34990606273343,,,,,,,,99.23769923769922
1993-07-01,1.078,144.5,143.4,7694.3,-0.007250475920112409,0.069,77.0,11328.451882845187,,,1.9072213483275666,50.420227160586414,,,,,,,,99.23875432525952
1993-08-01,1.062,144.8,143.6,7705.4,-0.0026665427854688506,0.068,77.3,11470.055710306407,,,1.875021018646409,50.4905482584394,,,,,,,,99.17127071823202
1993-09-01,1.05,145.0,143.8,7684.4,0.0010474616989788466,0.067,77.9,10714.881780250347,,,1.851277327586207,50.56086935629238,,,,,,,,99.17241379310346
1993-10-01,1.092,145.6,144.0,7646.9,-0.004787447478749485,0.068,82.7,11062.5,,,1.9173943750000002,50.63119045414536,,,,,,,,98.9010989010989
1993-11-01,1.066,146.0,144.2,7668.1,-0.010693600827322403,0.066,81.2,10295.423023578363,,,1.8666140673515985,50.70151155199834,,,,,,,,98.76712328767123
1993-12-01,1.014,146.3,144.3,7929.4,-0.015790591189394743,0.065,88.2,10844.074844074843,,,1.7719187935748462,50.73667210092483,,,,,,,,98.63294600136705
1994-01-01,0.998,146.3,144.5,7780.4,-0.015703562431795604,0.066,94.3,9497.57785467128,,,1.7439595226703122,50.8069931987778,-0.08274538426188738,-0.020939342748949596,0.017298413985172623,-4.2040441754239675,,,,98.76965140123033
1994-02-01,1.009,146.7,144.6,7795.0,-0.00981788956472518,0.066,93.2,9746.196403872753,,,1.75837393717337,50.8421537477043,-0.06618665673275059,0.044550142169660356,0.014379595289218505,-3.3650721776530337,-0.08274538426188738,,,98.56850715746421
1994-03-01,1.008,147.1,144.8,7820.5,-0.009138847199123834,0.065,91.5,11066.298342541435,,,1.7518545479265808,50.91247484555728,-0.06657740395426925,0.0643258705780767,0.020846386800334127,-3.389620404104239,-0.06618665673275059,,,98.43643779741673
1994-04-01,1.027,147.2,145.1,7820.4,-0.0069225068438592,0.064,92.6,11035.14817367333,,,1.783663064424819,51.017956492336744,-0.06931490481568114,0.04030894125862705,0.015557229306807141,-3.536304798156883,-0.06657740395426925,-0.08274538426188738,,98.57336956521739
1994-05-01,1.047,147.5,145.3,7910.6,0.00042485474998055217,0.061,92.8,11381.280110116999,,,1.81470003220339,51.08827759018973,-0.06947673343605554,0.02630461774198234,0.028766873878325994,-3.549446643840822,-0.06931490481568114,-0.06618665673275059,,98.5084745762712
1994-06-01,1.078,147.9,145.5,7898.1,-0.010423873183957655,0.061,91.2,11392.439862542955,,,1.863377179400496,51.1585986880427,-0.04123915306543191,0.03436304103230481,0.02905499602611039,-2.1097372819091973,-0.06947673343605554,-0.06657740395426925,,98.37728194726166
1994-07-01,1.106,148.4,145.6,7905.0,-0.020474917377004687,0.061,89.0,11866.07142857143,,,1.9053352908805035,51.19375923696919,-0.0009889032800084463,0.047457459438069005,0.027383907567939847,-0.05062567642540153,-0.04123915306543191,-0.06931490481568114,-0.08274538426188738,98.11320754716981
1994-08-01,1.155,149.0,145.9,7914.4,-0.019621205653623353,0.06,91.7,11699.794379712132,,,1.9817364681208056,51.299240883748666,0.05691426838054081,0.020029429255456144,0.027123835232434335,2.919658763375683,-0.0009889032800084463,-0.06947673343605554,-0.06618665673275059,97.91946308724833
1994-09-01,1.144,149.3,146.2,7949.0,-0.017449555550719698,0.059000000000000004,91.5,11028.727770177838,,,1.9589186559499887,51.40472253052813,0.058144356201958125,0.029290662870958828,0.03443339753266361,2.98889449727785,0.05691426838054081,-0.04123915306543191,-0.06657740395426925,97.92364367046214
1994-10-01,1.114,149.4,146.4,8024.4,-0.010914662894861094,0.057999999999999996,92.7,11308.060109289618,,,1.9062716053101296,51.475043628381115,-0.0058009817045961976,0.022197524003581215,0.049366409917744436,-0.2986057863315299,0.058144356201958125,-0.0009889032800084463,-0.06931490481568114,97.99196787148594
1994-11-01,1.116,149.8,146.8,8023.9,-0.00806257568140123,0.055999999999999994,91.6,10652.58855585831,,,1.9045946795727637,51.61568582408707,0.0203473298982757,0.03469168109576204,0.04640002086566408,1.0502413873884522,-0.0058009817045961976,0.05691426838054081,-0.06947673343605554,97.9973297730307
1994-12-01,1.091,150.1,147.1,8060.2,-0.014280191122296504,0.055,95.1,11384.772263766146,,,1.8582076510104377,51.72116747086653,0.04869797518288288,0.04986109257506066,0.016495573435568955,2.5187161299259877,0.0203473298982757,0.058144356201958125,-0.04123915306543191,98.00133244503664
1995-01-01,1.082,150.5,147.4,8086.0,-0.010063942308857987,0.055999999999999994,97.6,10130.257801899594,,,1.8379806987818386,51.82664911764602,0.053912476115020924,0.06661487348767947,0.03927818621150592,2.7941029826766615,0.04869797518288288,-0.0058009817045961976,-0.0009889032800084463,97.94019933554817
1995-02-01,1.073,150.9,147.6,8102.0,-0.01720110922223217,0.054000000000000006,95.1,9890.921409214094,,,1.8178609802297327,51.896970215498996,0.03383071245470659,0.014849383220292278,0.03938422065426561,1.755711476631019,0.053912476115020924,0.0203473298982757,0.05691426838054081,97.8131212723658
1995-03-01,1.072,151.2,148.1,8124.2,-0.012396433139840068,0.054000000000000006,90.3,11229.57461174882,,,1.8125632892416228,52.072772960131445,0.03465398505081052,0.01475437080705766,0.03883383415382635,1.8045290957146454,0.03383071245470659,0.04869797518288288,0.058144356201958125,97.94973544973546
1995-04-01,1.111,151.8,148.3,8064.0,-0.02292164804557184,0.057999999999999996,92.5,11187.457855697909,,,1.8710805012077296,52.14309405798443,0.049010061668289584,0.013802232614143373,0.031149301825993625,2.555536255357241,0.03465398505081052,0.053912476115020924,-0.0058009817045961976,97.69433465085639
1995-05-01,1.178,152.1,148.6,8145.6,-0.018604895502591923,0.055999999999999994,89.8,11632.57065948856,,,1.980004886039886,52.24857570476389,0.0910921093861361,0.022079286946657728,0.029706975450661144,4.759432973368165,0.049010061668289584,0.03383071245470659,0.0203473298982757,97.69888231426694
1995-06-01,1.192,152.4,148.8,8169.8,-0.01427914132482111,0.055999999999999994,92.7,11593.413978494622,,,1.9995923840769902,52.31889680261688,0.07310125195389516,0.017641007402852127,0.0344006786442308,3.824576857117936,0.0910921093861361,0.03465398505081052,0.04869797518288288,97.63779527559055
1995-07-01,1.154,152.6,149.1,8187.8,-0.005007181615065637,0.057,94.4,11820.254862508384,,,1.9333098372651814,52.424378449396336,0.014682217097732098,-0.003861140255124962,0.035774826059456144,0.769706105607705,0.07310125195389516,0.049010061668289584,0.053912476115020924,97.70642201834863
1995-08-01,1.123,152.9,149.4,8193.0,-9.906001480231019e-05,0.057,96.2,11988.621151271755,,,1.8776837873337695,52.52986009617581,-0.0525058111716058,0.024686482700966073,0.03520165773779449,-2.7581229150806776,0.014682217097732098,0.0910921093861361,0.03383071245470659,97.71092217135383
1995-09-01,1.111,153.1,149.6,8219.4,-0.004942260324365844,0.055999999999999994,88.9,11169.786096256685,,,1.8551928156978013,52.600181194028785,-0.05295056021705247,0.012790081414492338,0.03401685746634797,-2.7852090617422918,-0.0525058111716058,0.07310125195389516,0.03465398505081052,97.7139124755062
1995-10-01,1.087,153.5,150.0,8228.4,-0.007068473367707329,0.055,90.2,11207.333333333334,,,1.8103866976112921,52.74082338973475,-0.05029970935502559,-0.008907520386590151,0.02542246149244809,-2.6528480876483935,-0.05295056021705247,0.014682217097732098,0.049010061668289584,97.71986970684038
1995-11-01,1.062,153.7,150.2,8250.5,-0.006392501662031869,0.055999999999999994,88.2,10669.107856191746,,,1.7664479082628501,52.811144487587725,-0.0725334228807688,0.0015507310966544896,0.028240631114545334,-3.830573075935583,-0.05029970935502559,-0.0525058111716058,0.0910921093861361,97.72283669486012
1995-12-01,1.071,153.9,150.4,8261.3,0.0020671197807995423,0.055999999999999994,91.0,11323.13829787234,,,1.7791027729044833,52.881465585440715,-0.04257052653019677,-0.005413719700829378,0.024949753107863293,-2.2511918336606915,-0.0725334228807688,-0.05295056021705247,0.07310125195389516,97.72579597141001
1996-01-01,1.09,154.7,150.6,8272.1,-0.004820978594965997,0.055999999999999994,89.3,10046.480743691898,,,1.8013013305322132,52.95178668329369,-0.01995634027818427,-0.008269982842093682,0.023015087806084633,-1.0567238733896354,-0.04257052653019677,-0.05029970935502559,0.014682217097732098,97.34970911441499
1996-02-01,1.089,155.0,150.9,8335.8,-0.002016006957632266,0.055,88.5,10444.66534128562,,,1.7961655693548388,53.05726833007316,-0.011934581967952274,0.05598507046630408,0.02885707232782031,-0.6332163178808964,-0.01995634027818427,-0.0725334228807688,-0.0525058111716058,97.35483870967742
1996-03-01,1.137,155.5,151.2,8362.4,-0.013738489482229221,0.055,93.7,11455.687830687832,,,1.8693053842443732,53.162749976852616,0.031304890339300284,0.020135510627663722,0.029319809950518083,1.66425405816101,-0.011934581967952274,-0.04257052653019677,-0.05295056021705247,97.2347266881029
1996-04-01,1.231,156.1,151.6,8311.8,-0.005992596660380212,0.055999999999999994,92.7,11187.335092348287,,,2.016068738522315,53.30339217255858,0.07748904294657533,-1.097330163879473e-05,0.030729166666666474,4.130428845257539,0.031304890339300284,-0.01995634027818427,-0.05029970935502559,97.11723254324151
1996-05-01,1.278,156.4,152.0,8416.8,-0.0026745929957343595,0.055999999999999994,89.4,11900.0,,,2.0890281425831203,53.444034368264546,0.05506211490280033,0.02298970264954292,0.033294048320565484,2.9427415612545924,0.07748904294657533,-0.011934581967952274,-0.0725334228807688,97.18670076726342
1996-06-01,1.259,156.7,152.3,8467.1,-0.011448232350623089,0.053,92.4,11643.466841759684,,,2.054030647202723,53.54951601504402,0.027224680169434246,0.0043173532281266525,0.03639011970917272,1.4578684467375704,0.05506211490280033,0.031304890339300284,-0.04257052653019677,97.19208679004468
1996-07-01,1.228,157.0,152.8,8444.0,-0.012818848575322672,0.055,94.7,11794.502617801047,,,1.9996265753715499,53.72531875967647,0.034302177968627445,-0.002178653929791219,0.03129045653289042,1.842895445515661,0.027224680169434246,0.07748904294657533,-0.01995634027818427,97.32484076433123
1996-08-01,1.206,157.2,153.1,8464.7,-0.01690093708165996,0.051,95.3,12212.279555845853,,,1.9613041698473286,53.83080040645593,0.04453379375038247,0.018655890594255098,0.033162455754912834,2.397289762719113,0.034302177968627445,0.05506211490280033,-0.011934581967952274,97.39185750636132
1996-09-01,1.202,157.7,153.5,8483.9,-0.016739845831917455,0.052000000000000005,94.7,11024.755700325733,,,1.948601174170366,53.971442602161886,0.05034967669246315,-0.012984169498067244,0.03217996447429261,2.7174446856446832,0.04453379375038247,0.027224680169434246,0.031304890339300284,97.33671528218136
1996-10-01,1.204,158.2,154.2,8482.7,-0.01869779853235487,0.052000000000000005,96.5,11474.708171206226,,,1.9456745280235992,54.21756644464731,0.07472869226823864,0.02385713263989886,0.03090515774634217,4.05160783837483,0.05034967669246315,0.034302177968627445,0.07748904294657533,97.4715549936789
1996-11-01,1.232,158.7,154.7,8505.1,-0.022109372638884572,0.054000000000000006,99.2,11212.023270846801,,,1.9846501743331237,54.39336918927976,0.12352601231522131,0.05088667412242698,0.030858735834191853,6.718995992341351,0.07472869226823864,0.04453379375038247,0.05506211490280033,97.47952110901072
1996-12-01,1.235,159.1,155.0,8533.1,-0.018649757223142105,0.054000000000000006,96.9,11340.0,,,1.9844810836999793,54.49885083605924,0.11543926181409114,0.0014891368173812758,0.032900390979627936,6.291307110230942,0.12352601231522131,0.05034967669246315,0.027224680169434246,97.42300439974859
1997-01-01,1.236,159.4,155.3,8556.4,-0.008552932075541309,0.053,97.4,10624.597553122987,,,1.9823500188205772,54.604332482838714,0.10050993979717493,0.05754421117007391,0.03436854003215628,5.488278170515042,0.11543926181409114,0.07472869226823864,0.034302177968627445,97.42785445420327
1997-02-01,1.23,159.7,155.6,8579.2,-0.01115361148815408,0.052000000000000005,99.7,10547.557840616968,,,1.9690211490294305,54.709814129618174,0.09623588305207265,0.009851201160523182,0.02919935699033105,5.265047274378566,0.10050993979717493,0.12352601231522131,0.04453379375038247,97.43268628678773
1997-03-01,1.205,159.8,156.0,8619.0,-0.003733600317043173,0.052000000000000005,100.0,11787.179487179488,,,1.9277932598039218,54.85045632532414,0.031288561009088944,0.028936861879532705,0.030684970821773794,1.7161918491112729,0.09623588305207265,0.11543926181409114,0.05034967669246315,97.62202753441802
1997-04-01,1.199,159.9,156.2,8624.5,0.0015660294983010914,0.051,101.4,11605.633802816903,,,1.9169946680216805,54.920777423177114,-0.04914220860011509,0.037390380015944746,0.0376212132149476,-2.698928300610261,0.031288561009088944,0.10050993979717493,0.07472869226823864,97.68605378361474
1997-05-01,1.2,159.9,156.3,8661.9,-0.004497411561691145,0.049,103.2,12481.126039667304,,,1.9185934959349593,54.955937972103605,-0.08158561542278486,0.048834120980445705,0.02912033076703735,-4.483614020590464,-0.04914220860011509,0.09623588305207265,0.12352601231522131,97.74859287054409
1997-06-01,1.198,160.2,156.6,8689.7,0.0035423911545600095,0.05,104.5,11966.794380587484,,,1.9118089565126926,55.06141961888308,-0.06924029633331652,0.02776900928408832,0.026289993031852754,-3.8124690109445525,-0.08158561542278486,0.031288561009088944,0.11543926181409114,97.75280898876404
1997-07-01,1.174,160.4,157.1,8723.1,0.005472967474160928,0.049,107.1,12397.835773392744,,,1.8711728979634248,55.23722236351553,-0.0642388328852137,0.05115375994585025,0.033053055423969635,-3.548374696453263,-0.06924029633331652,-0.04914220860011509,0.10050993979717493,97.94264339152119
1997-08-01,1.224,160.8,157.4,8768.6,0.004860411706453904,0.048,104.4,12711.562897077509,,,1.9460122014925374,55.342704010294995,-0.00779683671196274,0.040883713720151205,0.035902040237693056,-0.4314980263667556,-0.0642388328852137,-0.08158561542278486,0.09623588305207265,97.88557213930348
1997-09-01,1.231,161.2,157.8,8791.5,0.009411361580232924,0.049,106.0,11515.209125475285,,,1.952284926075269,55.48334620600096,0.001890459655743415,0.04448655720643857,0.03625691014745591,0.10488902756808928,-0.00779683671196274,-0.06924029633331652,0.031288561009088944,97.8908188585608
1997-10-01,1.197,161.5,158.2,8834.8,0.012556016000674575,0.047,105.6,11883.05941845765,,,1.8948367941176472,55.62398840170692,-0.026128590971272403,0.035587070377624874,0.041508010421209995,-1.4533764411390002,0.001890459655743415,-0.0642388328852137,-0.04914220860011509,97.95665634674921
1997-11-01,1.171,161.7,158.6,8892.2,0.014423282003156679,0.046,107.2,11134.930643127365,,,1.8513863641517216,55.76463059741287,-0.06714725441534353,-0.006875889021733528,0.04551386814969849,-3.744441838102132,-0.026128590971272403,-0.00779683671196274,-0.08158561542278486,98.08286951144095
1997-12-01,1.131,161.8,159.0,8944.3,0.015660605068832156,0.047,102.1,11601.886792452831,,,1.7870399984548826,55.90527279311883,-0.09949255090755327,0.023094073408538973,0.048188817662982775,-5.562158199370028,-0.06714725441534353,0.001890459655743415,-0.06924029633331652,98.26946847960444
1998-01-01,1.086,162.0,159.2,9022.9,0.003442831715747996,0.046,106.6,10937.81407035176,,,1.7138191697530867,55.97559389097181,-0.13546086539614033,0.029480318257956606,0.0545205927726613,-7.582502389533947,-0.09949255090755327,-0.026128590971272403,-0.0642388328852137,98.2716049382716
1998-02-01,1.049,162.0,159.6,9081.2,0.011122286466933806,0.046,110.4,10704.887218045113,,,1.655429382201646,56.11623608667777,-0.15926277225735241,0.01491619006082101,0.05851361432301383,-8.937227327812383,-0.13546086539614033,-0.06714725441534353,-0.00779683671196274,98.51851851851852
1998-03-01,1.017,162.0,159.9,9134.4,0.008502538071066157,0.047,106.5,11878.048780487805,,,1.6049301064814814,56.22171773345725,-0.1674781005071463,0.007709163452304324,0.059798120431604485,-9.415906493248361,-0.15926277225735241,-0.09949255090755327,0.001890459655743415,98.70370370370371
1998-04-01,1.03,162.2,160.2,9164.1,0.00717208527707891,0.043,108.7,11830.83645443196,,,1.6234411888614881,56.327199380236706,-0.15313213127668046,0.019404597408578805,0.06256594585193342,-8.625504089942162,-0.1674781005071463,-0.13546086539614033,-0.026128590971272403,98.76695437731196
1998-05-01,1.064,162.6,160.6,9202.0,0.006558815464765333,0.044000000000000004,106.5,12648.81693648817,,,1.6729049733497336,56.46784157594267,-0.1280565805658056,0.013435558321253538,0.06235352520809534,-7.231078704146849,-0.15313213127668046,-0.15926277225735241,-0.06714725441534353,98.76998769987699
1998-06-01,1.064,162.8,160.7,9254.2,0.008426122315436269,0.045,105.6,12235.220908525203,,,1.6708498075348077,56.50300212486915,-0.12603725291538304,0.022430946784977035,0.0649619664660459,-7.121483169290558,-0.1280565805658056,-0.1674781005071463,-0.09949255090755327,98.7100737100737
1998-07-01,1.055,163.2,161.1,9270.0,0.00646212280935865,0.045,105.2,12548.10676598386,,,1.6526560993668302,56.64364432057511,-0.11678065604435972,0.012120743921581578,0.06269560133438801,-6.614881944500132,-0.12603725291538304,-0.15313213127668046,-0.13546086539614033,98.71323529411765
1998-08-01,1.026,163.4,161.5,9299.3,0.008393807954288679,0.045,104.4,12582.043343653251,,,1.6052604069767442,56.78428651628108,-0.17510259917920656,-0.010189113209205347,0.060522774445179284,-9.94307616153759,-0.11678065604435972,-0.1280565805658056,-0.15926277225735241,98.83720930232558
1998-09-01,1.009,163.5,162.1,9325.5,0.012136333017274792,0.046,100.9,11642.8130783467,,,1.5776969821610602,56.99524980984001,-0.1918715546645402,0.011081340467288259,0.06074048797133602,-10.935767189507843,-0.17510259917920656,-0.12603725291538304,-0.1674781005071463,99.14373088685015
1998-10-01,1.019,163.9,162.3,9337.5,0.003903982698439279,0.045,97.4,12344.423906346272,,,1.5894446761236525,57.065570907693,-0.1611706712377855,0.038825396023182135,0.05689998641734961,-9.197296367760325,-0.1918715546645402,-0.11678065604435972,-0.15313213127668046,99.02379499694936
1998-11-01,0.995,164.1,162.6,9374.6,0.0038773036828054774,0.044000000000000004,102.7,11445.264452644527,,,1.5501177356286817,57.17105255447247,-0.1627259627468829,0.02787029569049948,0.05424979195249757,-9.30321456817917,-0.1611706712377855,-0.17510259917920656,-0.1280565805658056,99.08592321755027
1998-12-01,0.945,164.4,163.0,9391.7,0.0031861090383635826,0.044000000000000004,100.5,12096.932515337423,,,1.4695358348540146,57.31169475017842,-0.1776704292435478,0.04266941504778554,0.050020683563834156,-10.182593406939386,-0.1627259627468829,-0.1918715546645402,-0.12603725291538304,99.14841849148418
1999-01-01,0.939,164.7,163.5,9444.1,0.0076713103884988865,0.043,103.9,11071.559633027524,,,1.457545693685489,57.48749749481088,-0.1495335567430487,0.012227814608615217,0.04668122222345383,-8.596309968656172,-0.1776704292435478,-0.1611706712377855,-0.11678065604435972,99.27140255009108
1999-02-01,0.921,164.7,163.8,9476.2,0.0025657894736841325,0.044000000000000004,108.1,10949.938949938949,,,1.4296055206435947,57.59297914159035,-0.1364140711684818,0.022891575305973744,0.043496454213099556,-7.856492755425794,-0.1495335567430487,-0.1627259627468829,-0.17510259917920656,99.45355191256832
1999-03-01,0.982,164.8,164.2,9484.1,0.006916776168625738,0.042,105.7,11988.4287454324,,,1.5233667283576051,57.733621337296306,-0.05082051722656589,0.00929276912264565,0.038283850061306746,-2.9340524977240987,-0.1364140711684818,-0.1776704292435478,-0.1918715546645402,99.63592233009707
1999-04-01,1.131,165.9,164.5,9453.0,0.005617977528090012,0.043,104.6,12176.899696048631,,,1.7428756585292347,57.83910298407577,0.07356870731578846,0.029250953045423245,0.03152519068975668,4.255148038843218,-0.05082051722656589,-0.1495335567430487,-0.1611706712377855,99.15611814345992
1999-05-01,1.131,166.0,164.6,9469.3,0.005006102736628382,0.042,106.8,12652.490886998785,,,1.7418257334337353,57.87426353300226,0.041198251653229656,0.0002904580348550567,0.029048033036296328,2.384318473277959,0.07356870731578846,-0.1364140711684818,-0.1627259627468829,99.1566265060241
1999-06-01,1.114,166.0,164.6,9501.3,0.0030850232724044524,0.043,107.3,12328.675577156744,,,1.7156444447791168,57.87426353300226,0.026809493613552116,0.00763816765796399,0.02670138963929869,1.551579698577056,0.041198251653229656,-0.05082051722656589,-0.1776704292435478,99.1566265060241
1999-07-01,1.158,166.7,165.1,9519.0,0.0061841773790276555,0.043,106.0,12865.536038764387,,,1.7759189652069587,58.05006627763471,0.07458470391229799,0.025296985330172106,0.02686084142394818,4.32964700540666,0.026809493613552116,0.07356870731578846,-0.1495335567430487,99.04019196160768
1999-08-01,1.221,167.1,165.6,9559.1,0.008658372368708811,0.042,104.5,12578.502415458937,,,1.8680538853979658,58.22586902226716,0.1637076933306738,-0.00028142711780598795,0.0279375867000744,9.532022709809292,0.07458470391229799,0.041198251653229656,-0.1364140711684818,99.10233393177738
1999-09-01,1.256,167.8,165.8,9546.7,0.001113257600690698,0.042,107.2,11797.94933655006,,,1.9135854866905047,58.29619012012014,0.21289798251965908,0.01332463702366593,0.023719907779743865,12.41114126515606,0.1637076933306738,0.026809493613552116,-0.05082051722656589,98.80810488676997
1999-10-01,1.244,168.1,166.2,9598.7,0.008029574861367683,0.040999999999999995,103.2,12592.659446450061,,,1.891920366845132,58.436832315826095,0.1903027486676412,0.02010912311397295,0.027973226238286575,11.120689813131746,0.21289798251965908,0.07458470391229799,0.07356870731578846,98.8697204045211
1999-11-01,1.251,168.4,166.5,9660.9,0.00739027980322815,0.040999999999999995,107.2,11738.138138138138,,,1.8991768512470308,58.542313962605576,0.2251823249262941,0.025589071069995306,0.030539969705374093,13.182694364664572,0.1903027486676412,0.1637076933306738,0.041198251653229656,98.87173396674585
1999-12-01,1.273,168.8,166.8,9735.9,0.0067281168508164235,0.04,105.4,12379.496402877698,,,1.9279960816548183,58.64779560938504,0.31197622808997205,0.023358308991309862,0.03664938190104006,18.29671806000757,0.2251823249262941,0.21289798251965908,0.026809493613552116,98.81516587677726
2000-01-01,1.289,169.3,167.2,9799.9,0.01100206244221602,0.04,112.0,11434.808612440193,,,1.9464629646583973,58.788437805091,0.3354387262718692,0.032809196847846334,0.03767431518090647,19.719918696852726,0.31197622808997205,0.1903027486676412,0.07458470391229799,98.75959834613111
2000-02-01,1.377,170.0,167.6,9837.9,0.009157509157509125,0.040999999999999995,111.3,11775.656324582338,,,2.070785925,58.92908000079695,0.44850162866449494,0.07540839984756187,0.03816930837255428,26.42978835605775,0.3354387262718692,0.2251823249262941,0.1637076933306738,98.58823529411764
2000-03-01,1.516,171.0,167.9,9864.0,0.004173642615731277,0.04,107.1,12876.116736152471,,,2.2664872300194934,59.03456164757643,0.48781458057907856,0.07404539907352592,0.040056515641969215,28.797919929782253,0.44850162866449494,0.31197622808997205,0.21289798251965908,98.18713450292398
2000-04-01,1.465,170.9,168.1,9913.7,0.0035470901672847166,0.038,109.2,12717.43010113028,,,2.191521559879072,59.10488274542941,0.2574170447296493,0.04438982159449423,0.04873585105257594,15.21460424542088,0.48781458057907856,0.3354387262718692,0.1903027486676412,98.36161497952018
2000-05-01,1.487,171.2,168.3,9954.5,0.001747029013425161,0.04,110.7,13010.695187165775,,,2.2205338283683806,59.17520384328239,0.27483122205971067,0.028310970809318325,0.05123926795011258,16.263193587881787,0.2574170447296493,0.44850162866449494,0.2251823249262941,98.30607476635515
2000-06-01,1.633,172.2,168.6,9982.3,0.0023367240048721705,0.04,106.4,13072.953736654805,,,2.4243941265001943,59.280685490061856,0.41310988642074165,0.060369676762125346,0.050624651363497586,24.489437249743162,0.27483122205971067,0.48781458057907856,0.31197622808997205,97.90940766550523
2000-07-01,1.551,172.7,169.1,10035.9,-0.003838153074531947,0.04,108.3,13309.875813128327,,,2.295988168789809,59.456488234694305,0.29284512062308177,0.03453721423072653,0.05430192247084764,17.411542468913897,0.41310988642074165,0.2574170447296493,0.3354387262718692,97.91546033584251
2000-08-01,1.465,172.7,169.5,10098.3,-0.006309116922343261,0.040999999999999995,107.3,13129.20353982301,,,2.168679991796951,59.59713043040027,0.1609301041843021,0.043781135955204276,0.056406983921080345,9.590972409249757,0.29284512062308177,0.27483122205971067,0.44850162866449494,98.14707585408223
2000-09-01,1.55,173.6,170.0,10110.3,-0.0013835148601508696,0.039,106.8,12553.529411764706,,,2.2826123511904766,59.77293317503272,0.19284576888080096,0.06404333953815677,0.059036106717504255,11.52695725639992,0.1609301041843021,0.41310988642074165,0.48781458057907856,97.92626728110599
2000-10-01,1.532,173.9,170.3,10139.2,0.0010470261614412557,0.039,105.8,12682.912507339988,,,2.2522125225225227,59.878414821812186,0.1904372731491839,0.007167116785276928,0.05630970860637374,11.403082039161589,0.19284576888080096,0.29284512062308177,0.2574170447296493,97.92984473835537
2000-11-01,1.517,174.2,170.4,10143.5,0.00044881641012239903,0.039,107.6,12055.164319248826,,,2.226320143034826,59.91357537073867,0.17225530712054948,0.02700821692331634,0.04995393803889914,10.320431326176779,0.1904372731491839,0.1609301041843021,0.27483122205971067,97.81859931113664
2000-12-01,1.443,174.6,170.8,10164.3,-0.004417976193063611,0.039,98.4,12680.913348946135,,,2.1128675701603665,60.054217566444635,0.09588789638351924,0.02434807816563289,0.04400209533787325,5.758472591404565,0.17225530712054948,0.19284576888080096,0.41310988642074165,97.82359679266897
2001-01-01,1.447,175.6,171.4,10211.7,-0.005733377330473521,0.042,94.7,11785.88098016336,,,2.1066588159643134,60.265180860003575,0.08230100146499852,0.030702076407402856,0.04202083694731584,4.959884738247555,0.09588789638351924,0.1904372731491839,0.29284512062308177,97.60820045558087
2001-02-01,1.45,176.0,171.8,10223.4,-0.008052916910335162,0.042,90.6,11722.933643771827,,,2.106228669507576,60.40582305570954,0.0171156004489339,-0.004477260490394097,0.03918519196169923,1.033881932210524,0.08230100146499852,0.17225530712054948,0.1609301041843021,97.61363636363637
2001-03-01,1.409,176.1,172.3,10254.4,-0.008048732647638168,0.043,91.5,13219.384793964016,,,2.0455110159947005,60.58162580034199,-0.09749722438228448,0.026659284382514636,0.039578264395782714,-5.906540364099537,0.0171156004489339,0.09588789638351924,0.19284576888080096,97.84213515048269
2001-04-01,1.552,176.4,172.7,10233.1,-0.008049501775725165,0.044000000000000004,88.4,12609.72785176607,,,2.249278964474679,60.72226799604794,0.026354933327142005,-0.008468868985931133,0.03221804169986986,1.6003313245086923,-0.09749722438228448,0.08230100146499852,0.1904372731491839,97.90249433106575
2001-05-01,1.702,177.3,173.1,10214.7,-0.003737565407394783,0.043,92.0,13284.806470248412,,,2.454149446324497,60.8629101917539,0.10520696193481283,0.021068150405447295,0.026138932141242632,6.403201875785784,0.026354933327142005,0.0171156004489339,0.17225530712054948,97.6311336717428
2001-06-01,1.616,177.7,173.6,10218.1,-0.006164905012304933,0.045,92.6,13398.041474654377,,,2.3248991258675673,61.03871293638634,-0.04103911964852669,0.02486719868732279,0.023621810604770532,-2.504975043388433,0.10520696193481283,-0.09749722438228448,0.09588789638351924,97.69274057400112
2001-07-01,1.421,177.4,174.1,10370.7,-0.003072646775475585,0.046,92.4,13524.411257897758,,,2.0478146613115373,61.2145156810188,-0.10809006372584296,0.016118515888617235,0.033360236750067385,-6.6166809009079355,-0.04103911964852669,0.026354933327142005,0.08230100146499852,98.13979706877113
2001-08-01,1.421,177.4,174.7,10543.1,-0.0012741966451974562,0.049,91.5,13767.601602747567,,,2.0478146613115373,61.42547897457773,-0.05573221081145563,0.04862427952984305,0.04404701781487974,-3.4233777434058013,-0.10809006372584296,0.10520696193481283,0.0171156004489339,98.47801578354002
2001-09-01,1.522,178.1,175.1,10452.8,-0.0013424009461857622,0.05,81.8,12262.135922330097,,,2.184745827250609,61.566121170283694,-0.042874789444132366,-0.02321207684920279,0.03387634392649086,-2.6396344820678537,-0.05573221081145563,-0.04103911964852669,-0.09749722438228448,98.31555306007861
2001-10-01,1.315,177.6,175.6,10267.7,-0.004973124350693414,0.053,82.7,12566.628701594533,,,1.8929231254692194,61.74192391491614,-0.15952730635335077,-0.009168541191004742,0.012673583714691405,-9.849522811220101,-0.042874789444132366,-0.10809006372584296,0.026354933327142005,98.87387387387388
2001-11-01,1.171,177.5,175.8,10279.7,-0.0031798355142675927,0.055,83.9,12242.320819112629,,,1.6865869018779345,61.81224501276913,-0.2424328966548135,0.015525006122476759,0.013427317986888232,-14.98532160718267,-0.15952730635335077,-0.05573221081145563,0.10520696193481283,99.04225352112677
2001-12-01,1.086,177.4,176.0,10298.9,0.004005481909972408,0.057,88.8,13335.795454545454,,,1.5650434357384444,61.88256611062211,-0.2592799199338094,0.05164313386415054,0.013242426925612172,-16.044906786460768,-0.2424328966548135,-0.042874789444132366,-0.04103911964852669,99.2108229988726
2002-01-01,1.107,177.7,176.4,10514.7,-0.00017119441659674273,0.057,93.0,12067.460317460318,,,1.5926134482273497,62.02320830632807,-0.2440097864170102,0.023891242222018105,0.02967184699903047,-15.134269811724847,-0.2592799199338094,-0.15952730635335077,-0.10809006372584296,99.26842993809792
2002-02-01,1.114,178.0,177.0,10531.6,0.006374979308622963,0.057,90.7,11989.830508474575,,,1.5999830215355808,62.234171599887,-0.24035645098798908,0.02276707117970811,0.03014652659584871,-14.958384615926342,-0.2440097864170102,-0.2424328966548135,-0.05573221081145563,99.43820224719101
2002-03-01,1.249,178.5,177.1,10539.0,0.004035028022620235,0.057,95.7,13482.778091473745,,,1.7888519696545289,62.2693321488135,-0.12547429191690873,0.01992477725816677,0.027753939772195313,-7.813200359511175,-0.24035645098798908,-0.2592799199338094,-0.042874789444132366,99.21568627450979
2002-04-01,1.397,179.3,177.2,10574.2,0.0017089197150121915,0.059000000000000004,93.0,13066.02708803612,,,1.9918943609406954,62.304492697739974,-0.11442982733539953,0.036186287415088225,0.03333300759300695,-7.129492341622046,-0.12547429191690873,-0.2440097864170102,-0.15952730635335077,98.8287785833798
2002-05-01,1.392,179.5,177.6,10616.5,0.010371533795493937,0.057999999999999996,96.9,13702.13963963964,,,1.98255373816156,62.44513489344594,-0.19216258768154115,0.03141432058689397,0.039335467512506384,-11.99961870924747,-0.11442982733539953,-0.24035645098798908,-0.2424328966548135,98.94150417827298
2002-06-01,1.382,179.6,178.2,10648.2,0.016699424959162767,0.057999999999999996,92.4,13542.087542087544,,,1.9672153127319971,62.65609818700487,-0.15384917528501185,0.010751277916676294,0.04209197404605547,-9.639589032647425,-0.19216258768154115,-0.12547429191690873,-0.2592799199338094,99.22048997772828
2002-07-01,1.397,180.0,178.5,10621.0,0.01780156733810001,0.057999999999999996,88.1,13733.333333333334,,,1.9841481050925927,62.76157983378435,-0.0310899992180782,0.015447775984597678,0.024135304270685554,-1.9512574679577082,-0.15384917528501185,-0.11442982733539953,-0.2440097864170102,99.16666666666667
2002-08-01,1.396,180.5,178.8,10623.0,0.01945504219553329,0.057,87.6,14109.060402684563,,,1.9772354921514312,62.86706148056383,-0.03446560398923171,0.02480161830575134,0.007578416215344497,-2.1667512449557957,-0.0310899992180782,-0.19216258768154115,-0.24035645098798908,99.05817174515235
2002-09-01,1.4,180.8,179.2,10633.6,0.017681246365117698,0.057,86.1,12542.968750000002,,,1.9796107116519173,63.00770367626978,-0.09389427046387522,0.022902439627870308,0.017296800857186767,-5.91606237028738,-0.03446560398923171,-0.15384917528501185,-0.12547429191690873,99.1150442477876
2002-10-01,1.445,181.2,179.6,10661.8,0.023350145507480824,0.057,80.6,12865.812917594656,,,2.0387305900478294,63.14834587197573,0.07702767355777707,0.02380783447211754,0.03838250046261571,4.864170171540145,-0.09389427046387522,-0.0310899992180782,-0.11442982733539953,99.11699779249449
2002-11-01,1.419,181.5,179.8,10690.9,0.019326515191384175,0.059000000000000004,84.2,12618.464961067852,,,1.998738378787879,63.21866696982872,0.1850787982299511,0.030724904820986998,0.04000116734924153,11.700434908475403,0.07702767355777707,-0.03446560398923171,-0.19216258768154115,99.0633608815427
2002-12-01,1.386,181.8,180.1,10719.9,0.016426536400062197,0.06,86.7,13300.388672959469,,,1.9490345462046204,63.32414861660819,0.24535492223255462,-0.002655018345674831,0.04087815203565426,15.536891559270634,0.1850787982299511,-0.09389427046387522,-0.15384917528501185,99.06490649064905
2003-01-01,1.458,182.6,179.9,10710.4,0.016420517275705482,0.057999999999999996,82.4,12313.507504168983,,,2.041300473713034,63.253827518755216,0.2817300243101004,0.020389309783158005,0.0186120383843571,17.820502364565804,0.24535492223255462,0.07702767355777707,-0.0310899992180782,98.52135815991238
2003-02-01,1.613,183.6,180.7,10674.0,0.012366675348645773,0.059000000000000004,79.9,11991.14554510238,,,2.246010985384895,63.53511191016712,0.40377176204613097,0.00010967933423877696,0.01352121235139947,25.653684087766297,0.2817300243101004,0.1850787982299511,-0.03446560398923171,98.42047930283225
2003-03-01,1.693,183.9,181.0,10696.5,0.01464347723539361,0.059000000000000004,77.6,13644.198895027625,,,2.3535607590175824,63.64059355694659,0.3156822358376097,0.011972369674760008,0.014944491887275868,20.090204864089475,0.40377176204613097,0.24535492223255462,-0.09389427046387522,98.42305600870039
2003-04-01,1.589,183.2,181.1,10752.7,0.016915650737562737,0.06,86.0,13230.259525124242,,,2.2174233346979624,63.67575410587308,0.11322336072619743,0.012569424200758128,0.016880709651794,7.209582876641915,0.3156822358376097,0.2817300243101004,0.07702767355777707,98.85371179039302
2003-05-01,1.497,182.9,181.5,10832.0,0.008284245784245803,0.061,92.1,14424.79338842975,,,2.0924653758884637,63.81639630157905,0.05543942421900039,0.05274021195197198,0.02029859181462812,3.5379442666910883,0.11322336072619743,0.40377176204613097,0.1850787982299511,99.2345544013122
2003-06-01,1.493,183.1,181.9,10860.6,-0.002067862798456277,0.063,89.7,13943.925233644859,,,2.084594794738759,63.957038497285,0.059667836686239095,0.029673245746524746,0.019947033301403128,3.816178127991508,0.05543942421900039,0.3156822358376097,0.24535492223255462,99.34462042599674
2003-07-01,1.513,183.7,182.3,10991.1,0.0001818411334872927,0.062,90.9,14349.424026330224,,,2.1056198072037744,64.09768069299096,0.061221086167614125,0.044860972791035625,0.03484605969306087,3.924129632849816,0.059667836686239095,0.11322336072619743,0.2817300243101004,99.23788786064236
2003-08-01,1.62,184.5,182.6,11066.7,-0.006731212717054236,0.061,89.3,14788.061336254108,,,2.244754390243903,64.20316233977043,0.13529946187714037,0.04812517022326657,0.04176786218582329,8.686653315381623,0.061221086167614125,0.05543942421900039,0.40377176204613097,98.97018970189701
2003-09-01,1.679,185.1,182.8,10940.8,-0.008987111093011757,0.061,87.7,13041.028446389495,,,2.3189664366108413,64.27348343762341,0.17142548429420423,0.03970827850380254,0.028889557628648754,11.018113025570107,0.13529946187714037,0.059667836686239095,0.3156822358376097,98.75742841707186
2003-10-01,1.564,184.9,183.3,10982.3,-0.015970092268533298,0.06,89.6,13788.325150027276,,,2.1624696610780605,64.44928618225586,0.060694174911717136,0.071702599621283,0.03006059014425322,3.9116962484811517,0.17142548429420423,0.061221086167614125,0.11322336072619743,99.13466738777717
2003-11-01,1.512,185.0,183.8,11048.4,-0.01759369640459285,0.057999999999999996,93.7,13217.083786724701,,,2.0894416540540544,64.62508892688832,0.04538026398491524,0.04743990869759407,0.033439654285420284,2.9327035955508145,0.060694174911717136,0.13529946187714037,0.05543942421900039,99.35135135135135
2003-12-01,1.479,185.5,184.3,11057.2,-0.022160009015268045,0.057,92.6,13863.809007053715,,,2.038329761455526,64.80089167152076,0.04581510134070799,0.042361193191272406,0.0314648457541582,2.9688594188989637,0.04538026398491524,0.17142548429420423,0.059667836686239095,99.35309973045823
2004-01-01,1.572,186.3,184.9,11051.2,-0.013684054272575796,0.057,103.8,13171.984856679284,,,2.157197321524423,65.01185496507969,0.05677598634001102,0.06971834403963673,0.031819539886465575,3.6911121894361423,0.04581510134070799,0.060694174911717136,0.061221086167614125,99.24852388620505
2004-02-01,1.648,186.7,185.5,11071.0,-0.010118350882759586,0.055999999999999994,94.4,13190.835579514825,,,2.2566441206927337,65.22281825863864,0.004734231211258599,0.10004799207048598,0.03719317968896374,0.3087799018862943,0.05677598634001102,0.04538026398491524,0.13529946187714037,99.35725763256562
2004-03-01,1.736,187.1,185.8,11115.6,-0.010663761574974728,0.057999999999999996,95.8,14280.409041980623,,,2.3720624514519866,65.3282999054181,0.007861149266495726,0.046628618642084785,0.039181040527275224,0.5135555168828904,0.004734231211258599,0.04581510134070799,0.17142548429420423,99.30518439337254
2004-04-01,1.798,187.4,186.2,11153.3,-0.009563988339526874,0.055999999999999994,94.2,14085.929108485501,,,2.4528460236570617,65.46894210112406,0.1061694829648605,0.06467519263218868,0.03725575901866485,6.950803733132729,0.007861149266495726,0.05677598634001102,0.060694174911717136,99.35965848452507
2004-05-01,1.983,188.2,186.7,11208.9,-0.020253740842427037,0.055999999999999994,90.2,14627.209426888057,,,2.6937251474495225,65.6447448457565,0.2873451472551909,0.014032508681938394,0.03479505169867059,18.862698874233338,0.1061694829648605,0.004734231211258599,0.04538026398491524,99.2029755579171
2004-06-01,1.969,188.9,187.0,11215.8,-0.015489402536715824,0.055999999999999994,95.6,14300.534759358288,,,2.6647958527439566,65.75022649253599,0.278327979840278,0.025574543734140143,0.032705375393624614,18.30012771370827,0.2873451472551909,0.007861149266495726,0.04581510134070799,98.99417681312863
2004-07-01,1.911,189.1,187.8,11240.5,-0.015640006496750125,0.055,96.7,15140.575079872204,,,2.5835647104706507,66.0315108839479,0.2269853758174789,0.05513469056948006,0.022691086424470708,14.988187313788863,0.278327979840278,0.1061694829648605,0.05677598634001102,99.31253305129562
2004-08-01,1.878,189.2,188.4,11274.6,-0.0071254715833029,0.054000000000000006,95.9,14624.734607218685,,,2.5376086231501063,66.24247417750685,0.13046159267089497,-0.011044499026725996,0.01878608799371073,8.642098683658176,0.2269853758174789,0.2873451472551909,0.004734231211258599,99.57716701902748
2004-09-01,1.87,189.8,188.9,11279.6,0.0006828224540389449,0.054000000000000006,94.2,13604.023292747484,,,2.5188110159817354,66.4182769221393,0.08617829745865824,0.043171046568329485,0.03096665691722733,5.723814025287656,0.13046159267089497,0.278327979840278,0.007861149266495726,99.52581664910431
2004-10-01,2.0,190.8,189.4,11282.5,-0.0014511007614292915,0.055,91.7,14262.935586061247,,,2.679796470999301,66.59407966677175,0.23922962677004045,0.03442118102596603,0.02733489341941131,15.931276823776145,0.08617829745865824,0.2269853758174789,0.1061694829648605,99.26624737945492
2004-11-01,1.979,191.7,189.6,11246.1,-0.0007373379479491682,0.054000000000000006,92.8,13376.582278481013,,,2.639209506607547,66.66440076462472,0.26311711144783656,0.012067600866426664,0.01789399370044542,17.540544565589002,0.23922962677004045,0.13046159267089497,0.2873451472551909,98.90453834115806
2004-12-01,1.841,191.7,189.9,11659.0,0.005915420899501589,0.054000000000000006,97.1,14645.602948920483,,,2.45517165319075,66.7698824114042,0.2045016952691534,0.05639099193223185,0.05442607531744015,13.654554146054187,0.26311711144783656,0.08617829745865824,0.278327979840278,99.06103286384977
2005-01-01,1.831,191.6,190.8,11226.5,0.0057225606976478716,0.053,95.5,13341.719077568132,,,2.4431100213117607,67.0863273517426,0.13253896476437865,0.012886001823998239,0.015862530765889504,8.891552377044183,0.2045016952691534,0.23922962677004045,0.2269853758174789,99.58246346555325
2005-02-01,1.91,192.4,191.4,11229.0,0.010031297366061898,0.054000000000000006,94.1,13311.912225705328,,,2.5379232545045043,67.29729064530154,0.12464487919584988,0.009178845832824356,0.01427152018787825,8.38826266269161,0.13253896476437865,0.26311711144783656,0.13046159267089497,99.48024948024948
2005-03-01,2.079,193.1,191.7,11268.8,0.010027252704075007,0.052000000000000005,92.6,14643.192488262912,,,2.752468776540653,67.40277229208101,0.16036943920081548,0.0254042755509174,0.01378243189751327,10.809344793061296,0.12464487919584988,0.2045016952691534,0.08617829745865824,99.27498705334024
2005-04-01,2.243,193.7,192.1,11304.2,0.0007585237024816394,0.052000000000000005,87.7,14790.733992712128,,,2.9603962024608506,67.54341448778696,0.20692296781314412,0.05003609480059401,0.013529628002474814,13.976283782046194,0.16036943920081548,0.13253896476437865,0.23922962677004045,99.17398038203407
2005-05-01,2.161,193.6,192.6,11352.7,0.012308895230582984,0.051,86.9,15076.843198338525,,,2.853642730285813,67.71921723241941,0.05936670375880926,0.03073954561858816,0.012829091168625073,4.020266708215494,0.20692296781314412,0.12464487919584988,0.26311711144783656,99.48347107438018
2005-06-01,2.156,193.7,193.2,11375.5,0.019251336898395754,0.05,96.0,14876.293995859214,,,2.8455703131991057,67.93018052597834,0.0678380147841362,0.04026137806658925,0.014238841634123256,4.60824859081036,0.05936670375880926,0.16036943920081548,0.2045016952691534,99.74186886938566
2005-07-01,2.29,194.9,193.6,11387.1,0.015926654105567595,0.05,96.5,15532.024793388431,,,3.0038194757995558,68.07082272168431,0.16266469487901736,0.025854349088537454,0.01304212446065578,11.07271960818646,0.0678380147841362,0.20692296781314412,0.13253896476437865,99.33299127757824
2005-08-01,2.486,196.1,194.2,11405.3,0.015812300600610563,0.049,89.1,15133.882595262618,,,3.240960337412885,68.28178601524326,0.2771710766767732,0.03481416939987558,0.011592428999698257,18.92573614725801,0.16266469487901736,0.05936670375880926,0.12464487919584988,99.03110657827638
2005-09-01,2.903,198.8,194.6,11365.2,0.00978842951172032,0.05,76.9,14076.053442959917,,,3.733196425637156,68.42242821094922,0.4821264485307566,0.034697834607801514,0.007588921592964315,32.9882623131956,0.2771710766767732,0.0678380147841362,0.16036943920081548,97.88732394366197
2005-10-01,2.717,199.1,195.2,11428.7,0.015172833595590296,0.05,74.2,14559.938524590165,,,3.488739673112339,68.63339150450814,0.30186740331491735,0.02082340880927558,0.01295812098382454,20.71818367416198,0.4821264485307566,0.16266469487901736,0.20692296781314412,98.04118533400302
2005-11-01,2.257,198.1,195.6,11500.1,0.016799334201377025,0.05,81.6,13861.451942740285,,,2.912710149335353,68.7740337002141,0.10362975809350017,0.03624764937448055,0.0225856074550288,7.127036475467416,0.30186740331491735,0.2771710766767732,0.05936670375880926,98.73801110550228
2005-12-01,2.185,198.1,196.0,11535.2,0.014606245996048983,0.049,91.5,15141.326530612245,,,2.8197925016826524,68.91467589592007,0.14851134665799837,0.03384794626897225,-0.010618406381336265,10.23461132180259,0.10362975809350017,0.4821264485307566,0.0678380147841362,98.93992932862191
2006-01-01,2.316,199.3,196.6,11651.8,0.007006509985655773,0.047,91.2,14127.67039674466,,,2.970854907175113,69.125639189479,0.21601355700714375,0.05890929906461406,0.0378835790317551,14.932075201711774,0.14851134665799837,0.30186740331491735,0.16266469487901736,98.64525840441544
2006-02-01,2.28,199.4,197.2,11702.8,0.006328603025459678,0.048,86.7,13646.044624746452,,,2.923209077231695,69.33660248303795,0.15181145530833362,0.025100255573794472,0.04219431828301712,10.52609052908541,0.21601355700714375,0.10362975809350017,0.2771710766767732,98.89669007021062
2006-03-01,2.425,199.7,197.6,11747.5,0.008448707485030571,0.047,88.9,15404.352226720646,,,3.10444423927558,69.47724467874392,0.12787627810161606,0.051980450237735676,0.04248012210705676,8.88449146227308,0.15181145530833362,0.14851134665799837,0.4821264485307566,98.94842263395093
2006-04-01,2.742,200.7,198.0,11744.4,0.02123948601331538,0.047,87.4,14962.626262626261,,,3.492772214748381,69.61788687444987,0.17983268990988055,0.011621618643052445,0.03894127846287221,12.519571862474086,0.12787627810161606,0.21601355700714375,0.30186740331491735,98.65470852017938
2006-05-01,2.907,201.3,198.7,11736.8,0.023259661088016692,0.046,79.1,15385.505787619528,,,3.691912865126677,69.86401071693528,0.29375440938848896,0.020472627142200217,0.03383336122684466,20.522861205664388,0.17983268990988055,0.15181145530833362,0.10362975809350017,98.7083954297069
2006-06-01,2.885,201.8,199.2,11751.9,0.01628796813166633,0.046,84.9,15289.156626506025,,,3.6548944644037,70.03981346156775,0.28441544651016515,0.027753056692865208,0.03308865544371664,19.920404819160467,0.29375440938848896,0.12787627810161606,0.14851134665799837,98.71159563924677
2006-07-01,2.981,202.9,199.7,11746.9,0.016771422357546806,0.047,84.7,15527.791687531297,,,3.7560391863808116,70.2156162062002,0.25042107777832756,-0.00027254050347225167,0.031597158187773866,17.583470287226056,0.28441544651016515,0.17983268990988055,0.21601355700714375,98.42286840808279
2006-08-01,2.952,203.8,200.2,11737.0,0.01192864948631489,0.047,82.0,15577.92207792208,,,3.703073729146222,70.39141895083264,0.1425853276878486,0.029340751116865516,0.02908297019806594,10.036783537517108,0.25042107777832756,0.29375440938848896,0.15181145530833362,98.23356231599605
2006-09-01,2.555,202.8,200.5,11800.1,0.008762345689018902,0.045,85.4,14754.613466334164,,,3.2208695779914533,70.49690059761211,-0.13723543827680118,0.04820669558580182,0.03826593460739791,-9.674673050669385,0.1425853276878486,0.28441544651016515,0.12787627810161606,98.86587771203156
2006-10-01,2.245,201.9,201.1,11853.7,0.00818973302599213,0.044000000000000004,93.6,14869.21929388364,,,2.8426946487535085,70.70786389117106,-0.18518006067861392,0.02124190076566146,0.037187081645331466,-13.09368652582223,-0.13723543827680118,0.25042107777832756,0.17983268990988055,99.60376423972262
2006-11-01,2.229,202.0,201.6,11901.9,0.013955933355129568,0.045,92.1,14153.273809523811,,,2.8210376646039608,70.8836666358035,-0.031473260307865125,0.021052763302791266,0.0349388266188988,-2.2309400916045776,-0.18518006067861392,0.1425853276878486,0.29375440938848896,99.8019801980198
2006-12-01,2.313,203.1,202.2,11958.6,0.017548146018971034,0.044000000000000004,91.7,15867.952522255195,,,2.9114939697193503,71.09462992936244,0.03252064397716392,0.047989585996569106,0.03670504195852686,2.3120431486210187,-0.031473260307865125,-0.13723543827680118,0.28441544651016515,99.55686853766618
2007-01-01,2.24,203.437,203.171,11956.6,0.015667350147309467,0.046,96.9,14088.624852956378,,,2.814934287600912,71.43603885943865,-0.052483417886759254,-0.0027637637835377094,0.026159048387373707,-3.7492074796346917,0.03252064397716392,-0.18518006067861392,0.25042107777832756,99.86924699046878
2007-02-01,2.278,204.226,203.909,11996.0,0.005223171223349254,0.045,91.3,13771.339175808816,,,2.8516280240191425,71.69552371051616,-0.024487147966966716,0.009181748595131323,0.025053833270670234,-1.7556188976685796,-0.052483417886759254,-0.031473260307865125,0.1425853276878486,99.84477980276752
2007-03-01,2.563,205.288,204.082,12035.1,-0.0010809116575187794,0.044000000000000004,88.4,15885.771405611471,,,3.191796749363496,71.75635146015897,0.028137889862148047,0.0312521534047856,0.024481804639284954,2.0190723142955393,-0.024487147966966716,0.03252064397716392,-0.13723543827680118,99.41253263707571
2007-04-01,2.845,205.904,204.725,12052.8,-0.004877897852350488,0.045,87.1,15003.052875809013,,,3.5323820789461764,71.9824337897563,0.01134052316109857,0.0027018394012641167,0.02625932359252059,0.8163184575849757,0.028137889862148047,-0.052483417886759254,-0.18518006067861392,99.42740306162095
2007-05-01,3.146,206.755,205.233,12059.9,-0.011109818092890356,0.044000000000000004,88.3,15780.600585675793,,,3.8900293930819894,72.16104937830288,0.053662297890802124,0.0256796756317359,0.02752879830959043,3.8723277278513706,0.01134052316109857,-0.024487147966966716,-0.031473260307865125,99.26386302628715
2007-06-01,3.056,207.234,205.934,12053.3,-0.011678147099833724,0.046,85.3,15832.742529159827,,,3.7700102042457644,72.40752482627757,0.03149632389203494,0.035553687880429896,0.02564691666879404,2.280570854148999,0.053662297890802124,0.028137889862148047,0.03252064397716392,99.37268980958723
2007-07-01,2.965,207.603,206.931,12066.4,-0.009413092668047573,0.047,90.4,15779.172767734173,,,3.6512473788111603,72.75807549907468,-0.027899551194678796,0.01618910694202147,0.02719866517974956,-2.029917652212739,0.03149632389203494,0.01134052316109857,-0.052483417886759254,99.6763052557044
2007-08-01,2.786,207.667,207.756,12070.9,-0.008472840499727852,0.046,83.4,15964.881880667706,,,3.4297606127438,73.04815002771822,-0.07380709550858355,0.024840270789006524,0.02844849620857115,-5.391471785821139,-0.027899551194678796,0.053662297890802124,-0.024487147966966716,100.04285707406568
2007-09-01,2.803,208.547,208.805,12089.6,-0.004898677136289553,0.047,83.4,14560.475084408898,,,3.43612802429828,73.41698418595709,0.06683240072113161,-0.013157808733399556,0.024533690392454233,4.906633306852867,-0.07380709550858355,0.03149632389203494,0.028137889862148047,100.12371311982432
2007-10-01,2.803,209.19,209.275,12080.4,-0.006992319960953841,0.047,80.9,14918.169872177756,,,3.425566189030706,73.5822387659116,0.20504190998241079,0.0032920745418187902,0.019124830221787237,15.087442777344304,0.06683240072113161,-0.027899551194678796,0.01134052316109857,100.04063291744347
2007-11-01,3.08,210.834,209.854,12070.1,-0.013112010391686635,0.047,76.1,14384.286218037301,,,3.7347389731573974,73.78581834419597,0.32388837625877964,0.01632218888876724,0.014132197380250178,23.89836889442691,0.20504190998241079,-0.07380709550858355,0.053662297890802124,99.53517933540131
2007-12-01,3.018,211.445,210.233,12120.5,-0.017386205443821412,0.05,75.5,15576.051333520429,,,3.648984352905011,73.91907682462737,0.25330307768308735,-0.018395642936627654,0.01353837405716396,18.72392965917069,0.32388837625877964,0.06683240072113161,0.03149632389203494,99.42680129584525
2008-01-01,3.043,212.174,211.07,12137.1,-0.018196318569782433,0.05,78.4,14135.121049888665,,,3.6665699429870457,74.21337061914208,0.3025419311340154,0.003300265101638278,0.015096264824448369,22.452656463079645,0.25330307768308735,0.20504190998241079,-0.027899551194678796,99.47967234439658
2008-02-01,3.028,212.687,211.878,12141.8,-0.012093393046936685,0.049,70.8,14322.393075260292,,,3.6396959961508384,74.49746785446813,0.2763572126146301,0.04001454705432539,0.012154051350450112,20.58791256310882,0.3025419311340154,0.32388837625877964,-0.07380709550858355,99.6196288442641
2008-03-01,3.244,213.448,212.537,12145.9,-0.005231809081254868,0.051,69.5,15399.201080282492,,,3.885428677398399,74.72917587189369,0.21731707326703242,-0.03062931682103298,0.009206404599878537,16.23992578813727,0.2763572126146301,0.25330307768308735,0.06683240072113161,99.57319815599115
2008-04-01,3.458,213.942,213.083,12100.8,-0.017628705643476295,0.05,62.6,14909.683081240644,,,4.132178969845411,74.92115246903232,0.16979955098123845,-0.0062233863561808045,0.0039824771007566095,12.721578048238593,0.21731707326703242,0.3025419311340154,0.20504190998241079,99.59848931018686
2008-05-01,3.766,215.208,213.967,12696.2,-0.015190061370684127,0.054000000000000006,59.8,16013.68435319465,,,4.473753897779513,75.23197172154251,0.15005657945300288,0.014770272288016084,0.052761631522649566,11.289052342039708,0.16979955098123845,0.2763572126146301,0.32388837625877964,99.42334857440245
2008-06-01,4.054,217.463,215.015,12376.6,-0.016454873642551604,0.055999999999999994,56.4,15227.774806408857,,,4.765939828078034,75.6004542742921,0.2641715989815252,-0.03820991351541114,0.02682252992956302,19.971492889369426,0.15005657945300288,0.21731707326703242,0.25330307768308735,98.87429125874286
2008-07-01,4.062,219.016,216.376,12188.7,-0.025945488263535932,0.057999999999999996,61.2,15495.711169445778,,,4.74148369753808,76.07898934518164,0.2985928384512524,-0.01796428763794433,0.010135583106809065,22.716641375080375,0.2641715989815252,0.16979955098123845,0.3025419311340154,98.79460861306937
2008-08-01,3.779,218.69,217.063,12120.6,-0.029884224289653316,0.061,63.0,15749.344660305993,,,4.417719659868612,76.32054231630661,0.28805481159644186,-0.013500708741397749,0.004117340049209384,21.98449943786197,0.2985928384512524,0.15005657945300288,0.2763572126146301,99.25602450957976
2008-09-01,3.703,218.877,218.225,12149.0,-0.030916634586811487,0.061,70.3,13986.48184213541,,,4.325175857140464,76.72910789483244,0.25873536333784997,-0.03942132649834407,0.004913313922710438,19.852533609758563,0.28805481159644186,0.2641715989815252,0.21731707326703242,99.70211580019827
2008-10-01,3.051,216.995,219.29,12240.5,-0.027854442430482518,0.065,57.6,14603.03707419399,,,3.5945345825940693,77.10356774089955,0.04932568347516719,-0.021124092344027123,0.01325287242144313,3.803186177193723,0.25873536333784997,0.2985928384512524,0.16979955098123845,101.05762805594598
2008-11-01,2.147,213.153,220.043,12345.9,-0.02234750327367463,0.068,55.3,13917.279804401865,,,2.5750803245399627,77.36832667431602,-0.31050594350829397,-0.03246642944644895,0.022849852113901337,-24.023325271666405,0.04932568347516719,0.28805481159644186,0.15005657945300288,103.23241990495092
2008-12-01,1.687,211.398,220.684,12288.8,-0.016759538522351125,0.073,60.1,14567.435790542131,,,2.040160777695784,77.59370579293481,-0.4408962658139157,-0.06475425134274615,0.013885565776989406,-34.21077513476856,-0.31050594350829397,0.25873536333784997,0.2641715989815252,104.39266218223446
2009-01-01,1.788,211.933,221.319,12361.5,-0.008675870024377641,0.078,61.2,14002.412806853457,,,2.1568458852561894,77.81697527861803,-0.41175378656514294,-0.009388546625587857,0.018488765850161792,-32.041434230017096,-0.4408962658139157,0.04932568347516719,0.2985928384512524,104.42875814526289
2009-02-01,1.923,212.705,221.968,12241.9,-0.0008545897612055597,0.083,56.3,13440.67613349672,,,2.3112757939399637,78.04516724115095,-0.3649810873259046,-0.061562124229546655,0.008244247146222072,-28.485010000207346,-0.41175378656514294,-0.31050594350829397,0.28805481159644186,104.3548576667215
2009-03-01,1.959,212.495,222.216,12242.7,0.002982411135777019,0.087,57.3,14747.362926161932,,,2.356871506388386,78.13236540248865,-0.393407600016352,-0.04232934882285477,0.007969767575889852,-30.737866356593713,-0.3649810873259046,-0.4408962658139157,0.25873536333784997,104.57469587519705
2009-04-01,2.049,212.709,222.905,12320.0,0.022813207179874118,0.09,65.1,14315.066956775308,,,2.462670330122374,78.37462158459216,-0.404026217621812,-0.03988120479995194,0.01811450482612731,-31.6654019163636,-0.393407600016352,-0.41175378656514294,0.04932568347516719,104.79340319403505
2009-05-01,2.266,213.022,223.023,12500.1,0.026913518778695966,0.094,68.7,15293.938293359877,,,2.719478522562615,78.41611103232542,-0.3921260344892036,-0.044945687947894886,-0.015445566389943433,-30.748998659170855,-0.404026217621812,-0.3649810873259046,-0.31050594350829397,104.69482025330717
2009-06-01,2.631,214.79,223.163,12273.2,0.03029182241917261,0.095,70.8,14569.171412823809,,,3.131532877461707,78.46533580082252,-0.3429348690026236,-0.04325014008664385,-0.00835447538096079,-26.90849965410194,-0.3921260344892036,-0.393407600016352,-0.4408962658139157,103.89822617440292
2009-07-01,2.527,214.726,223.345,12218.7,0.04137793099714093,0.095,66.0,14960.71100763393,,,3.008643937312358,78.52932799986871,-0.36546361239741565,-0.034525692687583986,0.0024612961185359605,-28.69961188997354,-0.3429348690026236,-0.404026217621812,-0.41175378656514294,104.01395266525712
2009-08-01,2.616,215.445,223.675,12194.8,0.04738471100887165,0.096,65.7,14829.104727841735,,,3.1042129452992646,78.64535781132614,-0.2973268599412242,-0.0584303634413178,0.006121809151361957,-23.38337728699563,-0.36546361239741565,-0.3921260344892036,-0.3649810873259046,103.8200004641556
2009-09-01,2.554,215.861,224.003,12230.6,0.051427318449993376,0.098,73.5,13540.443654772484,,,3.0248015984051464,78.76068441180502,-0.3006523437858649,-0.031890663599133284,0.006716602189480669,-23.679584366588013,-0.2973268599412242,-0.3429348690026236,-0.393407600016352,103.77187171374172
2009-10-01,2.551,216.509,224.224,12193.2,0.050104062152264706,0.1,70.6,14208.559297845013,,,3.012206144240348,78.83838922493256,-0.16200384916966692,-0.027013406481456115,-0.0038642212327927306,-12.772122516775468,-0.3006523437858649,-0.36546361239741565,-0.404026217621812,103.56336226207688
2009-11-01,2.651,217.234,224.633,12224.4,0.04944438504574711,0.099,67.4,13319.948538282444,,,3.1198385078609547,78.9821958700419,0.21154997695783062,-0.04292011618035396,-0.009841323840303229,16.70868171638623,-0.16200384916966692,-0.2973268599412242,-0.3921260344892036,103.40600458491764
2009-12-01,2.607,217.347,224.789,12280.2,0.04289367952949685,0.099,72.5,14205.766296393509,,,3.0664618547760036,79.03704632636722,0.5030491166678313,-0.024827258506499472,-0.0006998242301932134,39.759516338513485,0.21154997695783062,-0.3006523437858649,-0.3429348690026236,103.42401781483066
2010-01-01,2.715,217.488,224.916,12285.8,0.035503265296807696,0.098,74.4,13552.17058813068,,,3.1914255671577285,79.08170022350387,0.47967251113013676,-0.032154616845920025,-0.006123852283299036,37.9333177306488,0.5030491166678313,-0.16200384916966692,-0.36546361239741565,103.41536084749504
2010-02-01,2.644,217.281,225.081,12292.0,0.02871733534167531,0.098,73.6,13362.30068286528,,,3.1109274641286326,79.13971512923257,0.34597847313821695,-0.005831213389340784,0.004092501980901719,27.380637805005332,0.47967251113013676,0.21154997695783062,-0.2973268599412242,103.58982147541663
2010-03-01,2.772,217.353,224.991,12340.3,0.01893636981890623,0.099,73.6,14953.931490592955,,,3.260451712191688,79.10807063519874,0.3833811912758567,0.01400715270013242,0.007972097658196287,30.32854635965711,0.34597847313821695,0.5030491166678313,-0.3006523437858649,103.51409918427628
2010-04-01,2.848,217.403,225.276,12447.1,0.011035322594588726,0.099,72.2,14776.096876720112,,,3.3490731835960563,79.20827819963924,0.35993565303141306,0.032205921309127916,0.010316558441558543,28.50988333928099,0.3833811912758567,0.47967251113013676,-0.16200384916966692,103.6213851694779
2010-05-01,2.836,217.29,225.573,12540.3,0.00839749283593827,0.096,73.6,15348.911438869012,,,3.3366962415819104,79.31270502995092,0.2269617920856679,0.0035944401274983218,0.0032159742722057683,18.000953668759628,0.35993565303141306,0.34597847313821695,0.21154997695783062,103.8119563716692
2010-06-01,2.732,217.199,225.797,12544.3,0.009369941840270402,0.094,76.0,14878.408481955032,,,3.2156817373315105,79.39146465954624,0.026871459813001097,0.02122543968828805,0.022088778802594078,2.1333645520942937,0.2269617920856679,0.3833811912758567,0.5030491166678313,103.95858176142616
2010-07-01,2.729,217.605,225.71,12554.2,0.004029692014063668,0.094,67.8,15534.092419476317,,,3.2061574868071356,79.3608749819802,0.06564869542895058,0.03832581296101578,0.027457912871254653,5.209937910667042,0.026871459813001097,0.35993565303141306,0.47967251113013676,103.72463868017738
2010-08-01,2.73,217.923,226.422,12591.4,0.004833920344369247,0.095,68.9,15174.320516557578,,,3.202652095006034,79.6112180903368,0.03171146807303815,0.02327961094426012,0.03252205858234669,2.5245886007273928,0.06564869542895058,0.2269617920856679,0.34597847313821695,103.90000137663303
2010-09-01,2.705,218.275,227.075,12589.9,0.00027287634601558253,0.095,68.2,13995.375977100079,,,3.1682063356622,79.84081647482678,0.047409634183169125,0.033598036661616204,0.029377136035844353,3.7852239019570804,0.03171146807303815,0.026871459813001097,0.3833811912758567,104.03161149925553
2010-10-01,2.801,219.035,227.287,12592.5,-0.0006833548328450956,0.094,67.7,14786.151429690215,,,3.269262382343766,79.91535683855095,0.08533819592491576,0.04065099914336878,0.032747761047140944,6.819832379297817,0.047409634183169125,0.06564869542895058,0.35993565303141306,103.76743442828773
2010-11-01,2.859,219.59,227.512,12605.1,-0.004626353467954258,0.098,71.6,13873.114385175288,,,3.3285246857780413,79.99446807363555,0.0668900577357665,0.0415291279319141,0.031142632767252376,5.350834587987412,0.08533819592491576,0.03171146807303815,0.2269617920856679,103.60763240584726
2010-12-01,2.993,220.472,227.722,12680.6,-0.0036937757694097684,0.09300000000000001,74.5,14864.176495902899,,,3.4705911948758423,80.06830522638117,0.13179010835253302,0.04634809455344513,0.03260533216071404,10.55221062138846,0.0668900577357665,0.047409634183169125,0.026871459813001097,103.28839943394172
2011-01-01,3.095,221.187,228.181,12740.1,-0.006499777629522141,0.091,74.2,13920.089753309872,,,3.5772660482608236,80.22969214595376,0.12089910072592525,0.027148356994666445,0.036977648993146595,9.699697631963637,0.13179010835253302,0.08533819592491576,0.06564869542895058,103.16203031823751
2011-02-01,3.211,221.898,228.606,12776.6,-0.01229992655868406,0.09,77.5,13987.821841946405,,,3.6994494996950555,80.37912447889134,0.1891789642646866,0.046812384627988646,0.03942401561991549,15.206039517418981,0.12089910072592525,0.0668900577357665,0.03171146807303815,103.02301057242518
2011-03-01,3.561,223.046,229.282,12742.7,-0.016386256378114084,0.09,67.5,15687.232316535968,,,4.08157442523067,80.61680978963443,0.2518432369259105,0.04903732683303441,0.03260860757031847,20.302798328061964,0.1891789642646866,0.13179010835253302,0.047409634183169125,102.79583583655389
2011-04-01,3.8,224.093,230.082,12721.3,-0.017498735637418106,0.091,69.8,15397.553915560538,,,4.335163600231453,80.89809418104633,0.2944368076115269,0.04205826775672672,0.02202922769159077,23.819376592523923,0.2518432369259105,0.12089910072592525,0.08533819592491576,102.67255112832618
2011-05-01,3.906,224.806,230.501,12705.3,-0.022554179568937682,0.09,74.3,15889.735836287045,,,4.441958802256168,81.04541688104833,0.33124458465846396,0.03523535851855075,0.013157579962201904,26.845855453234915,0.2944368076115269,0.1891789642646866,0.0668900577357665,102.53329537467862
2011-06-01,3.68,224.806,231.097,12756.9,-0.024704648102549687,0.091,71.5,15528.544290925456,,,4.184948385126138,81.2549737526502,0.3014187121014533,0.04369659629650102,0.016947936512997863,24.49176954036122,0.33124458465846396,0.2518432369259105,0.13179010835253302,102.79841285374944
2011-07-01,3.65,225.395,231.58,12805.6,-0.028423186693393943,0.09,63.7,16083.426893514119,,,4.139985044773249,81.42479920396516,0.29126066383472304,0.035363152169035406,0.020025170859154784,23.71584106875592,0.3014187121014533,0.2944368076115269,0.12089910072592525,102.74407151888907
2011-08-01,3.639,226.106,232.513,12799.7,-0.03407094610854666,0.09,55.8,15680.413568273601,,,4.114529250661195,81.7528471254493,0.2847256363178101,0.03335194160185262,0.016543037311180786,23.277131418586208,0.29126066383472304,0.33124458465846396,0.1891789642646866,102.83362670605823
2011-09-01,3.611,226.597,233.032,12781.7,-0.03742578664571927,0.09,59.5,14862.765628754849,,,4.074023391380586,81.93533037437778,0.2859084793569979,0.06197687386705697,0.015234433951024418,23.426005712951596,0.2847256363178101,0.3014187121014533,0.2518432369259105,102.83984342246366
2011-10-01,3.448,226.75,233.459,12791.9,-0.034996807581624934,0.08800000000000001,60.8,15264.350485524224,,,3.8874977170158034,82.08546591829389,0.18910545021131608,0.0323410089574625,0.01583482231486988,15.52280898828461,0.2859084793569979,0.29126066383472304,0.2944368076115269,102.95876515986771
2011-11-01,3.384,227.169,234.046,12782.7,-0.03043173774802166,0.086,63.7,14348.888680003078,,,3.808302814204403,82.29185834049238,0.1441413760505772,0.03429469992233325,0.014089535188138269,11.86166169895774,0.18910545021131608,0.2847256363178101,0.33124458465846396,103.0272616422135
2011-12-01,3.266,227.223,234.435,12898.5,-0.030336453461682567,0.085,69.9,15692.62268859172,,,3.6746338934292155,82.42863287581643,0.05879191385451343,0.05573441575570448,0.017183729476523135,4.846137083180314,0.1441413760505772,0.2859084793569979,0.3014187121014533,103.17397446561307
2012-01-01,3.38,227.842,235.268,12967.5,-0.022291136581033877,0.083,75.0,14490.283421459782,,,3.792565601015909,82.72152024837409,0.060185501958893495,0.04096192468976945,0.017849153460333778,4.978636218951166,0.05879191385451343,0.18910545021131608,0.29126066383472304,103.25927616506175
2012-02-01,3.579,228.329,235.603,13029.6,-0.014152915989889658,0.083,75.3,14873.32504255039,,,4.0072903387217575,82.83930808727784,0.08321260745742776,0.06330529589307154,0.01980182521171514,6.893274825911572,0.060185501958893495,0.1441413760505772,0.2847256363178101,103.18575389021983
2012-03-01,3.852,228.807,236.073,13066.4,-0.005588649020485281,0.08199999999999999,76.2,16539.375532144717,,,4.303949402771769,83.00456266723234,0.05448264673711822,0.05432081315647386,0.025402779630690375,4.522308265367811,0.08321260745742776,0.05879191385451343,0.2859084793569979,103.17560214503926
2012-04-01,3.9,229.187,236.695,13116.5,-0.00382864501208946,0.08199999999999999,76.4,15692.346690889119,,,4.3503561502179435,83.22326128155511,0.0035044928836549527,0.019145429004191916,0.031066007404903617,0.2916553269157666,0.05448264673711822,0.060185501958893495,0.18910545021131608,103.27592751770386
2012-05-01,3.732,228.713,237.262,13112.5,0.002589044842120636,0.08199999999999999,79.3,16265.141489155449,,,4.171583779671467,83.4226215939683,-0.06086842193299302,0.023625669849784314,0.032049617088931504,-5.077803329938077,0.0035044928836549527,0.08321260745742776,0.1441413760505772,103.73787235530993
2012-06-01,3.539,228.524,237.839,13097.2,0.003245986537591561,0.08199999999999999,73.2,16145.796105769028,,,3.9591224222255286,83.62549796127415,-0.05396146908363919,0.039749496364851256,0.026675759784900777,-4.5125547228412275,-0.06086842193299302,0.05448264673711822,0.05879191385451343,104.07615830284784
2012-07-01,3.439,228.59,238.337,12999.8,0.00945760253155048,0.08199999999999999,72.3,16148.562749384277,,,3.8461404002070667,83.80059749492807,-0.07097722368276738,0.0040498742153280975,0.01516524020740917,-5.9479337531470655,-0.05396146908363919,0.0035044928836549527,0.060185501958893495,104.2639660527582
2012-08-01,3.722,229.918,239.057,12961.6,0.013435176332489585,0.081,74.3,16151.37812320911,,,4.1386012194202575,84.0537534471988,0.0058504794333869015,0.030035212584470283,0.012648733954702118,0.49175475584180994,-0.07097722368276738,-0.06086842193299302,0.08321260745742776,103.97489539748955
2012-09-01,3.849,231.015,239.565,13053.1,0.01993655386042148,0.078,78.3,15060.630726525162,,,4.2594930772893544,84.23236903574536,0.04552494379417826,0.013312804811205892,0.021233482244146007,3.834673866002789,0.0058504794333869015,-0.05396146908363919,0.05448264673711822,103.70105837283295
2012-10-01,3.746,231.638,239.742,13142.0,0.016451415039401285,0.078,82.6,15342.326334142539,,,4.134358685391286,84.29460320734525,0.06350125102195103,0.0051083633523916205,0.027368881870558637,5.352812758065389,0.04552494379417826,-0.07097722368276738,0.0035044928836549527,103.49856241203948
2012-11-01,3.452,231.249,240.038,13315.7,0.012833645154030293,0.077,82.7,15033.869637307424,,,3.816287714397324,84.39867843216766,0.002096708319290874,0.047737561603565126,0.04169698107598552,0.1769594112058812,0.06350125102195103,0.0058504794333869015,-0.06086842193299302,103.80066508395713
2012-12-01,3.31,231.221,240.359,13642.7,0.01246677854947853,0.079,72.9,16218.240215677382,,,3.659745658194253,84.5115437942217,-0.0040516240982768625,0.03349456222303604,0.05769663139124703,-0.34240900741924907,0.002096708319290874,0.04552494379417826,-0.05396146908363919,103.95206317765255
2013-01-01,3.319,231.679,240.713,12845.5,0.011245036554011989,0.08,73.8,14969.278767661075,0.009,-0.021,3.6624421034419754,84.63601213742147,-0.034310150769462644,0.03305631313545687,-0.009408135723925182,-2.903874336961001,-0.0040516240982768625,0.06350125102195103,-0.07097722368276738,103.89936075345629
2013-02-01,3.67,232.937,240.93,12813.9,0.009974126010162898,0.077,77.6,14779.396505208982,-0.021,-0.059,4.027891579411314,84.71231052859196,0.005140940373221881,-0.006315234627945809,-0.016554614109412502,0.4355009373053474,-0.034310150769462644,0.002096708319290874,0.0058504794333869015,103.43139990641245
2013-03-01,3.711,232.282,241.409,12852.1,0.011657542451384062,0.075,78.6,16964.98473544897,-0.008,0.011,4.084374754608622,84.88072955794983,-0.05101701428500516,0.02573308783497108,-0.01640084491520233,-4.3303613923795865,0.005140940373221881,-0.0040516240982768625,0.04552494379417826,103.9292756218734
2013-04-01,3.57,231.797,242.236,12893.4,0.013128841300353633,0.076,76.4,16021.565745801616,0.011,-0.005,3.9374095544808605,85.1715072975719,-0.09492248024713912,0.020979593517624684,-0.017009110662143168,-8.084690719072835,-0.05101701428500516,-0.034310150769462644,0.06350125102195103,104.50350953636156
2013-05-01,3.615,231.893,242.642,12954.2,0.014617253339718417,0.075,84.5,16767.501092143983,0.021,-0.008,3.9853901961249374,85.31425912621346,-0.044633787400811364,0.030885658346315292,-0.012072449952335473,-3.807898504097142,-0.09492248024713912,0.005140940373221881,0.002096708319290874,104.63532750018328
2013-06-01,3.626,232.445,243.016,12955.7,0.012721152577744865,0.075,84.1,16221.565658228266,0.004,-0.031,3.9880241225522886,85.44575957919852,0.007300026936402082,0.004692834714552507,-0.010803835934398154,0.6237563465294854,-0.044633787400811364,-0.05101701428500516,-0.0040516240982768625,104.54774247671492
2013-07-01,3.591,232.9,243.409,12941.8,0.01163294854343988,0.073,85.1,16273.02195070848,0.004,-0.044,3.9418137687848867,85.58394053647963,0.024875162792463046,0.007707137982229995,-0.004461607101647669,2.128914453265408,0.007300026936402082,-0.09492248024713912,-0.034310150769462644,104.51223701159296
2013-08-01,3.574,233.456,243.811,12969.6,0.01031143813478641,0.07200000000000001,82.1,16616.96970194126,-0.003,-0.029,3.913809595098577,85.72528594316412,-0.054315845476208824,0.028826740057748212,0.0006172077521293673,-4.656241384692719,0.024875162792463046,-0.044633787400811364,0.005140940373221881,104.43552532382976
2013-09-01,3.532,233.544,244.036,13027.5,0.008951574767447124,0.07200000000000001,77.5,15123.588323034306,-0.001,-0.039,3.866358905959191,85.80439717824872,-0.09229599959353496,0.00418027622165007,-0.001961219940090908,-7.919402607087156,-0.054315845476208824,0.007300026936402082,-0.05101701428500516,104.49251532901722
2013-10-01,3.344,233.669,244.35,12974.6,0.011384966551846398,0.07200000000000001,73.2,15874.769797421732,-0.005,-0.018,3.6586035745720085,85.9148013018779,-0.11507349676755263,0.03470421966545589,-0.01273778724699437,-9.886516609896573,-0.09229599959353496,0.024875162792463046,-0.09492248024713912,104.57099572472171
2013-11-01,3.243,234.1,244.97,12998.9,0.015132010610030555,0.069,75.1,15706.004816916357,-0.011,-0.031,3.5415691061512176,86.13279670522213,-0.07198582203582371,0.04470806225038637,-0.023791464211419644,-6.200340175069903,-0.11507349676755263,-0.054315845476208824,-0.044633787400811364,104.64331482272533
2013-12-01,3.276,234.719,245.3,13019.1,0.016511741228956822,0.067,82.5,16366.490012229922,-0.03,-0.052,3.5681724231953953,86.24882651667957,-0.025021748381290676,0.009140929877782478,-0.04570942701957825,-2.1580964352819474,-0.07198582203582371,-0.09229599959353496,0.007300026936402082,104.5079435410001
2014-01-01,3.313,235.288,245.481,13079.5,0.015417501885014229,0.066,81.2,15121.740582774228,-0.033,-0.042,3.5997458798720436,86.3124671102365,-0.017118693428903486,0.010184980684742495,0.01821649604920017,-1.4775566635524537,-0.025021748381290676,-0.11507349676755263,0.024875162792463046,104.33213763557852
2014-02-01,3.356,235.547,246.187,13148.0,0.012163303296776506,0.067,81.6,14983.325683322028,-0.019,-0.04,3.64245806427875,86.56070058565753,-0.095691134563482,0.013798207392377027,0.026073248581618413,-8.28309164765143,-0.017118693428903486,-0.07198582203582371,-0.054315845476208824,104.51714519819824
2014-03-01,3.533,236.028,246.878,13219.9,0.007777369319625027,0.067,80.0,17291.536710439977,0.0,-0.036,3.8267518129911147,86.80365997873956,-0.06307524580765211,0.01924858643159677,0.02861789123956382,-5.475162190162852,-0.095691134563482,-0.025021748381290676,-0.09229599959353496,104.59691223075227
2014-04-01,3.661,236.468,247.534,13270.2,0.004050755290170072,0.062,84.1,16544.393901443844,-0.006,-0.024,3.958015915825116,87.03431317969734,0.005233481825837716,0.03263277534402231,0.029224254269626382,0.455492496250214,-0.06307524580765211,-0.017118693428903486,-0.11507349676755263,104.67970296192297
2014-05-01,3.673,236.918,247.952,13312.9,-0.005677832732697619,0.063,81.9,17686.487707298187,-0.003,-0.02,3.9634470094434926,87.18128427421007,-0.005505906724711851,0.054807607293657634,0.02768986120331629,-0.48001201935438875,0.005233481825837716,-0.095691134563482,-0.07198582203582371,104.65730759165619
2014-06-01,3.692,237.231,248.445,13360.4,-0.002778700711765003,0.061,82.5,16739.721065024452,-0.001,-0.029,3.9786930783357435,87.35462578041766,-0.0023397662425805876,0.0319423795281657,0.031237216051621886,-0.20438940453428117,-0.005505906724711851,-0.06307524580765211,-0.025021748381290676,104.72703820327023
2014-07-01,3.611,237.498,249.21,13386.8,-0.002936335465499207,0.062,81.8,17033.826892981822,-0.012,-0.031,3.8870284314674937,87.62360397970531,-0.013898509805622128,0.046752529713156354,0.034384706918666685,-1.2178375191158843,-0.0023397662425805876,0.005233481825837716,-0.017118693428903486,104.93140994871537
2014-08-01,3.487,237.46,249.801,13445.9,-0.003709292549925358,0.061,82.5,17425.07035600338,-0.003,-0.02,3.7541504172632587,87.83140282386086,-0.0407938030596241,0.04863104817286357,0.036724339995065414,-3.582976949247092,-0.013898509805622128,-0.005505906724711851,-0.095691134563482,105.19708582498104
2014-09-01,3.406,237.477,250.57,13486.3,-0.004365237919079057,0.059000000000000004,84.6,15937.662130342818,0.003,-0.01,3.666682242210123,88.10178744510557,-0.0516446270524209,0.053828085631544065,0.035217808482057134,-4.5499839552541355,-0.0407938030596241,-0.0023397662425805876,-0.06307524580765211,105.51337603220523
2014-10-01,3.171,237.43,251.1,13550.7,-0.003974322657226859,0.057,86.9,16954.99800876145,0.009,0.002,3.4143719906919934,88.28813835441596,-0.06675541061006751,0.06804685832453217,0.04440213956499628,-5.893710927847488,-0.0516446270524209,-0.013898509805622128,0.005233481825837716,105.75748641704922
2014-11-01,2.912,236.983,251.987,13624.4,-0.004531841300233763,0.057999999999999996,88.8,16216.709592161502,-0.014,-0.021,3.141408129134439,88.60001242339392,-0.11298974127647377,0.03251652990040377,0.04811945626168379,-10.010892480811641,-0.06675541061006751,-0.0407938030596241,-0.005505906724711851,106.33125582847714
2014-12-01,2.543,236.252,252.628,13719.1,-0.006721942574776429,0.055999999999999994,93.6,17494.497838719384,0.018,0.003,2.751826521750786,88.82539154201272,-0.2287854410111576,0.0689217923724974,0.05376715748400418,-20.32195637692813,-0.11298974127647377,-0.0516446270524209,-0.0023397662425805876,106.93158153158491
2015-01-01,2.116,234.747,253.037,13797.7,-0.002582485560763903,0.057,98.1,16513.000075087835,-0.007,0.012,2.304442085876852,88.96919818712207,-0.3598320095976426,0.09200392538795743,0.0549103559004549,-32.013965375963075,-0.2287854410111576,-0.06675541061006751,-0.013898509805622128,107.79136687582802
2015-02-01,2.216,235.342,253.719,13848.0,0.0016822063170962576,0.055,95.4,15898.296934797947,-0.035,-0.017,2.407246155240742,89.20899313080074,-0.3391149293252316,0.0610659656483592,0.05324003650745368,-30.25210140072656,-0.3598320095976426,-0.11298974127647377,-0.0407938030596241,107.80863594258567
2015-03-01,2.464,235.976,254.108,13811.3,0.009973746057793331,0.054000000000000006,93.0,18223.353849544288,-0.03,-0.018,2.669457764066402,89.34576766612479,-0.3024220293032627,0.05388862509494108,0.044735588015037964,-27.02012836724729,-0.3391149293252316,-0.2287854410111576,-0.0516446270524209,107.68383225412754
2015-04-01,2.469,236.222,254.727,13842.0,0.015761276189695472,0.054000000000000006,95.9,17702.874057324116,-0.017,-0.016,2.6720890867489056,89.56341146397976,-0.32489177821007753,0.07002252018305555,0.04308902654067004,-29.098416013093228,-0.3024220293032627,-0.3598320095976426,-0.06675541061006751,107.83373267519536
2015-05-01,2.718,237.001,255.322,13865.6,0.023480041940017626,0.055999999999999994,90.7,18829.948065579934,-0.02,-0.019,2.9319020658140684,89.77261673009237,-0.2602645982579349,0.0646516355991873,0.04151612345920119,-23.364634027821054,-0.32489177821007753,-0.3391149293252316,-0.11298974127647377,107.730347129337
2015-06-01,2.802,237.657,255.846,13874.1,0.02044357297236976,0.053,96.1,17768.892224228635,-0.011,-0.011,3.0141697425280976,89.95685800646717,-0.2424221513992978,0.061480783055251065,0.03844944762132885,-21.80753505104892,-0.2602645982579349,-0.3024220293032627,-0.2287854410111576,107.65346697130738
2015-07-01,2.794,238.034,255.905,13905.7,0.0181371600241087,0.052000000000000005,93.1,18134.854731247924,-0.008,-0.013,3.0008037416223456,89.9776027303338,-0.22799542258829486,0.06463772616591168,0.03876206412286742,-20.51448155798417,-0.2424221513992978,-0.32489177821007753,-0.3598320095976426,107.50775099355553
2015-08-01,2.636,238.033,256.449,13935.8,0.017589203239338547,0.051,91.9,18025.02641850816,-0.007,-0.007,2.8311209356125695,90.16887611649392,-0.24586907264189195,0.034430624970078316,0.03643489837050695,-22.169737951924,-0.22799542258829486,-0.2602645982579349,-0.3391149293252316,107.73674238445932
2015-09-01,2.365,237.498,257.83,13972.2,0.021225149389617615,0.05,87.2,16686.96427878835,-0.011,-0.009,2.5457829522073174,90.65444329716873,-0.30569850779520347,0.04701455849154801,0.036029155513372935,-27.712928040949365,-0.24586907264189195,-0.2424221513992978,-0.3024220293032627,108.56091419717218
2015-10-01,2.29,237.733,258.363,13996.9,0.022037884067490854,0.05,90.0,17759.121855683672,-0.027,-0.029,2.4626131661710127,90.84184902294692,-0.27875077089303535,0.04742695024244137,0.03292818821167898,-25.322235444495185,-0.30569850779520347,-0.22799542258829486,-0.32489177821007753,108.67780240858443
2015-11-01,2.158,238.017,258.805,13993.4,0.024188139551333032,0.051,91.3,16664.283920326114,-0.016,-0.019,2.3178944144045732,90.99725864920201,-0.2621479543177889,0.027599577190489333,0.027083761486744296,-23.854745203415032,-0.27875077089303535,-0.24586907264189195,-0.2602645982579349,108.73382993651714
2015-12-01,2.038,237.761,259.097,14060.2,0.029777381796199598,0.05,92.6,18280.79831105725,-0.02,-0.016,2.191360083585337,91.09992745206735,-0.20367070152695,0.04494558686889549,0.0248631469994387,-18.554386133216806,-0.2621479543177889,-0.30569850779520347,-0.2424221513992978,108.97371730435184
2016-01-01,1.949,237.652,259.958,14121.1,0.03145392739078212,0.048,92.0,16760.784434408633,-0.032,-0.034,2.0966239918732716,91.40265977832445,-0.09018152171288119,0.015005411384610534,0.023438689056871853,-8.242830947414058,-0.20367070152695,-0.27875077089303535,-0.22799542258829486,109.38599296450273
2016-02-01,1.764,237.336,260.319,14135.3,0.029545623177248292,0.049,91.7,17142.044952539,-0.014,-0.009,1.9001380195166346,91.52958935994907,-0.21065902820951554,0.07823152522826238,0.020746678220681547,-19.281534346982884,-0.09018152171288119,-0.2621479543177889,-0.24586907264189195,109.68373950854485
2016-03-01,1.969,238.08,260.883,14135.4,0.031706732523576475,0.05,91.0,18611.024865552758,-0.027,-0.032,2.114331050837254,91.72789485589446,-0.207954859110983,0.021273307822981424,0.02346629209415485,-19.075261451304595,-0.21065902820951554,-0.20367070152695,-0.30569850779520347,109.57787298387096
2016-04-01,2.113,238.992,261.517,14106.2,0.029828866887232963,0.051,89.0,18497.07667187984,-0.035,-0.037,2.260301217544242,91.95081273608842,-0.15410708843756415,0.0448629195453798,0.019086837162259895,-14.170272030226279,-0.207954859110983,-0.09018152171288119,-0.27875077089303535,109.4250016736962
2016-05-01,2.268,239.557,262.074,14095.5,0.03374055412907018,0.048,94.7,18741.653120874256,-0.027,-0.025,2.4203845389614997,92.14665699360897,-0.17446610267677587,-0.004689070006893781,0.01658060235402714,-16.07646812036863,-0.15410708843756415,-0.21065902820951554,-0.2621479543177889,109.39943312030123
2016-06-01,2.366,240.222,262.529,14104.9,0.03917911003555208,0.049,93.5,18030.008113389376,-0.035,-0.046,2.517979253218551,92.30663749122449,-0.1646192921084043,0.014695113565081908,0.016635313281582187,-15.19545332071247,-0.17446610267677587,-0.207954859110983,-0.20367070152695,109.28599378907845
2016-07-01,2.239,240.101,263.051,14160.1,0.043899657277761794,0.048,90.0,18557.998258892763,-0.039,-0.035,2.3840222826366126,92.49017555662076,-0.2055387529783198,0.023333163342947882,0.01829465614819825,-19.010315346653705,-0.1646192921084043,-0.15410708843756415,-0.09018152171288119,109.558477474063
2016-08-01,2.178,240.545,263.649,14176.7,0.04755579596368931,0.049,89.8,18175.68054496698,-0.027,-0.031,2.3147906898917046,92.70043563920117,-0.18237661246680248,0.008358053018115319,0.017286413410066315,-16.906391426074357,-0.2055387529783198,-0.17446610267677587,-0.21065902820951554,109.60485564031679
2016-09-01,2.219,241.176,264.102,14209.1,0.04619306249187616,0.05,91.2,17300.891322292144,-0.035,-0.039,2.352195419182119,92.85971292583817,-0.07604243435495894,0.0367908166666473,0.01695509654886118,-7.061278624383381,-0.18237661246680248,-0.1646192921084043,-0.207954859110983,109.5059209871629
2016-10-01,2.249,241.741,264.459,14235.4,0.0464897624644286,0.049,87.2,17874.226250571923,-0.034,-0.038,2.3784242636402873,92.98523608550575,-0.03418681573185378,0.00648142379018668,0.01703948731504834,-3.178869131838106,-0.07604243435495894,-0.2055387529783198,-0.15410708843756415,109.39766113319627
2016-11-01,2.182,242.026,264.699,14273.6,0.04407593193560588,0.047,93.8,17219.936607240677,-0.033,-0.047,2.304851283884101,93.06962140292933,-0.00562714610269377,0.03334392822225096,0.020023725470579068,-0.5237163573566784,-0.03418681573185378,-0.18237661246680248,-0.17446610267677587,109.3680017849322
2016-12-01,2.254,242.637,265.104,14313.7,0.04275192140378703,0.047,98.2,18694.172852918102,-0.064,-0.07,2.374909526714118,93.2120216260816,0.08376051225158365,0.02261249945582633,0.018029615510448016,7.807486679406288,-0.00562714610269377,-0.07604243435495894,-0.1646192921084043,109.25951112155194
2017-01-01,2.349,243.618,266.079,14373.7,0.04211722051090738,0.047,98.5,17249.38833955329,-0.025,-0.019,2.465039193532498,93.55483697811489,0.1757182990785382,0.029151613222922368,0.017888124862794008,16.439296824364277,0.08376051225158365,-0.03418681573185378,-0.2055387529783198,109.21976208654533
2017-02-01,2.304,244.006,266.626,14416.8,0.04043125840949757,0.046,96.3,17014.09464943404,-0.05,-0.054,2.41397159086252,93.74716518074277,0.27041907801865706,-0.007464121314534888,0.019914681683445012,25.35102197503921,0.1757182990785382,-0.00562714610269377,-0.18237661246680248,109.27026384597099
2017-03-01,2.325,243.892,267.055,14476.3,0.03208940429960272,0.044000000000000004,96.9,19413.60393926345,-0.034,-0.016,2.4371125590425273,93.89800393563742,0.15266365599533493,0.04312385156156484,0.0241167565120195,14.334812571478757,0.27041907801865706,0.08376051225158365,-0.07604243435495894,109.49723648172143
2017-04-01,2.417,244.193,267.652,14509.3,0.03083629646816266,0.044000000000000004,97.0,18772.510573431173,-0.033,-0.03,2.5304259086733305,94.10791241272855,0.11950827130136754,0.014890671993053939,0.028576087110632198,11.246673928225698,0.15266365599533493,0.1757182990785382,-0.03418681573185378,109.60674548410478
2017-05-01,2.391,244.004,268.128,14610.7,0.02500134341433169,0.044000000000000004,97.1,19329.946891037118,-0.03,-0.025,2.505144697422993,94.27527662561866,0.035019294288609615,0.03138964137094313,0.03655067220034769,3.301453656292619,0.11950827130136754,0.27041907801865706,-0.00562714610269377,109.88672316847266
2017-06-01,2.347,244.163,268.225,14618.7,0.022823290880562674,0.043,95.0,19018.734271600333,-0.03,-0.024,2.4574428274690816,94.30938235807736,-0.024041669792191467,0.05483780994400722,0.03642705726378792,-2.2673550289584234,0.035019294288609615,0.15266365599533493,0.08376051225158365,109.85489201885625
2017-07-01,2.3,244.243,268.649,14660.2,0.019082873372720188,0.043,93.4,19048.27488656202,-0.047,-0.054,2.407442349081311,94.45846308552566,0.009823761554274224,0.026418615888937458,0.03531754719246338,0.927937418135418,-0.024041669792191467,0.11950827130136754,0.1757182990785382,109.99250746183105
2017-08-01,2.38,245.183,269.522,14678.3,0.019458075743845837,0.044000000000000004,96.8,18901.23997298922,-0.039,-0.051,2.4816286134574312,94.76541467765392,0.07207473414087917,0.039919244081518146,0.035382000042322836,6.830192068642075,0.009823761554274224,0.035019294288609615,0.27041907801865706,109.92687094945408
2017-09-01,2.645,246.435,270.353,14706.0,0.019582791677536404,0.043,95.1,17919.904717166075,-0.04,-0.041,2.743932813588438,95.05759883923307,0.1665411773238339,0.03577927768821576,0.03497054704379576,15.83100442426258,0.07207473414087917,-0.024041669792191467,0.15266365599533493,109.70560188284944
2017-10-01,2.505,246.626,270.658,14748.6,0.01794630944893738,0.042,100.7,18254.771704512706,-0.015,-0.015,2.5966837286012017,95.16483851345885,0.09176641371243766,0.021290177745658,0.03605097152169945,8.732935941903385,0.1665411773238339,0.009823761554274224,0.11950827130136754,109.74430919692166
2017-11-01,2.564,247.284,271.152,14771.1,0.018052771935265666,0.042,98.5,17547.353513896265,-0.025,-0.018,2.6507708693917387,95.33853162515571,0.15008325609828477,0.019013827641962022,0.03485455666405102,14.308717257932665,0.09176641371243766,0.07207473414087917,0.035019294288609615,109.65205997961857
2017-12-01,2.477,247.805,271.811,14797.9,0.01592135568201347,0.040999999999999995,95.9,19512.45534581014,-0.018,-0.031,2.555442581532522,95.57023964258127,0.07601681360392143,0.04377206198584527,0.03382773147404228,7.264945092992203,0.15008325609828477,0.1665411773238339,-0.024041669792191467,109.6874558624725
2018-01-01,2.555,248.859,272.772,14886.6,0.013419351919621292,0.04,95.7,17352.587508981862,-0.03,-0.038,2.6247487549844157,95.90813251776484,0.06478986698099831,0.005982772687187499,0.03568322700487703,6.213875148221943,0.07601681360392143,0.09176641371243766,0.009823761554274224,109.60905573035333
2018-02-01,2.587,249.529,273.435,14921.1,0.019806515588739693,0.040999999999999995,99.7,17223.471757456067,-0.031,-0.032,2.6504864488028788,96.14124695714747,0.09797748193708089,0.0123060975230318,0.034980023306142805,9.41967728715235,0.06478986698099831,0.15008325609828477,0.07207473414087917,109.5804495669842
2018-03-01,2.591,249.577,273.733,14974.8,0.021809601859185124,0.04,101.4,20012.93230995167,-0.021,-0.019,2.6540740669880107,96.24602539294841,0.08902399979044118,0.030871566792196603,0.034435594730697794,8.568206144412635,0.09797748193708089,0.07601681360392143,0.1665411773238339,109.67877648982079
2018-04-01,2.757,250.227,274.393,15007.2,0.021107187152618945,0.04,98.8,18841.5885244886,-0.014,-0.009,2.8167790536193142,96.47808501586323,0.11316401083488548,0.0036797396271117666,0.034315921512409364,10.91784705806415,0.08902399979044118,0.06478986698099831,0.09176641371243766,109.65763087116898
2018-05-01,2.901,250.792,275.307,15057.8,0.02681219936997903,0.038,98.0,20121.17381686626,-0.029,-0.023,2.9572240910794605,96.79945243305137,0.18046039181749252,0.04093270045123698,0.030600861012819225,17.46846711378718,0.11316401083488548,0.09797748193708089,0.15008325609828477,109.77503269641775
2018-06-01,2.891,251.018,275.808,15119.3,0.025948131512534056,0.04,98.2,20142.998027613412,-0.017,-0.017,2.9443769706422116,96.97560678317308,0.1981466822870599,0.05911348988622667,0.03424381100918672,19.215394746860245,0.18046039181749252,0.08902399979044118,0.07601681360392143,109.87578580022151
2018-07-01,2.849,251.214,276.125,15184.7,0.025061330891251732,0.038,97.9,20222.725215029426,-0.018,-0.012,2.899337656009087,97.08706572327004,0.20432277728913628,0.06165651931534999,0.0357771381017995,19.837098907431443,0.1981466822870599,0.11316401083488548,0.06478986698099831,109.91624670599569
2018-08-01,2.836,251.663,276.648,15238.6,0.022289553386945604,0.038,96.2,20252.812237934122,-0.008,0.006,2.880958767611184,97.2709553941556,0.1609145510284078,0.07150706868313206,0.038171995394562064,15.65231211535483,0.20432277728913628,0.18046039181749252,0.09797748193708089,109.92795921529984
2018-09-01,2.836,252.182,277.258,15237.5,0.020872519285603186,0.037000000000000005,100.1,18366.647671122206,-0.014,-0.001,2.875029646578001,97.48543474260717,0.04777698358368987,0.024929984897083868,0.036141710866313126,4.657560015346412,0.1609145510284078,0.1981466822870599,0.08902399979044118,109.94361215312749
2018-10-01,2.86,252.772,277.513,15274.1,0.02307630797934679,0.038,98.6,18853.89152940583,-0.022,0.001,2.8925924878282934,97.57509414236972,0.1139564113903444,0.032819902357092756,0.035630500522083386,11.119307569539469,0.04777698358368987,0.20432277728913628,0.11316401083488548,109.78787207443861
2018-11-01,2.647,252.594,278.306,15315.2,0.02099743628811912,0.038,97.5,18119.98304025066,-0.018,-0.008,2.6790517117719874,97.85391729535678,0.01066891246874846,0.03263338405423433,0.036835442181015754,1.0439948783483124,0.1139564113903444,0.1609145510284078,0.18046039181749252,110.17918081981361
2018-12-01,2.366,252.767,279.419,15506.5,0.020612368220859656,0.039,98.3,19528.736413772865,-0.009,0.004,2.393010211644189,98.24525420490862,-0.06356330252230535,0.0008343936052221945,0.04788517289615424,-6.244792814407399,0.01066891246874846,0.04777698358368987,0.1981466822870599,110.54409792417523
2019-01-01,2.248,252.561,280.38,15536.3,0.02069121234297766,0.04,91.2,17634.995363435337,-0.007,-0.022,2.2755176267647554,98.58314708009219,-0.13305316463393613,0.01627468262628251,0.043643276503701145,-13.116799698579046,-0.06356330252230535,0.1139564113903444,0.20432277728913628,111.014764749902
2019-02-01,2.309,253.319,281.373,15560.4,0.01680592076737164,0.038,93.8,17472.18105504082,-0.055,-0.031,2.3302705873490215,98.93229133093223,-0.12081399684140481,0.014440137336253711,0.04284536662846561,-11.952405532368187,-0.13305316463393613,0.01066891246874846,0.1609145510284078,111.07457395615805
2019-03-01,2.516,254.277,281.887,15566.5,0.015851233239289053,0.038,98.4,20302.461624693584,-0.024,-0.08,2.529611013448589,99.1130165524144,-0.04689509425811511,0.014467111078866779,0.039513048588295074,-4.647914253431596,-0.12081399684140481,-0.06356330252230535,0.04777698358368987,110.85823727667072
2019-04-01,2.798,255.233,282.798,15534.2,0.02362618403040595,0.037000000000000005,97.2,19350.561177943266,-0.041,-0.036,2.8025996958334805,99.43332915313472,-0.005033890665870455,0.027013255957327953,0.03511647742416968,-0.5005365075003895,-0.04689509425811511,-0.13305316463393613,0.1139564113903444,110.79993574498594
2019-05-01,2.859,255.296,283.394,15532.4,0.017829127569770842,0.036000000000000004,100.0,20706.507547795645,-0.051,-0.02,2.862993293079406,99.6428860247366,-0.03186461191233492,0.02909043658470556,0.03151854852634517,-3.1750818930032523,-0.005033890665870455,-0.12081399684140481,0.01066891246874846,111.0060478816746
2019-06-01,2.716,255.213,284.316,15562.1,0.02178660438348823,0.036000000000000004,98.2,20368.533603455315,-0.029,-0.021,2.72067808588643,99.96706628583883,-0.07597494715732334,0.011196723324538027,0.029287070168592555,-7.594992578539244,-0.03186461191233492,-0.04689509425811511,-0.06356330252230535,111.40341597018958
2019-07-01,2.74,255.802,284.891,15581.4,0.025806558830312465,0.037000000000000005,98.4,20518.724705238143,-0.038,-0.03,2.7383995368813903,100.16923944216616,-0.05550858100095413,0.014636973358503225,0.0261249810664681,-5.560252341379449,-0.07597494715732334,-0.005033890665870455,-0.13305316463393613,111.3716859133236
2019-08-01,2.621,256.036,285.507,15664.3,0.02723521990141231,0.036000000000000004,89.8,20739.596577316843,-0.021,-0.031,2.61707502428044,100.38582842355332,-0.09159580702696046,0.024035394870790316,0.027935637132019853,-9.194920968525352,-0.05550858100095413,-0.03186461191233492,-0.12081399684140481,111.5104907122436
2019-09-01,2.592,256.43,286.246,15697.5,0.026408299957533465,0.035,93.2,18863.844385598404,-0.018,-0.019,2.5841418554771285,100.64566488012008,-0.10117731879638225,0.02707062951166317,0.030188679245283012,-10.183058521049762,-0.09159580702696046,-0.07597494715732334,-0.04689509425811511,111.62734469445851
2019-10-01,2.627,257.155,286.791,15718.1,0.023243068840668846,0.036000000000000004,95.5,19501.309315843246,-0.02,-0.024,2.611651869170993,100.83728987176946,-0.09712416105603094,0.03433868203960211,0.029068815838576345,-9.793737181959415,-0.10117731879638225,-0.05550858100095413,-0.005033890665870455,111.52456689545215
2019-11-01,2.598,257.879,287.255,15766.9,0.021752592753167432,0.036000000000000004,96.8,19000.191467511446,0.039,0.022,2.575569982433622,101.00043481878835,-0.03862625304455969,0.04857666948724759,0.029493575010447026,-3.901268352921076,-0.09712416105603094,-0.09159580702696046,-0.03186461191233492,111.3913889847564
2019-12-01,2.555,258.63,288.078,15683.8,0.023732017525653015,0.036000000000000004,99.3,20131.353314033007,-0.028,-0.047,2.5255861671757596,101.28980613645338,0.05540133296818661,0.03085795657701329,0.011433914809918289,5.611590276048725,-0.03862625304455969,-0.10117731879638225,-0.07597494715732334,111.38615009859645
2020-01-01,2.548,259.127,289.137,15842.8,0.02346296212355803,0.036000000000000004,99.8,18833.286642664203,-0.007,0.016,2.513836004481715,101.6621563495849,0.10473150148952759,0.06794962258472848,0.01972799186421481,10.647230279155139,0.05540133296818661,-0.09712416105603094,-0.05550858100095413,111.58119377756852
2020-02-01,2.442,259.25,289.781,15900.3,0.021208335183449334,0.035,101.0,19137.21051414689,-0.02,-0.013,2.4081142082931537,101.8885902846715,0.033405399942282754,0.09529602823258854,0.021843911467571475,3.403629108014836,0.10473150148952759,-0.03862625304455969,-0.09159580702696046,111.77666345226615
2020-03-01,2.234,258.076,290.216,15702.3,0.018424825798473377,0.044000000000000004,89.1,14732.475121978112,-0.157,-0.345,2.213022021290886,102.04153867250174,-0.12515323125752087,-0.2743503032135167,0.008723862139851546,-12.77082828735287,0.033405399942282754,0.05540133296818661,-0.10117731879638225,112.45369581053642
2020-04-01,1.841,256.032,290.639,18015.3,-0.012900477689257839,0.14800000000000002,71.8,9642.54625153541,-0.325,-0.559,1.8382718016367747,102.1902677944608,-0.34408335076548235,-0.5016916479648938,0.1597185564753898,-35.16196975834003,-0.12515323125752087,0.10473150148952759,-0.09712416105603094,113.5166697912761
2020-05-01,1.87,255.802,291.709,17110.0,-0.01869723019240488,0.132,72.3,13891.926543233154,-0.196,-0.427,1.8689077131270804,102.56648566797422,-0.3472189691660428,-0.3291033501826798,0.10156833457804337,-35.61302942461771,-0.34408335076548235,0.033405399942282754,-0.03862625304455969,114.03702863933825
2020-06-01,2.082,257.042,293.219,17050.2,-0.024719482411958316,0.11,78.1,16881.92102148906,-0.134,-0.273,2.070745942297368,103.09740995676422,-0.2388860876119807,-0.1711764160270618,0.09562334132282913,-24.62853690749987,-0.3472189691660428,-0.12515323125752087,0.05540133296818661,114.07435360758164
2020-07-01,2.183,258.352,294.599,17202.9,-0.011735219153698573,0.102,72.5,17802.50442126416,-0.078,-0.249,2.1601907065424952,103.58262553194977,-0.211148454617906,-0.13237763667059532,0.1040663868458549,-21.871311306336448,-0.2388860876119807,-0.34408335076548235,0.10473150148952759,114.03008298755188
2020-08-01,2.182,259.316,295.437,16542.0,-0.011471370017161808,0.084,74.1,18218.774222592296,-0.085,-0.219,2.1511743850488725,103.87727093195376,-0.17802341733006533,-0.12154635435298689,0.05603186864398668,-18.492586754227467,-0.211148454617906,-0.3472189691660428,0.033405399942282754,113.92933717934876
2020-09-01,2.183,259.997,297.08,16633.7,-0.0025103291762922364,0.078,80.4,17405.7492931197,-0.074,-0.162,2.146523188408584,104.45495875081599,-0.16934777250753663,-0.07729575492002494,0.059640070074852725,-17.689214591817308,-0.17802341733006533,-0.2388860876119807,-0.12515323125752087,114.26285687911782
2020-10-01,2.158,260.319,297.893,16573.6,-0.0007270623416082422,0.069,81.8,18157.86205113917,-0.071,-0.168,2.119316203709039,104.74081401358835,-0.18851504339980596,-0.06889010593830391,0.054427698004211544,-19.745219099502613,-0.16934777250753663,-0.211148454617906,-0.34408335076548235,114.4338292633269
2020-11-01,2.108,260.911,298.253,16381.8,0.002414816161986133,0.067,76.9,16112.495096444965,-0.105,-0.218,2.065515235718949,104.8673919897237,-0.19803567761444751,-0.15198248796619607,0.03899942284152247,-20.76748503234482,-0.18851504339980596,-0.17802341733006533,-0.3472189691660428,114.31216008523978
2020-12-01,2.195,262.045,299.369,16397.7,-0.0003632436940359529,0.067,80.7,16314.648477297245,-0.105,-0.284,2.141454408275932,105.25978371574337,-0.15209608125522134,-0.18959007758684776,0.045518305512694646,-16.009600616936726,-0.19803567761444751,-0.16934777250753663,-0.2388860876119807,114.2433551489248
2021-01-01,2.334,262.687,300.382,18194.0,0.0013738332294062072,0.064,79.0,16584.549007596994,-0.062,-0.179,2.2714985115365436,105.61596007636868,-0.09640147269476906,-0.1194022943384192,0.14840810967758222,-10.181534091433875,-0.15209608125522134,-0.18851504339980596,-0.211148454617906,114.3497774918439
2021-02-01,2.501,263.579,300.54,16697.3,0.0013515988433947523,0.062,76.8,15653.157649564117,-0.136,-0.216,2.425789273487898,105.67151374367253,0.007339795236402935,-0.18205646334962144,0.050124840411816196,0.7756072731992949,-0.09640147269476906,-0.19803567761444751,-0.17802341733006533,114.0227408101556
2021-03-01,2.81,264.961,300.897,20520.0,0.003444321373949677,0.061,84.9,20152.743297540354,0.204,0.648,2.7112811287950556,105.7970369033401,0.2251487344954337,0.3679129359245419,0.30681492520204046,23.820068972153724,0.007339795236402935,-0.15209608125522134,-0.16934777250753663,113.56275074444918
2021-04-01,2.858,266.614,301.819,17420.7,0.026117301397517556,0.061,88.3,20649.793419234706,0.369,1.075,2.7404978101925135,106.12121716444236,0.4908012012980929,1.1415291024345962,-0.03300527884631388,52.0844208675241,0.2251487344954337,-0.09640147269476906,-0.18851504339980596,113.20448288536988
2021-05-01,2.985,268.383,303.481,16922.4,0.03377285714528866,0.057999999999999996,82.9,22135.81739878279,0.176,0.606,2.8434102057507373,106.7055854876006,0.5214288997679328,0.5934303517869728,-0.010964348334307372,55.63937603989268,0.4908012012980929,0.007339795236402935,-0.19803567761444751,113.07757942939756
2021-06-01,3.064,270.654,305.634,16838.1,0.03313454098027613,0.059000000000000004,85.5,21930.478938861514,0.059899999999999995,0.3518,2.8941730598229967,107.46259210598794,0.39764758230654107,0.2990511512846272,-0.012439736777281385,42.73223993934009,0.5214288997679328,0.2251487344954337,-0.15209608125522134,112.92425014963756
2021-07-01,3.136,271.903,308.023,16949.3,0.020422993391338906,0.054000000000000006,81.2,22948.93563143012,0.010600000000000002,0.33039999999999997,2.9485754159878095,108.30257761984178,0.3649606986353384,0.2890846753010108,-0.014741700527236778,39.526184392145424,0.39764758230654107,0.4908012012980929,-0.09640147269476906,113.28414912671063
2021-08-01,3.158,272.676,309.336,16917.1,0.01774615447590544,0.051,70.3,21798.950009051645,-0.0026000000000000003,0.21139999999999998,2.9608431184507134,108.76423562724659,0.37638451769843195,0.19651024502075076,0.022675613589650423,40.93717436939982,0.3649606986353384,0.5214288997679328,0.007339795236402935,113.4445275711834
2021-09-01,3.175,273.91,310.996,16728.5,0.002216239594339253,0.047,72.8,20407.657976308376,-0.022799999999999997,0.1309,2.9633710053788955,109.34790073942631,0.380544604121382,0.17246650130570917,0.0056992731623151105,41.611753598389164,0.37638451769843195,0.39764758230654107,0.2251487344954337,113.5394837720419
2021-10-01,3.291,276.55,313.592,16733.5,-0.0007658772160590299,0.045,71.7,21235.235592744713,-0.0187,0.1481,3.0423165856083894,110.26066858955798,0.435518012972296,0.16947884794688584,0.00964787372689102,48.02050729312114,0.380544604121382,0.3649606986353384,0.4908012012980929,113.39432290725004
2021-11-01,3.395,278.919,315.481,16686.4,-0.0056693653484132245,0.040999999999999995,67.4,19837.32776300316,-0.022400000000000003,0.26280000000000003,3.1118013488384326,110.92485135877939,0.5065496952169906,0.23117665167699775,0.01859380532053878,56.18894964777968,0.435518012972296,0.37638451769843195,0.5214288997679328,113.10846518164772
2021-12-01,3.307,280.845,317.372,16610.8,-0.005175697321870842,0.039,70.6,21141.751635304943,-0.011699999999999999,0.2853,3.010354797426813,111.58973733897932,0.4057524576721787,0.29587540085371034,0.012995725010214842,45.277810176283744,0.5065496952169906,0.380544604121382,0.39764758230654107,113.00610657124035
2022-01-01,3.315,282.543,319.471,16206.1,-0.01087132836037319,0.04,67.2,18795.13320457882,-0.09029999999999999,0.0913,2.9995020713661287,112.32775726094633,0.3204948434402146,0.13329178839709233,-0.10926129493239523,36.000466977337425,0.4057524576721787,0.435518012972296,0.3649606986353384,113.06986901108857
2022-02-01,3.517,284.5,320.88,16207.6,-0.01892460074072666,0.039,62.8,19238.967838444278,-0.0178,0.1721,3.1603871198008204,112.82316939532058,0.30282838428776127,0.2290790311550981,-0.029328094961460716,34.16605809820933,0.3204948434402146,0.5065496952169906,0.37638451769843195,112.78734622144113
2022-03-01,4.222,287.674,321.689,16127.2,-0.03155987824834128,0.037000000000000005,59.4,22302.285748036145,-0.07880000000000001,0.013999999999999999,3.752042961245485,113.10761823613589,0.38386348851731333,0.10666252324854164,-0.21407407407407408,43.41788491400761,0.30282838428776127,0.4057524576721787,0.380544604121382,111.82414816771764
2022-04-01,4.109,288.561,323.559,16125.5,-0.03578176930098875,0.037000000000000005,65.2,22556.318940286004,-0.1005,-0.0094,3.6403965363187223,113.76512050106125,0.32837053282045603,0.09232661471932313,-0.07434833273060215,37.35711323531687,0.38386348851731333,0.3204948434402146,0.435518012972296,112.12845810764449
2022-05-01,4.444,291.298,325.952,16103.0,-0.04512402574557872,0.036000000000000004,58.4,23374.914097781268,-0.0695,-0.0113,3.900198698011429,114.60651243687214,0.3716623405667461,0.05597700218951984,-0.04842102775020096,42.59492465647979,0.32837053282045603,0.30282838428776127,0.5065496952169906,111.89640848890139
2022-06-01,4.929,294.957,329.033,16062.9,-0.04582951735279184,0.036000000000000004,50.0,22592.87062391918,-0.0617,-0.057800000000000004,4.272187414606198,115.6898089492973,0.4761340549785502,0.030204159558225196,-0.04603844851853822,55.083857854722694,0.3716623405667461,0.38386348851731333,0.4057524576721787,111.55287041839999
2022-07-01,4.559,294.913,331.342,16270.4,-0.0552140500452909,0.035,51.5,23119.61658950571,-0.0675,-0.06910000000000001,3.952081215194538,116.50166602400994,0.34033580886739556,0.0074374237139709365,-0.04005475152366167,39.649688740680595,0.4761340549785502,0.32837053282045603,0.3204948434402146,112.35245648716739
2022-08-01,3.975,295.097,334.212,16367.3,-0.05487990397667697,0.036000000000000004,58.2,22691.884193266553,-0.0519,-0.027599999999999996,3.443677905061726,117.51077377820019,0.16307341094912875,0.04096225661530184,-0.03249966010722871,19.16288270328254,0.34033580886739556,0.3716623405667461,0.30282838428776127,113.25496362213103
2022-09-01,3.7,296.349,337.369,16423.8,-0.044688279937246556,0.035,58.6,21416.312702115483,-0.0521,-0.027999999999999997,3.191893876251762,118.62079230780948,0.07711584896324775,0.04942530529363398,-0.018214424485160086,9.147543103509816,0.16307341094912875,0.4761340549785502,0.38386348851731333,113.84178789197873
2022-10-01,3.815,298.007,340.532,16476.3,-0.038028013159818075,0.036000000000000004,59.9,21973.26536125827,-0.0434,-0.028199999999999996,3.2727909257724375,119.73292047035436,0.07575619883029328,0.03475496023061364,-0.015370364837003714,9.070510929683856,0.07711584896324775,0.34033580886739556,0.32837053282045603,114.26979903156635
2022-11-01,3.685,298.786,342.266,16502.7,-0.03463474055036442,0.036000000000000004,56.7,20319.576002290614,-0.040499999999999994,-0.0571,3.1530251403457106,120.34260438873969,0.01324756528004789,0.024310141217047,-0.011008965384984193,1.5942465076108068,0.07575619883029328,0.16307341094912875,0.3716623405667461,114.55222132228417
2022-12-01,3.21,298.832,343.559,16578.2,-0.03523018248598797,0.035,59.8,22120.218070258674,-0.029500000000000005,-0.047,2.7461744140520428,120.79723028635921,-0.08775722502895211,0.04628123780055082,-0.0019625785633442527,-10.600829721114174,0.01324756528004789,0.07711584896324775,0.4761340549785502,114.96727258124967
2023-01-01,3.339,300.42,345.677,16906.9,-0.03130938283296536,0.035,64.9,21065.6190605681,0.0195,0.061,2.8414352431595766,121.54193071262227,-0.05269768929833085,0.12080179646910683,0.043242976410117206,-6.404978901413025,-0.08775722502895211,0.07575619883029328,0.34033580886739556,115.06457625990281
2023-02-01,3.389,301.45,347.869,16998.2,-0.017089857753214366,0.036000000000000004,66.9,20332.079029749704,0.0012000000000000001,-0.0203,2.8741303861889755,122.31264994509093,-0.09057647774171596,0.0568175590543436,0.04877958488610279,-11.078649015281824,-0.05269768929833085,0.01324756528004789,0.16307341094912875,115.39857356112127
2023-03-01,3.422,301.821,349.944,17098.8,0.004282693834851914,0.035,62.0,23058.832270306102,-0.021,-0.0495,2.898549604456505,123.04223133531558,-0.22747430282772252,0.033922375976039865,0.06024604395059274,-27.988945791368266,-0.09057647774171596,-0.08775722502895211,0.07711584896324775,115.94421859313964
2023-04-01,3.603,302.845,351.237,17135.3,0.013954953246683388,0.034,63.7,22291.216472068714,-0.0167,-0.0629,3.041543554458552,123.49685723293511,-0.16450212933829134,-0.011752913625627692,0.06262131406778071,-20.31549598140479,-0.22747430282772252,-0.05269768929833085,0.07575619883029328,115.9791312387525
2023-05-01,3.555,303.334,352.892,17196.7,0.024405231665246108,0.036000000000000004,59.0,23418.77968330254,-0.014099999999999998,-0.05450000000000001,2.996185504262628,124.07876431766849,-0.23178644570332396,0.0018766094856124127,0.06791902130037886,-28.759775768452798,-0.16450212933829134,-0.09057647774171596,0.01324756528004789,116.33776629062353
2023-06-01,3.571,304.014,354.245,17216.3,0.029864660918329733,0.036000000000000004,64.2,23196.37538991376,-0.0174,-0.0267,3.0029385984965606,124.55448654464392,-0.2970957715408733,0.026712177307634644,0.07180521574560017,-37.004611278858306,-0.23178644570332396,-0.22747430282772252,-0.08775722502895211,116.52259435420737
2023-07-01,3.597,304.609,354.862,17250.6,0.03520254673723122,0.035,71.5,23586.915477002327,-0.023100000000000002,-0.0335,3.018894196330378,124.77142713152037,-0.23612546606490337,0.02021222478701179,0.06024437014455697,-29.461711383013377,-0.2970957715408733,-0.16450212933829134,-0.05269768929833085,116.49754275152738
2023-08-01,3.84,306.082,356.083,17275.3,0.03614445262314825,0.037000000000000005,69.4,23005.87222641912,-0.0229,-0.0335,3.2073298005109745,125.2007374339128,-0.06863246536598355,0.01383701901870893,0.0554764683240363,-8.592835275728621,-0.23612546606490337,-0.23178644570332396,-0.09057647774171596,116.33581850615195
2023-09-01,3.836,307.276,357.488,17282.2,0.035732834946884395,0.037000000000000005,67.8,22114.029002372106,-0.0242,-0.053099999999999994,3.1915389085599486,125.69474314632998,-0.00011120911458073479,0.03257873145397738,0.05226561453500422,-0.01397840109275624,-0.06863246536598355,-0.2970957715408733,-0.22747430282772252,116.34100938569884
2023-10-01,3.613,307.696,358.824,17341.3,0.0324222095278941,0.039,63.8,22334.34775823245,-0.014499999999999999,-0.021200000000000004,3.0019005238395473,126.16448807998788,-0.08277045740981914,0.016432805549730256,0.052499651013880655,-10.44269238725627,-0.00011120911458073479,-0.23612546606490337,-0.16450212933829134,116.61640060319276
2023-11-01,3.318,308.148,360.383,17427.1,0.036560046680796265,0.037000000000000005,61.3,21299.006889892145,-0.0062,-0.032799999999999996,2.752752805470099,126.71264103775184,-0.1269486658237441,0.04820134472742543,0.05601507632084424,-16.0860007227456,-0.08277045740981914,-0.06863246536598355,-0.23178644570332396,116.95127016887987
2023-12-01,3.134,308.741,361.564,17481.7,0.03906984358601284,0.038,69.7,23500.956953679015,-0.00030000000000000003,-0.0322,2.5951046222130096,127.1278871205737,-0.055010996776467036,0.06241976815214079,0.054499282189863774,-6.993431788588945,-0.1269486658237441,-0.00011120911458073479,-0.2970957715408733,117.10916269624055
2024-01-01,3.075,309.698,363.249,17575.4,0.03878985486778341,0.037000000000000005,79.0,20653.32595547407,-0.0606,-0.0935,2.538381564459571,127.72034236998506,-0.10665514177371171,-0.019571848513381007,0.03954006943910482,-13.622031222857755,-0.055010996776467036,-0.08277045740981914,-0.23612546606490337,117.29136126161617
2024-02-01,3.212,310.967,363.596,17596.2,0.035195307293778955,0.039,76.9,21637.75179044874,-0.0093,-0.046200000000000005,2.640653502354484,127.84234947475997,-0.08123392207827973,0.06421737584182052,0.03518019555011698,-10.385135455536856,-0.10665514177371171,-0.1269486658237441,-0.06863246536598355,116.92430386504036
2024-03-01,3.426,312.345,364.546,17617.0,0.03005405249271975,0.039,79.4,23736.92208939338,-0.0017000000000000001,-0.040499999999999994,2.804161265587732,128.1763746895616,-0.03256398949448769,0.029406945292736575,0.030306220319554544,-4.173934118832402,-0.08123392207827973,-0.055010996776467036,-0.00011120911458073479,116.71260945428932
2024-04-01,3.611,313.023,365.813,17638.6,0.030221783965638682,0.039,77.2,22744.134298124998,-0.009600000000000001,-0.0344,2.9491809816424563,128.62185884446023,-0.030367006476268443,0.0203182193589031,0.02937211487397362,-3.9058608205194094,-0.03256398949448769,-0.10665514177371171,-0.08277045740981914,116.86457544653265
2024-05-01,3.603,313.175,367.099,17713.3,0.0298252722536978,0.039,69.1,24171.40880253011,-0.0301,-0.0144,2.94121899177776,129.0740235036549,-0.018345497101787678,0.03213784532779007,0.03004064733349998,-2.3679271241023754,-0.030367006476268443,-0.08123392207827973,-0.1269486658237441,117.2184880657779
2024-06-01,3.455,313.044,368.616,17751.1,0.02919492608337415,0.040999999999999995,68.2,23450.419949215444,-0.021400000000000002,-0.0396,2.821583149386881,129.60740903086975,-0.060392659776818736,0.010951907573117925,0.031063585090873147,-7.8273361581563,-0.018345497101787678,-0.03256398949448769,-0.055010996776467036,117.75213707977154
2024-07-01,3.484,313.569,369.383,17743.2,0.030333471393747757,0.042,66.4,23485.10895195502,-0.0344,-0.07400000000000001,2.840502729330174,129.87709044113592,-0.05909165919661852,-0.004316228849277515,0.02855552850335652,-7.674652765796004,-0.060392659776818736,-0.030367006476268443,-0.10665514177371171,117.79959115856478
2024-08-01,3.389,314.062,370.348,17752.9,0.031139645536104377,0.042,67.9,23832.449479948587,-0.04,-0.042,2.7587119897238974,130.21638973827658,-0.13987267873593967,0.03592896828229164,0.027646408456003746,-18.21371524801587,-0.05909165919661852,-0.018345497101787678,-0.08123392207827973,117.92193898020136
2024-09-01,3.214,314.732,371.604,17769.9,0.026830748529801385,0.040999999999999995,70.1,21948.90259523579,-0.0245,-0.026000000000000002,2.610689103215858,130.65800623279327,-0.18199678023232224,-0.00746704307562418,0.028219786832694993,-23.779336445943066,-0.13987267873593967,-0.060392659776818736,-0.03256398949448769,118.06997699630159
2024-10-01,3.137,315.631,372.486,17810.5,0.025992555244929383,0.040999999999999995,70.5,22804.615475480958,-0.0199,-0.0388,2.5408852549865726,130.9681222743249,-0.15357446563996013,0.02105580706180099,0.027056795049967386,-20.113359394148407,-0.18199678023232224,-0.05909165919661852,-0.030367006476268443,118.01312291885144
2024-11-01,3.053,316.528,373.53,17851.4,0.021242913503245697,0.042,71.8,22159.93360640377,0.0199,0.0273,2.465839789581543,131.33519840511744,-0.10422767177583847,0.04042097929552746,0.02434713750423212,-13.688761951983205,-0.15357446563996013,-0.13987267873593967,-0.018345497101787678,118.00851741394125
2024-12-01,3.018,317.604,374.644,17867.9,0.019479249706618962,0.040999999999999995,74.0,22998.09952915301,-0.0365,-0.029900000000000003,2.429312906953313,131.72688692015856,-0.06388633191917936,-0.021397316948290723,0.02209167300662984,-8.415547620461457,-0.10422767177583847,-0.18199678023232224,-0.060392659776818736,117.95947154317956
2025-01-01,3.076,318.961,375.532,17889.8,0.01618767968028889,0.04,71.7,21259.17365231192,-0.0194,0.017,2.465465515637753,132.0391125946258,-0.0287254090727459,0.02933414686544844,0.017888639803361306,-3.7928775228829816,-0.06388633191917936,-0.15357446563996013,-0.05909165919661852,117.73602415342313
2025-02-01,3.121,319.679,376.991,17910.5,0.01883903080530125,0.042,64.7,20755.137390547785,-0.063,-0.035,2.4959153168751578,132.55210500346328,-0.05481150228542808,-0.040790485464878845,0.017861811072845235,-7.265380006335631,-0.0287254090727459,-0.10422767177583847,-0.13987267873593967,117.92798400895899
2025-03-01,3.096,319.785,378.363,18029.1,0.014917643908708866,0.042,57.0,24374.212066190405,-0.039,0.015,2.4751017027065063,133.03450773473472,-0.11734687548801048,0.026848046027070582,0.023392178009876696,-15.611183814756682,-0.05481150228542808,-0.06388633191917936,-0.18199678023232224,118.3179323608049
2025-04-01,3.171,320.302,380.039,18132.9,0.01836890841280403,0.042,52.2,23253.139809335356,-0.03,0.014,2.5309687162427954,133.6237985347427,-0.14180623976720153,0.02237963883515759,0.028023766058530963,-18.948688413621955,-0.11734687548801048,-0.0287254090727459,-0.15357446563996013,118.65021136302613
2025-05-01,3.15,320.62,381.228,17980.9,0.015227409875451459,0.043,52.2,25111.48184288667,-0.024,0.005,2.5117136719481006,134.04185746147866,-0.14602969756089246,0.0388919424612999,0.01510729226061791,-19.574091905599985,-0.14180623976720153,-0.05481150228542808,-0.10422767177583847,118.90337471149648
2025-06-01,3.15,321.435,382.75,17962.1,0.013581177415497026,0.040999999999999995,60.7,23972.566949706074,-0.019,0.025,2.505345209762471,134.57700101613983,-0.11207819258954932,0.022265997863637255,0.011886587310082186,-15.083147038010894,-0.14602969756089246,-0.11734687548801048,-0.06388633191917936,119.07539626985238
2025-07-01,3.125,322.169,382.75,18040.9,0.012711735244404387,0.043,61.7,24186.544741998692,0.0,0.026,2.4797988723827142,134.57700101613983,-0.1269859216197684,0.02986725722578698,0.01677825871319727,-17.089384502859026,-0.11207819258954932,-0.14180623976720153,-0.0287254090727459,118.80410591956397
2025-08-01,3.133,323.291,384.909,18076.9,0.011341892183665214,0.043,58.2,24561.38983499996,-0.003,0.02,2.4775188408688567,135.33611726746275,-0.10192914298501443,0.030586044278187563,0.01825053934850085,-13.794694447991892,-0.1269859216197684,-0.14602969756089246,-0.05481150228542808,119.0596088353836
2025-09-01,3.166,324.245,385.451,18094.6,0.010467539456994412,0.044000000000000004,55.1,22463.29624258336,-0.015,0.013,2.4962484505029634,135.52668744264435,-0.04383541976404848,0.023435962008379496,0.018272471989150052,-5.9408692332793125,-0.10192914298501443,-0.11207819258954932,-0.11734687548801048,118.87646686918842
2025-10-01,3.06,324.654,386.3265,18066.6,0.013457324366393797,0.044,53.6,23211.713408218176,-0.022,0.001,2.409632732077843,135.83451804849574,-0.051656218103962814,0.017851558741471596,0.01437915836164061,-7.016697490359769,-0.04383541976404848,-0.1269859216197684,-0.14180623976720153,118.99637768208618
2025-11-01,3.05,325.063,387.202,18088.0,0.017423239996037454,0.045,51.0,22334.595379156097,-0.034,-0.006,2.398736180883911,136.14234865434716,-0.02721328813865065,0.00788187256580275,0.013253862442161424,-3.7048809618033864,-0.051656218103962814,-0.10192914298501443,-0.14602969756089246,119.1159867471844
2025-12-01,2.894,326.031,389.889,18082.4,0.017050622377415836,0.044000000000000004,52.9,23141.971176411746,-0.026,-0.032,2.269289043577656,137.08711260400196,-0.06587206733131323,0.006255805923283342,0.012004768327559479,-9.030211511706137,-0.02721328813865065,-0.04383541976404848,-0.11207819258954932,119.58648104014648
